population_group_id,population_group_name,measure_id,measure_name,location_id,location_name,sex_id,sex_name,age_id,age_name,cause_id,cause_name,metric_id,metric_name,year,val,upper,lower
1,All Population,1,Deaths,164,Nepal,3,Both,22,All ages,300,HIV/AIDS resulting in other diseases,1,Number,2000,164.3586912909273,358.465261623111,72.16591967916284
1,All Population,1,Deaths,164,Nepal,3,Both,22,All ages,468,Testicular cancer,1,Number,2000,13.225172075229727,27.909455790606565,6.394822703358552
1,All Population,1,Deaths,164,Nepal,3,Both,22,All ages,471,Kidney cancer,1,Number,2000,67.14242163565558,109.51454931746399,40.494235002083016
1,All Population,1,Deaths,164,Nepal,3,Both,22,All ages,474,Bladder cancer,1,Number,2000,120.56400946196325,188.6755443162042,71.32136971235386
1,All Population,1,Deaths,164,Nepal,3,Both,22,All ages,477,Brain and central nervous system cancer,1,Number,2000,244.00211167907332,324.41412442243086,171.950231576054
1,All Population,1,Deaths,164,Nepal,3,Both,22,All ages,480,Thyroid cancer,1,Number,2000,66.00866417138327,93.7703927403127,45.992141115038734
1,All Population,1,Deaths,164,Nepal,3,Both,22,All ages,483,Mesothelioma,1,Number,2000,8.310910086041172,11.270921299683684,5.567838514900693
1,All Population,1,Deaths,164,Nepal,3,Both,22,All ages,484,Hodgkin lymphoma,1,Number,2000,101.25505464205736,163.71343162806548,60.194602214457625
1,All Population,1,Deaths,164,Nepal,3,Both,22,All ages,486,Multiple myeloma,1,Number,2000,76.34149702410497,111.36951509604549,46.013972524405574
1,All Population,1,Deaths,164,Nepal,3,Both,22,All ages,489,Other malignant neoplasms,1,Number,2000,413.99508267921203,633.089543272825,264.8264807951601
1,All Population,1,Deaths,164,Nepal,3,Both,22,All ages,492,Rheumatic heart disease,1,Number,2000,3597.0823101982332,5984.263604228318,2112.8846281940073
1,All Population,1,Deaths,164,Nepal,3,Both,22,All ages,493,Ischemic heart disease,1,Number,2000,12907.99325972977,17076.00073334516,9290.686453061739
1,All Population,1,Deaths,164,Nepal,3,Both,22,All ages,495,Ischemic stroke,1,Number,2000,4226.902957388157,6305.193012562848,2474.1299210779794
1,All Population,1,Deaths,164,Nepal,3,Both,22,All ages,496,Intracerebral hemorrhage,1,Number,2000,5791.971205093592,8245.213742453872,3802.8092383280236
1,All Population,1,Deaths,164,Nepal,3,Both,22,All ages,497,Subarachnoid hemorrhage,1,Number,2000,458.7968083390969,1035.33513433358,193.70294262749334
1,All Population,1,Deaths,164,Nepal,3,Both,22,All ages,498,Hypertensive heart disease,1,Number,2000,1856.1675167126416,2789.99564651368,1076.7665106371073
1,All Population,1,Deaths,164,Nepal,3,Both,22,All ages,500,Atrial fibrillation and flutter,1,Number,2000,184.89377714403523,266.86693756341515,127.74354770481814
1,All Population,1,Deaths,164,Nepal,3,Both,22,All ages,501,Aortic aneurysm,1,Number,2000,65.52191634280831,143.5696391572491,37.73634367805368
1,All Population,1,Deaths,164,Nepal,3,Both,22,All ages,502,Lower extremity peripheral arterial disease,1,Number,2000,19.9307469622348,32.08142383454719,10.472736361159031
1,All Population,1,Deaths,164,Nepal,3,Both,22,All ages,503,Endocarditis,1,Number,2000,101.61714324439843,198.23020891418867,52.11203795638979
1,All Population,1,Deaths,164,Nepal,3,Both,22,All ages,302,Diarrheal diseases,1,Number,2000,11978.914610258638,16366.94498901725,8197.526528048162
1,All Population,1,Deaths,164,Nepal,3,Both,22,All ages,319,Typhoid fever,1,Number,2000,2883.9140022478095,5067.004804918871,1407.29434441603
1,All Population,1,Deaths,164,Nepal,3,Both,22,All ages,320,Paratyphoid fever,1,Number,2000,588.91725067367,1153.414705967869,258.2479256850548
1,All Population,1,Deaths,164,Nepal,3,Both,22,All ages,321,Other intestinal infectious diseases,1,Number,2000,2.9762601530940693,5.813316875231252,1.5944098448480644
1,All Population,1,Deaths,164,Nepal,3,Both,22,All ages,322,Lower respiratory infections,1,Number,2000,17228.678792055634,21279.95626554633,13938.163454281788
1,All Population,1,Deaths,164,Nepal,3,Both,22,All ages,328,Upper respiratory infections,1,Number,2000,83.98085466785274,213.83704287467162,2.6679727375289213
1,All Population,1,Deaths,164,Nepal,3,Both,22,All ages,329,Otitis media,1,Number,2000,6.007120796504775,19.78367169948103,1.0436571112153559
1,All Population,1,Deaths,164,Nepal,3,Both,22,All ages,402,Acute hepatitis B,1,Number,2000,56.20446553285442,199.1229661463272,5.849186769943892
1,All Population,1,Deaths,164,Nepal,3,Both,22,All ages,403,Acute hepatitis C,1,Number,2000,8.9590551534568,26.00203004470121,0.18422004912847753
1,All Population,1,Deaths,164,Nepal,3,Both,22,All ages,404,Acute hepatitis E,1,Number,2000,7.3108949955528235,24.58772802670552,0.957451300174332
1,All Population,1,Deaths,164,Nepal,3,Both,22,All ages,408,Other unspecified infectious diseases,1,Number,2000,948.3229210656522,1569.4139970771123,603.8521095559036
1,All Population,1,Deaths,164,Nepal,3,Both,22,All ages,411,Esophageal cancer,1,Number,2000,519.3094467937749,729.7779464378323,305.0437823135426
1,All Population,1,Deaths,164,Nepal,3,Both,22,All ages,414,Stomach cancer,1,Number,2000,997.0173874039092,1464.1467727871777,613.7791543972684
1,All Population,1,Deaths,164,Nepal,3,Both,22,All ages,643,Congenital heart anomalies,1,Number,2000,1673.6541969361328,2275.5291688426278,1122.8772715628204
1,All Population,1,Deaths,164,Nepal,3,Both,22,All ages,644,Orofacial clefts,1,Number,2000,93.9193050048781,359.4886000703209,10.032485642087352
1,All Population,1,Deaths,164,Nepal,3,Both,22,All ages,645,Down syndrome,1,Number,2000,47.36877401733487,100.06254286067819,19.272388986015983
1,All Population,1,Deaths,164,Nepal,3,Both,22,All ages,648,Other chromosomal abnormalities,1,Number,2000,42.09412096490176,89.66808919206775,18.366627520663148
1,All Population,1,Deaths,164,Nepal,3,Both,22,All ages,649,Congenital musculoskeletal and limb anomalies,1,Number,2000,36.79279349975046,75.12002903790689,16.10590398922911
1,All Population,1,Deaths,164,Nepal,3,Both,22,All ages,650,Urogenital congenital anomalies,1,Number,2000,41.98708925625936,96.41605900608182,13.19010788936241
1,All Population,1,Deaths,164,Nepal,3,Both,22,All ages,651,Digestive congenital anomalies,1,Number,2000,253.1318813876783,593.8723945030781,94.16116289396047
1,All Population,1,Deaths,164,Nepal,3,Both,22,All ages,652,Other congenital birth defects,1,Number,2000,3.4227009723025157,13.414955359212437,0.7541331101495973
1,All Population,1,Deaths,164,Nepal,3,Both,22,All ages,656,Cellulitis,1,Number,2000,0.20742602197299664,0.6246101495929709,0.023189516454236045
1,All Population,1,Deaths,164,Nepal,3,Both,22,All ages,657,Pyoderma,1,Number,2000,0.5439923833155206,1.291749377768806,0.08818646400150448
1,All Population,1,Deaths,164,Nepal,3,Both,22,All ages,665,Decubitus ulcer,1,Number,2000,1.3802637125595592,2.3098800215166957,0.7987480846017726
1,All Population,1,Deaths,164,Nepal,3,Both,22,All ages,668,Other skin and subcutaneous diseases,1,Number,2000,1.545024706795018,2.622916085280506,0.7555222903784609
1,All Population,1,Deaths,164,Nepal,3,Both,22,All ages,686,Sudden infant death syndrome,1,Number,2000,495.31999742912313,861.4137400518603,286.7657133289654
1,All Population,1,Deaths,164,Nepal,3,Both,22,All ages,690,Pedestrian road injuries,1,Number,2000,728.6957696558266,1059.4552732847474,462.611876788605
1,All Population,1,Deaths,164,Nepal,3,Both,22,All ages,691,Cyclist road injuries,1,Number,2000,67.26233752279772,125.91398134499974,29.23963237123157
1,All Population,1,Deaths,164,Nepal,3,Both,22,All ages,692,Motorcyclist road injuries,1,Number,2000,297.6620094382836,585.2224553892909,145.36150841100883
1,All Population,1,Deaths,164,Nepal,3,Both,22,All ages,332,Meningitis,1,Number,2000,1215.4334926494976,1721.0175831057534,858.4676309574027
1,All Population,1,Deaths,164,Nepal,3,Both,22,All ages,337,Encephalitis,1,Number,2000,719.4653495330615,1670.3840890833262,156.25630011400762
1,All Population,1,Deaths,164,Nepal,3,Both,22,All ages,338,Diphtheria,1,Number,2000,32.496559652963576,52.30499375448203,18.29933374120748
1,All Population,1,Deaths,164,Nepal,3,Both,22,All ages,339,Pertussis,1,Number,2000,1287.9509396621836,3762.843944617792,132.47675768516945
1,All Population,1,Deaths,164,Nepal,3,Both,22,All ages,340,Tetanus,1,Number,2000,1988.7061290759434,3558.8407045501795,973.3540062303747
1,All Population,1,Deaths,164,Nepal,3,Both,22,All ages,341,Measles,1,Number,2000,8276.846135527418,13767.00838096559,4134.3498427510995
1,All Population,1,Deaths,164,Nepal,3,Both,22,All ages,342,Varicella and herpes zoster,1,Number,2000,84.77725084453209,121.52128725072066,60.70013428724317
1,All Population,1,Deaths,164,Nepal,3,Both,22,All ages,345,Malaria,1,Number,2000,51.17737200600366,86.73215343535094,28.244607859045384
1,All Population,1,Deaths,164,Nepal,3,Both,22,All ages,346,Chagas disease,1,Number,2000,0.0,0.0,0.0
1,All Population,1,Deaths,164,Nepal,3,Both,22,All ages,348,Visceral leishmaniasis,1,Number,2000,296.3311358177694,998.1694252011786,0.07764920756546834
1,All Population,1,Deaths,164,Nepal,3,Both,22,All ages,350,African trypanosomiasis,1,Number,2000,0.0,0.0,0.0
1,All Population,1,Deaths,164,Nepal,3,Both,22,All ages,351,Schistosomiasis,1,Number,2000,0.0,0.0,0.0
1,All Population,1,Deaths,164,Nepal,3,Both,22,All ages,352,Cysticercosis,1,Number,2000,3.3806428051100137,4.9720142736460495,2.1115001670441043
1,All Population,1,Deaths,164,Nepal,3,Both,22,All ages,507,Other cardiovascular and circulatory diseases,1,Number,2000,314.1906615578625,495.4297666961824,189.76099354178936
1,All Population,1,Deaths,164,Nepal,3,Both,22,All ages,509,Chronic obstructive pulmonary disease,1,Number,2000,12334.502058235257,16018.360218964493,9467.655952204956
1,All Population,1,Deaths,164,Nepal,3,Both,22,All ages,300,HIV/AIDS resulting in other diseases,1,Number,2001,254.4288533249618,578.6526671381263,108.01189834830544
1,All Population,1,Deaths,164,Nepal,3,Both,22,All ages,468,Testicular cancer,1,Number,2001,13.423391097756774,28.624727506477786,6.311014022560793
1,All Population,1,Deaths,164,Nepal,3,Both,22,All ages,471,Kidney cancer,1,Number,2001,68.86074393827703,111.92218740921672,42.5233252120236
1,All Population,1,Deaths,164,Nepal,3,Both,22,All ages,474,Bladder cancer,1,Number,2001,123.84123131109978,196.58702617579812,74.19475859528735
1,All Population,1,Deaths,164,Nepal,3,Both,22,All ages,477,Brain and central nervous system cancer,1,Number,2001,244.53372143859792,328.6443569380849,175.4388820418586
1,All Population,1,Deaths,164,Nepal,3,Both,22,All ages,480,Thyroid cancer,1,Number,2001,68.030456617057,92.82566269479834,48.53926864654945
1,All Population,1,Deaths,164,Nepal,3,Both,22,All ages,418,Liver cancer due to hepatitis B,1,Number,2000,61.245757007474566,104.78900957007762,36.34841275526936
1,All Population,1,Deaths,164,Nepal,3,Both,22,All ages,419,Liver cancer due to hepatitis C,1,Number,2000,64.24721321044355,105.45801863518962,38.76500233535373
1,All Population,1,Deaths,164,Nepal,3,Both,22,All ages,420,Liver cancer due to alcohol use,1,Number,2000,54.419539061602535,89.37763206981205,31.461679478896425
1,All Population,1,Deaths,164,Nepal,3,Both,22,All ages,421,Liver cancer due to other causes,1,Number,2000,7.490096785955268,12.115460045858507,4.548911086534062
1,All Population,1,Deaths,164,Nepal,3,Both,22,All ages,423,Larynx cancer,1,Number,2000,274.05119457466026,412.0747719194973,141.1004247127351
1,All Population,1,Deaths,164,Nepal,3,Both,22,All ages,426,"Tracheal, bronchus, and lung cancer",1,Number,2000,830.8571041061646,1170.621012196267,584.2205355824427
1,All Population,1,Deaths,164,Nepal,3,Both,22,All ages,429,Breast cancer,1,Number,2000,548.9974720693536,799.1351825221527,358.804353234504
1,All Population,1,Deaths,164,Nepal,3,Both,22,All ages,432,Cervical cancer,1,Number,2000,850.2914042679568,1313.2738622552172,505.9488679260447
1,All Population,1,Deaths,164,Nepal,3,Both,22,All ages,435,Uterine cancer,1,Number,2000,52.96366845977421,93.32298383564965,22.573864711671728
1,All Population,1,Deaths,164,Nepal,3,Both,22,All ages,438,Prostate cancer,1,Number,2000,255.4872211709668,393.8948137449684,164.3703162583331
1,All Population,1,Deaths,164,Nepal,3,Both,22,All ages,441,Colon and rectum cancer,1,Number,2000,395.69935587888125,532.2424471257552,276.86516671597843
1,All Population,1,Deaths,164,Nepal,3,Both,22,All ages,444,Lip and oral cavity cancer,1,Number,2000,554.9242340492682,761.3314622722128,399.4919321688074
1,All Population,1,Deaths,164,Nepal,3,Both,22,All ages,447,Nasopharynx cancer,1,Number,2000,123.94282868646008,162.103824580066,86.89868769449257
1,All Population,1,Deaths,164,Nepal,3,Both,22,All ages,450,Other pharynx cancer,1,Number,2000,317.27228055381687,471.5001209449968,215.14709343787135
1,All Population,1,Deaths,164,Nepal,3,Both,22,All ages,453,Gallbladder and biliary tract cancer,1,Number,2000,229.5129667511868,337.81195395261017,163.45801331820658
1,All Population,1,Deaths,164,Nepal,3,Both,22,All ages,456,Pancreatic cancer,1,Number,2000,123.69550979911546,174.17339764514472,87.26964778800655
1,All Population,1,Deaths,164,Nepal,3,Both,22,All ages,459,Malignant skin melanoma,1,Number,2000,10.51039433145395,16.216605456654275,6.895073711764279
1,All Population,1,Deaths,164,Nepal,3,Both,22,All ages,465,Ovarian cancer,1,Number,2000,193.65354165717113,329.02355344177823,114.30936972166492
1,All Population,1,Deaths,164,Nepal,3,Both,22,All ages,592,Chronic kidney disease due to glomerulonephritis,1,Number,2000,224.27347667135788,330.2135586029151,149.5158887357439
1,All Population,1,Deaths,164,Nepal,3,Both,22,All ages,593,Chronic kidney disease due to other and unspecified causes,1,Number,2000,715.920428670493,1008.8126562132869,489.3295554300476
1,All Population,1,Deaths,164,Nepal,3,Both,22,All ages,595,Urinary tract infections and interstitial nephritis,1,Number,2000,276.17401581158776,374.5706096040632,183.18009299596886
1,All Population,1,Deaths,164,Nepal,3,Both,22,All ages,596,Urolithiasis,1,Number,2000,40.95193298559993,55.2927444039425,30.73752582083497
1,All Population,1,Deaths,164,Nepal,3,Both,22,All ages,602,Other urinary diseases,1,Number,2000,295.14096933063166,417.4496018675909,206.51762547622684
1,All Population,1,Deaths,164,Nepal,3,Both,22,All ages,604,Uterine fibroids,1,Number,2000,6.565044196349739,18.148564259165386,2.186281838022865
1,All Population,1,Deaths,164,Nepal,3,Both,22,All ages,607,Endometriosis,1,Number,2000,0.04312529139281564,0.2085453719240531,0.001145898804934786
1,All Population,1,Deaths,164,Nepal,3,Both,22,All ages,608,Genital prolapse,1,Number,2000,0.903623869739053,3.084195606595884,0.15371578257701615
1,All Population,1,Deaths,164,Nepal,3,Both,22,All ages,612,Other gynecological diseases,1,Number,2000,11.924284439143388,31.09484395516121,3.4704307211120633
1,All Population,1,Deaths,164,Nepal,3,Both,22,All ages,614,Thalassemias,1,Number,2000,102.1235458690859,168.04554997038224,63.1270681308946
1,All Population,1,Deaths,164,Nepal,3,Both,22,All ages,615,Sickle cell disorders,1,Number,2000,14.675342392669053,25.78676677830518,8.800931278689582
1,All Population,1,Deaths,164,Nepal,3,Both,22,All ages,616,G6PD deficiency,1,Number,2000,26.461948085747245,43.272755992941356,15.832981462295155
1,All Population,1,Deaths,164,Nepal,3,Both,22,All ages,618,Other hemoglobinopathies and hemolytic anemias,1,Number,2000,208.60708218169054,321.3687694809622,145.1720926546789
1,All Population,1,Deaths,164,Nepal,3,Both,22,All ages,625,"Other endocrine, metabolic, blood, and immune disorders",1,Number,2000,46.783579891558205,84.71033304031577,19.755635553440573
1,All Population,1,Deaths,164,Nepal,3,Both,22,All ages,627,Rheumatoid arthritis,1,Number,2000,80.50520931603711,128.04673413652736,36.535681355402765
1,All Population,1,Deaths,164,Nepal,3,Both,22,All ages,639,Other musculoskeletal disorders,1,Number,2000,116.3049168334267,186.7485124180966,66.0892732734295
1,All Population,1,Deaths,164,Nepal,3,Both,22,All ages,642,Neural tube defects,1,Number,2000,332.41388084085435,598.3527032005868,147.4302185921359
1,All Population,1,Deaths,164,Nepal,3,Both,22,All ages,511,Silicosis,1,Number,2000,5.133345110332985,13.850673496206069,1.2687092081610036
1,All Population,1,Deaths,164,Nepal,3,Both,22,All ages,512,Asbestosis,1,Number,2000,0.9395774455426948,3.8950098554567187,0.17028942871188968
1,All Population,1,Deaths,164,Nepal,3,Both,22,All ages,513,Coal workers pneumoconiosis,1,Number,2000,1.5084760724208943,4.6466882722042975,0.15594769527143523
1,All Population,1,Deaths,164,Nepal,3,Both,22,All ages,514,Other pneumoconiosis,1,Number,2000,2.5426172724863845,7.268632510267119,0.6491992106401719
1,All Population,1,Deaths,164,Nepal,3,Both,22,All ages,515,Asthma,1,Number,2000,2719.203900907482,4989.150282688788,1389.1970206950064
1,All Population,1,Deaths,164,Nepal,3,Both,22,All ages,516,Interstitial lung disease and pulmonary sarcoidosis,1,Number,2000,272.33976688137597,868.4896273810001,118.15471480286915
1,All Population,1,Deaths,164,Nepal,3,Both,22,All ages,520,Other chronic respiratory diseases,1,Number,2000,288.9002175234996,517.6933263814944,152.45378486051752
1,All Population,1,Deaths,164,Nepal,3,Both,22,All ages,522,Chronic hepatitis B including cirrhosis,1,Number,2000,1875.7938807707276,2791.4005445742378,1111.6407737789343
1,All Population,1,Deaths,164,Nepal,3,Both,22,All ages,523,Chronic hepatitis C including cirrhosis,1,Number,2000,493.1762905297142,760.504979915351,271.54653169015717
1,All Population,1,Deaths,164,Nepal,3,Both,22,All ages,524,Cirrhosis due to alcohol,1,Number,2000,1428.9995810485373,2192.210682628539,854.9997298974108
1,All Population,1,Deaths,164,Nepal,3,Both,22,All ages,525,Cirrhosis due to other causes,1,Number,2000,665.5554853706249,1010.9512543262219,412.0225047404339
1,All Population,1,Deaths,164,Nepal,3,Both,22,All ages,527,Peptic ulcer disease,1,Number,2000,2833.5281502325593,4327.6212016633235,1804.6397149421011
1,All Population,1,Deaths,164,Nepal,3,Both,22,All ages,528,Gastritis and duodenitis,1,Number,2000,216.41506277944143,427.64307453146597,73.10256946281366
1,All Population,1,Deaths,164,Nepal,3,Both,22,All ages,529,Appendicitis,1,Number,2000,375.99891910538673,795.35277910387,106.21260869182146
1,All Population,1,Deaths,164,Nepal,3,Both,22,All ages,530,Paralytic ileus and intestinal obstruction,1,Number,2000,1018.3195000834792,1616.0134975801247,574.7834661014507
1,All Population,1,Deaths,164,Nepal,3,Both,22,All ages,531,"Inguinal, femoral, and abdominal hernia",1,Number,2000,295.0723412593351,574.3644232380879,141.97557374717886
1,All Population,1,Deaths,164,Nepal,3,Both,22,All ages,693,Motor vehicle road injuries,1,Number,2000,543.0098834752173,820.918865494509,309.2716544942589
1,All Population,1,Deaths,164,Nepal,3,Both,22,All ages,694,Other road injuries,1,Number,2000,10.437855585596896,27.817237090023777,2.6020078011832455
1,All Population,1,Deaths,164,Nepal,3,Both,22,All ages,695,Other transport injuries,1,Number,2000,181.33284314890352,278.98955964642755,115.02994898278513
1,All Population,1,Deaths,164,Nepal,3,Both,22,All ages,995,Maternal abortion and miscarriage,1,Number,2000,236.18150073872073,388.45987485433227,130.3764999696917
1,All Population,1,Deaths,164,Nepal,3,Both,22,All ages,996,Liver cancer due to NASH,1,Number,2000,16.757098589483927,29.260220395779726,9.298252900325261
1,All Population,1,Deaths,164,Nepal,3,Both,22,All ages,997,Chronic kidney disease due to diabetes mellitus type 1,1,Number,2000,121.52429874807606,189.9223388139077,79.14197001089964
1,All Population,1,Deaths,164,Nepal,3,Both,22,All ages,998,Chronic kidney disease due to diabetes mellitus type 2,1,Number,2000,387.8274954581477,540.6957293055519,256.5703286320967
1,All Population,1,Deaths,164,Nepal,3,Both,22,All ages,1004,Pulmonary Arterial Hypertension,1,Number,2000,83.941108007344,157.04636115924987,44.24232838935527
1,All Population,1,Deaths,164,Nepal,3,Both,22,All ages,1005,Hepatoblastoma,1,Number,2000,3.2366422003948023,5.181035742926323,2.027913945756518
1,All Population,1,Deaths,164,Nepal,3,Both,22,All ages,1006,Burkitt lymphoma,1,Number,2000,6.905324943858851,12.27672042098371,3.4145707418112563
1,All Population,1,Deaths,164,Nepal,3,Both,22,All ages,1007,Other non-Hodgkin lymphoma,1,Number,2000,272.4277760748085,376.03433024401113,196.25544410097305
1,All Population,1,Deaths,164,Nepal,3,Both,22,All ages,1009,Retinoblastoma,1,Number,2000,16.577545934078103,46.21480834570997,4.173453326378088
1,All Population,1,Deaths,164,Nepal,3,Both,22,All ages,1010,Other eye cancers,1,Number,2000,4.508046270160783,9.418077687421466,2.075046633771359
1,All Population,1,Deaths,164,Nepal,3,Both,22,All ages,1011,Soft tissue and other extraosseous sarcomas,1,Number,2000,88.81909514914608,157.12194901860005,49.06217619020511
1,All Population,1,Deaths,164,Nepal,3,Both,22,All ages,1012,Malignant neoplasm of bone and articular cartilage,1,Number,2000,132.9301860852182,214.6228131740454,79.14619019520032
1,All Population,1,Deaths,164,Nepal,3,Both,22,All ages,1013,Neuroblastoma and other peripheral nervous cell tumors,1,Number,2000,7.045127419368876,10.489771338813254,4.449577845075907
1,All Population,1,Deaths,164,Nepal,3,Both,22,All ages,483,Mesothelioma,1,Number,2001,8.6664515583581,11.66325647800704,5.800919642810769
1,All Population,1,Deaths,164,Nepal,3,Both,22,All ages,484,Hodgkin lymphoma,1,Number,2001,98.76499999817062,158.7915396466532,60.5865834251639
1,All Population,1,Deaths,164,Nepal,3,Both,22,All ages,486,Multiple myeloma,1,Number,2001,79.7625667513758,116.40064277043349,49.25838662264284
1,All Population,1,Deaths,164,Nepal,3,Both,22,All ages,489,Other malignant neoplasms,1,Number,2001,415.24873202850705,628.3741809335013,269.1837766439279
1,All Population,1,Deaths,164,Nepal,3,Both,22,All ages,492,Rheumatic heart disease,1,Number,2001,3624.9915894952046,6134.2786889915915,2112.907003534387
1,All Population,1,Deaths,164,Nepal,3,Both,22,All ages,493,Ischemic heart disease,1,Number,2001,13416.252073878983,17390.573508961443,9867.668733794897
1,All Population,1,Deaths,164,Nepal,3,Both,22,All ages,495,Ischemic stroke,1,Number,2001,4363.908737444075,6430.428554112947,2504.9015895946836
1,All Population,1,Deaths,164,Nepal,3,Both,22,All ages,496,Intracerebral hemorrhage,1,Number,2001,5856.231905585445,8444.8120288846,3868.6516204111163
1,All Population,1,Deaths,164,Nepal,3,Both,22,All ages,497,Subarachnoid hemorrhage,1,Number,2001,467.95233667905217,1021.5908454500492,194.79356031434375
1,All Population,1,Deaths,164,Nepal,3,Both,22,All ages,498,Hypertensive heart disease,1,Number,2001,1919.014291914611,2839.1953477588504,1114.3806662965872
1,All Population,1,Deaths,164,Nepal,3,Both,22,All ages,500,Atrial fibrillation and flutter,1,Number,2001,194.7693119319107,275.49945140914997,132.2993294529508
1,All Population,1,Deaths,164,Nepal,3,Both,22,All ages,501,Aortic aneurysm,1,Number,2001,69.43430973672417,151.81720475717543,40.30009998478611
1,All Population,1,Deaths,164,Nepal,3,Both,22,All ages,502,Lower extremity peripheral arterial disease,1,Number,2001,21.0997221506891,33.53865050150451,11.568978275708494
1,All Population,1,Deaths,164,Nepal,3,Both,22,All ages,503,Endocarditis,1,Number,2001,103.22341873646987,202.6288274961283,51.5871958554082
1,All Population,1,Deaths,164,Nepal,3,Both,22,All ages,1024,Ulcerative colitis,1,Number,2000,68.15613656911201,116.76755390048847,37.35845365631346
1,All Population,1,Deaths,164,Nepal,3,Both,22,All ages,1025,Crohn's disease,1,Number,2000,11.05704823843573,23.650490358947327,3.505378686034814
1,All Population,1,Deaths,164,Nepal,3,Both,22,All ages,1026,Total burden related to hepatitis B,1,Number,2000,1993.2441033110565,2924.0752504290144,1199.3528857920755
1,All Population,1,Deaths,164,Nepal,3,Both,22,All ages,1027,Total burden related to hepatitis C,1,Number,2000,566.3825588936141,844.5810264886733,343.95115140687113
1,All Population,1,Deaths,164,Nepal,3,Both,22,All ages,1028,Total burden related to Non-alcoholic fatty liver disease (NAFLD),1,Number,2000,83.83437191981734,131.14916163938824,49.036444231814336
1,All Population,1,Deaths,164,Nepal,3,Both,22,All ages,1029,Total cancers,1,Number,2000,8679.46459960322,9795.476678938103,7663.137809008574
1,All Population,1,Deaths,164,Nepal,3,Both,22,All ages,1032,Thyroid diseases,1,Number,2000,13.729690863084539,26.52903518906513,5.9693684065515535
1,All Population,1,Deaths,164,Nepal,3,Both,22,All ages,1048,COVID-19,1,Number,2000,0.0,0.0,0.0
1,All Population,1,Deaths,164,Nepal,3,Both,22,All ages,697,Falls,1,Number,2000,2006.2022051719653,2787.34732023136,1434.1274911964033
1,All Population,1,Deaths,164,Nepal,3,Both,22,All ages,698,Drowning,1,Number,2000,2232.0712613793285,3131.762670084387,1500.0007248163276
1,All Population,1,Deaths,164,Nepal,3,Both,22,All ages,699,"Fire, heat, and hot substances",1,Number,2000,423.41782212527056,636.8364285751727,283.60598864555897
1,All Population,1,Deaths,164,Nepal,3,Both,22,All ages,701,Poisoning by carbon monoxide,1,Number,2000,276.8770224329971,569.8841783802202,98.35480822467022
1,All Population,1,Deaths,164,Nepal,3,Both,22,All ages,703,Poisoning by other means,1,Number,2000,890.7541268855666,1475.2723776898931,437.62080526579405
1,All Population,1,Deaths,164,Nepal,3,Both,22,All ages,705,Unintentional firearm injuries,1,Number,2000,9.663250015485794,30.161172396310562,1.2663710107790014
1,All Population,1,Deaths,164,Nepal,3,Both,22,All ages,707,Other exposure to mechanical forces,1,Number,2000,343.48521755370643,663.4397225728733,156.5900843710931
1,All Population,1,Deaths,164,Nepal,3,Both,22,All ages,708,Adverse effects of medical treatment,1,Number,2000,803.1928194189286,1148.3134377511824,541.1060069627663
1,All Population,1,Deaths,164,Nepal,3,Both,22,All ages,710,Venomous animal contact,1,Number,2000,637.9077445896783,1110.911057556,363.3612876398953
1,All Population,1,Deaths,164,Nepal,3,Both,22,All ages,711,Non-venomous animal contact,1,Number,2000,18.210588172543005,61.32715770844337,2.23186998802091
1,All Population,1,Deaths,164,Nepal,3,Both,22,All ages,713,Pulmonary aspiration and foreign body in airway,1,Number,2000,43.21008817897692,85.67657983732043,8.474824650758913
1,All Population,1,Deaths,164,Nepal,3,Both,22,All ages,715,Foreign body in other body part,1,Number,2000,2.930257729053217,7.907082818632075,0.4473968159952102
1,All Population,1,Deaths,164,Nepal,3,Both,22,All ages,716,Other unintentional injuries,1,Number,2000,119.49694084202093,257.04560545961897,50.69384835463329
1,All Population,1,Deaths,164,Nepal,3,Both,22,All ages,721,Self-harm by firearm,1,Number,2000,401.23024464752376,930.8998099539026,136.93613743226257
1,All Population,1,Deaths,164,Nepal,3,Both,22,All ages,1059,Total Cancers excluding Non-melanoma skin cancer,1,Number,2000,8644.27149489525,9765.624812614366,7631.638916847892
1,All Population,1,Deaths,164,Nepal,3,Both,22,All ages,1160,Other direct maternal disorders,1,Number,2000,131.68972198794305,219.5754609966145,70.55262648964556
1,All Population,1,Deaths,164,Nepal,3,Both,22,All ages,1161,Other digestive diseases,1,Number,2000,520.7641903109967,883.2546605136863,245.01665027829114
1,All Population,1,Deaths,164,Nepal,3,Both,22,All ages,1163,Self-harm by other specified means,1,Number,2000,2713.1346903759454,3565.9020156272995,1944.7187828998792
1,All Population,1,Deaths,164,Nepal,3,Both,22,All ages,1164,Other benign and in situ neoplasms,1,Number,2000,60.486058160339105,99.70535990191973,27.68715720913231
1,All Population,1,Deaths,164,Nepal,3,Both,22,All ages,643,Congenital heart anomalies,1,Number,2001,1620.3471021221453,2198.0792518871676,1086.598318774923
1,All Population,1,Deaths,164,Nepal,3,Both,22,All ages,644,Orofacial clefts,1,Number,2001,85.07788379035937,305.25788114434914,9.696432831756725
1,All Population,1,Deaths,164,Nepal,3,Both,22,All ages,645,Down syndrome,1,Number,2001,46.66092284765751,96.43849448048071,19.0648942335378
1,All Population,1,Deaths,164,Nepal,3,Both,22,All ages,648,Other chromosomal abnormalities,1,Number,2001,41.651974043468826,84.78246256013605,18.80053752698762
1,All Population,1,Deaths,164,Nepal,3,Both,22,All ages,649,Congenital musculoskeletal and limb anomalies,1,Number,2001,36.249664929834225,73.26533563657469,15.85912028543024
1,All Population,1,Deaths,164,Nepal,3,Both,22,All ages,650,Urogenital congenital anomalies,1,Number,2001,41.916799098779286,102.9095280359413,12.510595612371446
1,All Population,1,Deaths,164,Nepal,3,Both,22,All ages,651,Digestive congenital anomalies,1,Number,2001,249.92756360144148,571.6328376971034,93.16443162238215
1,All Population,1,Deaths,164,Nepal,3,Both,22,All ages,652,Other congenital birth defects,1,Number,2001,3.5009899006829417,13.258475157443256,0.7748097711295125
1,All Population,1,Deaths,164,Nepal,3,Both,22,All ages,656,Cellulitis,1,Number,2001,0.22515039397280034,0.672295934879454,0.030983785515885584
1,All Population,1,Deaths,164,Nepal,3,Both,22,All ages,657,Pyoderma,1,Number,2001,0.5572078846968185,1.347063824339136,0.0988846943655011
1,All Population,1,Deaths,164,Nepal,3,Both,22,All ages,665,Decubitus ulcer,1,Number,2001,1.418642217906649,2.3324572021218115,0.8305350125498775
1,All Population,1,Deaths,164,Nepal,3,Both,22,All ages,668,Other skin and subcutaneous diseases,1,Number,2001,1.534699537285648,2.5874744940511896,0.7099410667566746
1,All Population,1,Deaths,164,Nepal,3,Both,22,All ages,686,Sudden infant death syndrome,1,Number,2001,472.11958082888253,799.168431297553,264.2755615958238
1,All Population,1,Deaths,164,Nepal,3,Both,22,All ages,690,Pedestrian road injuries,1,Number,2001,728.8548358952701,1046.5271873067866,465.093597216345
1,All Population,1,Deaths,164,Nepal,3,Both,22,All ages,691,Cyclist road injuries,1,Number,2001,69.21845153196594,130.4155430952134,30.176222024159134
1,All Population,1,Deaths,164,Nepal,3,Both,22,All ages,692,Motorcyclist road injuries,1,Number,2001,305.5417227828974,609.67666482937,152.22096516082138
1,All Population,1,Deaths,164,Nepal,3,Both,22,All ages,945,Conflict and terrorism,1,Number,2000,364.99741011598485,371.8682579868071,358.4606628912691
1,All Population,1,Deaths,164,Nepal,3,Both,22,All ages,946,Multidrug-resistant tuberculosis without extensive drug resistance,1,Number,2000,826.1002527817643,1771.7907431595117,294.40038809740304
1,All Population,1,Deaths,164,Nepal,3,Both,22,All ages,947,Extensively drug-resistant tuberculosis,1,Number,2000,10.698126632944854,24.554726073982348,3.6523437049865635
1,All Population,1,Deaths,164,Nepal,3,Both,22,All ages,948,HIV/AIDS - Drug-susceptible Tuberculosis,1,Number,2000,112.88494329212776,208.04664031843467,53.508934542254046
1,All Population,1,Deaths,164,Nepal,3,Both,22,All ages,949,HIV/AIDS - Multidrug-resistant Tuberculosis without extensive drug resistance,1,Number,2000,12.077999517378535,32.089160152567075,3.075223319427204
1,All Population,1,Deaths,164,Nepal,3,Both,22,All ages,950,HIV/AIDS - Extensively drug-resistant Tuberculosis,1,Number,2000,0.15674495645616474,0.4096862744531549,0.04010256105238919
1,All Population,1,Deaths,164,Nepal,3,Both,22,All ages,959,Invasive Non-typhoidal Salmonella (iNTS),1,Number,2000,80.92412304606435,113.89070925461981,53.75106060308619
1,All Population,1,Deaths,164,Nepal,3,Both,22,All ages,964,"Myelodysplastic, myeloproliferative, and other hematopoietic neoplasms",1,Number,2000,7.756492597462427,15.503106090980578,2.6467133502024915
1,All Population,1,Deaths,164,Nepal,3,Both,22,All ages,968,Non-rheumatic calcific aortic valve disease,1,Number,2000,59.02955143422401,90.51112446749421,34.12230999746823
1,All Population,1,Deaths,164,Nepal,3,Both,22,All ages,969,Non-rheumatic degenerative mitral valve disease,1,Number,2000,39.582185771003154,64.92197565687628,20.994985675830186
1,All Population,1,Deaths,164,Nepal,3,Both,22,All ages,970,Other non-rheumatic valve diseases,1,Number,2000,0.8160505108616589,1.7327168153054822,0.33294789832552035
1,All Population,1,Deaths,164,Nepal,3,Both,22,All ages,971,Nonalcoholic fatty liver disease including cirrhosis,1,Number,2000,67.07727333033351,110.61867223955184,35.00877560024476
1,All Population,1,Deaths,164,Nepal,3,Both,22,All ages,975,Diabetes mellitus type 1,1,Number,2000,180.9663669737288,280.06931853715884,114.28164642252968
1,All Population,1,Deaths,164,Nepal,3,Both,22,All ages,976,Diabetes mellitus type 2,1,Number,2000,2560.285439560009,3453.2415453163358,1777.1918222804652
1,All Population,1,Deaths,164,Nepal,3,Both,22,All ages,353,Cystic echinococcosis,1,Number,2000,43.09584015096942,55.58450083138298,31.860686328684615
1,All Population,1,Deaths,164,Nepal,3,Both,22,All ages,357,Dengue,1,Number,2000,258.3597228929228,687.6910438654269,66.01993087572575
1,All Population,1,Deaths,164,Nepal,3,Both,22,All ages,358,Yellow fever,1,Number,2000,0.0,0.0,0.0
1,All Population,1,Deaths,164,Nepal,3,Both,22,All ages,359,Rabies,1,Number,2000,714.5869136271505,1597.8422599279554,229.35546620676504
1,All Population,1,Deaths,164,Nepal,3,Both,22,All ages,361,Ascariasis,1,Number,2000,9.530369528221966,13.548955213618335,6.478171809636189
1,All Population,1,Deaths,164,Nepal,3,Both,22,All ages,365,Other neglected tropical diseases,1,Number,2000,37.01734735990617,69.69323815664177,13.930397326025151
1,All Population,1,Deaths,164,Nepal,3,Both,22,All ages,367,Maternal hemorrhage,1,Number,2000,1076.0576947639656,1529.582282607021,705.9206692289778
1,All Population,1,Deaths,164,Nepal,3,Both,22,All ages,368,Maternal sepsis and other maternal infections,1,Number,2000,108.1567311446995,171.44846907709916,61.88903982162063
1,All Population,1,Deaths,164,Nepal,3,Both,22,All ages,369,Maternal hypertensive disorders,1,Number,2000,210.90621603375956,302.82427933449236,133.2116892479609
1,All Population,1,Deaths,164,Nepal,3,Both,22,All ages,370,Maternal obstructed labor and uterine rupture,1,Number,2000,138.8171867724231,232.91233780261118,72.69358234930496
1,All Population,1,Deaths,164,Nepal,3,Both,22,All ages,374,Ectopic pregnancy,1,Number,2000,0.3826480296542085,0.641150306673402,0.21591238500956775
1,All Population,1,Deaths,164,Nepal,3,Both,22,All ages,375,Indirect maternal deaths,1,Number,2000,300.8740266545575,497.2027011111612,168.55292383082818
1,All Population,1,Deaths,164,Nepal,3,Both,22,All ages,376,Late maternal deaths,1,Number,2000,33.00441204088812,47.36779835167592,19.647115393561236
1,All Population,1,Deaths,164,Nepal,3,Both,22,All ages,381,Neonatal preterm birth,1,Number,2000,4488.141117967027,6690.249152982515,3027.6153372029494
1,All Population,1,Deaths,164,Nepal,3,Both,22,All ages,382,Neonatal encephalopathy due to birth asphyxia and trauma,1,Number,2000,7991.454470719567,10295.482741424792,5365.040344025271
1,All Population,1,Deaths,164,Nepal,3,Both,22,All ages,383,Neonatal sepsis and other neonatal infections,1,Number,2000,2914.1232642920845,4909.933326910322,1229.6790050551076
1,All Population,1,Deaths,164,Nepal,3,Both,22,All ages,384,Hemolytic disease and other neonatal jaundice,1,Number,2000,1800.8103613412034,3868.4847062348063,868.588462595934
1,All Population,1,Deaths,164,Nepal,3,Both,22,All ages,385,Other neonatal disorders,1,Number,2000,2441.3271089575605,4429.214786524422,1305.5840528212232
1,All Population,1,Deaths,164,Nepal,3,Both,22,All ages,387,Protein-energy malnutrition,1,Number,2000,3405.573046416859,4422.636288935234,2562.8049333870636
1,All Population,1,Deaths,164,Nepal,3,Both,22,All ages,391,Other nutritional deficiencies,1,Number,2000,640.510465884936,929.7803561285172,386.37962393957855
1,All Population,1,Deaths,164,Nepal,3,Both,22,All ages,394,Syphilis,1,Number,2000,634.6506830427453,1313.5511778790506,221.9473021020608
1,All Population,1,Deaths,164,Nepal,3,Both,22,All ages,395,Chlamydial infection,1,Number,2000,8.718470553674985,19.271554354375,2.660814924175329
1,All Population,1,Deaths,164,Nepal,3,Both,22,All ages,396,Gonococcal infection,1,Number,2000,3.1028779346751336,6.049613866524157,1.2184959309399643
1,All Population,1,Deaths,164,Nepal,3,Both,22,All ages,399,Other sexually transmitted infections,1,Number,2000,26.6234289614949,58.52712650559099,8.51079340847707
1,All Population,1,Deaths,164,Nepal,3,Both,22,All ages,401,Acute hepatitis A,1,Number,2000,1064.9710263092818,1989.3445479906459,587.0716034251695
1,All Population,1,Deaths,164,Nepal,3,Both,22,All ages,533,Vascular intestinal disorders,1,Number,2000,111.69194020152483,193.18135549375395,61.223648829603476
1,All Population,1,Deaths,164,Nepal,3,Both,22,All ages,534,Gallbladder and biliary diseases,1,Number,2000,88.46154392428119,143.43688181855998,52.55305721262284
1,All Population,1,Deaths,164,Nepal,3,Both,22,All ages,535,Pancreatitis,1,Number,2000,462.3831814560332,736.7530161695211,277.0591439292193
1,All Population,1,Deaths,164,Nepal,3,Both,22,All ages,693,Motor vehicle road injuries,1,Number,2001,542.2547122447395,817.5301669372758,307.3726964627023
1,All Population,1,Deaths,164,Nepal,3,Both,22,All ages,694,Other road injuries,1,Number,2001,10.367388903162137,27.44173374324014,2.6942972271509227
1,All Population,1,Deaths,164,Nepal,3,Both,22,All ages,695,Other transport injuries,1,Number,2001,125.43902512927946,223.7192932053532,61.138101710226564
1,All Population,1,Deaths,164,Nepal,3,Both,22,All ages,995,Maternal abortion and miscarriage,1,Number,2001,209.34901337343405,344.57358573169455,115.07634324683572
1,All Population,1,Deaths,164,Nepal,3,Both,22,All ages,996,Liver cancer due to NASH,1,Number,2001,17.556134154636265,30.178732751925654,10.064156894907118
1,All Population,1,Deaths,164,Nepal,3,Both,22,All ages,997,Chronic kidney disease due to diabetes mellitus type 1,1,Number,2001,123.34014636507852,188.91657676723963,81.6868402240698
1,All Population,1,Deaths,164,Nepal,3,Both,22,All ages,998,Chronic kidney disease due to diabetes mellitus type 2,1,Number,2001,396.01063315371306,567.840070960108,267.9634605354333
1,All Population,1,Deaths,164,Nepal,3,Both,22,All ages,1004,Pulmonary Arterial Hypertension,1,Number,2001,83.1077924486604,154.14445059866108,44.16875369225446
1,All Population,1,Deaths,164,Nepal,3,Both,22,All ages,1005,Hepatoblastoma,1,Number,2001,3.0899039959095673,5.17475414780151,1.9585412318704918
1,All Population,1,Deaths,164,Nepal,3,Both,22,All ages,1006,Burkitt lymphoma,1,Number,2001,6.841618586957225,11.884285028817912,3.343979042380752
1,All Population,1,Deaths,164,Nepal,3,Both,22,All ages,1007,Other non-Hodgkin lymphoma,1,Number,2001,274.3537804282875,372.620012314126,202.7050001034619
1,All Population,1,Deaths,164,Nepal,3,Both,22,All ages,1009,Retinoblastoma,1,Number,2001,15.983220802047901,42.77036892421954,4.180186709153599
1,All Population,1,Deaths,164,Nepal,3,Both,22,All ages,1010,Other eye cancers,1,Number,2001,4.712098071074017,9.733496567610597,2.240555503335621
1,All Population,1,Deaths,164,Nepal,3,Both,22,All ages,1011,Soft tissue and other extraosseous sarcomas,1,Number,2001,88.69089608278703,155.9802188545754,49.84873970000829
1,All Population,1,Deaths,164,Nepal,3,Both,22,All ages,1012,Malignant neoplasm of bone and articular cartilage,1,Number,2001,133.41136107020623,216.00867007730292,77.64765832875459
1,All Population,1,Deaths,164,Nepal,3,Both,22,All ages,1013,Neuroblastoma and other peripheral nervous cell tumors,1,Number,2001,7.014657540557632,10.35057555763781,4.365329495039475
1,All Population,1,Deaths,164,Nepal,3,Both,22,All ages,300,HIV/AIDS resulting in other diseases,1,Number,2002,368.93950769766275,814.3730738679592,152.02846616716138
1,All Population,1,Deaths,164,Nepal,3,Both,22,All ages,468,Testicular cancer,1,Number,2002,13.644004259333489,28.61633596136473,6.527294982182078
1,All Population,1,Deaths,164,Nepal,3,Both,22,All ages,471,Kidney cancer,1,Number,2002,70.86381508246153,116.19366574284284,43.223881562255244
1,All Population,1,Deaths,164,Nepal,3,Both,22,All ages,474,Bladder cancer,1,Number,2002,126.4066618656286,199.0114576674972,74.25267005764117
1,All Population,1,Deaths,164,Nepal,3,Both,22,All ages,477,Brain and central nervous system cancer,1,Number,2002,245.6123742869671,330.16688857860845,175.4112213497719
1,All Population,1,Deaths,164,Nepal,3,Both,22,All ages,480,Thyroid cancer,1,Number,2002,70.12390314744506,95.47833502909688,51.23070712125673
1,All Population,1,Deaths,164,Nepal,3,Both,22,All ages,543,Alzheimer's disease and other dementias,1,Number,2000,876.3300648411013,2356.1530357338233,210.65151483595645
1,All Population,1,Deaths,164,Nepal,3,Both,22,All ages,544,Parkinson's disease,1,Number,2000,298.87575286034655,368.9754661334072,229.23829027484857
1,All Population,1,Deaths,164,Nepal,3,Both,22,All ages,545,Idiopathic epilepsy,1,Number,2000,810.8895535633409,1156.2920176238736,571.6618627131065
1,All Population,1,Deaths,164,Nepal,3,Both,22,All ages,546,Multiple sclerosis,1,Number,2000,2.3242014475834103,5.260994291623108,0.8383099462968412
1,All Population,1,Deaths,164,Nepal,3,Both,22,All ages,554,Motor neuron disease,1,Number,2000,2.3702822224350473,5.77750624272837,0.7843332567266441
1,All Population,1,Deaths,164,Nepal,3,Both,22,All ages,557,Other neurological disorders,1,Number,2000,7.450423239456334,14.584625867429342,3.388371194323811
1,All Population,1,Deaths,164,Nepal,3,Both,22,All ages,560,Alcohol use disorders,1,Number,2000,177.84541456363843,302.07607660391045,101.5769994948942
1,All Population,1,Deaths,164,Nepal,3,Both,22,All ages,562,Opioid use disorders,1,Number,2000,30.25358136046316,54.78472180887393,17.060203705631455
1,All Population,1,Deaths,164,Nepal,3,Both,22,All ages,563,Cocaine use disorders,1,Number,2000,5.835382411902725,12.315216374107365,2.141853727622237
1,All Population,1,Deaths,164,Nepal,3,Both,22,All ages,564,Amphetamine use disorders,1,Number,2000,0.8291106175669379,2.388884751150973,0.17704434001990055
1,All Population,1,Deaths,164,Nepal,3,Both,22,All ages,566,Other drug use disorders,1,Number,2000,7.8284522490700486,14.121959361500204,3.685095766791181
1,All Population,1,Deaths,164,Nepal,3,Both,22,All ages,573,Anorexia nervosa,1,Number,2000,0.006999966452396092,0.03782008343240326,0.0006521669055489192
1,All Population,1,Deaths,164,Nepal,3,Both,22,All ages,588,Acute glomerulonephritis,1,Number,2000,7.084245026634489,14.29138564403959,1.7512474682608827
1,All Population,1,Deaths,164,Nepal,3,Both,22,All ages,591,Chronic kidney disease due to hypertension,1,Number,2000,276.93019134382496,425.4999977550462,176.48425259183057
1,All Population,1,Deaths,164,Nepal,3,Both,22,All ages,1024,Ulcerative colitis,1,Number,2001,67.68023832363863,114.23678958465648,37.09671208656876
1,All Population,1,Deaths,164,Nepal,3,Both,22,All ages,1025,Crohn's disease,1,Number,2001,11.047705695255395,23.577465064108974,3.6683740318992832
1,All Population,1,Deaths,164,Nepal,3,Both,22,All ages,1026,Total burden related to hepatitis B,1,Number,2001,2022.5237552442572,3015.4291563892525,1230.6576882235688
1,All Population,1,Deaths,164,Nepal,3,Both,22,All ages,1027,Total burden related to hepatitis C,1,Number,2001,581.6607927098422,858.5690213304412,351.04660354892656
1,All Population,1,Deaths,164,Nepal,3,Both,22,All ages,1028,Total burden related to Non-alcoholic fatty liver disease (NAFLD),1,Number,2001,87.71983749969904,135.24902725534432,51.65247263449743
1,All Population,1,Deaths,164,Nepal,3,Both,22,All ages,1029,Total cancers,1,Number,2001,8869.336782711951,9981.206028097999,7874.397344486925
1,All Population,1,Deaths,164,Nepal,3,Both,22,All ages,1032,Thyroid diseases,1,Number,2001,13.61789958245905,27.026400158249444,6.000247121011464
1,All Population,1,Deaths,164,Nepal,3,Both,22,All ages,1048,COVID-19,1,Number,2001,0.0,0.0,0.0
1,All Population,1,Deaths,164,Nepal,3,Both,22,All ages,483,Mesothelioma,1,Number,2002,9.006181012484209,12.233488575628376,5.907922944866827
1,All Population,1,Deaths,164,Nepal,3,Both,22,All ages,484,Hodgkin lymphoma,1,Number,2002,96.88143185383328,159.57382596957495,60.191210431387624
1,All Population,1,Deaths,164,Nepal,3,Both,22,All ages,486,Multiple myeloma,1,Number,2002,82.89434341100502,123.01346670686723,52.20259223178794
1,All Population,1,Deaths,164,Nepal,3,Both,22,All ages,489,Other malignant neoplasms,1,Number,2002,417.86474429058,629.7799497112334,273.5893981760571
1,All Population,1,Deaths,164,Nepal,3,Both,22,All ages,492,Rheumatic heart disease,1,Number,2002,3646.9902678933076,6121.586476596075,2183.831983316533
1,All Population,1,Deaths,164,Nepal,3,Both,22,All ages,493,Ischemic heart disease,1,Number,2002,13894.755983547982,17949.77766151621,10164.138268155864
1,All Population,1,Deaths,164,Nepal,3,Both,22,All ages,495,Ischemic stroke,1,Number,2002,4489.066607063658,6694.345507628892,2685.0883285004697
1,All Population,1,Deaths,164,Nepal,3,Both,22,All ages,496,Intracerebral hemorrhage,1,Number,2002,5907.269433765789,8663.3443245562,3896.0586160927355
1,All Population,1,Deaths,164,Nepal,3,Both,22,All ages,497,Subarachnoid hemorrhage,1,Number,2002,476.2445613988507,1016.1628848764407,191.77433388422546
1,All Population,1,Deaths,164,Nepal,3,Both,22,All ages,498,Hypertensive heart disease,1,Number,2002,1977.5133898364413,2996.4461976985335,1125.6386549684862
1,All Population,1,Deaths,164,Nepal,3,Both,22,All ages,500,Atrial fibrillation and flutter,1,Number,2002,205.03088540277162,290.8613760154966,140.39345393288454
1,All Population,1,Deaths,164,Nepal,3,Both,22,All ages,501,Aortic aneurysm,1,Number,2002,73.57113718264502,159.09939150411833,41.908964290147175
1,All Population,1,Deaths,164,Nepal,3,Both,22,All ages,502,Lower extremity peripheral arterial disease,1,Number,2002,22.27098255023748,35.776910664198766,12.662460040563898
1,All Population,1,Deaths,164,Nepal,3,Both,22,All ages,503,Endocarditis,1,Number,2002,104.60135299332593,208.38934427835244,53.70383717075657
1,All Population,1,Deaths,164,Nepal,3,Both,22,All ages,725,Physical violence by firearm,1,Number,2000,33.460610782663,63.402572042515956,16.960985164892506
1,All Population,1,Deaths,164,Nepal,3,Both,22,All ages,726,Physical violence by sharp object,1,Number,2000,27.197517172823783,50.57987156746987,10.417313287781795
1,All Population,1,Deaths,164,Nepal,3,Both,22,All ages,727,Physical violence by other means,1,Number,2000,418.6788781127845,498.2845618019536,345.91881789537115
1,All Population,1,Deaths,164,Nepal,3,Both,22,All ages,729,Exposure to forces of nature,1,Number,2000,143.99177128080888,158.29336472094474,131.11111419390258
1,All Population,1,Deaths,164,Nepal,3,Both,22,All ages,741,Maternal deaths aggravated by HIV/AIDS,1,Number,2000,0.4739252731463907,0.7587634886986728,0.24747549322692491
1,All Population,1,Deaths,164,Nepal,3,Both,22,All ages,842,Environmental heat and cold exposure,1,Number,2000,58.183290786803,132.7834522334951,8.578717007868248
1,All Population,1,Deaths,164,Nepal,3,Both,22,All ages,843,Ebola,1,Number,2000,0.0,0.0,0.0
1,All Population,1,Deaths,164,Nepal,3,Both,22,All ages,845,Acute lymphoid leukemia,1,Number,2000,205.01065393428613,357.27672990609943,127.45582695216663
1,All Population,1,Deaths,164,Nepal,3,Both,22,All ages,846,Chronic lymphoid leukemia,1,Number,2000,12.10271827175268,21.054796616865975,4.646527404578446
1,All Population,1,Deaths,164,Nepal,3,Both,22,All ages,847,Acute myeloid leukemia,1,Number,2000,108.82114079653658,216.88963277446268,50.24702623018364
1,All Population,1,Deaths,164,Nepal,3,Both,22,All ages,848,Chronic myeloid leukemia,1,Number,2000,94.58681868344037,156.06072692213453,40.91491627956493
1,All Population,1,Deaths,164,Nepal,3,Both,22,All ages,849,Non-melanoma skin cancer (squamous-cell carcinoma),1,Number,2000,35.19310470795647,51.87132725260964,22.963754263359707
1,All Population,1,Deaths,164,Nepal,3,Both,22,All ages,854,Police conflict and executions,1,Number,2000,0.05572598449704169,0.1212360405448787,0.025388299790407944
1,All Population,1,Deaths,164,Nepal,3,Both,22,All ages,934,Drug-susceptible tuberculosis,1,Number,2000,9512.668289352114,12265.628442973002,6835.1575316175595
1,All Population,1,Deaths,164,Nepal,3,Both,22,All ages,935,Zika virus,1,Number,2000,0.0,0.0,0.0
1,All Population,1,Deaths,164,Nepal,3,Both,22,All ages,938,Alcoholic cardiomyopathy,1,Number,2000,31.26553210366286,100.81812942504696,5.045908660815935
1,All Population,1,Deaths,164,Nepal,3,Both,22,All ages,940,Electrocution,1,Number,2000,62.576501120648246,125.8637671448101,19.95861058696626
1,All Population,1,Deaths,164,Nepal,3,Both,22,All ages,942,Myocarditis,1,Number,2000,102.7556322436612,207.5784579298895,42.83514899626884
1,All Population,1,Deaths,164,Nepal,3,Both,22,All ages,943,Other leukemia,1,Number,2000,98.1097804686112,153.25526400033527,58.0714501743809
1,All Population,1,Deaths,164,Nepal,3,Both,22,All ages,944,Other cardiomyopathy,1,Number,2000,606.0295344245447,1119.8882042562163,250.28584785835898
1,All Population,1,Deaths,164,Nepal,3,Both,22,All ages,643,Congenital heart anomalies,1,Number,2002,1521.4784966444774,2068.95896753612,1006.7320037864372
1,All Population,1,Deaths,164,Nepal,3,Both,22,All ages,644,Orofacial clefts,1,Number,2002,68.04801298206459,232.64011044596805,5.8925145927734786
1,All Population,1,Deaths,164,Nepal,3,Both,22,All ages,645,Down syndrome,1,Number,2002,39.61103849474213,82.01337660084286,16.225715681524026
1,All Population,1,Deaths,164,Nepal,3,Both,22,All ages,648,Other chromosomal abnormalities,1,Number,2002,37.77386136362536,76.6114576944801,15.555789148704788
1,All Population,1,Deaths,164,Nepal,3,Both,22,All ages,649,Congenital musculoskeletal and limb anomalies,1,Number,2002,32.31604351673293,75.66493481451515,13.09648711898645
1,All Population,1,Deaths,164,Nepal,3,Both,22,All ages,650,Urogenital congenital anomalies,1,Number,2002,41.38887946613106,106.5432023350543,13.292570876632224
1,All Population,1,Deaths,164,Nepal,3,Both,22,All ages,651,Digestive congenital anomalies,1,Number,2002,245.47814893256245,561.3727927465454,94.4066945680335
1,All Population,1,Deaths,164,Nepal,3,Both,22,All ages,652,Other congenital birth defects,1,Number,2002,3.268237603279095,11.99655187015778,0.7130504183057996
1,All Population,1,Deaths,164,Nepal,3,Both,22,All ages,656,Cellulitis,1,Number,2002,0.23848060438701635,0.7322636513367557,0.032694663448761915
1,All Population,1,Deaths,164,Nepal,3,Both,22,All ages,657,Pyoderma,1,Number,2002,0.5616996195606988,1.373839323221468,0.10874293580569935
1,All Population,1,Deaths,164,Nepal,3,Both,22,All ages,665,Decubitus ulcer,1,Number,2002,1.461200996664,2.4268960959309567,0.8497008974232608
1,All Population,1,Deaths,164,Nepal,3,Both,22,All ages,668,Other skin and subcutaneous diseases,1,Number,2002,1.5405707388522343,2.679259795389208,0.6625259961647475
1,All Population,1,Deaths,164,Nepal,3,Both,22,All ages,686,Sudden infant death syndrome,1,Number,2002,451.1160586572587,741.3828397117517,257.0711020452448
1,All Population,1,Deaths,164,Nepal,3,Both,22,All ages,690,Pedestrian road injuries,1,Number,2002,730.2778250783595,1046.2185715535027,469.6676103827371
1,All Population,1,Deaths,164,Nepal,3,Both,22,All ages,691,Cyclist road injuries,1,Number,2002,71.45680706600263,137.17573889324828,31.003924418787463
1,All Population,1,Deaths,164,Nepal,3,Both,22,All ages,692,Motorcyclist road injuries,1,Number,2002,314.9569164791423,618.0095224055024,163.96049340038167
1,All Population,1,Deaths,164,Nepal,3,Both,22,All ages,302,Diarrheal diseases,1,Number,2001,11092.35701149895,15262.736851510703,7579.017510784703
1,All Population,1,Deaths,164,Nepal,3,Both,22,All ages,319,Typhoid fever,1,Number,2001,2713.271836533994,4627.356420279955,1357.633079010928
1,All Population,1,Deaths,164,Nepal,3,Both,22,All ages,320,Paratyphoid fever,1,Number,2001,554.1119609833502,1072.084358649741,250.37497953414834
1,All Population,1,Deaths,164,Nepal,3,Both,22,All ages,321,Other intestinal infectious diseases,1,Number,2001,2.888721267348014,4.892764565813416,1.5766179423561975
1,All Population,1,Deaths,164,Nepal,3,Both,22,All ages,322,Lower respiratory infections,1,Number,2001,16372.128279323968,20212.90825285951,13216.913900016973
1,All Population,1,Deaths,164,Nepal,3,Both,22,All ages,328,Upper respiratory infections,1,Number,2001,81.64197724154668,201.553227153339,2.8598985362012206
1,All Population,1,Deaths,164,Nepal,3,Both,22,All ages,329,Otitis media,1,Number,2001,5.6661739678086125,17.473541620017198,1.0231720948307526
1,All Population,1,Deaths,164,Nepal,3,Both,22,All ages,693,Motor vehicle road injuries,1,Number,2002,547.2507726562584,818.9944920799085,300.0499792800625
1,All Population,1,Deaths,164,Nepal,3,Both,22,All ages,694,Other road injuries,1,Number,2002,10.345445206505227,27.316366870807336,2.7978607333281533
1,All Population,1,Deaths,164,Nepal,3,Both,22,All ages,695,Other transport injuries,1,Number,2002,220.19501093326966,321.926040002708,154.82219132970036
1,All Population,1,Deaths,164,Nepal,3,Both,22,All ages,995,Maternal abortion and miscarriage,1,Number,2002,160.71692774448016,269.52540335262904,88.5646441198596
1,All Population,1,Deaths,164,Nepal,3,Both,22,All ages,996,Liver cancer due to NASH,1,Number,2002,18.2513812670662,30.470584750802082,10.76414338903917
1,All Population,1,Deaths,164,Nepal,3,Both,22,All ages,997,Chronic kidney disease due to diabetes mellitus type 1,1,Number,2002,124.89500245965186,195.98513005120478,82.96184974710735
1,All Population,1,Deaths,164,Nepal,3,Both,22,All ages,998,Chronic kidney disease due to diabetes mellitus type 2,1,Number,2002,402.7443141242682,585.6240919974214,279.20631337874585
1,All Population,1,Deaths,164,Nepal,3,Both,22,All ages,1004,Pulmonary Arterial Hypertension,1,Number,2002,82.59658454849477,147.59995811898025,44.594384544837254
1,All Population,1,Deaths,164,Nepal,3,Both,22,All ages,1005,Hepatoblastoma,1,Number,2002,2.9499322939986743,5.056487869238971,1.8628164859142027
1,All Population,1,Deaths,164,Nepal,3,Both,22,All ages,1006,Burkitt lymphoma,1,Number,2002,6.83366920924013,11.97008999877262,3.373338268363432
1,All Population,1,Deaths,164,Nepal,3,Both,22,All ages,1007,Other non-Hodgkin lymphoma,1,Number,2002,276.9222698214212,372.1962691006171,205.5373007563486
1,All Population,1,Deaths,164,Nepal,3,Both,22,All ages,1009,Retinoblastoma,1,Number,2002,15.141981868560508,42.13471380464664,3.989633940543233
1,All Population,1,Deaths,164,Nepal,3,Both,22,All ages,1010,Other eye cancers,1,Number,2002,4.8894406150175955,10.415109660822846,2.3525606165668966
1,All Population,1,Deaths,164,Nepal,3,Both,22,All ages,1011,Soft tissue and other extraosseous sarcomas,1,Number,2002,88.86411039879171,153.59515948054255,51.73951711209623
1,All Population,1,Deaths,164,Nepal,3,Both,22,All ages,1012,Malignant neoplasm of bone and articular cartilage,1,Number,2002,134.6875595297732,221.38837007428046,78.81415823026454
1,All Population,1,Deaths,164,Nepal,3,Both,22,All ages,1013,Neuroblastoma and other peripheral nervous cell tumors,1,Number,2002,6.980203228699505,10.082196759936535,4.449082765304319
1,All Population,1,Deaths,164,Nepal,3,Both,22,All ages,353,Cystic echinococcosis,1,Number,2001,39.370214083669644,49.400708098787966,28.74796764356176
1,All Population,1,Deaths,164,Nepal,3,Both,22,All ages,357,Dengue,1,Number,2001,261.2588839736347,688.6797182248691,67.11457089000425
1,All Population,1,Deaths,164,Nepal,3,Both,22,All ages,358,Yellow fever,1,Number,2001,0.0,0.0,0.0
1,All Population,1,Deaths,164,Nepal,3,Both,22,All ages,359,Rabies,1,Number,2001,673.0322635254001,1570.3068496004687,227.45976730730158
1,All Population,1,Deaths,164,Nepal,3,Both,22,All ages,361,Ascariasis,1,Number,2001,8.197852991332063,12.328341447853273,5.064898827908447
1,All Population,1,Deaths,164,Nepal,3,Both,22,All ages,365,Other neglected tropical diseases,1,Number,2001,36.77923232122291,68.52757882361954,13.650171382275794
1,All Population,1,Deaths,164,Nepal,3,Both,22,All ages,1024,Ulcerative colitis,1,Number,2002,67.17977994626338,115.48213309329729,37.79614841029834
1,All Population,1,Deaths,164,Nepal,3,Both,22,All ages,1025,Crohn's disease,1,Number,2002,11.077310840651242,24.723940014528544,3.723615011368398
1,All Population,1,Deaths,164,Nepal,3,Both,22,All ages,1026,Total burden related to hepatitis B,1,Number,2002,2055.085124874621,3036.8173658562155,1245.0826978913378
1,All Population,1,Deaths,164,Nepal,3,Both,22,All ages,1027,Total burden related to hepatitis C,1,Number,2002,599.4997694877167,871.6778595459411,352.1181778908674
1,All Population,1,Deaths,164,Nepal,3,Both,22,All ages,1028,Total burden related to Non-alcoholic fatty liver disease (NAFLD),1,Number,2002,92.23002896567388,143.3949473822902,53.001065919619016
1,All Population,1,Deaths,164,Nepal,3,Both,22,All ages,1029,Total cancers,1,Number,2002,9048.516917869165,10328.372371054522,8001.048858599103
1,All Population,1,Deaths,164,Nepal,3,Both,22,All ages,1032,Thyroid diseases,1,Number,2002,13.567726935076042,25.626442204105754,5.842840116255159
1,All Population,1,Deaths,164,Nepal,3,Both,22,All ages,1048,COVID-19,1,Number,2002,0.0,0.0,0.0
1,All Population,1,Deaths,164,Nepal,3,Both,22,All ages,402,Acute hepatitis B,1,Number,2001,59.348415327579204,204.8346774671731,6.473416782808296
1,All Population,1,Deaths,164,Nepal,3,Both,22,All ages,403,Acute hepatitis C,1,Number,2001,9.532316690144812,26.78159262559357,0.19255155264101312
1,All Population,1,Deaths,164,Nepal,3,Both,22,All ages,404,Acute hepatitis E,1,Number,2001,7.880048680331328,27.351901603757934,0.9756415387577242
1,All Population,1,Deaths,164,Nepal,3,Both,22,All ages,408,Other unspecified infectious diseases,1,Number,2001,637.4054960836532,1203.680461992317,312.27390523958616
1,All Population,1,Deaths,164,Nepal,3,Both,22,All ages,411,Esophageal cancer,1,Number,2001,532.0166448327255,738.6758512718994,309.3628325863533
1,All Population,1,Deaths,164,Nepal,3,Both,22,All ages,414,Stomach cancer,1,Number,2001,1023.9719701613535,1516.0645838712517,644.2248402669
1,All Population,1,Deaths,164,Nepal,3,Both,22,All ages,332,Meningitis,1,Number,2001,1175.4873942921859,1665.606568045064,814.7566065888417
1,All Population,1,Deaths,164,Nepal,3,Both,22,All ages,337,Encephalitis,1,Number,2001,684.8756220117884,1413.2992922575677,154.3476183130443
1,All Population,1,Deaths,164,Nepal,3,Both,22,All ages,338,Diphtheria,1,Number,2001,26.247054410223644,46.33942981917143,13.150311002582981
1,All Population,1,Deaths,164,Nepal,3,Both,22,All ages,339,Pertussis,1,Number,2001,1071.848519362942,3188.541397522975,124.93375251724753
1,All Population,1,Deaths,164,Nepal,3,Both,22,All ages,340,Tetanus,1,Number,2001,1620.1648121615228,2797.762850587431,848.0562931103021
1,All Population,1,Deaths,164,Nepal,3,Both,22,All ages,341,Measles,1,Number,2001,7478.400706380537,12063.989750090885,3673.8695277786915
1,All Population,1,Deaths,164,Nepal,3,Both,22,All ages,342,Varicella and herpes zoster,1,Number,2001,81.86418278337766,113.01188553751692,58.03865065062454
1,All Population,1,Deaths,164,Nepal,3,Both,22,All ages,345,Malaria,1,Number,2001,55.20525841618008,98.05086667579607,29.364051664420096
1,All Population,1,Deaths,164,Nepal,3,Both,22,All ages,346,Chagas disease,1,Number,2001,0.0,0.0,0.0
1,All Population,1,Deaths,164,Nepal,3,Both,22,All ages,348,Visceral leishmaniasis,1,Number,2001,283.00286999594164,937.5643491081527,0.07577492527349182
1,All Population,1,Deaths,164,Nepal,3,Both,22,All ages,350,African trypanosomiasis,1,Number,2001,0.0,0.0,0.0
1,All Population,1,Deaths,164,Nepal,3,Both,22,All ages,351,Schistosomiasis,1,Number,2001,0.0,0.0,0.0
1,All Population,1,Deaths,164,Nepal,3,Both,22,All ages,352,Cysticercosis,1,Number,2001,3.111098578939136,4.408663615127469,1.8214828350354078
1,All Population,1,Deaths,164,Nepal,3,Both,22,All ages,507,Other cardiovascular and circulatory diseases,1,Number,2001,325.5670661037931,490.579773196359,194.1129975755476
1,All Population,1,Deaths,164,Nepal,3,Both,22,All ages,509,Chronic obstructive pulmonary disease,1,Number,2001,12610.37557281744,15878.131100531564,9523.427617289452
1,All Population,1,Deaths,164,Nepal,3,Both,22,All ages,367,Maternal hemorrhage,1,Number,2001,985.7446962991941,1384.637243513926,650.4009703497416
1,All Population,1,Deaths,164,Nepal,3,Both,22,All ages,368,Maternal sepsis and other maternal infections,1,Number,2001,97.31671044233578,154.457313077523,55.85427106229252
1,All Population,1,Deaths,164,Nepal,3,Both,22,All ages,369,Maternal hypertensive disorders,1,Number,2001,179.46069286210474,257.184149771981,109.52776456896044
1,All Population,1,Deaths,164,Nepal,3,Both,22,All ages,370,Maternal obstructed labor and uterine rupture,1,Number,2001,125.74793809538855,206.8252687485928,64.36352121863847
1,All Population,1,Deaths,164,Nepal,3,Both,22,All ages,374,Ectopic pregnancy,1,Number,2001,0.3663412474537946,0.6081877460224618,0.2082301735905851
1,All Population,1,Deaths,164,Nepal,3,Both,22,All ages,375,Indirect maternal deaths,1,Number,2001,308.1133339644566,510.4293725688175,173.3679473722739
1,All Population,1,Deaths,164,Nepal,3,Both,22,All ages,376,Late maternal deaths,1,Number,2001,31.57223366818743,45.85449748551504,18.58124242653833
1,All Population,1,Deaths,164,Nepal,3,Both,22,All ages,381,Neonatal preterm birth,1,Number,2001,4153.01845007573,6271.987569932106,2777.305936898497
1,All Population,1,Deaths,164,Nepal,3,Both,22,All ages,382,Neonatal encephalopathy due to birth asphyxia and trauma,1,Number,2001,7735.935153371525,10036.827838401927,5327.544406610306
1,All Population,1,Deaths,164,Nepal,3,Both,22,All ages,383,Neonatal sepsis and other neonatal infections,1,Number,2001,2792.060817244398,4735.776027278723,1214.6649246692816
1,All Population,1,Deaths,164,Nepal,3,Both,22,All ages,384,Hemolytic disease and other neonatal jaundice,1,Number,2001,1702.7199100999421,3649.25945099901,796.1114902854446
1,All Population,1,Deaths,164,Nepal,3,Both,22,All ages,385,Other neonatal disorders,1,Number,2001,2369.407682018714,4161.946805276719,1283.313494480095
1,All Population,1,Deaths,164,Nepal,3,Both,22,All ages,387,Protein-energy malnutrition,1,Number,2001,3106.2034893063055,4015.7985066038596,2330.6663427550257
1,All Population,1,Deaths,164,Nepal,3,Both,22,All ages,391,Other nutritional deficiencies,1,Number,2001,602.4461502140244,868.7066338289678,359.1134905283588
1,All Population,1,Deaths,164,Nepal,3,Both,22,All ages,394,Syphilis,1,Number,2001,614.7985366447903,1267.9102582224084,214.80875205499666
1,All Population,1,Deaths,164,Nepal,3,Both,22,All ages,395,Chlamydial infection,1,Number,2001,8.37782998028117,19.270848625325215,2.5832914853746605
1,All Population,1,Deaths,164,Nepal,3,Both,22,All ages,396,Gonococcal infection,1,Number,2001,2.9415590016435846,6.051031614783748,1.156797844701405
1,All Population,1,Deaths,164,Nepal,3,Both,22,All ages,399,Other sexually transmitted infections,1,Number,2001,25.621401104876945,58.51154268274323,8.067854951950434
1,All Population,1,Deaths,164,Nepal,3,Both,22,All ages,401,Acute hepatitis A,1,Number,2001,1052.2961329942273,1994.4526635774328,587.8193747402065
1,All Population,1,Deaths,164,Nepal,3,Both,22,All ages,533,Vascular intestinal disorders,1,Number,2001,114.33963704069667,200.01816394650444,61.20659010331238
1,All Population,1,Deaths,164,Nepal,3,Both,22,All ages,534,Gallbladder and biliary diseases,1,Number,2001,87.83592053982579,142.31330013172047,52.008038796942316
1,All Population,1,Deaths,164,Nepal,3,Both,22,All ages,535,Pancreatitis,1,Number,2001,458.85050674396643,741.7974050081668,269.89774932108486
1,All Population,1,Deaths,164,Nepal,3,Both,22,All ages,418,Liver cancer due to hepatitis B,1,Number,2001,64.0965986630069,106.73939298950292,38.35582588457135
1,All Population,1,Deaths,164,Nepal,3,Both,22,All ages,419,Liver cancer due to hepatitis C,1,Number,2001,67.19681477474803,110.49361228810943,41.985536807186705
1,All Population,1,Deaths,164,Nepal,3,Both,22,All ages,420,Liver cancer due to alcohol use,1,Number,2001,57.33080255021735,98.27513044476188,33.70467533147743
1,All Population,1,Deaths,164,Nepal,3,Both,22,All ages,421,Liver cancer due to other causes,1,Number,2001,7.785827535143316,12.45936097630298,4.645219215331438
1,All Population,1,Deaths,164,Nepal,3,Both,22,All ages,423,Larynx cancer,1,Number,2001,281.3498391106,418.6447942248881,145.91782962921818
1,All Population,1,Deaths,164,Nepal,3,Both,22,All ages,426,"Tracheal, bronchus, and lung cancer",1,Number,2001,855.6760568289693,1187.4565140480315,608.5470698310737
1,All Population,1,Deaths,164,Nepal,3,Both,22,All ages,429,Breast cancer,1,Number,2001,566.0558848524576,821.0490260772325,368.32208228828347
1,All Population,1,Deaths,164,Nepal,3,Both,22,All ages,432,Cervical cancer,1,Number,2001,847.5483260296616,1340.5986939203597,492.1164657868143
1,All Population,1,Deaths,164,Nepal,3,Both,22,All ages,435,Uterine cancer,1,Number,2001,54.50384590078941,94.80728933806259,23.081602514697607
1,All Population,1,Deaths,164,Nepal,3,Both,22,All ages,438,Prostate cancer,1,Number,2001,265.3602745861935,402.8776056915395,174.74285020124233
1,All Population,1,Deaths,164,Nepal,3,Both,22,All ages,441,Colon and rectum cancer,1,Number,2001,410.5169735292262,543.849062520209,285.13744758094487
1,All Population,1,Deaths,164,Nepal,3,Both,22,All ages,444,Lip and oral cavity cancer,1,Number,2001,571.5258905744239,790.1214920144683,408.89311595413915
1,All Population,1,Deaths,164,Nepal,3,Both,22,All ages,447,Nasopharynx cancer,1,Number,2001,125.59262344787754,166.16996203028756,88.2596482277785
1,All Population,1,Deaths,164,Nepal,3,Both,22,All ages,450,Other pharynx cancer,1,Number,2001,330.89981011570245,484.3900086336346,225.547580754312
1,All Population,1,Deaths,164,Nepal,3,Both,22,All ages,453,Gallbladder and biliary tract cancer,1,Number,2001,239.97520723708843,338.4879563901078,167.35887231945262
1,All Population,1,Deaths,164,Nepal,3,Both,22,All ages,456,Pancreatic cancer,1,Number,2001,129.36826597374449,185.87334177330612,91.53146605307381
1,All Population,1,Deaths,164,Nepal,3,Both,22,All ages,459,Malignant skin melanoma,1,Number,2001,10.796868512100502,17.10527356088386,7.027116873649522
1,All Population,1,Deaths,164,Nepal,3,Both,22,All ages,465,Ovarian cancer,1,Number,2001,203.325195927346,347.35736301406627,123.35827229894471
1,All Population,1,Deaths,164,Nepal,3,Both,22,All ages,592,Chronic kidney disease due to glomerulonephritis,1,Number,2001,225.40197645738803,330.06668459844,153.98202426328805
1,All Population,1,Deaths,164,Nepal,3,Both,22,All ages,593,Chronic kidney disease due to other and unspecified causes,1,Number,2001,723.9315466731346,1038.5017599830312,489.5240452743198
1,All Population,1,Deaths,164,Nepal,3,Both,22,All ages,595,Urinary tract infections and interstitial nephritis,1,Number,2001,277.4789009510324,371.6521697660291,185.79805660048703
1,All Population,1,Deaths,164,Nepal,3,Both,22,All ages,511,Silicosis,1,Number,2001,5.27957699980365,14.520095597930366,1.234262071140967
1,All Population,1,Deaths,164,Nepal,3,Both,22,All ages,512,Asbestosis,1,Number,2001,0.9684374300825582,3.9719402548767713,0.187299823169574
1,All Population,1,Deaths,164,Nepal,3,Both,22,All ages,513,Coal workers pneumoconiosis,1,Number,2001,1.565202909384305,4.652773447595009,0.1787889624989969
1,All Population,1,Deaths,164,Nepal,3,Both,22,All ages,514,Other pneumoconiosis,1,Number,2001,2.6609691125048007,7.0076136397879845,0.6522605331316979
1,All Population,1,Deaths,164,Nepal,3,Both,22,All ages,515,Asthma,1,Number,2001,2723.746193976814,5075.316694279275,1380.736772155458
1,All Population,1,Deaths,164,Nepal,3,Both,22,All ages,516,Interstitial lung disease and pulmonary sarcoidosis,1,Number,2001,281.20568975615197,853.709497100257,125.62921404027078
1,All Population,1,Deaths,164,Nepal,3,Both,22,All ages,520,Other chronic respiratory diseases,1,Number,2001,290.2598276115011,516.3764487569624,151.960362326489
1,All Population,1,Deaths,164,Nepal,3,Both,22,All ages,522,Chronic hepatitis B including cirrhosis,1,Number,2001,1899.0787412536692,2866.7590445930746,1144.5532420232605
1,All Population,1,Deaths,164,Nepal,3,Both,22,All ages,523,Chronic hepatitis C including cirrhosis,1,Number,2001,504.9316612449495,774.9267238006281,279.7309694376976
1,All Population,1,Deaths,164,Nepal,3,Both,22,All ages,524,Cirrhosis due to alcohol,1,Number,2001,1472.056891687515,2237.244202137888,849.4110626909751
1,All Population,1,Deaths,164,Nepal,3,Both,22,All ages,525,Cirrhosis due to other causes,1,Number,2001,664.8332504072318,1011.5756475441874,408.2527321801504
1,All Population,1,Deaths,164,Nepal,3,Both,22,All ages,527,Peptic ulcer disease,1,Number,2001,2722.5713667073715,4166.838283444726,1707.1865324409423
1,All Population,1,Deaths,164,Nepal,3,Both,22,All ages,528,Gastritis and duodenitis,1,Number,2001,211.33634477855006,414.752307100227,72.69998159443732
1,All Population,1,Deaths,164,Nepal,3,Both,22,All ages,529,Appendicitis,1,Number,2001,364.51538742512963,747.1976597037414,107.06953959894237
1,All Population,1,Deaths,164,Nepal,3,Both,22,All ages,530,Paralytic ileus and intestinal obstruction,1,Number,2001,1000.6640779950991,1570.25473102724,564.445162022194
1,All Population,1,Deaths,164,Nepal,3,Both,22,All ages,531,"Inguinal, femoral, and abdominal hernia",1,Number,2001,284.5297135495558,549.5882421797537,136.16485895014898
1,All Population,1,Deaths,164,Nepal,3,Both,22,All ages,543,Alzheimer's disease and other dementias,1,Number,2001,910.2166244427501,2460.7439202278847,216.22308071895475
1,All Population,1,Deaths,164,Nepal,3,Both,22,All ages,544,Parkinson's disease,1,Number,2001,313.3686259076095,394.65527085826795,240.6725765259904
1,All Population,1,Deaths,164,Nepal,3,Both,22,All ages,545,Idiopathic epilepsy,1,Number,2001,807.9638469315889,1131.8639721366737,569.4279706594727
1,All Population,1,Deaths,164,Nepal,3,Both,22,All ages,546,Multiple sclerosis,1,Number,2001,2.406142120354333,5.393036841078762,0.9093467140684127
1,All Population,1,Deaths,164,Nepal,3,Both,22,All ages,554,Motor neuron disease,1,Number,2001,2.5131642627193,6.027757393276751,0.8391372028457358
1,All Population,1,Deaths,164,Nepal,3,Both,22,All ages,557,Other neurological disorders,1,Number,2001,7.74903190335651,14.564359573602383,3.5411306786319043
1,All Population,1,Deaths,164,Nepal,3,Both,22,All ages,560,Alcohol use disorders,1,Number,2001,182.87155249811585,305.58580729519355,101.99479866913354
1,All Population,1,Deaths,164,Nepal,3,Both,22,All ages,562,Opioid use disorders,1,Number,2001,31.221512678190404,55.21945829453833,17.432883789120098
1,All Population,1,Deaths,164,Nepal,3,Both,22,All ages,563,Cocaine use disorders,1,Number,2001,5.9150730267517,13.037515508430719,2.006523956407049
1,All Population,1,Deaths,164,Nepal,3,Both,22,All ages,564,Amphetamine use disorders,1,Number,2001,0.843000773304244,2.432287978482065,0.19356924277732693
1,All Population,1,Deaths,164,Nepal,3,Both,22,All ages,566,Other drug use disorders,1,Number,2001,7.913401434599119,14.508201574095143,3.7567694976164656
1,All Population,1,Deaths,164,Nepal,3,Both,22,All ages,573,Anorexia nervosa,1,Number,2001,0.007544298433051764,0.041889420936247375,0.0007066124492977912
1,All Population,1,Deaths,164,Nepal,3,Both,22,All ages,588,Acute glomerulonephritis,1,Number,2001,6.981736223182704,13.967201350432438,1.6798567777816222
1,All Population,1,Deaths,164,Nepal,3,Both,22,All ages,591,Chronic kidney disease due to hypertension,1,Number,2001,283.18840819940846,427.9122000972195,183.8639636292666
1,All Population,1,Deaths,164,Nepal,3,Both,22,All ages,300,HIV/AIDS resulting in other diseases,1,Number,2003,508.8319464926419,1079.1087061432304,203.1178814546617
1,All Population,1,Deaths,164,Nepal,3,Both,22,All ages,468,Testicular cancer,1,Number,2003,13.901112284994396,28.745527713660668,6.801831485723031
1,All Population,1,Deaths,164,Nepal,3,Both,22,All ages,471,Kidney cancer,1,Number,2003,72.78103267267659,120.38730422362082,43.104580469562535
1,All Population,1,Deaths,164,Nepal,3,Both,22,All ages,474,Bladder cancer,1,Number,2003,127.23930118825417,202.2400261380848,75.15013491046312
1,All Population,1,Deaths,164,Nepal,3,Both,22,All ages,477,Brain and central nervous system cancer,1,Number,2003,247.9403710880202,334.49939978002686,176.885974642386
1,All Population,1,Deaths,164,Nepal,3,Both,22,All ages,480,Thyroid cancer,1,Number,2003,72.19400863706102,99.85264327890354,51.78394357006514
1,All Population,1,Deaths,164,Nepal,3,Both,22,All ages,697,Falls,1,Number,2001,2019.773219887595,2829.509003840494,1441.9387617907732
1,All Population,1,Deaths,164,Nepal,3,Both,22,All ages,698,Drowning,1,Number,2001,2162.0713589167367,2997.1574999893824,1443.7002204616492
1,All Population,1,Deaths,164,Nepal,3,Both,22,All ages,699,"Fire, heat, and hot substances",1,Number,2001,424.3185894588818,644.864154097903,275.10807686143045
1,All Population,1,Deaths,164,Nepal,3,Both,22,All ages,701,Poisoning by carbon monoxide,1,Number,2001,270.94636362443225,544.8683647043416,98.47585625573882
1,All Population,1,Deaths,164,Nepal,3,Both,22,All ages,703,Poisoning by other means,1,Number,2001,860.091110717384,1404.8852463532382,436.85596931914733
1,All Population,1,Deaths,164,Nepal,3,Both,22,All ages,705,Unintentional firearm injuries,1,Number,2001,8.89451757019127,28.045095016036747,1.1829540284883728
1,All Population,1,Deaths,164,Nepal,3,Both,22,All ages,707,Other exposure to mechanical forces,1,Number,2001,334.93497186555294,642.9185249139223,158.85500429660408
1,All Population,1,Deaths,164,Nepal,3,Both,22,All ages,708,Adverse effects of medical treatment,1,Number,2001,782.7249776188206,1084.3687306586523,535.5025522303886
1,All Population,1,Deaths,164,Nepal,3,Both,22,All ages,710,Venomous animal contact,1,Number,2001,635.1275163569665,1097.4539409575168,361.67738075409187
1,All Population,1,Deaths,164,Nepal,3,Both,22,All ages,711,Non-venomous animal contact,1,Number,2001,18.34639063055048,60.96508189327335,2.428644331575282
1,All Population,1,Deaths,164,Nepal,3,Both,22,All ages,713,Pulmonary aspiration and foreign body in airway,1,Number,2001,42.508080609031595,84.31642184149145,8.370536697103704
1,All Population,1,Deaths,164,Nepal,3,Both,22,All ages,715,Foreign body in other body part,1,Number,2001,2.9023363490393903,7.9182576856291025,0.4216975573233834
1,All Population,1,Deaths,164,Nepal,3,Both,22,All ages,716,Other unintentional injuries,1,Number,2001,115.93687727903865,255.95065209072402,49.86118175206216
1,All Population,1,Deaths,164,Nepal,3,Both,22,All ages,721,Self-harm by firearm,1,Number,2001,399.8623805425276,941.8093119487551,129.65964997583873
1,All Population,1,Deaths,164,Nepal,3,Both,22,All ages,1059,Total Cancers excluding Non-melanoma skin cancer,1,Number,2001,8832.817181806731,9947.256610561615,7832.47510660762
1,All Population,1,Deaths,164,Nepal,3,Both,22,All ages,1160,Other direct maternal disorders,1,Number,2001,127.29100748501777,216.22915302275635,66.94642006977737
1,All Population,1,Deaths,164,Nepal,3,Both,22,All ages,1161,Other digestive diseases,1,Number,2001,512.6817149479267,850.2900360074575,245.85521036768117
1,All Population,1,Deaths,164,Nepal,3,Both,22,All ages,1163,Self-harm by other specified means,1,Number,2001,2752.249740478018,3636.636576771503,2005.1921322434434
1,All Population,1,Deaths,164,Nepal,3,Both,22,All ages,1164,Other benign and in situ neoplasms,1,Number,2001,60.81392925544052,99.73092845665569,28.39850123094216
1,All Population,1,Deaths,164,Nepal,3,Both,22,All ages,596,Urolithiasis,1,Number,2001,40.107761112582764,53.4224761449234,29.772352647810305
1,All Population,1,Deaths,164,Nepal,3,Both,22,All ages,602,Other urinary diseases,1,Number,2001,295.5577910535542,418.9228037272529,207.44481473610085
1,All Population,1,Deaths,164,Nepal,3,Both,22,All ages,604,Uterine fibroids,1,Number,2001,6.582307636682501,18.31594619174484,2.155385100922091
1,All Population,1,Deaths,164,Nepal,3,Both,22,All ages,607,Endometriosis,1,Number,2001,0.04566045455487178,0.2658926058935138,0.0012106616901292032
1,All Population,1,Deaths,164,Nepal,3,Both,22,All ages,608,Genital prolapse,1,Number,2001,0.9424257503875659,3.2670169670990448,0.15195837059278358
1,All Population,1,Deaths,164,Nepal,3,Both,22,All ages,612,Other gynecological diseases,1,Number,2001,12.154303705323887,30.924675335390038,3.691628911617858
1,All Population,1,Deaths,164,Nepal,3,Both,22,All ages,614,Thalassemias,1,Number,2001,99.22912393179544,162.46059440035148,61.741501143135
1,All Population,1,Deaths,164,Nepal,3,Both,22,All ages,615,Sickle cell disorders,1,Number,2001,14.294404500116501,24.55579048567048,8.535826314010505
1,All Population,1,Deaths,164,Nepal,3,Both,22,All ages,616,G6PD deficiency,1,Number,2001,26.25987791945414,42.173153497027506,15.789678123438181
1,All Population,1,Deaths,164,Nepal,3,Both,22,All ages,618,Other hemoglobinopathies and hemolytic anemias,1,Number,2001,207.3660895994377,323.15488448593413,140.6245500580926
1,All Population,1,Deaths,164,Nepal,3,Both,22,All ages,625,"Other endocrine, metabolic, blood, and immune disorders",1,Number,2001,46.319656407644395,87.62491545503867,19.91036842980689
1,All Population,1,Deaths,164,Nepal,3,Both,22,All ages,627,Rheumatoid arthritis,1,Number,2001,82.0876924279463,130.33719715918772,37.70087969266303
1,All Population,1,Deaths,164,Nepal,3,Both,22,All ages,639,Other musculoskeletal disorders,1,Number,2001,119.6614949621151,187.85422747580787,68.95406717386578
1,All Population,1,Deaths,164,Nepal,3,Both,22,All ages,642,Neural tube defects,1,Number,2001,319.1258570749756,597.0344147127428,147.8383496303126
1,All Population,1,Deaths,164,Nepal,3,Both,22,All ages,483,Mesothelioma,1,Number,2003,9.308702553544313,12.7669868540794,6.046934375416647
1,All Population,1,Deaths,164,Nepal,3,Both,22,All ages,484,Hodgkin lymphoma,1,Number,2003,95.95593081592183,158.61630574222403,59.25708128207557
1,All Population,1,Deaths,164,Nepal,3,Both,22,All ages,486,Multiple myeloma,1,Number,2003,85.29292519481474,126.26486601103844,52.53078488035016
1,All Population,1,Deaths,164,Nepal,3,Both,22,All ages,489,Other malignant neoplasms,1,Number,2003,422.4070226648664,646.8773498402122,277.11971532438855
1,All Population,1,Deaths,164,Nepal,3,Both,22,All ages,492,Rheumatic heart disease,1,Number,2003,3703.210710358534,5930.818837663867,2201.155161424637
1,All Population,1,Deaths,164,Nepal,3,Both,22,All ages,493,Ischemic heart disease,1,Number,2003,14464.21249048495,18599.00292250428,10687.498627050974
1,All Population,1,Deaths,164,Nepal,3,Both,22,All ages,495,Ischemic stroke,1,Number,2003,4720.6725011734425,6919.216517811786,2921.4824545199476
1,All Population,1,Deaths,164,Nepal,3,Both,22,All ages,496,Intracerebral hemorrhage,1,Number,2003,6089.490008590658,8859.147907091372,3961.850078914381
1,All Population,1,Deaths,164,Nepal,3,Both,22,All ages,497,Subarachnoid hemorrhage,1,Number,2003,495.1495799080126,1058.4172870677387,200.87226716869338
1,All Population,1,Deaths,164,Nepal,3,Both,22,All ages,498,Hypertensive heart disease,1,Number,2003,2049.096682029009,3169.53497617611,1205.9524600618272
1,All Population,1,Deaths,164,Nepal,3,Both,22,All ages,500,Atrial fibrillation and flutter,1,Number,2003,217.50720816062633,316.1061191567726,147.37205136559905
1,All Population,1,Deaths,164,Nepal,3,Both,22,All ages,501,Aortic aneurysm,1,Number,2003,78.45243380822734,165.09270156614332,43.838569903363236
1,All Population,1,Deaths,164,Nepal,3,Both,22,All ages,502,Lower extremity peripheral arterial disease,1,Number,2003,23.627499668697872,37.87619772771774,13.391221843122256
1,All Population,1,Deaths,164,Nepal,3,Both,22,All ages,503,Endocarditis,1,Number,2003,106.65016587042837,215.6719882956842,54.80504444041349
1,All Population,1,Deaths,164,Nepal,3,Both,22,All ages,945,Conflict and terrorism,1,Number,2001,568.9890570337969,593.8699333465627,545.7236320140615
1,All Population,1,Deaths,164,Nepal,3,Both,22,All ages,946,Multidrug-resistant tuberculosis without extensive drug resistance,1,Number,2001,777.7620899501587,1713.34142144008,279.4981208952153
1,All Population,1,Deaths,164,Nepal,3,Both,22,All ages,947,Extensively drug-resistant tuberculosis,1,Number,2001,11.33127861520861,27.026666609377948,3.8012916771882908
1,All Population,1,Deaths,164,Nepal,3,Both,22,All ages,948,HIV/AIDS - Drug-susceptible Tuberculosis,1,Number,2001,161.95478587017445,271.19299703606396,83.63809161436502
1,All Population,1,Deaths,164,Nepal,3,Both,22,All ages,949,HIV/AIDS - Multidrug-resistant Tuberculosis without extensive drug resistance,1,Number,2001,17.41847870546938,45.58338048873586,4.855009470242738
1,All Population,1,Deaths,164,Nepal,3,Both,22,All ages,950,HIV/AIDS - Extensively drug-resistant Tuberculosis,1,Number,2001,0.2541359988910307,0.629660349841024,0.06425307773924148
1,All Population,1,Deaths,164,Nepal,3,Both,22,All ages,959,Invasive Non-typhoidal Salmonella (iNTS),1,Number,2001,79.71934788197417,113.1133213027388,51.03654911032289
1,All Population,1,Deaths,164,Nepal,3,Both,22,All ages,964,"Myelodysplastic, myeloproliferative, and other hematopoietic neoplasms",1,Number,2001,8.052021581221139,16.304573739945994,2.7362362358440957
1,All Population,1,Deaths,164,Nepal,3,Both,22,All ages,968,Non-rheumatic calcific aortic valve disease,1,Number,2001,62.217588068873134,93.86752346121015,35.98291623512874
1,All Population,1,Deaths,164,Nepal,3,Both,22,All ages,969,Non-rheumatic degenerative mitral valve disease,1,Number,2001,40.828695733055646,66.69590600526129,22.06095297939408
1,All Population,1,Deaths,164,Nepal,3,Both,22,All ages,970,Other non-rheumatic valve diseases,1,Number,2001,0.8582195371985412,1.8106999969278308,0.35665883477555177
1,All Population,1,Deaths,164,Nepal,3,Both,22,All ages,971,Nonalcoholic fatty liver disease including cirrhosis,1,Number,2001,70.16370334506273,113.81137210704854,37.087302974130054
1,All Population,1,Deaths,164,Nepal,3,Both,22,All ages,975,Diabetes mellitus type 1,1,Number,2001,179.9654081183318,277.14061974977176,115.26249159553736
1,All Population,1,Deaths,164,Nepal,3,Both,22,All ages,976,Diabetes mellitus type 2,1,Number,2001,2652.2321378761867,3536.508913098889,1827.7906322402628
1,All Population,1,Deaths,164,Nepal,3,Both,22,All ages,725,Physical violence by firearm,1,Number,2001,36.382899211610564,70.0919564991886,19.119877060893366
1,All Population,1,Deaths,164,Nepal,3,Both,22,All ages,726,Physical violence by sharp object,1,Number,2001,29.703296692688156,55.87414005674698,11.822213233666734
1,All Population,1,Deaths,164,Nepal,3,Both,22,All ages,727,Physical violence by other means,1,Number,2001,442.88718339940846,523.2045720495018,373.8635286068604
1,All Population,1,Deaths,164,Nepal,3,Both,22,All ages,729,Exposure to forces of nature,1,Number,2001,143.9917712808089,158.2933647209448,131.1111141939026
1,All Population,1,Deaths,164,Nepal,3,Both,22,All ages,741,Maternal deaths aggravated by HIV/AIDS,1,Number,2001,0.5479736321891464,0.8744451896723417,0.28837815194767114
1,All Population,1,Deaths,164,Nepal,3,Both,22,All ages,842,Environmental heat and cold exposure,1,Number,2001,57.87001433028973,133.84939199439532,8.281132058854618
1,All Population,1,Deaths,164,Nepal,3,Both,22,All ages,843,Ebola,1,Number,2001,0.0,0.0,0.0
1,All Population,1,Deaths,164,Nepal,3,Both,22,All ages,845,Acute lymphoid leukemia,1,Number,2001,200.23992075823546,341.57821767687415,125.3955701523652
1,All Population,1,Deaths,164,Nepal,3,Both,22,All ages,846,Chronic lymphoid leukemia,1,Number,2001,12.34246366871335,21.52250991220802,4.758440699304802
1,All Population,1,Deaths,164,Nepal,3,Both,22,All ages,847,Acute myeloid leukemia,1,Number,2001,109.32134151935811,216.52008184631552,51.014594545411455
1,All Population,1,Deaths,164,Nepal,3,Both,22,All ages,848,Chronic myeloid leukemia,1,Number,2001,93.77123272765435,154.3556867412407,39.087483199683994
1,All Population,1,Deaths,164,Nepal,3,Both,22,All ages,849,Non-melanoma skin cancer (squamous-cell carcinoma),1,Number,2001,36.51960090521641,53.010724034619386,24.034913635001146
1,All Population,1,Deaths,164,Nepal,3,Both,22,All ages,854,Police conflict and executions,1,Number,2001,0.05542030234089495,0.11821822123816189,0.025511265723812578
1,All Population,1,Deaths,164,Nepal,3,Both,22,All ages,934,Drug-susceptible tuberculosis,1,Number,2001,8920.29346656639,11704.09233658477,6402.770058026238
1,All Population,1,Deaths,164,Nepal,3,Both,22,All ages,935,Zika virus,1,Number,2001,0.0,0.0,0.0
1,All Population,1,Deaths,164,Nepal,3,Both,22,All ages,938,Alcoholic cardiomyopathy,1,Number,2001,31.980186687468986,98.73168444448035,5.34006703533369
1,All Population,1,Deaths,164,Nepal,3,Both,22,All ages,940,Electrocution,1,Number,2001,60.82637125190997,123.62160296101429,19.498334520083333
1,All Population,1,Deaths,164,Nepal,3,Both,22,All ages,942,Myocarditis,1,Number,2001,100.70172526176994,206.38682897137008,41.57603812564668
1,All Population,1,Deaths,164,Nepal,3,Both,22,All ages,943,Other leukemia,1,Number,2001,99.4625365177331,154.74682175782473,57.23904162161255
1,All Population,1,Deaths,164,Nepal,3,Both,22,All ages,944,Other cardiomyopathy,1,Number,2001,628.8844505508744,1189.1094487980342,263.9940326165553
1,All Population,1,Deaths,164,Nepal,3,Both,22,All ages,643,Congenital heart anomalies,1,Number,2003,1457.8555593906153,1973.0941701589768,946.1272163728748
1,All Population,1,Deaths,164,Nepal,3,Both,22,All ages,644,Orofacial clefts,1,Number,2003,61.06231011280196,202.7266848049931,6.160846453738378
1,All Population,1,Deaths,164,Nepal,3,Both,22,All ages,645,Down syndrome,1,Number,2003,39.193205071768546,81.54833266206235,15.468542765195995
1,All Population,1,Deaths,164,Nepal,3,Both,22,All ages,648,Other chromosomal abnormalities,1,Number,2003,37.23337482024998,74.13210377677402,15.34659315121807
1,All Population,1,Deaths,164,Nepal,3,Both,22,All ages,649,Congenital musculoskeletal and limb anomalies,1,Number,2003,32.10290992379559,68.23651679084807,12.638240077245268
1,All Population,1,Deaths,164,Nepal,3,Both,22,All ages,650,Urogenital congenital anomalies,1,Number,2003,41.25325960356367,111.91187587359222,12.910032199098898
1,All Population,1,Deaths,164,Nepal,3,Both,22,All ages,651,Digestive congenital anomalies,1,Number,2003,242.8051220162288,535.8673476699685,93.40379400297472
1,All Population,1,Deaths,164,Nepal,3,Both,22,All ages,652,Other congenital birth defects,1,Number,2003,3.2549439381436502,11.440012285192008,0.6888851098987581
1,All Population,1,Deaths,164,Nepal,3,Both,22,All ages,656,Cellulitis,1,Number,2003,0.2508362092135829,0.7918747968381744,0.03347557331501254
1,All Population,1,Deaths,164,Nepal,3,Both,22,All ages,657,Pyoderma,1,Number,2003,0.5777696942090619,1.3837610838954353,0.11703949650010054
1,All Population,1,Deaths,164,Nepal,3,Both,22,All ages,665,Decubitus ulcer,1,Number,2003,1.5013614078078492,2.456780151883458,0.8831496335485616
1,All Population,1,Deaths,164,Nepal,3,Both,22,All ages,668,Other skin and subcutaneous diseases,1,Number,2003,1.535864212818919,2.6482045294971353,0.6587442916259857
1,All Population,1,Deaths,164,Nepal,3,Both,22,All ages,686,Sudden infant death syndrome,1,Number,2003,429.5680670166876,671.9286020787509,240.04484506190573
1,All Population,1,Deaths,164,Nepal,3,Both,22,All ages,690,Pedestrian road injuries,1,Number,2003,735.5516449788752,1042.5061986417315,467.3721711450263
1,All Population,1,Deaths,164,Nepal,3,Both,22,All ages,691,Cyclist road injuries,1,Number,2003,73.90371830429949,142.98507035677903,32.94602744590679
1,All Population,1,Deaths,164,Nepal,3,Both,22,All ages,692,Motorcyclist road injuries,1,Number,2003,330.01998942385853,627.9535787916118,172.58697476029303
1,All Population,1,Deaths,164,Nepal,3,Both,22,All ages,300,HIV/AIDS resulting in other diseases,1,Number,2004,665.1341816962187,1307.5271571405176,263.843075944711
1,All Population,1,Deaths,164,Nepal,3,Both,22,All ages,468,Testicular cancer,1,Number,2004,14.128834245136945,28.364990699784062,7.231635623959564
1,All Population,1,Deaths,164,Nepal,3,Both,22,All ages,471,Kidney cancer,1,Number,2004,75.0883187404297,123.69357550309732,43.80759299349893
1,All Population,1,Deaths,164,Nepal,3,Both,22,All ages,474,Bladder cancer,1,Number,2004,126.59470104950378,202.65755954086427,75.94748914804039
1,All Population,1,Deaths,164,Nepal,3,Both,22,All ages,477,Brain and central nervous system cancer,1,Number,2004,251.1527029656163,337.74641231057615,174.83010642619672
1,All Population,1,Deaths,164,Nepal,3,Both,22,All ages,480,Thyroid cancer,1,Number,2004,73.58490155915227,100.8655524726889,53.854430292123844
1,All Population,1,Deaths,164,Nepal,3,Both,22,All ages,693,Motor vehicle road injuries,1,Number,2003,554.2408787347233,828.8690796547087,303.24011606284375
1,All Population,1,Deaths,164,Nepal,3,Both,22,All ages,694,Other road injuries,1,Number,2003,10.39747521041333,26.83280292712795,2.946725115070695
1,All Population,1,Deaths,164,Nepal,3,Both,22,All ages,695,Other transport injuries,1,Number,2003,231.04576973033411,331.67393127627753,165.2040665135368
1,All Population,1,Deaths,164,Nepal,3,Both,22,All ages,995,Maternal abortion and miscarriage,1,Number,2003,138.8350113578815,236.83063227171397,77.34976642920623
1,All Population,1,Deaths,164,Nepal,3,Both,22,All ages,996,Liver cancer due to NASH,1,Number,2003,18.774250414815285,31.626258840078673,10.827084953482567
1,All Population,1,Deaths,164,Nepal,3,Both,22,All ages,997,Chronic kidney disease due to diabetes mellitus type 1,1,Number,2003,125.92150649937727,192.20470372688538,84.5564026837887
1,All Population,1,Deaths,164,Nepal,3,Both,22,All ages,998,Chronic kidney disease due to diabetes mellitus type 2,1,Number,2003,406.490565210478,588.7492327282521,280.64251195826404
1,All Population,1,Deaths,164,Nepal,3,Both,22,All ages,1004,Pulmonary Arterial Hypertension,1,Number,2003,82.15105103025844,136.61529751622675,44.67675413938388
1,All Population,1,Deaths,164,Nepal,3,Both,22,All ages,1005,Hepatoblastoma,1,Number,2003,2.8258025526413704,4.774213087799722,1.7268831578592385
1,All Population,1,Deaths,164,Nepal,3,Both,22,All ages,1006,Burkitt lymphoma,1,Number,2003,6.8619027073592695,12.05864361766711,3.2846191091632955
1,All Population,1,Deaths,164,Nepal,3,Both,22,All ages,1007,Other non-Hodgkin lymphoma,1,Number,2003,279.542327757021,370.9507284646114,205.93741799315453
1,All Population,1,Deaths,164,Nepal,3,Both,22,All ages,1009,Retinoblastoma,1,Number,2003,14.559141615703883,39.21303623323945,3.7194111352186896
1,All Population,1,Deaths,164,Nepal,3,Both,22,All ages,1010,Other eye cancers,1,Number,2003,5.034183291703643,10.864280377685018,2.491766269950778
1,All Population,1,Deaths,164,Nepal,3,Both,22,All ages,1011,Soft tissue and other extraosseous sarcomas,1,Number,2003,88.98236536220014,156.5662772728068,52.20233733476086
1,All Population,1,Deaths,164,Nepal,3,Both,22,All ages,1012,Malignant neoplasm of bone and articular cartilage,1,Number,2003,137.08510701959668,224.93667833264357,81.43697094575917
1,All Population,1,Deaths,164,Nepal,3,Both,22,All ages,1013,Neuroblastoma and other peripheral nervous cell tumors,1,Number,2003,7.011482071382736,9.788885288354953,4.55999018111646
1,All Population,1,Deaths,164,Nepal,3,Both,22,All ages,1024,Ulcerative colitis,1,Number,2003,66.27863693297523,114.73273746610656,37.167609643059656
1,All Population,1,Deaths,164,Nepal,3,Both,22,All ages,1025,Crohn's disease,1,Number,2003,11.08085165173264,24.49407792090328,3.735418215465626
1,All Population,1,Deaths,164,Nepal,3,Both,22,All ages,1026,Total burden related to hepatitis B,1,Number,2003,2057.209633296535,3026.977430417031,1232.5814705479595
1,All Population,1,Deaths,164,Nepal,3,Both,22,All ages,1027,Total burden related to hepatitis C,1,Number,2003,609.7043779316898,900.0647091122881,355.82961836688605
1,All Population,1,Deaths,164,Nepal,3,Both,22,All ages,1028,Total burden related to Non-alcoholic fatty liver disease (NAFLD),1,Number,2003,95.60720676424944,146.89981285861953,54.6111395169178
1,All Population,1,Deaths,164,Nepal,3,Both,22,All ages,1029,Total cancers,1,Number,2003,9225.70027145626,10387.656015706167,8261.075243332101
1,All Population,1,Deaths,164,Nepal,3,Both,22,All ages,1032,Thyroid diseases,1,Number,2003,12.915384307000664,23.64356562188845,6.037239832130595
1,All Population,1,Deaths,164,Nepal,3,Both,22,All ages,1048,COVID-19,1,Number,2003,0.0,0.0,0.0
1,All Population,1,Deaths,164,Nepal,3,Both,22,All ages,483,Mesothelioma,1,Number,2004,9.50105540529399,12.954408772311947,6.0882333733271965
1,All Population,1,Deaths,164,Nepal,3,Both,22,All ages,484,Hodgkin lymphoma,1,Number,2004,95.40359298897671,160.4288900975773,60.08345465041885
1,All Population,1,Deaths,164,Nepal,3,Both,22,All ages,486,Multiple myeloma,1,Number,2004,86.89975502064374,129.65305601499378,52.20819466608603
1,All Population,1,Deaths,164,Nepal,3,Both,22,All ages,489,Other malignant neoplasms,1,Number,2004,426.89461897049335,651.63334891946,271.6289123336153
1,All Population,1,Deaths,164,Nepal,3,Both,22,All ages,492,Rheumatic heart disease,1,Number,2004,3734.1400872080867,5950.810113507717,2229.180701069799
1,All Population,1,Deaths,164,Nepal,3,Both,22,All ages,493,Ischemic heart disease,1,Number,2004,14781.913285309638,19252.516309702412,10911.355310888544
1,All Population,1,Deaths,164,Nepal,3,Both,22,All ages,495,Ischemic stroke,1,Number,2004,4904.888409385441,7205.228788372901,3022.697164889423
1,All Population,1,Deaths,164,Nepal,3,Both,22,All ages,496,Intracerebral hemorrhage,1,Number,2004,6203.016376542849,9015.792891144261,4032.5061299617714
1,All Population,1,Deaths,164,Nepal,3,Both,22,All ages,497,Subarachnoid hemorrhage,1,Number,2004,505.05941907957083,1097.7963048592628,208.9202183839014
1,All Population,1,Deaths,164,Nepal,3,Both,22,All ages,498,Hypertensive heart disease,1,Number,2004,2097.211655188162,3260.7999873130775,1250.1112669731656
1,All Population,1,Deaths,164,Nepal,3,Both,22,All ages,500,Atrial fibrillation and flutter,1,Number,2004,228.12744697677036,331.9117493710363,154.4288567613451
1,All Population,1,Deaths,164,Nepal,3,Both,22,All ages,501,Aortic aneurysm,1,Number,2004,82.34199987026297,167.72890242011374,44.87275057487948
1,All Population,1,Deaths,164,Nepal,3,Both,22,All ages,502,Lower extremity peripheral arterial disease,1,Number,2004,24.78754657726157,40.111310108606915,14.415432914370818
1,All Population,1,Deaths,164,Nepal,3,Both,22,All ages,503,Endocarditis,1,Number,2004,108.13903953364478,220.71279523077243,55.093799065982296
1,All Population,1,Deaths,164,Nepal,3,Both,22,All ages,300,HIV/AIDS resulting in other diseases,1,Number,2005,836.1937142168624,1544.6041208146003,341.9401526717643
1,All Population,1,Deaths,164,Nepal,3,Both,22,All ages,468,Testicular cancer,1,Number,2005,14.549221060013384,27.314010288790644,7.3019250484569325
1,All Population,1,Deaths,164,Nepal,3,Both,22,All ages,471,Kidney cancer,1,Number,2005,78.52311885117531,126.46518253786245,45.08125305385209
1,All Population,1,Deaths,164,Nepal,3,Both,22,All ages,474,Bladder cancer,1,Number,2005,125.83248029786655,202.63893685501452,75.01212604441882
1,All Population,1,Deaths,164,Nepal,3,Both,22,All ages,477,Brain and central nervous system cancer,1,Number,2005,265.8929007482172,351.85666162635005,180.69643197854606
1,All Population,1,Deaths,164,Nepal,3,Both,22,All ages,480,Thyroid cancer,1,Number,2005,74.86382017302265,103.34187182633578,54.44943744000641
1,All Population,1,Deaths,164,Nepal,3,Both,22,All ages,302,Diarrheal diseases,1,Number,2002,10175.992051838097,13868.672523948622,7059.634042063978
1,All Population,1,Deaths,164,Nepal,3,Both,22,All ages,319,Typhoid fever,1,Number,2002,2544.398697654277,4298.528718791588,1253.4888483754887
1,All Population,1,Deaths,164,Nepal,3,Both,22,All ages,320,Paratyphoid fever,1,Number,2002,519.7545999780314,1001.2662212979072,234.7621281265208
1,All Population,1,Deaths,164,Nepal,3,Both,22,All ages,321,Other intestinal infectious diseases,1,Number,2002,2.778641655507913,4.876718995228982,1.523799301679891
1,All Population,1,Deaths,164,Nepal,3,Both,22,All ages,322,Lower respiratory infections,1,Number,2002,15608.414768335482,19295.480891637544,12692.232549397351
1,All Population,1,Deaths,164,Nepal,3,Both,22,All ages,328,Upper respiratory infections,1,Number,2002,80.09768891531506,190.6844875421968,2.8308385943366323
1,All Population,1,Deaths,164,Nepal,3,Both,22,All ages,329,Otitis media,1,Number,2002,5.3218277961933325,15.750190470554196,0.9775058259259224
1,All Population,1,Deaths,164,Nepal,3,Both,22,All ages,643,Congenital heart anomalies,1,Number,2004,1400.100738927643,1928.5920986470187,902.8558557740893
1,All Population,1,Deaths,164,Nepal,3,Both,22,All ages,644,Orofacial clefts,1,Number,2004,54.4275664601031,184.3537657120172,5.381467849786831
1,All Population,1,Deaths,164,Nepal,3,Both,22,All ages,645,Down syndrome,1,Number,2004,38.57258513889102,79.79326782189456,15.762314899063957
1,All Population,1,Deaths,164,Nepal,3,Both,22,All ages,648,Other chromosomal abnormalities,1,Number,2004,36.33480030719101,68.50035353996795,14.190523682371547
1,All Population,1,Deaths,164,Nepal,3,Both,22,All ages,649,Congenital musculoskeletal and limb anomalies,1,Number,2004,31.763426149098198,66.09185184254234,12.830190108616621
1,All Population,1,Deaths,164,Nepal,3,Both,22,All ages,650,Urogenital congenital anomalies,1,Number,2004,40.82086422551631,105.10232464838728,12.765888635417209
1,All Population,1,Deaths,164,Nepal,3,Both,22,All ages,651,Digestive congenital anomalies,1,Number,2004,238.87728658916842,517.167571519829,92.22033771414534
1,All Population,1,Deaths,164,Nepal,3,Both,22,All ages,652,Other congenital birth defects,1,Number,2004,3.231422578714696,11.16495942892987,0.6573787659354999
1,All Population,1,Deaths,164,Nepal,3,Both,22,All ages,656,Cellulitis,1,Number,2004,0.26281399045120263,0.8187630787052519,0.04189702217833352
1,All Population,1,Deaths,164,Nepal,3,Both,22,All ages,657,Pyoderma,1,Number,2004,0.5951961795780835,1.3006106305057223,0.12942472338469482
1,All Population,1,Deaths,164,Nepal,3,Both,22,All ages,665,Decubitus ulcer,1,Number,2004,1.5373056567293573,2.478108070283451,0.8956476496775377
1,All Population,1,Deaths,164,Nepal,3,Both,22,All ages,668,Other skin and subcutaneous diseases,1,Number,2004,1.531031154231029,2.635279515683511,0.667352710928634
1,All Population,1,Deaths,164,Nepal,3,Both,22,All ages,686,Sudden infant death syndrome,1,Number,2004,407.70225682879664,656.3216671963194,230.07985044336166
1,All Population,1,Deaths,164,Nepal,3,Both,22,All ages,690,Pedestrian road injuries,1,Number,2004,733.8390424585965,1035.9756642671225,483.83783427159443
1,All Population,1,Deaths,164,Nepal,3,Both,22,All ages,691,Cyclist road injuries,1,Number,2004,75.81943908935196,147.31576658386538,34.525324198200174
1,All Population,1,Deaths,164,Nepal,3,Both,22,All ages,692,Motorcyclist road injuries,1,Number,2004,344.01948308039516,635.6573632339889,180.43843094782986
1,All Population,1,Deaths,164,Nepal,3,Both,22,All ages,483,Mesothelioma,1,Number,2005,9.680466134668583,13.419695592221377,6.207092511087777
1,All Population,1,Deaths,164,Nepal,3,Both,22,All ages,484,Hodgkin lymphoma,1,Number,2005,96.98076460346392,162.90106071742252,59.51633223470488
1,All Population,1,Deaths,164,Nepal,3,Both,22,All ages,486,Multiple myeloma,1,Number,2005,88.54746020416401,128.7389908465783,52.957882735176334
1,All Population,1,Deaths,164,Nepal,3,Both,22,All ages,489,Other malignant neoplasms,1,Number,2005,443.0209585660634,665.967357380455,287.40629421984437
1,All Population,1,Deaths,164,Nepal,3,Both,22,All ages,492,Rheumatic heart disease,1,Number,2005,3765.1719378750363,5959.025891063551,2216.890959736624
1,All Population,1,Deaths,164,Nepal,3,Both,22,All ages,493,Ischemic heart disease,1,Number,2005,14956.358518581163,19432.977418257273,10900.182873782207
1,All Population,1,Deaths,164,Nepal,3,Both,22,All ages,495,Ischemic stroke,1,Number,2005,5043.9757717414395,7375.179457411827,3169.695977311595
1,All Population,1,Deaths,164,Nepal,3,Both,22,All ages,496,Intracerebral hemorrhage,1,Number,2005,6270.462548811283,9125.001867802253,4184.186486741998
1,All Population,1,Deaths,164,Nepal,3,Both,22,All ages,497,Subarachnoid hemorrhage,1,Number,2005,514.1922244522328,1106.034557807016,221.9214292276808
1,All Population,1,Deaths,164,Nepal,3,Both,22,All ages,498,Hypertensive heart disease,1,Number,2005,2129.6234158599614,3370.0022572308103,1283.5687622388898
1,All Population,1,Deaths,164,Nepal,3,Both,22,All ages,500,Atrial fibrillation and flutter,1,Number,2005,238.04043624278606,345.3340487201143,160.74946529729792
1,All Population,1,Deaths,164,Nepal,3,Both,22,All ages,501,Aortic aneurysm,1,Number,2005,85.76040950048336,172.30774078260134,46.80314209010739
1,All Population,1,Deaths,164,Nepal,3,Both,22,All ages,502,Lower extremity peripheral arterial disease,1,Number,2005,25.89217422714888,41.660706152065124,15.332112334116676
1,All Population,1,Deaths,164,Nepal,3,Both,22,All ages,503,Endocarditis,1,Number,2005,110.04141782476164,229.45764183946295,57.00648365268769
1,All Population,1,Deaths,164,Nepal,3,Both,22,All ages,693,Motor vehicle road injuries,1,Number,2004,557.7054874234877,832.1504211226027,309.99455974332017
1,All Population,1,Deaths,164,Nepal,3,Both,22,All ages,694,Other road injuries,1,Number,2004,10.427811925990838,26.691606191427976,2.924226363845436
1,All Population,1,Deaths,164,Nepal,3,Both,22,All ages,695,Other transport injuries,1,Number,2004,225.5629552131877,320.49676604644617,161.38328074297144
1,All Population,1,Deaths,164,Nepal,3,Both,22,All ages,995,Maternal abortion and miscarriage,1,Number,2004,120.67823200454865,207.30499781319622,66.214608435602
1,All Population,1,Deaths,164,Nepal,3,Both,22,All ages,996,Liver cancer due to NASH,1,Number,2004,19.177156014294617,33.292049395805854,10.983537647331662
1,All Population,1,Deaths,164,Nepal,3,Both,22,All ages,997,Chronic kidney disease due to diabetes mellitus type 1,1,Number,2004,126.11784916425263,191.7649224791058,83.81563106498436
1,All Population,1,Deaths,164,Nepal,3,Both,22,All ages,998,Chronic kidney disease due to diabetes mellitus type 2,1,Number,2004,406.8734878768282,565.5667308943355,282.30479546487044
1,All Population,1,Deaths,164,Nepal,3,Both,22,All ages,1004,Pulmonary Arterial Hypertension,1,Number,2004,81.20626285432708,133.7940359626503,43.897199230980185
1,All Population,1,Deaths,164,Nepal,3,Both,22,All ages,1005,Hepatoblastoma,1,Number,2004,2.7207458841784637,4.614429741638297,1.614549248640438
1,All Population,1,Deaths,164,Nepal,3,Both,22,All ages,1006,Burkitt lymphoma,1,Number,2004,6.858505591240875,11.903696217673335,3.239146955588766
1,All Population,1,Deaths,164,Nepal,3,Both,22,All ages,1007,Other non-Hodgkin lymphoma,1,Number,2004,283.54231483128325,369.7860316295597,210.29409021056549
1,All Population,1,Deaths,164,Nepal,3,Both,22,All ages,1009,Retinoblastoma,1,Number,2004,13.991117519540508,39.523435825086985,3.627719428806622
1,All Population,1,Deaths,164,Nepal,3,Both,22,All ages,1010,Other eye cancers,1,Number,2004,5.125285597168392,10.943683955662484,2.5663853617178707
1,All Population,1,Deaths,164,Nepal,3,Both,22,All ages,1011,Soft tissue and other extraosseous sarcomas,1,Number,2004,89.51068487868129,159.9448641644896,52.02327233215015
1,All Population,1,Deaths,164,Nepal,3,Both,22,All ages,1012,Malignant neoplasm of bone and articular cartilage,1,Number,2004,140.52660084454936,233.03971849817606,82.91161176821724
1,All Population,1,Deaths,164,Nepal,3,Both,22,All ages,1013,Neuroblastoma and other peripheral nervous cell tumors,1,Number,2004,7.088666975388292,9.970187068278827,4.703653106036196
1,All Population,1,Deaths,164,Nepal,3,Both,22,All ages,643,Congenital heart anomalies,1,Number,2005,1417.755219061695,1953.7633723542363,916.1265361220172
1,All Population,1,Deaths,164,Nepal,3,Both,22,All ages,644,Orofacial clefts,1,Number,2005,49.38134863369508,164.41763755109744,4.712026554448743
1,All Population,1,Deaths,164,Nepal,3,Both,22,All ages,645,Down syndrome,1,Number,2005,40.57819314202303,79.2638444288675,16.23155450971691
1,All Population,1,Deaths,164,Nepal,3,Both,22,All ages,648,Other chromosomal abnormalities,1,Number,2005,36.38402548067792,66.33242241697737,14.330110902834685
1,All Population,1,Deaths,164,Nepal,3,Both,22,All ages,649,Congenital musculoskeletal and limb anomalies,1,Number,2005,32.536925048818034,64.86885160680806,12.96407367870884
1,All Population,1,Deaths,164,Nepal,3,Both,22,All ages,650,Urogenital congenital anomalies,1,Number,2005,41.12580490101053,105.02199665194479,12.937469478776485
1,All Population,1,Deaths,164,Nepal,3,Both,22,All ages,651,Digestive congenital anomalies,1,Number,2005,241.3988590492338,524.2144266339137,91.86985323844353
1,All Population,1,Deaths,164,Nepal,3,Both,22,All ages,652,Other congenital birth defects,1,Number,2005,3.2227467317787895,11.129405855171456,0.6700802453916873
1,All Population,1,Deaths,164,Nepal,3,Both,22,All ages,656,Cellulitis,1,Number,2005,0.2851076940096848,0.8796614417286387,0.047888396128390666
1,All Population,1,Deaths,164,Nepal,3,Both,22,All ages,657,Pyoderma,1,Number,2005,0.6442723073332735,1.3320117707156498,0.1578928454592247
1,All Population,1,Deaths,164,Nepal,3,Both,22,All ages,665,Decubitus ulcer,1,Number,2005,1.5689327718126143,2.5407838791562596,0.9229547198418135
1,All Population,1,Deaths,164,Nepal,3,Both,22,All ages,668,Other skin and subcutaneous diseases,1,Number,2005,1.5700592547898833,2.755825447331328,0.707368487185554
1,All Population,1,Deaths,164,Nepal,3,Both,22,All ages,686,Sudden infant death syndrome,1,Number,2005,389.9936736038245,645.7094885327967,220.6214989265204
1,All Population,1,Deaths,164,Nepal,3,Both,22,All ages,690,Pedestrian road injuries,1,Number,2005,756.0261167158549,1093.9847888974527,500.5557800216481
1,All Population,1,Deaths,164,Nepal,3,Both,22,All ages,691,Cyclist road injuries,1,Number,2005,79.15656971151432,152.44015130005926,36.224913526478204
1,All Population,1,Deaths,164,Nepal,3,Both,22,All ages,692,Motorcyclist road injuries,1,Number,2005,363.4801471489637,648.0649988988118,199.65918618776237
1,All Population,1,Deaths,164,Nepal,3,Both,22,All ages,332,Meningitis,1,Number,2002,1139.53706206949,1608.1352608478728,804.9436702063015
1,All Population,1,Deaths,164,Nepal,3,Both,22,All ages,337,Encephalitis,1,Number,2002,655.4293387935215,1348.6740026870416,154.0398555414373
1,All Population,1,Deaths,164,Nepal,3,Both,22,All ages,338,Diphtheria,1,Number,2002,21.049056256150134,34.781369572422264,11.294093193985733
1,All Population,1,Deaths,164,Nepal,3,Both,22,All ages,339,Pertussis,1,Number,2002,953.635809249331,2923.7468125471505,98.60255620991636
1,All Population,1,Deaths,164,Nepal,3,Both,22,All ages,340,Tetanus,1,Number,2002,1333.3284710027208,2273.831152525997,697.9260623994671
1,All Population,1,Deaths,164,Nepal,3,Both,22,All ages,341,Measles,1,Number,2002,6776.962273348563,10982.365469192775,3286.990120520661
1,All Population,1,Deaths,164,Nepal,3,Both,22,All ages,342,Varicella and herpes zoster,1,Number,2002,77.88449267487495,103.18540359585452,56.000321508940296
1,All Population,1,Deaths,164,Nepal,3,Both,22,All ages,345,Malaria,1,Number,2002,178.66297788939033,313.98239889851266,97.73845222491416
1,All Population,1,Deaths,164,Nepal,3,Both,22,All ages,346,Chagas disease,1,Number,2002,0.0,0.0,0.0
1,All Population,1,Deaths,164,Nepal,3,Both,22,All ages,348,Visceral leishmaniasis,1,Number,2002,269.0867799452409,883.5904780564093,0.07048192056240439
1,All Population,1,Deaths,164,Nepal,3,Both,22,All ages,350,African trypanosomiasis,1,Number,2002,0.0,0.0,0.0
1,All Population,1,Deaths,164,Nepal,3,Both,22,All ages,351,Schistosomiasis,1,Number,2002,0.0,0.0,0.0
1,All Population,1,Deaths,164,Nepal,3,Both,22,All ages,352,Cysticercosis,1,Number,2002,2.879922937688548,4.198438961103439,1.7989782467456648
1,All Population,1,Deaths,164,Nepal,3,Both,22,All ages,507,Other cardiovascular and circulatory diseases,1,Number,2002,337.55513906733864,502.1753050269828,207.0860462952764
1,All Population,1,Deaths,164,Nepal,3,Both,22,All ages,509,Chronic obstructive pulmonary disease,1,Number,2002,12963.58479223504,16223.511132016158,9890.690878534473
1,All Population,1,Deaths,164,Nepal,3,Both,22,All ages,693,Motor vehicle road injuries,1,Number,2005,571.2727760064491,861.927645691185,317.06120105789
1,All Population,1,Deaths,164,Nepal,3,Both,22,All ages,694,Other road injuries,1,Number,2005,10.840186552604294,27.96024780250449,3.1534203216224306
1,All Population,1,Deaths,164,Nepal,3,Both,22,All ages,695,Other transport injuries,1,Number,2005,383.5915999143119,486.8598861816255,308.0673263712867
1,All Population,1,Deaths,164,Nepal,3,Both,22,All ages,995,Maternal abortion and miscarriage,1,Number,2005,112.97771460374705,192.20518611859035,62.08063541799066
1,All Population,1,Deaths,164,Nepal,3,Both,22,All ages,996,Liver cancer due to NASH,1,Number,2005,19.62281647294703,32.322139716943866,11.189967018437722
1,All Population,1,Deaths,164,Nepal,3,Both,22,All ages,997,Chronic kidney disease due to diabetes mellitus type 1,1,Number,2005,126.09927110126982,192.58000838781118,84.42765818846094
1,All Population,1,Deaths,164,Nepal,3,Both,22,All ages,998,Chronic kidney disease due to diabetes mellitus type 2,1,Number,2005,405.82738229030946,566.7367659612822,271.73188707228417
1,All Population,1,Deaths,164,Nepal,3,Both,22,All ages,1004,Pulmonary Arterial Hypertension,1,Number,2005,81.6029065842163,132.88858191941034,42.13488550381377
1,All Population,1,Deaths,164,Nepal,3,Both,22,All ages,1005,Hepatoblastoma,1,Number,2005,3.043954835475471,5.0418677504148866,1.781009976472914
1,All Population,1,Deaths,164,Nepal,3,Both,22,All ages,1006,Burkitt lymphoma,1,Number,2005,7.35376714661589,12.579901036510797,3.5386252888150542
1,All Population,1,Deaths,164,Nepal,3,Both,22,All ages,1007,Other non-Hodgkin lymphoma,1,Number,2005,293.3022542025408,390.87888382718495,219.93297653594138
1,All Population,1,Deaths,164,Nepal,3,Both,22,All ages,1009,Retinoblastoma,1,Number,2005,15.719348749805164,40.438871155448716,4.274166915855164
1,All Population,1,Deaths,164,Nepal,3,Both,22,All ages,1010,Other eye cancers,1,Number,2005,5.206923676662125,11.07862887071209,2.560680800896405
1,All Population,1,Deaths,164,Nepal,3,Both,22,All ages,1011,Soft tissue and other extraosseous sarcomas,1,Number,2005,92.45952107277127,167.12249350501457,54.35580737939255
1,All Population,1,Deaths,164,Nepal,3,Both,22,All ages,1012,Malignant neoplasm of bone and articular cartilage,1,Number,2005,147.89954980620362,238.96270774495892,87.26695191901966
1,All Population,1,Deaths,164,Nepal,3,Both,22,All ages,1013,Neuroblastoma and other peripheral nervous cell tumors,1,Number,2005,7.870383061693165,11.343955108949013,5.213287643315973
1,All Population,1,Deaths,164,Nepal,3,Both,22,All ages,1024,Ulcerative colitis,1,Number,2005,65.60907276590198,109.13630547892798,35.81332495766
1,All Population,1,Deaths,164,Nepal,3,Both,22,All ages,1025,Crohn's disease,1,Number,2005,11.311811786958977,26.358650812469644,4.190777325847133
1,All Population,1,Deaths,164,Nepal,3,Both,22,All ages,1026,Total burden related to hepatitis B,1,Number,2005,2053.6049682918515,3001.932944480886,1197.6122301634502
1,All Population,1,Deaths,164,Nepal,3,Both,22,All ages,1027,Total burden related to hepatitis C,1,Number,2005,623.9189652177743,935.7354288143936,369.0290248532228
1,All Population,1,Deaths,164,Nepal,3,Both,22,All ages,1028,Total burden related to Non-alcoholic fatty liver disease (NAFLD),1,Number,2005,101.88423737975481,155.8911370253459,58.35653648909197
1,All Population,1,Deaths,164,Nepal,3,Both,22,All ages,1029,Total cancers,1,Number,2005,9477.02099318835,10657.8749513774,8388.28996724187
1,All Population,1,Deaths,164,Nepal,3,Both,22,All ages,1032,Thyroid diseases,1,Number,2005,12.063857495441537,21.153607329982556,6.157049525551606
1,All Population,1,Deaths,164,Nepal,3,Both,22,All ages,1048,COVID-19,1,Number,2005,0.0,0.0,0.0
1,All Population,1,Deaths,164,Nepal,3,Both,22,All ages,511,Silicosis,1,Number,2002,5.435437039121162,15.608359767718666,1.224444344389408
1,All Population,1,Deaths,164,Nepal,3,Both,22,All ages,512,Asbestosis,1,Number,2002,1.0154417270430962,3.7066904866624784,0.21448082914515598
1,All Population,1,Deaths,164,Nepal,3,Both,22,All ages,513,Coal workers pneumoconiosis,1,Number,2002,1.62104325826277,5.109522489430881,0.20588024794585988
1,All Population,1,Deaths,164,Nepal,3,Both,22,All ages,514,Other pneumoconiosis,1,Number,2002,2.7972232355283966,6.884964162099157,0.6683615702239093
1,All Population,1,Deaths,164,Nepal,3,Both,22,All ages,515,Asthma,1,Number,2002,2741.733706022793,5125.350616142113,1403.4583923037555
1,All Population,1,Deaths,164,Nepal,3,Both,22,All ages,516,Interstitial lung disease and pulmonary sarcoidosis,1,Number,2002,292.1912843135327,894.8181946308775,135.41727570779247
1,All Population,1,Deaths,164,Nepal,3,Both,22,All ages,520,Other chronic respiratory diseases,1,Number,2002,292.88246290611266,491.4786442322013,153.19562713551542
1,All Population,1,Deaths,164,Nepal,3,Both,22,All ages,522,Chronic hepatitis B including cirrhosis,1,Number,2002,1925.4394933336578,2956.1208289008714,1144.344859339888
1,All Population,1,Deaths,164,Nepal,3,Both,22,All ages,523,Chronic hepatitis C including cirrhosis,1,Number,2002,519.7867009707353,781.2870956052044,284.68428001744076
1,All Population,1,Deaths,164,Nepal,3,Both,22,All ages,524,Cirrhosis due to alcohol,1,Number,2002,1520.715828766093,2344.4493181237212,877.4593965084808
1,All Population,1,Deaths,164,Nepal,3,Both,22,All ages,525,Cirrhosis due to other causes,1,Number,2002,669.907121888048,1028.3733563562273,402.0972163264016
1,All Population,1,Deaths,164,Nepal,3,Both,22,All ages,527,Peptic ulcer disease,1,Number,2002,2622.6722338809527,4156.353477294421,1646.3081545297775
1,All Population,1,Deaths,164,Nepal,3,Both,22,All ages,528,Gastritis and duodenitis,1,Number,2002,206.91591582112088,403.3626620848761,72.1555547034715
1,All Population,1,Deaths,164,Nepal,3,Both,22,All ages,529,Appendicitis,1,Number,2002,354.46976959080524,743.4778241334765,107.14566262960831
1,All Population,1,Deaths,164,Nepal,3,Both,22,All ages,530,Paralytic ileus and intestinal obstruction,1,Number,2002,985.5414081806647,1535.5325645145567,572.2429288515414
1,All Population,1,Deaths,164,Nepal,3,Both,22,All ages,531,"Inguinal, femoral, and abdominal hernia",1,Number,2002,273.1769471695437,532.3408607654541,129.0616281980182
1,All Population,1,Deaths,164,Nepal,3,Both,22,All ages,697,Falls,1,Number,2002,2043.2089177514758,2845.8780535247665,1402.1670150306384
1,All Population,1,Deaths,164,Nepal,3,Both,22,All ages,698,Drowning,1,Number,2002,2097.72947034777,2910.9863407281514,1394.8791422379943
1,All Population,1,Deaths,164,Nepal,3,Both,22,All ages,699,"Fire, heat, and hot substances",1,Number,2002,431.3524996222042,675.1672404031534,278.389165042166
1,All Population,1,Deaths,164,Nepal,3,Both,22,All ages,701,Poisoning by carbon monoxide,1,Number,2002,271.63784343333555,526.9757718748275,101.23827335523708
1,All Population,1,Deaths,164,Nepal,3,Both,22,All ages,703,Poisoning by other means,1,Number,2002,841.8579834330386,1382.388459677856,413.7991939414046
1,All Population,1,Deaths,164,Nepal,3,Both,22,All ages,705,Unintentional firearm injuries,1,Number,2002,8.208255543303645,25.076247187821973,1.1175268966189325
1,All Population,1,Deaths,164,Nepal,3,Both,22,All ages,707,Other exposure to mechanical forces,1,Number,2002,328.16148775183547,600.0037678005071,150.456184741729
1,All Population,1,Deaths,164,Nepal,3,Both,22,All ages,708,Adverse effects of medical treatment,1,Number,2002,766.3014171671932,1038.3465267392162,532.114752751671
1,All Population,1,Deaths,164,Nepal,3,Both,22,All ages,710,Venomous animal contact,1,Number,2002,629.0772553792674,1082.4007908746273,350.5950338133302
1,All Population,1,Deaths,164,Nepal,3,Both,22,All ages,711,Non-venomous animal contact,1,Number,2002,18.526002975037798,57.02769892453271,2.3028144539867217
1,All Population,1,Deaths,164,Nepal,3,Both,22,All ages,713,Pulmonary aspiration and foreign body in airway,1,Number,2002,42.044495710650956,82.53580650298522,8.350385717091095
1,All Population,1,Deaths,164,Nepal,3,Both,22,All ages,715,Foreign body in other body part,1,Number,2002,2.8915360850485983,7.235860603670889,0.4191704027425208
1,All Population,1,Deaths,164,Nepal,3,Both,22,All ages,716,Other unintentional injuries,1,Number,2002,113.32079497701234,244.9072310351792,50.37131299629545
1,All Population,1,Deaths,164,Nepal,3,Both,22,All ages,353,Cystic echinococcosis,1,Number,2002,36.211666256619374,45.99714869609337,27.251815871026714
1,All Population,1,Deaths,164,Nepal,3,Both,22,All ages,357,Dengue,1,Number,2002,264.0727728710204,665.0180875036243,70.96341223583256
1,All Population,1,Deaths,164,Nepal,3,Both,22,All ages,358,Yellow fever,1,Number,2002,0.0,0.0,0.0
1,All Population,1,Deaths,164,Nepal,3,Both,22,All ages,359,Rabies,1,Number,2002,645.6091781798639,1522.3457962623647,197.6166885144143
1,All Population,1,Deaths,164,Nepal,3,Both,22,All ages,361,Ascariasis,1,Number,2002,7.157502300402093,10.523598617281166,4.585630416410655
1,All Population,1,Deaths,164,Nepal,3,Both,22,All ages,365,Other neglected tropical diseases,1,Number,2002,36.721771970477434,66.35293677417174,13.646656722538838
1,All Population,1,Deaths,164,Nepal,3,Both,22,All ages,1024,Ulcerative colitis,1,Number,2004,65.49950938174061,108.78683626831697,36.19477889327517
1,All Population,1,Deaths,164,Nepal,3,Both,22,All ages,1025,Crohn's disease,1,Number,2004,11.11808351211564,25.05130974916806,3.952667940152864
1,All Population,1,Deaths,164,Nepal,3,Both,22,All ages,1026,Total burden related to hepatitis B,1,Number,2004,2048.97762637685,3089.693943996968,1230.0944711272284
1,All Population,1,Deaths,164,Nepal,3,Both,22,All ages,1027,Total burden related to hepatitis C,1,Number,2004,616.1771793566193,911.8532632257828,368.0961815403766
1,All Population,1,Deaths,164,Nepal,3,Both,22,All ages,1028,Total burden related to Non-alcoholic fatty liver disease (NAFLD),1,Number,2004,98.59784199413724,149.0218759831895,56.45049137713037
1,All Population,1,Deaths,164,Nepal,3,Both,22,All ages,1029,Total cancers,1,Number,2004,9326.966162217246,10450.819260345186,8302.078956383242
1,All Population,1,Deaths,164,Nepal,3,Both,22,All ages,1032,Thyroid diseases,1,Number,2004,12.372914192031807,22.477240348136913,6.047693202605911
1,All Population,1,Deaths,164,Nepal,3,Both,22,All ages,1048,COVID-19,1,Number,2004,0.0,0.0,0.0
1,All Population,1,Deaths,164,Nepal,3,Both,22,All ages,402,Acute hepatitis B,1,Number,2002,63.0710050072714,211.93725683795722,7.140142383294338
1,All Population,1,Deaths,164,Nepal,3,Both,22,All ages,403,Acute hepatitis C,1,Number,2002,10.252717092663165,28.518984596149966,0.24649984881717352
1,All Population,1,Deaths,164,Nepal,3,Both,22,All ages,404,Acute hepatitis E,1,Number,2002,8.427444586086066,29.963001771278552,1.0058674382050574
1,All Population,1,Deaths,164,Nepal,3,Both,22,All ages,408,Other unspecified infectious diseases,1,Number,2002,664.3894375726237,1201.0404985828945,335.7917623085818
1,All Population,1,Deaths,164,Nepal,3,Both,22,All ages,411,Esophageal cancer,1,Number,2002,543.3815657252617,735.9398055063582,318.8199731708247
1,All Population,1,Deaths,164,Nepal,3,Both,22,All ages,414,Stomach cancer,1,Number,2002,1047.9730308528938,1550.7380463552668,648.7801285960924
1,All Population,1,Deaths,164,Nepal,3,Both,22,All ages,721,Self-harm by firearm,1,Number,2002,399.23796469021516,909.663170985561,129.4762285469759
1,All Population,1,Deaths,164,Nepal,3,Both,22,All ages,1059,Total Cancers excluding Non-melanoma skin cancer,1,Number,2002,9010.681242682555,10287.632946903479,7964.4410885880225
1,All Population,1,Deaths,164,Nepal,3,Both,22,All ages,1160,Other direct maternal disorders,1,Number,2002,124.9474373408132,215.02065960056422,64.73306419589365
1,All Population,1,Deaths,164,Nepal,3,Both,22,All ages,1161,Other digestive diseases,1,Number,2002,505.27752165072343,831.2752998715044,237.63183766648098
1,All Population,1,Deaths,164,Nepal,3,Both,22,All ages,1163,Self-harm by other specified means,1,Number,2002,2799.2975045187627,3712.6353880573297,2010.6781398949042
1,All Population,1,Deaths,164,Nepal,3,Both,22,All ages,1164,Other benign and in situ neoplasms,1,Number,2002,61.253022691759206,98.81256520887005,29.33952614102258
1,All Population,1,Deaths,164,Nepal,3,Both,22,All ages,418,Liver cancer due to hepatitis B,1,Number,2002,66.57462653369095,114.15187709021009,39.82163110080883
1,All Population,1,Deaths,164,Nepal,3,Both,22,All ages,419,Liver cancer due to hepatitis C,1,Number,2002,69.46035142431857,113.6709615147505,44.81043276976766
1,All Population,1,Deaths,164,Nepal,3,Both,22,All ages,420,Liver cancer due to alcohol use,1,Number,2002,59.8272998817376,103.146743101152,36.34193541610241
1,All Population,1,Deaths,164,Nepal,3,Both,22,All ages,421,Liver cancer due to other causes,1,Number,2002,8.03576266495818,12.70192381329186,4.724520656762185
1,All Population,1,Deaths,164,Nepal,3,Both,22,All ages,423,Larynx cancer,1,Number,2002,287.8050965728982,426.3134721989325,152.85048517321226
1,All Population,1,Deaths,164,Nepal,3,Both,22,All ages,426,"Tracheal, bronchus, and lung cancer",1,Number,2002,877.1301993282892,1201.6761945276708,623.7312995953854
1,All Population,1,Deaths,164,Nepal,3,Both,22,All ages,429,Breast cancer,1,Number,2002,582.3652098616363,867.0093457197188,380.5001506899631
1,All Population,1,Deaths,164,Nepal,3,Both,22,All ages,432,Cervical cancer,1,Number,2002,845.5312952646717,1349.8185141914025,486.2750590791954
1,All Population,1,Deaths,164,Nepal,3,Both,22,All ages,435,Uterine cancer,1,Number,2002,55.590040256921974,100.09834203528675,24.041064776112155
1,All Population,1,Deaths,164,Nepal,3,Both,22,All ages,438,Prostate cancer,1,Number,2002,274.7756820397756,412.6873623877306,180.89521557956374
1,All Population,1,Deaths,164,Nepal,3,Both,22,All ages,441,Colon and rectum cancer,1,Number,2002,424.3245429052968,562.336175363928,298.14360604650386
1,All Population,1,Deaths,164,Nepal,3,Both,22,All ages,444,Lip and oral cavity cancer,1,Number,2002,585.7322390447404,822.730952167309,410.68385534114657
1,All Population,1,Deaths,164,Nepal,3,Both,22,All ages,447,Nasopharynx cancer,1,Number,2002,127.25574541111669,166.91446447050637,89.88908375373396
1,All Population,1,Deaths,164,Nepal,3,Both,22,All ages,450,Other pharynx cancer,1,Number,2002,344.65788598319557,496.25969422611996,232.5002505671429
1,All Population,1,Deaths,164,Nepal,3,Both,22,All ages,453,Gallbladder and biliary tract cancer,1,Number,2002,249.82977228399835,352.1324855654726,173.3072957087867
1,All Population,1,Deaths,164,Nepal,3,Both,22,All ages,456,Pancreatic cancer,1,Number,2002,134.408267979401,193.81572946488745,95.7880754982392
1,All Population,1,Deaths,164,Nepal,3,Both,22,All ages,459,Malignant skin melanoma,1,Number,2002,11.095916391435773,17.644664661837087,7.099472814798879
1,All Population,1,Deaths,164,Nepal,3,Both,22,All ages,465,Ovarian cancer,1,Number,2002,213.01010133663027,370.77307033807995,132.24497172298072
1,All Population,1,Deaths,164,Nepal,3,Both,22,All ages,592,Chronic kidney disease due to glomerulonephritis,1,Number,2002,227.85171231199269,325.934137050953,157.2314523685024
1,All Population,1,Deaths,164,Nepal,3,Both,22,All ages,593,Chronic kidney disease due to other and unspecified causes,1,Number,2002,733.1197330151292,1042.3480958997725,504.527135575845
1,All Population,1,Deaths,164,Nepal,3,Both,22,All ages,595,Urinary tract infections and interstitial nephritis,1,Number,2002,280.26548127359086,375.16698552619533,187.11976186364265
1,All Population,1,Deaths,164,Nepal,3,Both,22,All ages,596,Urolithiasis,1,Number,2002,39.74128454254296,52.721276907360284,29.657459586945585
1,All Population,1,Deaths,164,Nepal,3,Both,22,All ages,602,Other urinary diseases,1,Number,2002,297.21640714741204,421.22423461454184,202.1944586948985
1,All Population,1,Deaths,164,Nepal,3,Both,22,All ages,604,Uterine fibroids,1,Number,2002,6.756244882615032,19.037612855544186,2.3227471774741346
1,All Population,1,Deaths,164,Nepal,3,Both,22,All ages,607,Endometriosis,1,Number,2002,0.049313346649832265,0.28593088723323773,0.001240995208887065
1,All Population,1,Deaths,164,Nepal,3,Both,22,All ages,608,Genital prolapse,1,Number,2002,0.9782356016358529,3.3564543545254617,0.17012761042823984
1,All Population,1,Deaths,164,Nepal,3,Both,22,All ages,612,Other gynecological diseases,1,Number,2002,12.451606816902673,30.23534623678511,3.842211866271773
1,All Population,1,Deaths,164,Nepal,3,Both,22,All ages,614,Thalassemias,1,Number,2002,96.22006307302746,160.21120447112716,59.999499458610536
1,All Population,1,Deaths,164,Nepal,3,Both,22,All ages,615,Sickle cell disorders,1,Number,2002,13.89405748591945,24.060837884379048,8.183321936579507
1,All Population,1,Deaths,164,Nepal,3,Both,22,All ages,616,G6PD deficiency,1,Number,2002,26.11906145337665,41.91325691394365,15.564459875276892
1,All Population,1,Deaths,164,Nepal,3,Both,22,All ages,618,Other hemoglobinopathies and hemolytic anemias,1,Number,2002,206.52200691474823,315.3869248505594,137.8545626222465
1,All Population,1,Deaths,164,Nepal,3,Both,22,All ages,625,"Other endocrine, metabolic, blood, and immune disorders",1,Number,2002,46.14366231693424,86.66270694233049,20.16163525830174
1,All Population,1,Deaths,164,Nepal,3,Both,22,All ages,627,Rheumatoid arthritis,1,Number,2002,83.8484448381399,140.00602246109298,38.72836569830739
1,All Population,1,Deaths,164,Nepal,3,Both,22,All ages,639,Other musculoskeletal disorders,1,Number,2002,123.47596297893404,191.77908905434953,70.18066965326061
1,All Population,1,Deaths,164,Nepal,3,Both,22,All ages,642,Neural tube defects,1,Number,2002,279.00189941907536,541.6902787856524,111.32099088107054
1,All Population,1,Deaths,164,Nepal,3,Both,22,All ages,300,HIV/AIDS resulting in other diseases,1,Number,2006,985.3770274941838,1783.6881536159067,421.91414039315225
1,All Population,1,Deaths,164,Nepal,3,Both,22,All ages,468,Testicular cancer,1,Number,2006,15.037788885538037,26.993589635075686,7.7818370132809624
1,All Population,1,Deaths,164,Nepal,3,Both,22,All ages,471,Kidney cancer,1,Number,2006,82.19469875809587,132.3578934157779,46.70983328866839
1,All Population,1,Deaths,164,Nepal,3,Both,22,All ages,474,Bladder cancer,1,Number,2006,124.57544375998187,201.43594886161762,76.29052848102918
1,All Population,1,Deaths,164,Nepal,3,Both,22,All ages,477,Brain and central nervous system cancer,1,Number,2006,277.39703900422427,368.3764270792607,186.89098201831771
1,All Population,1,Deaths,164,Nepal,3,Both,22,All ages,480,Thyroid cancer,1,Number,2006,75.89360527856483,104.52328058116444,56.40474102574192
1,All Population,1,Deaths,164,Nepal,3,Both,22,All ages,367,Maternal hemorrhage,1,Number,2002,966.4253212679957,1343.4679111538853,634.2848272034363
1,All Population,1,Deaths,164,Nepal,3,Both,22,All ages,368,Maternal sepsis and other maternal infections,1,Number,2002,92.4589227000343,144.8074457471383,54.83116715348602
1,All Population,1,Deaths,164,Nepal,3,Both,22,All ages,369,Maternal hypertensive disorders,1,Number,2002,157.32207249557848,222.51972436455156,97.78996720698012
1,All Population,1,Deaths,164,Nepal,3,Both,22,All ages,370,Maternal obstructed labor and uterine rupture,1,Number,2002,120.1744943295307,199.44298169289135,60.921410773131015
1,All Population,1,Deaths,164,Nepal,3,Both,22,All ages,374,Ectopic pregnancy,1,Number,2002,0.2668974689509843,0.4373855535866773,0.1500819814358676
1,All Population,1,Deaths,164,Nepal,3,Both,22,All ages,375,Indirect maternal deaths,1,Number,2002,277.4765109380283,458.436076612843,154.41430138067165
1,All Population,1,Deaths,164,Nepal,3,Both,22,All ages,376,Late maternal deaths,1,Number,2002,30.549627222818067,43.32808271948661,17.707267500324896
1,All Population,1,Deaths,164,Nepal,3,Both,22,All ages,381,Neonatal preterm birth,1,Number,2002,3828.770738927547,5725.699378749077,2575.9713608556053
1,All Population,1,Deaths,164,Nepal,3,Both,22,All ages,382,Neonatal encephalopathy due to birth asphyxia and trauma,1,Number,2002,7531.040785022818,9669.688039347446,5284.134100746512
1,All Population,1,Deaths,164,Nepal,3,Both,22,All ages,383,Neonatal sepsis and other neonatal infections,1,Number,2002,2694.320706381405,4665.817984799036,1205.6283562187677
1,All Population,1,Deaths,164,Nepal,3,Both,22,All ages,384,Hemolytic disease and other neonatal jaundice,1,Number,2002,1603.7164388513622,3404.942274959719,757.9061825713701
1,All Population,1,Deaths,164,Nepal,3,Both,22,All ages,385,Other neonatal disorders,1,Number,2002,2295.2746575817628,3976.3070880183295,1260.6802505220887
1,All Population,1,Deaths,164,Nepal,3,Both,22,All ages,387,Protein-energy malnutrition,1,Number,2002,2816.4866168632734,3618.4500218465805,2144.1148151473894
1,All Population,1,Deaths,164,Nepal,3,Both,22,All ages,391,Other nutritional deficiencies,1,Number,2002,565.2299915266568,824.9428948073656,344.06656785933126
1,All Population,1,Deaths,164,Nepal,3,Both,22,All ages,394,Syphilis,1,Number,2002,589.7972081402781,1224.9505710296373,212.8677330457792
1,All Population,1,Deaths,164,Nepal,3,Both,22,All ages,395,Chlamydial infection,1,Number,2002,7.617254301113645,15.552919946404502,2.4163449216552735
1,All Population,1,Deaths,164,Nepal,3,Both,22,All ages,396,Gonococcal infection,1,Number,2002,2.5775718968099004,4.977237135088092,1.0347620849712382
1,All Population,1,Deaths,164,Nepal,3,Both,22,All ages,399,Other sexually transmitted infections,1,Number,2002,23.226886548038973,47.797833604709325,7.608671592777122
1,All Population,1,Deaths,164,Nepal,3,Both,22,All ages,401,Acute hepatitis A,1,Number,2002,1043.6756602268808,1909.938119357479,585.7108599287128
1,All Population,1,Deaths,164,Nepal,3,Both,22,All ages,533,Vascular intestinal disorders,1,Number,2002,116.94479268616715,209.1021271852841,62.906565531179204
1,All Population,1,Deaths,164,Nepal,3,Both,22,All ages,534,Gallbladder and biliary diseases,1,Number,2002,87.49101035863549,145.24349832520753,51.82759403555329
1,All Population,1,Deaths,164,Nepal,3,Both,22,All ages,535,Pancreatitis,1,Number,2002,455.24650808806933,752.8260763298434,260.9775301182796
1,All Population,1,Deaths,164,Nepal,3,Both,22,All ages,302,Diarrheal diseases,1,Number,2003,9419.136598721287,12804.25907403389,6488.431453803735
1,All Population,1,Deaths,164,Nepal,3,Both,22,All ages,319,Typhoid fever,1,Number,2003,2415.3307218153886,4070.6698827524565,1213.9689696841358
1,All Population,1,Deaths,164,Nepal,3,Both,22,All ages,320,Paratyphoid fever,1,Number,2003,494.081303819816,935.0791589071345,224.82290605070298
1,All Population,1,Deaths,164,Nepal,3,Both,22,All ages,321,Other intestinal infectious diseases,1,Number,2003,2.7356162175143255,4.609744272833899,1.427722720494826
1,All Population,1,Deaths,164,Nepal,3,Both,22,All ages,322,Lower respiratory infections,1,Number,2003,14812.062231090373,18252.1470764936,11981.053462238211
1,All Population,1,Deaths,164,Nepal,3,Both,22,All ages,328,Upper respiratory infections,1,Number,2003,78.37809924188348,193.03110176254785,2.717996671434556
1,All Population,1,Deaths,164,Nepal,3,Both,22,All ages,329,Otitis media,1,Number,2003,4.9563179389233225,15.170636237487379,0.9094643998922567
1,All Population,1,Deaths,164,Nepal,3,Both,22,All ages,945,Conflict and terrorism,1,Number,2002,4431.515596654838,5118.225739291235,3835.001576388628
1,All Population,1,Deaths,164,Nepal,3,Both,22,All ages,946,Multidrug-resistant tuberculosis without extensive drug resistance,1,Number,2002,760.9071960254704,1610.9097159873775,280.40342394339467
1,All Population,1,Deaths,164,Nepal,3,Both,22,All ages,947,Extensively drug-resistant tuberculosis,1,Number,2002,12.324782921553576,28.855322572469035,4.021592612450085
1,All Population,1,Deaths,164,Nepal,3,Both,22,All ages,948,HIV/AIDS - Drug-susceptible Tuberculosis,1,Number,2002,211.98026026484578,336.96051563352995,111.37930964911845
1,All Population,1,Deaths,164,Nepal,3,Both,22,All ages,949,HIV/AIDS - Multidrug-resistant Tuberculosis without extensive drug resistance,1,Number,2002,23.77192465691982,60.272705676901666,7.482085732539829
1,All Population,1,Deaths,164,Nepal,3,Both,22,All ages,950,HIV/AIDS - Extensively drug-resistant Tuberculosis,1,Number,2002,0.38536573132939406,0.9595223683113497,0.1105848112378021
1,All Population,1,Deaths,164,Nepal,3,Both,22,All ages,959,Invasive Non-typhoidal Salmonella (iNTS),1,Number,2002,79.04962835944674,111.57086897787258,50.65981684998145
1,All Population,1,Deaths,164,Nepal,3,Both,22,All ages,964,"Myelodysplastic, myeloproliferative, and other hematopoietic neoplasms",1,Number,2002,8.37674554630118,16.678596536059583,2.971407268561953
1,All Population,1,Deaths,164,Nepal,3,Both,22,All ages,968,Non-rheumatic calcific aortic valve disease,1,Number,2002,65.34040944920967,101.23198866148194,38.32285838591995
1,All Population,1,Deaths,164,Nepal,3,Both,22,All ages,969,Non-rheumatic degenerative mitral valve disease,1,Number,2002,42.069772895405,71.00186651420285,22.08908705819632
1,All Population,1,Deaths,164,Nepal,3,Both,22,All ages,970,Other non-rheumatic valve diseases,1,Number,2002,0.9002749147932483,1.9641111717150055,0.37476122456401384
1,All Population,1,Deaths,164,Nepal,3,Both,22,All ages,971,Nonalcoholic fatty liver disease including cirrhosis,1,Number,2002,73.9786476986076,121.47206782715865,38.36924504472267
1,All Population,1,Deaths,164,Nepal,3,Both,22,All ages,332,Meningitis,1,Number,2003,1123.1446407730298,1546.8430832770957,825.186918779188
1,All Population,1,Deaths,164,Nepal,3,Both,22,All ages,337,Encephalitis,1,Number,2003,603.5848934998352,1264.8558228873349,153.9653046474955
1,All Population,1,Deaths,164,Nepal,3,Both,22,All ages,338,Diphtheria,1,Number,2003,16.96328648377046,27.08099197234552,9.039473695787912
1,All Population,1,Deaths,164,Nepal,3,Both,22,All ages,339,Pertussis,1,Number,2003,858.5033110737346,2437.80898307522,81.09096462674015
1,All Population,1,Deaths,164,Nepal,3,Both,22,All ages,340,Tetanus,1,Number,2003,1099.5089519363846,1795.977635854084,590.0550818438235
1,All Population,1,Deaths,164,Nepal,3,Both,22,All ages,341,Measles,1,Number,2003,6155.748563679621,10006.696629771299,3031.912013754413
1,All Population,1,Deaths,164,Nepal,3,Both,22,All ages,342,Varicella and herpes zoster,1,Number,2003,75.94940890954626,98.24122884212835,56.29485597171709
1,All Population,1,Deaths,164,Nepal,3,Both,22,All ages,345,Malaria,1,Number,2003,116.34949088326195,197.91024634455408,61.87248351639462
1,All Population,1,Deaths,164,Nepal,3,Both,22,All ages,346,Chagas disease,1,Number,2003,0.0,0.0,0.0
1,All Population,1,Deaths,164,Nepal,3,Both,22,All ages,348,Visceral leishmaniasis,1,Number,2003,251.47076337441734,833.3109934242052,0.0651920663137162
1,All Population,1,Deaths,164,Nepal,3,Both,22,All ages,350,African trypanosomiasis,1,Number,2003,0.0,0.0,0.0
1,All Population,1,Deaths,164,Nepal,3,Both,22,All ages,351,Schistosomiasis,1,Number,2003,0.0,0.0,0.0
1,All Population,1,Deaths,164,Nepal,3,Both,22,All ages,352,Cysticercosis,1,Number,2003,2.709562133946855,3.9357150220551986,1.6183597145754824
1,All Population,1,Deaths,164,Nepal,3,Both,22,All ages,507,Other cardiovascular and circulatory diseases,1,Number,2003,351.7895636010998,521.4544869016306,220.24585396083353
1,All Population,1,Deaths,164,Nepal,3,Both,22,All ages,509,Chronic obstructive pulmonary disease,1,Number,2003,13309.222633765523,16588.403060706187,10326.822428406447
1,All Population,1,Deaths,164,Nepal,3,Both,22,All ages,483,Mesothelioma,1,Number,2006,9.78524084884804,13.668767933048366,6.35959581751409
1,All Population,1,Deaths,164,Nepal,3,Both,22,All ages,484,Hodgkin lymphoma,1,Number,2006,98.48796708427146,166.3265521433378,60.33157052463074
1,All Population,1,Deaths,164,Nepal,3,Both,22,All ages,486,Multiple myeloma,1,Number,2006,89.78134403716874,130.21042404351724,55.07083950252889
1,All Population,1,Deaths,164,Nepal,3,Both,22,All ages,489,Other malignant neoplasms,1,Number,2006,458.1861262662895,697.2255437922837,306.2562229220799
1,All Population,1,Deaths,164,Nepal,3,Both,22,All ages,492,Rheumatic heart disease,1,Number,2006,3764.210561609909,5901.556293251218,2249.178621518862
1,All Population,1,Deaths,164,Nepal,3,Both,22,All ages,493,Ischemic heart disease,1,Number,2006,14817.223334125123,19282.587331552088,10939.199888692918
1,All Population,1,Deaths,164,Nepal,3,Both,22,All ages,495,Ischemic stroke,1,Number,2006,5080.677721118622,7448.256780219581,3133.1942735766625
1,All Population,1,Deaths,164,Nepal,3,Both,22,All ages,496,Intracerebral hemorrhage,1,Number,2006,6294.236930356513,9249.370255346277,4159.993221470821
1,All Population,1,Deaths,164,Nepal,3,Both,22,All ages,497,Subarachnoid hemorrhage,1,Number,2006,519.4354746332368,1082.5681896994297,219.3929771516639
1,All Population,1,Deaths,164,Nepal,3,Both,22,All ages,498,Hypertensive heart disease,1,Number,2006,2144.6542593344884,3454.2308059779316,1329.6307264598804
1,All Population,1,Deaths,164,Nepal,3,Both,22,All ages,500,Atrial fibrillation and flutter,1,Number,2006,247.64963936038353,354.82355130181236,167.2332157037147
1,All Population,1,Deaths,164,Nepal,3,Both,22,All ages,501,Aortic aneurysm,1,Number,2006,88.64362568990504,177.59374114381092,48.96454019736345
1,All Population,1,Deaths,164,Nepal,3,Both,22,All ages,502,Lower extremity peripheral arterial disease,1,Number,2006,26.82580468011124,43.50574113056207,16.190364744815017
1,All Population,1,Deaths,164,Nepal,3,Both,22,All ages,503,Endocarditis,1,Number,2006,110.87752581197013,225.80270647848545,59.59142303740989
1,All Population,1,Deaths,164,Nepal,3,Both,22,All ages,511,Silicosis,1,Number,2003,5.576054567159919,15.57373074921102,1.2479190211125815
1,All Population,1,Deaths,164,Nepal,3,Both,22,All ages,512,Asbestosis,1,Number,2003,1.0705739225258866,3.8097207161296636,0.2278648068022392
1,All Population,1,Deaths,164,Nepal,3,Both,22,All ages,513,Coal workers pneumoconiosis,1,Number,2003,1.65909358001403,5.182391516115413,0.2340257178267445
1,All Population,1,Deaths,164,Nepal,3,Both,22,All ages,514,Other pneumoconiosis,1,Number,2003,2.93439390665488,6.980394616928264,0.6674472028800409
1,All Population,1,Deaths,164,Nepal,3,Both,22,All ages,515,Asthma,1,Number,2003,2756.961780668734,5136.36806736874,1362.5650657509816
1,All Population,1,Deaths,164,Nepal,3,Both,22,All ages,516,Interstitial lung disease and pulmonary sarcoidosis,1,Number,2003,302.517133342822,944.9731157052395,138.90225329830136
1,All Population,1,Deaths,164,Nepal,3,Both,22,All ages,520,Other chronic respiratory diseases,1,Number,2003,296.0689670289122,515.9027359389884,161.45371189919672
1,All Population,1,Deaths,164,Nepal,3,Both,22,All ages,522,Chronic hepatitis B including cirrhosis,1,Number,2003,1922.5327096100848,2898.4452056111604,1133.2733092843168
1,All Population,1,Deaths,164,Nepal,3,Both,22,All ages,523,Chronic hepatitis C including cirrhosis,1,Number,2003,527.7801710683633,808.1785101628801,289.014790033975
1,All Population,1,Deaths,164,Nepal,3,Both,22,All ages,524,Cirrhosis due to alcohol,1,Number,2003,1546.7532287474892,2393.078721490261,888.2930711837183
1,All Population,1,Deaths,164,Nepal,3,Both,22,All ages,525,Cirrhosis due to other causes,1,Number,2003,667.0171099095077,1015.4091556873257,401.3620374593712
1,All Population,1,Deaths,164,Nepal,3,Both,22,All ages,527,Peptic ulcer disease,1,Number,2003,2533.608241261759,4054.552730651752,1590.4030735486729
1,All Population,1,Deaths,164,Nepal,3,Both,22,All ages,528,Gastritis and duodenitis,1,Number,2003,202.91766857266754,390.9327622855664,70.4916386524804
1,All Population,1,Deaths,164,Nepal,3,Both,22,All ages,529,Appendicitis,1,Number,2003,343.23210906832617,717.7217408425698,103.139316381668
1,All Population,1,Deaths,164,Nepal,3,Both,22,All ages,530,Paralytic ileus and intestinal obstruction,1,Number,2003,968.6621546025583,1509.4825507112582,567.39653660453
1,All Population,1,Deaths,164,Nepal,3,Both,22,All ages,531,"Inguinal, femoral, and abdominal hernia",1,Number,2003,262.6979125170959,524.0703871182507,129.07932489391416
1,All Population,1,Deaths,164,Nepal,3,Both,22,All ages,975,Diabetes mellitus type 1,1,Number,2002,179.67451729576734,278.6181210972057,113.40689634444185
1,All Population,1,Deaths,164,Nepal,3,Both,22,All ages,976,Diabetes mellitus type 2,1,Number,2002,2749.691617667289,3608.324301597721,1883.0711819234455
1,All Population,1,Deaths,164,Nepal,3,Both,22,All ages,643,Congenital heart anomalies,1,Number,2006,1424.8739031792998,1993.852609921579,967.5983143053486
1,All Population,1,Deaths,164,Nepal,3,Both,22,All ages,644,Orofacial clefts,1,Number,2006,44.507806199190235,145.49434547811967,4.521646460313914
1,All Population,1,Deaths,164,Nepal,3,Both,22,All ages,645,Down syndrome,1,Number,2006,42.036127812032404,83.13521553082713,15.951431004251903
1,All Population,1,Deaths,164,Nepal,3,Both,22,All ages,648,Other chromosomal abnormalities,1,Number,2006,36.6167177835891,65.79484057005769,14.192867024581489
1,All Population,1,Deaths,164,Nepal,3,Both,22,All ages,649,Congenital musculoskeletal and limb anomalies,1,Number,2006,33.1434877883977,65.14299156429438,14.335641534231911
1,All Population,1,Deaths,164,Nepal,3,Both,22,All ages,650,Urogenital congenital anomalies,1,Number,2006,41.61835899965649,115.9932302496263,13.245775469511491
1,All Population,1,Deaths,164,Nepal,3,Both,22,All ages,651,Digestive congenital anomalies,1,Number,2006,243.42306938482022,511.61570040095194,93.64915592655531
1,All Population,1,Deaths,164,Nepal,3,Both,22,All ages,652,Other congenital birth defects,1,Number,2006,3.2489755625757226,11.334678844171155,0.6361895119911515
1,All Population,1,Deaths,164,Nepal,3,Both,22,All ages,656,Cellulitis,1,Number,2006,0.2994983846119062,0.8792073671670269,0.059877772025988846
1,All Population,1,Deaths,164,Nepal,3,Both,22,All ages,657,Pyoderma,1,Number,2006,0.6739216368371845,1.3698953969510037,0.1775377987342603
1,All Population,1,Deaths,164,Nepal,3,Both,22,All ages,665,Decubitus ulcer,1,Number,2006,1.5849676178064849,2.533464136890637,0.9654770255138307
1,All Population,1,Deaths,164,Nepal,3,Both,22,All ages,668,Other skin and subcutaneous diseases,1,Number,2006,1.5831812168914532,2.80139901423643,0.6677435917312994
1,All Population,1,Deaths,164,Nepal,3,Both,22,All ages,686,Sudden infant death syndrome,1,Number,2006,366.5634003128174,596.3407565653041,203.81867326668913
1,All Population,1,Deaths,164,Nepal,3,Both,22,All ages,690,Pedestrian road injuries,1,Number,2006,768.0500910907875,1078.8675836198377,517.7129735560162
1,All Population,1,Deaths,164,Nepal,3,Both,22,All ages,691,Cyclist road injuries,1,Number,2006,81.79347979148744,160.64904715415267,39.06007997478799
1,All Population,1,Deaths,164,Nepal,3,Both,22,All ages,692,Motorcyclist road injuries,1,Number,2006,383.50932249290815,658.8532818026172,211.48270130413732
1,All Population,1,Deaths,164,Nepal,3,Both,22,All ages,697,Falls,1,Number,2003,2065.8750015397773,2845.070628121943,1441.1333343595538
1,All Population,1,Deaths,164,Nepal,3,Both,22,All ages,698,Drowning,1,Number,2003,2044.8826730459423,2849.481918738558,1369.62165388706
1,All Population,1,Deaths,164,Nepal,3,Both,22,All ages,699,"Fire, heat, and hot substances",1,Number,2003,449.5126262108793,702.7543118726026,288.5963732978282
1,All Population,1,Deaths,164,Nepal,3,Both,22,All ages,701,Poisoning by carbon monoxide,1,Number,2003,275.8033087863083,536.0158833649887,101.80319242795969
1,All Population,1,Deaths,164,Nepal,3,Both,22,All ages,703,Poisoning by other means,1,Number,2003,829.5367979589832,1364.7955287327818,416.8237927168667
1,All Population,1,Deaths,164,Nepal,3,Both,22,All ages,705,Unintentional firearm injuries,1,Number,2003,7.411900306988169,22.927211585952303,1.076039532850091
1,All Population,1,Deaths,164,Nepal,3,Both,22,All ages,707,Other exposure to mechanical forces,1,Number,2003,319.77882567945323,580.6612062291181,151.9322339598035
1,All Population,1,Deaths,164,Nepal,3,Both,22,All ages,708,Adverse effects of medical treatment,1,Number,2003,751.3100753311476,1031.824283050085,530.4476740044718
1,All Population,1,Deaths,164,Nepal,3,Both,22,All ages,710,Venomous animal contact,1,Number,2003,625.4092232954647,1094.4222995281445,353.90516028728376
1,All Population,1,Deaths,164,Nepal,3,Both,22,All ages,711,Non-venomous animal contact,1,Number,2003,18.469364124142803,58.5694800671721,2.443811953222942
1,All Population,1,Deaths,164,Nepal,3,Both,22,All ages,713,Pulmonary aspiration and foreign body in airway,1,Number,2003,41.53735350843853,81.02790804855246,8.489907261387955
1,All Population,1,Deaths,164,Nepal,3,Both,22,All ages,715,Foreign body in other body part,1,Number,2003,2.9023564014082144,7.049057586348413,0.4205942556172928
1,All Population,1,Deaths,164,Nepal,3,Both,22,All ages,716,Other unintentional injuries,1,Number,2003,111.1069675058769,231.70789461903615,48.96614214027296
1,All Population,1,Deaths,164,Nepal,3,Both,22,All ages,693,Motor vehicle road injuries,1,Number,2006,579.5666276020512,886.0948103356915,321.1681160806792
1,All Population,1,Deaths,164,Nepal,3,Both,22,All ages,694,Other road injuries,1,Number,2006,11.1197763752011,28.24360664035645,3.2502467609642487
1,All Population,1,Deaths,164,Nepal,3,Both,22,All ages,695,Other transport injuries,1,Number,2006,248.87133160700324,358.157760574197,181.3620374193562
1,All Population,1,Deaths,164,Nepal,3,Both,22,All ages,995,Maternal abortion and miscarriage,1,Number,2006,77.3511865135672,124.15104250964596,42.961192356924855
1,All Population,1,Deaths,164,Nepal,3,Both,22,All ages,996,Liver cancer due to NASH,1,Number,2006,19.975084195541566,31.8478337209539,11.406981239942485
1,All Population,1,Deaths,164,Nepal,3,Both,22,All ages,997,Chronic kidney disease due to diabetes mellitus type 1,1,Number,2006,125.9016577324364,193.98762682011935,83.55744670893586
1,All Population,1,Deaths,164,Nepal,3,Both,22,All ages,998,Chronic kidney disease due to diabetes mellitus type 2,1,Number,2006,403.62801590927114,567.7318749967191,273.2403830505957
1,All Population,1,Deaths,164,Nepal,3,Both,22,All ages,1004,Pulmonary Arterial Hypertension,1,Number,2006,81.33069421133327,135.28698596875665,42.49749248120453
1,All Population,1,Deaths,164,Nepal,3,Both,22,All ages,1005,Hepatoblastoma,1,Number,2006,3.205907642361138,5.207379676206068,1.911811203585251
1,All Population,1,Deaths,164,Nepal,3,Both,22,All ages,1006,Burkitt lymphoma,1,Number,2006,7.532144923758713,13.212637458331253,3.6357967454330433
1,All Population,1,Deaths,164,Nepal,3,Both,22,All ages,1007,Other non-Hodgkin lymphoma,1,Number,2006,303.6423419999339,404.32535610890034,222.1153192226939
1,All Population,1,Deaths,164,Nepal,3,Both,22,All ages,1009,Retinoblastoma,1,Number,2006,16.471522724394745,46.86171829784212,4.277187723380849
1,All Population,1,Deaths,164,Nepal,3,Both,22,All ages,1010,Other eye cancers,1,Number,2006,5.247822008363444,11.302537705935746,2.466921174973903
1,All Population,1,Deaths,164,Nepal,3,Both,22,All ages,1011,Soft tissue and other extraosseous sarcomas,1,Number,2006,95.16947622799174,173.87513496856783,56.9113363106058
1,All Population,1,Deaths,164,Nepal,3,Both,22,All ages,1012,Malignant neoplasm of bone and articular cartilage,1,Number,2006,155.4578216507486,251.98438969295935,92.16729009867578
1,All Population,1,Deaths,164,Nepal,3,Both,22,All ages,1013,Neuroblastoma and other peripheral nervous cell tumors,1,Number,2006,8.438349259058311,12.174255096072562,5.280042751352281
1,All Population,1,Deaths,164,Nepal,3,Both,22,All ages,543,Alzheimer's disease and other dementias,1,Number,2002,948.6770670137147,2598.0259618911755,223.80486875938433
1,All Population,1,Deaths,164,Nepal,3,Both,22,All ages,544,Parkinson's disease,1,Number,2002,327.63492551260975,415.33491123655904,251.38085856886892
1,All Population,1,Deaths,164,Nepal,3,Both,22,All ages,545,Idiopathic epilepsy,1,Number,2002,809.774869871683,1100.6222699995853,582.4819735297024
1,All Population,1,Deaths,164,Nepal,3,Both,22,All ages,546,Multiple sclerosis,1,Number,2002,2.494869289815353,5.094482645307129,0.9196565058118238
1,All Population,1,Deaths,164,Nepal,3,Both,22,All ages,554,Motor neuron disease,1,Number,2002,2.6659750071219106,6.591822689334874,0.8994382117076865
1,All Population,1,Deaths,164,Nepal,3,Both,22,All ages,557,Other neurological disorders,1,Number,2002,8.093901823035274,15.130029541481887,3.6938851558507437
1,All Population,1,Deaths,164,Nepal,3,Both,22,All ages,560,Alcohol use disorders,1,Number,2002,188.07725446511918,326.34345642607275,109.45541442286091
1,All Population,1,Deaths,164,Nepal,3,Both,22,All ages,562,Opioid use disorders,1,Number,2002,32.315660649514896,57.84137548585954,17.977268216245754
1,All Population,1,Deaths,164,Nepal,3,Both,22,All ages,563,Cocaine use disorders,1,Number,2002,6.0862922535704,13.621906862245401,1.9185946891522614
1,All Population,1,Deaths,164,Nepal,3,Both,22,All ages,564,Amphetamine use disorders,1,Number,2002,0.8723102738330265,2.6290803404957637,0.20814205058250207
1,All Population,1,Deaths,164,Nepal,3,Both,22,All ages,566,Other drug use disorders,1,Number,2002,8.124530347660798,14.933100671948036,3.7364673138523092
1,All Population,1,Deaths,164,Nepal,3,Both,22,All ages,573,Anorexia nervosa,1,Number,2002,0.008225025572008004,0.04652842210611233,0.0009053051540262679
1,All Population,1,Deaths,164,Nepal,3,Both,22,All ages,588,Acute glomerulonephritis,1,Number,2002,6.803229220800391,13.839140521486904,1.519990141681155
1,All Population,1,Deaths,164,Nepal,3,Both,22,All ages,591,Chronic kidney disease due to hypertension,1,Number,2002,289.29232297806846,442.79115383470986,189.47065428187798
1,All Population,1,Deaths,164,Nepal,3,Both,22,All ages,721,Self-harm by firearm,1,Number,2003,400.05049503143744,960.6554020753382,134.5428755800536
1,All Population,1,Deaths,164,Nepal,3,Both,22,All ages,1059,Total Cancers excluding Non-melanoma skin cancer,1,Number,2003,9186.660022130465,10359.297230886848,8217.595082033658
1,All Population,1,Deaths,164,Nepal,3,Both,22,All ages,1160,Other direct maternal disorders,1,Number,2003,140.66775512789016,239.22820454515917,77.44381017264978
1,All Population,1,Deaths,164,Nepal,3,Both,22,All ages,1161,Other digestive diseases,1,Number,2003,494.6434728847951,838.7206437341898,229.81872806836947
1,All Population,1,Deaths,164,Nepal,3,Both,22,All ages,1163,Self-harm by other specified means,1,Number,2003,2860.0998548103157,3848.6291916597906,2022.1225195527923
1,All Population,1,Deaths,164,Nepal,3,Both,22,All ages,1164,Other benign and in situ neoplasms,1,Number,2003,61.7288828545966,99.6731927525084,31.23692737776112
1,All Population,1,Deaths,164,Nepal,3,Both,22,All ages,1024,Ulcerative colitis,1,Number,2006,66.34447621227517,114.17814599251923,36.384607365718416
1,All Population,1,Deaths,164,Nepal,3,Both,22,All ages,1025,Crohn's disease,1,Number,2006,11.622382253199383,26.060153968822938,4.517233670034214
1,All Population,1,Deaths,164,Nepal,3,Both,22,All ages,1026,Total burden related to hepatitis B,1,Number,2006,2070.7869099934965,3026.7435863747105,1199.7580230843623
1,All Population,1,Deaths,164,Nepal,3,Both,22,All ages,1027,Total burden related to hepatitis C,1,Number,2006,632.6913372776442,949.0411652793265,374.03714670656046
1,All Population,1,Deaths,164,Nepal,3,Both,22,All ages,1028,Total burden related to Non-alcoholic fatty liver disease (NAFLD),1,Number,2006,105.43930399512406,157.33598562184955,59.78393273793436
1,All Population,1,Deaths,164,Nepal,3,Both,22,All ages,1029,Total cancers,1,Number,2006,9573.575911690308,10903.409691116472,8503.893750780642
1,All Population,1,Deaths,164,Nepal,3,Both,22,All ages,1032,Thyroid diseases,1,Number,2006,11.84672299013623,20.540121704981154,6.049142223483683
1,All Population,1,Deaths,164,Nepal,3,Both,22,All ages,1048,COVID-19,1,Number,2006,0.0,0.0,0.0
1,All Population,1,Deaths,164,Nepal,3,Both,22,All ages,725,Physical violence by firearm,1,Number,2002,38.92551986354264,76.12255073949544,20.24106151965178
1,All Population,1,Deaths,164,Nepal,3,Both,22,All ages,726,Physical violence by sharp object,1,Number,2002,31.64986516993413,58.6432277075933,12.293813529874912
1,All Population,1,Deaths,164,Nepal,3,Both,22,All ages,727,Physical violence by other means,1,Number,2002,461.0337958959385,545.5401730745183,391.83742046545245
1,All Population,1,Deaths,164,Nepal,3,Both,22,All ages,729,Exposure to forces of nature,1,Number,2002,471.9730280870959,518.8504732519858,429.75309652445844
1,All Population,1,Deaths,164,Nepal,3,Both,22,All ages,741,Maternal deaths aggravated by HIV/AIDS,1,Number,2002,0.6036347676787401,0.9900964737523997,0.307119987134187
1,All Population,1,Deaths,164,Nepal,3,Both,22,All ages,842,Environmental heat and cold exposure,1,Number,2002,117.7063230946331,196.48148672391847,67.30670664134755
1,All Population,1,Deaths,164,Nepal,3,Both,22,All ages,843,Ebola,1,Number,2002,0.0,0.0,0.0
1,All Population,1,Deaths,164,Nepal,3,Both,22,All ages,845,Acute lymphoid leukemia,1,Number,2002,195.7259571956434,325.7548071753327,123.35451947585666
1,All Population,1,Deaths,164,Nepal,3,Both,22,All ages,846,Chronic lymphoid leukemia,1,Number,2002,12.616055684076354,21.791832217657763,4.769959854543105
1,All Population,1,Deaths,164,Nepal,3,Both,22,All ages,847,Acute myeloid leukemia,1,Number,2002,110.38386761481934,216.66358040170294,51.84522367182959
1,All Population,1,Deaths,164,Nepal,3,Both,22,All ages,848,Chronic myeloid leukemia,1,Number,2002,92.84397308231237,152.48674212624917,38.300502242002764
1,All Population,1,Deaths,164,Nepal,3,Both,22,All ages,849,Non-melanoma skin cancer (squamous-cell carcinoma),1,Number,2002,37.835675186610004,53.9153800721126,24.594408189080948
1,All Population,1,Deaths,164,Nepal,3,Both,22,All ages,854,Police conflict and executions,1,Number,2002,0.05536171663491217,0.11570154052065851,0.025226325928287014
1,All Population,1,Deaths,164,Nepal,3,Both,22,All ages,934,Drug-susceptible tuberculosis,1,Number,2002,8375.203760370867,11071.17205826829,5920.492404053287
1,All Population,1,Deaths,164,Nepal,3,Both,22,All ages,935,Zika virus,1,Number,2002,0.0,0.0,0.0
1,All Population,1,Deaths,164,Nepal,3,Both,22,All ages,938,Alcoholic cardiomyopathy,1,Number,2002,32.38252225558883,95.22769285054453,5.467599897098234
1,All Population,1,Deaths,164,Nepal,3,Both,22,All ages,940,Electrocution,1,Number,2002,59.36609398766963,120.22061630713469,18.617801298065668
1,All Population,1,Deaths,164,Nepal,3,Both,22,All ages,942,Myocarditis,1,Number,2002,99.4945081018888,194.23693382316893,41.847628589903216
1,All Population,1,Deaths,164,Nepal,3,Both,22,All ages,943,Other leukemia,1,Number,2002,101.52874992053374,159.46757173997622,58.4410897374209
1,All Population,1,Deaths,164,Nepal,3,Both,22,All ages,944,Other cardiomyopathy,1,Number,2002,652.3030807886,1236.9259734215836,269.82044374769816
1,All Population,1,Deaths,164,Nepal,3,Both,22,All ages,402,Acute hepatitis B,1,Number,2003,66.24873796163074,267.419960849366,7.604056562718708
1,All Population,1,Deaths,164,Nepal,3,Both,22,All ages,403,Acute hepatitis C,1,Number,2003,10.996340462977216,30.043555465009096,0.30170863937024167
1,All Population,1,Deaths,164,Nepal,3,Both,22,All ages,404,Acute hepatitis E,1,Number,2003,8.863235315314439,29.66093921252595,1.0576377033898072
1,All Population,1,Deaths,164,Nepal,3,Both,22,All ages,408,Other unspecified infectious diseases,1,Number,2003,625.6726730931967,1163.8494235555124,293.9836530609923
1,All Population,1,Deaths,164,Nepal,3,Both,22,All ages,411,Esophageal cancer,1,Number,2003,562.7468169470793,769.3885264663287,333.61281791921084
1,All Population,1,Deaths,164,Nepal,3,Both,22,All ages,414,Stomach cancer,1,Number,2003,1067.5043360184638,1602.8125750129236,668.104835574642
1,All Population,1,Deaths,164,Nepal,3,Both,22,All ages,302,Diarrheal diseases,1,Number,2004,8785.871435981284,11887.274744679113,6147.6446556851915
1,All Population,1,Deaths,164,Nepal,3,Both,22,All ages,319,Typhoid fever,1,Number,2004,2295.150345104258,3867.2541018474685,1150.0221411446225
1,All Population,1,Deaths,164,Nepal,3,Both,22,All ages,320,Paratyphoid fever,1,Number,2004,470.3536687217455,895.7432430560966,209.5189530057928
1,All Population,1,Deaths,164,Nepal,3,Both,22,All ages,321,Other intestinal infectious diseases,1,Number,2004,2.6890130679346154,4.620988151820151,1.5914419372528208
1,All Population,1,Deaths,164,Nepal,3,Both,22,All ages,322,Lower respiratory infections,1,Number,2004,14038.549435077655,17418.23918596135,11295.957882002227
1,All Population,1,Deaths,164,Nepal,3,Both,22,All ages,328,Upper respiratory infections,1,Number,2004,75.97852810832292,200.7752095170051,2.6686862124112682
1,All Population,1,Deaths,164,Nepal,3,Both,22,All ages,329,Otitis media,1,Number,2004,4.628648395485493,13.17862470498231,0.8522397358331326
1,All Population,1,Deaths,164,Nepal,3,Both,22,All ages,418,Liver cancer due to hepatitis B,1,Number,2003,68.42818572482132,120.06998024701085,39.56614414990887
1,All Population,1,Deaths,164,Nepal,3,Both,22,All ages,419,Liver cancer due to hepatitis C,1,Number,2003,70.92786640034912,117.96909879442865,44.60345155428657
1,All Population,1,Deaths,164,Nepal,3,Both,22,All ages,420,Liver cancer due to alcohol use,1,Number,2003,61.62375007163422,108.37234713742882,37.0167398656782
1,All Population,1,Deaths,164,Nepal,3,Both,22,All ages,421,Liver cancer due to other causes,1,Number,2003,8.222325897224776,13.007464703100718,4.7291411324106045
1,All Population,1,Deaths,164,Nepal,3,Both,22,All ages,423,Larynx cancer,1,Number,2003,292.52458898246715,428.1791203205875,158.27781864494472
1,All Population,1,Deaths,164,Nepal,3,Both,22,All ages,426,"Tracheal, bronchus, and lung cancer",1,Number,2003,897.0494489098504,1236.1858631991947,638.6046262182819
1,All Population,1,Deaths,164,Nepal,3,Both,22,All ages,429,Breast cancer,1,Number,2003,601.7507170401296,888.2785826986546,390.97237867253557
1,All Population,1,Deaths,164,Nepal,3,Both,22,All ages,432,Cervical cancer,1,Number,2003,847.7225529076513,1367.271689107038,483.3184829125927
1,All Population,1,Deaths,164,Nepal,3,Both,22,All ages,435,Uterine cancer,1,Number,2003,56.389888110109965,101.42524286571232,24.29534191455196
1,All Population,1,Deaths,164,Nepal,3,Both,22,All ages,438,Prostate cancer,1,Number,2003,281.3170777847082,410.8324317367438,187.27117907972234
1,All Population,1,Deaths,164,Nepal,3,Both,22,All ages,441,Colon and rectum cancer,1,Number,2003,435.8264463792746,590.6592975254156,304.1632634624028
1,All Population,1,Deaths,164,Nepal,3,Both,22,All ages,444,Lip and oral cavity cancer,1,Number,2003,596.9585086737595,842.2554125242987,422.5231842280303
1,All Population,1,Deaths,164,Nepal,3,Both,22,All ages,447,Nasopharynx cancer,1,Number,2003,129.1708041358102,167.22320893823846,91.36017049617121
1,All Population,1,Deaths,164,Nepal,3,Both,22,All ages,450,Other pharynx cancer,1,Number,2003,356.67000228319426,511.9351576538909,238.0290294063112
1,All Population,1,Deaths,164,Nepal,3,Both,22,All ages,453,Gallbladder and biliary tract cancer,1,Number,2003,257.895644336179,364.21722753392055,173.46247188411684
1,All Population,1,Deaths,164,Nepal,3,Both,22,All ages,456,Pancreatic cancer,1,Number,2003,138.34036028737086,193.5950845782541,96.68658168806672
1,All Population,1,Deaths,164,Nepal,3,Both,22,All ages,459,Malignant skin melanoma,1,Number,2003,11.367809244119764,18.038773278329472,7.071095543518464
1,All Population,1,Deaths,164,Nepal,3,Both,22,All ages,465,Ovarian cancer,1,Number,2003,222.0324019950955,399.2898757456579,134.56942273423073
1,All Population,1,Deaths,164,Nepal,3,Both,22,All ages,592,Chronic kidney disease due to glomerulonephritis,1,Number,2003,231.23671809175787,327.61798459166624,162.27468533090874
1,All Population,1,Deaths,164,Nepal,3,Both,22,All ages,593,Chronic kidney disease due to other and unspecified causes,1,Number,2003,741.5100732943658,1026.8290168612764,521.1229847403157
1,All Population,1,Deaths,164,Nepal,3,Both,22,All ages,595,Urinary tract infections and interstitial nephritis,1,Number,2003,284.41640477913734,382.8081594568911,194.2542607527754
1,All Population,1,Deaths,164,Nepal,3,Both,22,All ages,332,Meningitis,1,Number,2004,1111.0346017409522,1546.3525279523235,813.6860943736784
1,All Population,1,Deaths,164,Nepal,3,Both,22,All ages,337,Encephalitis,1,Number,2004,567.692410130963,1207.2754335614986,156.06825040706235
1,All Population,1,Deaths,164,Nepal,3,Both,22,All ages,338,Diphtheria,1,Number,2004,13.722009513457245,22.809891717511533,7.777186537749478
1,All Population,1,Deaths,164,Nepal,3,Both,22,All ages,339,Pertussis,1,Number,2004,709.7460443541609,1986.9631183131473,74.8131066362176
1,All Population,1,Deaths,164,Nepal,3,Both,22,All ages,340,Tetanus,1,Number,2004,921.0800157830029,1477.0196226991447,510.35516145530664
1,All Population,1,Deaths,164,Nepal,3,Both,22,All ages,341,Measles,1,Number,2004,5592.201716322667,9033.625867726025,2753.5205365778356
1,All Population,1,Deaths,164,Nepal,3,Both,22,All ages,342,Varicella and herpes zoster,1,Number,2004,73.75637204326668,98.47319571058851,52.02516817675563
1,All Population,1,Deaths,164,Nepal,3,Both,22,All ages,345,Malaria,1,Number,2004,74.33028862695063,125.50857201974036,39.1608930841369
1,All Population,1,Deaths,164,Nepal,3,Both,22,All ages,346,Chagas disease,1,Number,2004,0.0,0.0,0.0
1,All Population,1,Deaths,164,Nepal,3,Both,22,All ages,348,Visceral leishmaniasis,1,Number,2004,224.44252506489116,752.0162523082039,0.05821650533287187
1,All Population,1,Deaths,164,Nepal,3,Both,22,All ages,350,African trypanosomiasis,1,Number,2004,0.0,0.0,0.0
1,All Population,1,Deaths,164,Nepal,3,Both,22,All ages,351,Schistosomiasis,1,Number,2004,0.0,0.0,0.0
1,All Population,1,Deaths,164,Nepal,3,Both,22,All ages,352,Cysticercosis,1,Number,2004,2.528680786386504,3.582943023758704,1.466873345867676
1,All Population,1,Deaths,164,Nepal,3,Both,22,All ages,507,Other cardiovascular and circulatory diseases,1,Number,2004,362.8113090969713,543.4189411761688,232.61562165698422
1,All Population,1,Deaths,164,Nepal,3,Both,22,All ages,509,Chronic obstructive pulmonary disease,1,Number,2004,13635.035077694976,17098.19571738918,10691.655614886662
1,All Population,1,Deaths,164,Nepal,3,Both,22,All ages,353,Cystic echinococcosis,1,Number,2003,33.933597039941006,43.046196508447146,25.71012661617755
1,All Population,1,Deaths,164,Nepal,3,Both,22,All ages,357,Dengue,1,Number,2003,269.1372144664393,699.6897959671527,74.04899080109742
1,All Population,1,Deaths,164,Nepal,3,Both,22,All ages,358,Yellow fever,1,Number,2003,0.0,0.0,0.0
1,All Population,1,Deaths,164,Nepal,3,Both,22,All ages,359,Rabies,1,Number,2003,618.0332292937404,1522.0235416206451,184.91090757495763
1,All Population,1,Deaths,164,Nepal,3,Both,22,All ages,361,Ascariasis,1,Number,2003,6.324181505671985,9.373470905046684,3.994872954805446
1,All Population,1,Deaths,164,Nepal,3,Both,22,All ages,365,Other neglected tropical diseases,1,Number,2003,37.05715742631934,68.37569926101183,14.40286236925579
1,All Population,1,Deaths,164,Nepal,3,Both,22,All ages,511,Silicosis,1,Number,2004,5.716754281011452,15.269234828187658,1.3337348319577467
1,All Population,1,Deaths,164,Nepal,3,Both,22,All ages,512,Asbestosis,1,Number,2004,1.1446177087091838,3.789528698989684,0.24194988556566732
1,All Population,1,Deaths,164,Nepal,3,Both,22,All ages,513,Coal workers pneumoconiosis,1,Number,2004,1.6825220349050194,5.285675390853047,0.2634045929210942
1,All Population,1,Deaths,164,Nepal,3,Both,22,All ages,514,Other pneumoconiosis,1,Number,2004,3.063271707709599,7.317385039986054,0.6714761010275602
1,All Population,1,Deaths,164,Nepal,3,Both,22,All ages,515,Asthma,1,Number,2004,2778.9256439621495,5090.925322081274,1367.8742833290792
1,All Population,1,Deaths,164,Nepal,3,Both,22,All ages,516,Interstitial lung disease and pulmonary sarcoidosis,1,Number,2004,313.6697634976906,988.3917774158579,142.23615287653246
1,All Population,1,Deaths,164,Nepal,3,Both,22,All ages,520,Other chronic respiratory diseases,1,Number,2004,299.49772216927647,523.416569746969,165.25252934386742
1,All Population,1,Deaths,164,Nepal,3,Both,22,All ages,522,Chronic hepatitis B including cirrhosis,1,Number,2004,1912.4578500489192,2895.603992447683,1122.6260848566508
1,All Population,1,Deaths,164,Nepal,3,Both,22,All ages,523,Chronic hepatitis C including cirrhosis,1,Number,2004,532.779854755446,813.5425430019568,291.7137957428676
1,All Population,1,Deaths,164,Nepal,3,Both,22,All ages,524,Cirrhosis due to alcohol,1,Number,2004,1565.3013768826434,2415.8186709123465,880.3559314149261
1,All Population,1,Deaths,164,Nepal,3,Both,22,All ages,525,Cirrhosis due to other causes,1,Number,2004,659.2536615990703,1000.3882274525546,391.55079598263603
1,All Population,1,Deaths,164,Nepal,3,Both,22,All ages,527,Peptic ulcer disease,1,Number,2004,2449.406182634679,3951.402934993001,1522.4458133193016
1,All Population,1,Deaths,164,Nepal,3,Both,22,All ages,528,Gastritis and duodenitis,1,Number,2004,198.63892014353635,394.2883608585169,68.76192562693232
1,All Population,1,Deaths,164,Nepal,3,Both,22,All ages,529,Appendicitis,1,Number,2004,333.15647285604246,688.1745475949275,100.58616729556971
1,All Population,1,Deaths,164,Nepal,3,Both,22,All ages,530,Paralytic ileus and intestinal obstruction,1,Number,2004,954.1107721860278,1523.2387409476223,572.5903964723171
1,All Population,1,Deaths,164,Nepal,3,Both,22,All ages,531,"Inguinal, femoral, and abdominal hernia",1,Number,2004,253.36992538233153,541.7959856561722,126.10743724442227
1,All Population,1,Deaths,164,Nepal,3,Both,22,All ages,596,Urolithiasis,1,Number,2003,40.04705498163972,53.39520214563249,29.54552472822027
1,All Population,1,Deaths,164,Nepal,3,Both,22,All ages,602,Other urinary diseases,1,Number,2003,299.416821662367,421.71405963139193,210.50864548493152
1,All Population,1,Deaths,164,Nepal,3,Both,22,All ages,604,Uterine fibroids,1,Number,2003,7.31685704741092,20.106095238481373,2.521118438107156
1,All Population,1,Deaths,164,Nepal,3,Both,22,All ages,607,Endometriosis,1,Number,2003,0.05774811360368337,0.3685848232415331,0.001353256807292069
1,All Population,1,Deaths,164,Nepal,3,Both,22,All ages,608,Genital prolapse,1,Number,2003,1.0595711643805388,3.5498096375096826,0.2038482098891201
1,All Population,1,Deaths,164,Nepal,3,Both,22,All ages,612,Other gynecological diseases,1,Number,2003,13.413157070850819,30.126747105962934,4.1860691578889435
1,All Population,1,Deaths,164,Nepal,3,Both,22,All ages,614,Thalassemias,1,Number,2003,87.6583111277561,147.1157251357292,56.28173540896409
1,All Population,1,Deaths,164,Nepal,3,Both,22,All ages,615,Sickle cell disorders,1,Number,2003,12.747422083314486,22.57478715401783,7.837980820273851
1,All Population,1,Deaths,164,Nepal,3,Both,22,All ages,616,G6PD deficiency,1,Number,2003,24.301056134137188,39.24453826714454,14.137252434569968
1,All Population,1,Deaths,164,Nepal,3,Both,22,All ages,618,Other hemoglobinopathies and hemolytic anemias,1,Number,2003,189.07922337701572,287.83057318654704,128.37995694488316
1,All Population,1,Deaths,164,Nepal,3,Both,22,All ages,625,"Other endocrine, metabolic, blood, and immune disorders",1,Number,2003,43.77578449658927,83.70108558428436,20.895799065963683
1,All Population,1,Deaths,164,Nepal,3,Both,22,All ages,627,Rheumatoid arthritis,1,Number,2003,84.1685576581727,136.68572871562512,39.34165759265783
1,All Population,1,Deaths,164,Nepal,3,Both,22,All ages,639,Other musculoskeletal disorders,1,Number,2003,125.36817585890739,194.12167654880815,72.0052361132621
1,All Population,1,Deaths,164,Nepal,3,Both,22,All ages,642,Neural tube defects,1,Number,2003,268.1846067372504,526.3624843152566,107.73508070837053
1,All Population,1,Deaths,164,Nepal,3,Both,22,All ages,367,Maternal hemorrhage,1,Number,2003,924.7763557388324,1274.4905020741849,599.5396429529478
1,All Population,1,Deaths,164,Nepal,3,Both,22,All ages,368,Maternal sepsis and other maternal infections,1,Number,2003,83.76708619379436,128.9383556426032,49.37552468423085
1,All Population,1,Deaths,164,Nepal,3,Both,22,All ages,369,Maternal hypertensive disorders,1,Number,2003,185.60741420330802,263.46230262434017,114.21125628857618
1,All Population,1,Deaths,164,Nepal,3,Both,22,All ages,370,Maternal obstructed labor and uterine rupture,1,Number,2003,114.9918259237523,194.49274291423086,60.703660724087506
1,All Population,1,Deaths,164,Nepal,3,Both,22,All ages,374,Ectopic pregnancy,1,Number,2003,0.28391169386366705,0.4626820019192596,0.16306951222315205
1,All Population,1,Deaths,164,Nepal,3,Both,22,All ages,375,Indirect maternal deaths,1,Number,2003,154.67313975809185,255.88875084920406,83.44644302921759
1,All Population,1,Deaths,164,Nepal,3,Both,22,All ages,376,Late maternal deaths,1,Number,2003,28.990562691533775,41.21643574924363,16.715996886886387
1,All Population,1,Deaths,164,Nepal,3,Both,22,All ages,381,Neonatal preterm birth,1,Number,2003,3654.1927307594456,5329.908640625734,2457.233232748201
1,All Population,1,Deaths,164,Nepal,3,Both,22,All ages,382,Neonatal encephalopathy due to birth asphyxia and trauma,1,Number,2003,7336.047370384656,9285.994164152038,5230.188393946619
1,All Population,1,Deaths,164,Nepal,3,Both,22,All ages,383,Neonatal sepsis and other neonatal infections,1,Number,2003,2612.410847631288,4549.976984622963,1193.5223153905558
1,All Population,1,Deaths,164,Nepal,3,Both,22,All ages,384,Hemolytic disease and other neonatal jaundice,1,Number,2003,1512.4323761067599,3123.9086794725654,707.2758505857021
1,All Population,1,Deaths,164,Nepal,3,Both,22,All ages,385,Other neonatal disorders,1,Number,2003,2152.621543052629,3754.3112540717584,1172.5991347713714
1,All Population,1,Deaths,164,Nepal,3,Both,22,All ages,387,Protein-energy malnutrition,1,Number,2003,2580.011667141609,3244.5007362785464,1900.6372034330084
1,All Population,1,Deaths,164,Nepal,3,Both,22,All ages,391,Other nutritional deficiencies,1,Number,2003,535.7415168566575,789.3798455704078,324.34741232281647
1,All Population,1,Deaths,164,Nepal,3,Both,22,All ages,394,Syphilis,1,Number,2003,555.3345161935744,1141.586230702838,199.12581853650894
1,All Population,1,Deaths,164,Nepal,3,Both,22,All ages,395,Chlamydial infection,1,Number,2003,7.35579640307473,15.360194829138177,2.504580068609956
1,All Population,1,Deaths,164,Nepal,3,Both,22,All ages,396,Gonococcal infection,1,Number,2003,2.4680750545987205,4.685695753241533,0.9330740652645118
1,All Population,1,Deaths,164,Nepal,3,Both,22,All ages,399,Other sexually transmitted infections,1,Number,2003,22.381384533823756,46.17890967468811,7.853782145972323
1,All Population,1,Deaths,164,Nepal,3,Both,22,All ages,401,Acute hepatitis A,1,Number,2003,1031.2321861934367,1856.0226498945342,554.9207491827129
1,All Population,1,Deaths,164,Nepal,3,Both,22,All ages,533,Vascular intestinal disorders,1,Number,2003,118.30906726812705,211.90743750856888,63.4823647599922
1,All Population,1,Deaths,164,Nepal,3,Both,22,All ages,534,Gallbladder and biliary diseases,1,Number,2003,87.3327537382071,144.8895641218796,50.521188980372834
1,All Population,1,Deaths,164,Nepal,3,Both,22,All ages,535,Pancreatitis,1,Number,2003,451.9300433740222,733.3765780290505,254.6145017710471
1,All Population,1,Deaths,164,Nepal,3,Both,22,All ages,697,Falls,1,Number,2004,2074.403939004901,2848.5914324260007,1452.995135084377
1,All Population,1,Deaths,164,Nepal,3,Both,22,All ages,698,Drowning,1,Number,2004,1987.4165060442879,2781.6234673416507,1358.9401342937097
1,All Population,1,Deaths,164,Nepal,3,Both,22,All ages,699,"Fire, heat, and hot substances",1,Number,2004,465.2128752701369,701.4710637150826,297.4032970871964
1,All Population,1,Deaths,164,Nepal,3,Both,22,All ages,701,Poisoning by carbon monoxide,1,Number,2004,272.2535330012549,546.5337282796429,102.89248975692178
1,All Population,1,Deaths,164,Nepal,3,Both,22,All ages,703,Poisoning by other means,1,Number,2004,800.7922663280494,1274.3973190925383,428.8304431586518
1,All Population,1,Deaths,164,Nepal,3,Both,22,All ages,705,Unintentional firearm injuries,1,Number,2004,6.684454429797985,21.198579363694932,1.058351496354222
1,All Population,1,Deaths,164,Nepal,3,Both,22,All ages,707,Other exposure to mechanical forces,1,Number,2004,310.04324077019163,587.7875172930508,144.77078539738835
1,All Population,1,Deaths,164,Nepal,3,Both,22,All ages,708,Adverse effects of medical treatment,1,Number,2004,737.5116487366876,1006.0085497629157,532.0525453932179
1,All Population,1,Deaths,164,Nepal,3,Both,22,All ages,710,Venomous animal contact,1,Number,2004,621.5539883787445,1092.9737712193937,349.653653832097
1,All Population,1,Deaths,164,Nepal,3,Both,22,All ages,711,Non-venomous animal contact,1,Number,2004,18.25295344828146,60.488204338674414,2.6251189281548295
1,All Population,1,Deaths,164,Nepal,3,Both,22,All ages,713,Pulmonary aspiration and foreign body in airway,1,Number,2004,40.861889312769534,80.831414434896,8.402093583265692
1,All Population,1,Deaths,164,Nepal,3,Both,22,All ages,715,Foreign body in other body part,1,Number,2004,2.8910084590924074,7.5488637442711095,0.4197449860763618
1,All Population,1,Deaths,164,Nepal,3,Both,22,All ages,716,Other unintentional injuries,1,Number,2004,107.99187708130832,219.10373031137,49.027743209428095
1,All Population,1,Deaths,164,Nepal,3,Both,22,All ages,721,Self-harm by firearm,1,Number,2004,401.67183234044785,1011.6283374215425,144.96694882284723
1,All Population,1,Deaths,164,Nepal,3,Both,22,All ages,1059,Total Cancers excluding Non-melanoma skin cancer,1,Number,2004,9287.022038920817,10419.654105845591,8260.17622736843
1,All Population,1,Deaths,164,Nepal,3,Both,22,All ages,1160,Other direct maternal disorders,1,Number,2004,150.62671872764085,257.53514680850685,83.29314612487276
1,All Population,1,Deaths,164,Nepal,3,Both,22,All ages,1161,Other digestive diseases,1,Number,2004,484.94782378769054,826.5294365879677,222.10476279931999
1,All Population,1,Deaths,164,Nepal,3,Both,22,All ages,1163,Self-harm by other specified means,1,Number,2004,2922.3430049402305,3847.9747630682773,2084.361072321361
1,All Population,1,Deaths,164,Nepal,3,Both,22,All ages,1164,Other benign and in situ neoplasms,1,Number,2004,62.02271124224881,100.67640092716258,32.39467838735419
1,All Population,1,Deaths,164,Nepal,3,Both,22,All ages,543,Alzheimer's disease and other dementias,1,Number,2003,983.3126702076581,2688.771374522789,225.26519309029408
1,All Population,1,Deaths,164,Nepal,3,Both,22,All ages,544,Parkinson's disease,1,Number,2003,340.7313105800661,442.9586261569213,262.93612251896997
1,All Population,1,Deaths,164,Nepal,3,Both,22,All ages,545,Idiopathic epilepsy,1,Number,2003,816.0606258264953,1120.0608198060047,591.9455867692088
1,All Population,1,Deaths,164,Nepal,3,Both,22,All ages,546,Multiple sclerosis,1,Number,2003,2.591762856643885,5.258600763578802,0.9489188973921214
1,All Population,1,Deaths,164,Nepal,3,Both,22,All ages,554,Motor neuron disease,1,Number,2003,2.8167175811885077,6.94096903998258,0.9660343779343551
1,All Population,1,Deaths,164,Nepal,3,Both,22,All ages,557,Other neurological disorders,1,Number,2003,8.490206323440056,15.260235698899448,4.0323860939266485
1,All Population,1,Deaths,164,Nepal,3,Both,22,All ages,560,Alcohol use disorders,1,Number,2003,184.20506862761738,316.0713494455178,107.1999631700448
1,All Population,1,Deaths,164,Nepal,3,Both,22,All ages,562,Opioid use disorders,1,Number,2003,31.83252927522228,57.2384868151771,17.356263448164164
1,All Population,1,Deaths,164,Nepal,3,Both,22,All ages,563,Cocaine use disorders,1,Number,2003,6.083776562986371,13.816669833203031,1.9226312585186394
1,All Population,1,Deaths,164,Nepal,3,Both,22,All ages,564,Amphetamine use disorders,1,Number,2003,0.8930974538218888,2.724327522600685,0.19952769438600226
1,All Population,1,Deaths,164,Nepal,3,Both,22,All ages,566,Other drug use disorders,1,Number,2003,8.15547217499145,14.664133615993391,3.722042371845317
1,All Population,1,Deaths,164,Nepal,3,Both,22,All ages,573,Anorexia nervosa,1,Number,2003,0.009280222173779653,0.0563693240137457,0.0010609782930783146
1,All Population,1,Deaths,164,Nepal,3,Both,22,All ages,588,Acute glomerulonephritis,1,Number,2003,6.637077732861269,13.889267083129388,1.4235800805313388
1,All Population,1,Deaths,164,Nepal,3,Both,22,All ages,591,Chronic kidney disease due to hypertension,1,Number,2003,293.8897074839631,450.10474393869356,192.85710013813434
1,All Population,1,Deaths,164,Nepal,3,Both,22,All ages,302,Diarrheal diseases,1,Number,2005,8583.55818355822,11527.19415164997,5997.237087582714
1,All Population,1,Deaths,164,Nepal,3,Both,22,All ages,319,Typhoid fever,1,Number,2005,2467.489801440979,4051.701755488649,1222.6617438877358
1,All Population,1,Deaths,164,Nepal,3,Both,22,All ages,320,Paratyphoid fever,1,Number,2005,500.8602304813552,961.2756943849807,226.03412604875533
1,All Population,1,Deaths,164,Nepal,3,Both,22,All ages,321,Other intestinal infectious diseases,1,Number,2005,2.846161586170165,4.7621876762130375,1.6977500883347745
1,All Population,1,Deaths,164,Nepal,3,Both,22,All ages,322,Lower respiratory infections,1,Number,2005,13885.790786502645,16977.448951490653,11349.759498922087
1,All Population,1,Deaths,164,Nepal,3,Both,22,All ages,328,Upper respiratory infections,1,Number,2005,78.24973853287507,213.18841172279176,2.646781453594834
1,All Population,1,Deaths,164,Nepal,3,Both,22,All ages,329,Otitis media,1,Number,2005,4.409830617115272,13.225380797211018,0.8549239025461978
1,All Population,1,Deaths,164,Nepal,3,Both,22,All ages,945,Conflict and terrorism,1,Number,2003,1731.9867673558406,1766.792668089715,1698.9027887139555
1,All Population,1,Deaths,164,Nepal,3,Both,22,All ages,946,Multidrug-resistant tuberculosis without extensive drug resistance,1,Number,2003,744.7008221534031,1599.748744131832,268.19961498588
1,All Population,1,Deaths,164,Nepal,3,Both,22,All ages,947,Extensively drug-resistant tuberculosis,1,Number,2003,13.28029966849222,29.419332275496227,4.4785295849985856
1,All Population,1,Deaths,164,Nepal,3,Both,22,All ages,948,HIV/AIDS - Drug-susceptible Tuberculosis,1,Number,2003,259.9699475982417,400.32638859311834,138.28294507052956
1,All Population,1,Deaths,164,Nepal,3,Both,22,All ages,949,HIV/AIDS - Multidrug-resistant Tuberculosis without extensive drug resistance,1,Number,2003,30.12084252575977,70.916314189656,9.850290791034466
1,All Population,1,Deaths,164,Nepal,3,Both,22,All ages,950,HIV/AIDS - Extensively drug-resistant Tuberculosis,1,Number,2003,0.5371811410705495,1.267740208154271,0.17024009232987836
1,All Population,1,Deaths,164,Nepal,3,Both,22,All ages,959,Invasive Non-typhoidal Salmonella (iNTS),1,Number,2003,79.38012974574809,112.33894971737796,51.981843112514774
1,All Population,1,Deaths,164,Nepal,3,Both,22,All ages,964,"Myelodysplastic, myeloproliferative, and other hematopoietic neoplasms",1,Number,2003,8.699967909835111,17.248923237440412,3.084822636526557
1,All Population,1,Deaths,164,Nepal,3,Both,22,All ages,968,Non-rheumatic calcific aortic valve disease,1,Number,2003,68.9813898040952,109.31138300784941,40.731551967883576
1,All Population,1,Deaths,164,Nepal,3,Both,22,All ages,969,Non-rheumatic degenerative mitral valve disease,1,Number,2003,43.71381886794998,73.32303974157672,24.393511623845136
1,All Population,1,Deaths,164,Nepal,3,Both,22,All ages,970,Other non-rheumatic valve diseases,1,Number,2003,0.9522935763067287,2.121147403664471,0.41204384637351366
1,All Population,1,Deaths,164,Nepal,3,Both,22,All ages,971,Nonalcoholic fatty liver disease including cirrhosis,1,Number,2003,76.83295634943411,125.44873600215041,39.28723794200914
1,All Population,1,Deaths,164,Nepal,3,Both,22,All ages,975,Diabetes mellitus type 1,1,Number,2003,183.24651236896085,289.19722944595503,113.06313706959048
1,All Population,1,Deaths,164,Nepal,3,Both,22,All ages,976,Diabetes mellitus type 2,1,Number,2003,2905.0372882021347,3856.280411068885,2020.1807914043502
1,All Population,1,Deaths,164,Nepal,3,Both,22,All ages,725,Physical violence by firearm,1,Number,2003,40.71264503068912,76.94338745125866,20.07935424281963
1,All Population,1,Deaths,164,Nepal,3,Both,22,All ages,726,Physical violence by sharp object,1,Number,2003,33.14358638853529,59.381374744764344,12.801395731762186
1,All Population,1,Deaths,164,Nepal,3,Both,22,All ages,727,Physical violence by other means,1,Number,2003,476.26352334159077,557.4894707503596,401.4424644520811
1,All Population,1,Deaths,164,Nepal,3,Both,22,All ages,729,Exposure to forces of nature,1,Number,2003,238.98634261189827,262.72301505767916,217.6080298079355
1,All Population,1,Deaths,164,Nepal,3,Both,22,All ages,741,Maternal deaths aggravated by HIV/AIDS,1,Number,2003,0.6293766566523066,1.0732573691354166,0.3213733838762763
1,All Population,1,Deaths,164,Nepal,3,Both,22,All ages,842,Environmental heat and cold exposure,1,Number,2003,80.72824539085812,162.60134844066425,31.50746811786347
1,All Population,1,Deaths,164,Nepal,3,Both,22,All ages,843,Ebola,1,Number,2003,0.0,0.0,0.0
1,All Population,1,Deaths,164,Nepal,3,Both,22,All ages,845,Acute lymphoid leukemia,1,Number,2003,193.5062733483947,324.93908338478906,119.66093502633576
1,All Population,1,Deaths,164,Nepal,3,Both,22,All ages,846,Chronic lymphoid leukemia,1,Number,2003,12.772820137495838,22.331744014768805,4.723115448301117
1,All Population,1,Deaths,164,Nepal,3,Both,22,All ages,847,Acute myeloid leukemia,1,Number,2003,112.00049137949404,217.83288271819453,54.77888813965712
1,All Population,1,Deaths,164,Nepal,3,Both,22,All ages,848,Chronic myeloid leukemia,1,Number,2003,91.98665391036322,150.5596160563627,37.58049551844236
1,All Population,1,Deaths,164,Nepal,3,Both,22,All ages,849,Non-melanoma skin cancer (squamous-cell carcinoma),1,Number,2003,39.04024932580487,55.287393534038195,24.762183610379598
1,All Population,1,Deaths,164,Nepal,3,Both,22,All ages,854,Police conflict and executions,1,Number,2003,0.05539345226908919,0.11820746776806333,0.026087581697649707
1,All Population,1,Deaths,164,Nepal,3,Both,22,All ages,934,Drug-susceptible tuberculosis,1,Number,2003,7933.351894778697,10557.122658804965,5583.717917412857
1,All Population,1,Deaths,164,Nepal,3,Both,22,All ages,935,Zika virus,1,Number,2003,0.0,0.0,0.0
1,All Population,1,Deaths,164,Nepal,3,Both,22,All ages,938,Alcoholic cardiomyopathy,1,Number,2003,33.59525910798359,98.54098399578396,6.029881507946148
1,All Population,1,Deaths,164,Nepal,3,Both,22,All ages,332,Meningitis,1,Number,2005,1144.5240887772854,1577.5129138273041,854.787078272657
1,All Population,1,Deaths,164,Nepal,3,Both,22,All ages,337,Encephalitis,1,Number,2005,580.7653212693112,1160.1539125155596,172.1456510880074
1,All Population,1,Deaths,164,Nepal,3,Both,22,All ages,338,Diphtheria,1,Number,2005,13.248338913531347,22.247615656319088,7.3600266626414195
1,All Population,1,Deaths,164,Nepal,3,Both,22,All ages,339,Pertussis,1,Number,2005,754.1897347990118,2373.5987425251087,71.11179331162354
1,All Population,1,Deaths,164,Nepal,3,Both,22,All ages,340,Tetanus,1,Number,2005,807.5345680717785,1252.6350330048783,467.57552736898293
1,All Population,1,Deaths,164,Nepal,3,Both,22,All ages,341,Measles,1,Number,2005,2238.1909971095383,4033.6471721256253,909.0563247727683
1,All Population,1,Deaths,164,Nepal,3,Both,22,All ages,342,Varicella and herpes zoster,1,Number,2005,77.25329636535365,104.97152366420727,54.22615440114361
1,All Population,1,Deaths,164,Nepal,3,Both,22,All ages,345,Malaria,1,Number,2005,89.19960377679719,150.8328411905252,51.293367358439795
1,All Population,1,Deaths,164,Nepal,3,Both,22,All ages,346,Chagas disease,1,Number,2005,0.0,0.0,0.0
1,All Population,1,Deaths,164,Nepal,3,Both,22,All ages,348,Visceral leishmaniasis,1,Number,2005,225.83545473081736,736.8931203045714,0.05947997911396131
1,All Population,1,Deaths,164,Nepal,3,Both,22,All ages,350,African trypanosomiasis,1,Number,2005,0.0,0.0,0.0
1,All Population,1,Deaths,164,Nepal,3,Both,22,All ages,351,Schistosomiasis,1,Number,2005,0.0,0.0,0.0
1,All Population,1,Deaths,164,Nepal,3,Both,22,All ages,352,Cysticercosis,1,Number,2005,2.426006739399193,3.655261104012907,1.3328456362399124
1,All Population,1,Deaths,164,Nepal,3,Both,22,All ages,507,Other cardiovascular and circulatory diseases,1,Number,2005,375.6846058345499,563.5575851352276,238.22730724588553
1,All Population,1,Deaths,164,Nepal,3,Both,22,All ages,509,Chronic obstructive pulmonary disease,1,Number,2005,13949.756344287023,17580.55057889036,10979.13454678112
1,All Population,1,Deaths,164,Nepal,3,Both,22,All ages,940,Electrocution,1,Number,2003,53.82643771582842,109.79631147415958,19.41042207492521
1,All Population,1,Deaths,164,Nepal,3,Both,22,All ages,942,Myocarditis,1,Number,2003,97.4571962097049,191.12824366304002,41.8895132392459
1,All Population,1,Deaths,164,Nepal,3,Both,22,All ages,943,Other leukemia,1,Number,2003,104.22728133284323,165.77833283368574,59.43735576714757
1,All Population,1,Deaths,164,Nepal,3,Both,22,All ages,944,Other cardiomyopathy,1,Number,2003,678.6843734861383,1312.0526147758515,284.2238950189063
1,All Population,1,Deaths,164,Nepal,3,Both,22,All ages,300,HIV/AIDS resulting in other diseases,1,Number,2007,1084.752996268116,1903.708317719033,499.76341555690885
1,All Population,1,Deaths,164,Nepal,3,Both,22,All ages,468,Testicular cancer,1,Number,2007,15.752552774255411,28.33681491412429,8.256492170780628
1,All Population,1,Deaths,164,Nepal,3,Both,22,All ages,471,Kidney cancer,1,Number,2007,86.06682541503271,137.14587808360525,50.08651760641201
1,All Population,1,Deaths,164,Nepal,3,Both,22,All ages,474,Bladder cancer,1,Number,2007,124.49908864531115,202.9927523907305,77.9439080865934
1,All Population,1,Deaths,164,Nepal,3,Both,22,All ages,477,Brain and central nervous system cancer,1,Number,2007,284.3669737811219,383.7355018018072,193.90785518768936
1,All Population,1,Deaths,164,Nepal,3,Both,22,All ages,480,Thyroid cancer,1,Number,2007,76.95361782823248,105.33091340944081,57.25552472029683
1,All Population,1,Deaths,164,Nepal,3,Both,22,All ages,511,Silicosis,1,Number,2005,5.876285168462896,15.691821134614203,1.3793078917334063
1,All Population,1,Deaths,164,Nepal,3,Both,22,All ages,512,Asbestosis,1,Number,2005,1.2214340320738564,3.8000416429281545,0.25770156866892147
1,All Population,1,Deaths,164,Nepal,3,Both,22,All ages,513,Coal workers pneumoconiosis,1,Number,2005,1.71216512951904,5.108385567900499,0.2803849951684175
1,All Population,1,Deaths,164,Nepal,3,Both,22,All ages,514,Other pneumoconiosis,1,Number,2005,3.1851419078948138,7.563423442789969,0.7076955037129812
1,All Population,1,Deaths,164,Nepal,3,Both,22,All ages,515,Asthma,1,Number,2005,2817.7048956439194,5110.374752972372,1381.3929645917294
1,All Population,1,Deaths,164,Nepal,3,Both,22,All ages,516,Interstitial lung disease and pulmonary sarcoidosis,1,Number,2005,327.5358008246435,1046.836575341189,146.64320435454158
1,All Population,1,Deaths,164,Nepal,3,Both,22,All ages,520,Other chronic respiratory diseases,1,Number,2005,313.4107499355108,575.6685716018948,181.88695975774715
1,All Population,1,Deaths,164,Nepal,3,Both,22,All ages,522,Chronic hepatitis B including cirrhosis,1,Number,2005,1911.6776493622954,2798.5600287157863,1074.5204459775366
1,All Population,1,Deaths,164,Nepal,3,Both,22,All ages,523,Chronic hepatitis C including cirrhosis,1,Number,2005,538.5028726907024,835.938887926707,294.3981150331907
1,All Population,1,Deaths,164,Nepal,3,Both,22,All ages,524,Cirrhosis due to alcohol,1,Number,2005,1584.2506802938535,2388.2330303998856,881.0585798725343
1,All Population,1,Deaths,164,Nepal,3,Both,22,All ages,525,Cirrhosis due to other causes,1,Number,2005,671.4158949606407,1033.3689988606352,395.5057512178004
1,All Population,1,Deaths,164,Nepal,3,Both,22,All ages,527,Peptic ulcer disease,1,Number,2005,2382.736480587257,3905.3368606461754,1407.7123139578102
1,All Population,1,Deaths,164,Nepal,3,Both,22,All ages,528,Gastritis and duodenitis,1,Number,2005,197.15835281343706,384.3448086533848,68.99406604786195
1,All Population,1,Deaths,164,Nepal,3,Both,22,All ages,529,Appendicitis,1,Number,2005,330.800678594635,677.4380679215219,103.90666751914037
1,All Population,1,Deaths,164,Nepal,3,Both,22,All ages,530,Paralytic ileus and intestinal obstruction,1,Number,2005,957.7887222251597,1504.6429652196682,586.8692557516454
1,All Population,1,Deaths,164,Nepal,3,Both,22,All ages,531,"Inguinal, femoral, and abdominal hernia",1,Number,2005,248.77188339074002,529.4520777998879,119.38371907297606
1,All Population,1,Deaths,164,Nepal,3,Both,22,All ages,483,Mesothelioma,1,Number,2007,9.925166837318548,13.821289350672659,6.500190394313816
1,All Population,1,Deaths,164,Nepal,3,Both,22,All ages,484,Hodgkin lymphoma,1,Number,2007,99.49911719594832,169.95239076708282,60.053623720212876
1,All Population,1,Deaths,164,Nepal,3,Both,22,All ages,486,Multiple myeloma,1,Number,2007,91.61686088953955,137.36564571543747,57.332939904120586
1,All Population,1,Deaths,164,Nepal,3,Both,22,All ages,489,Other malignant neoplasms,1,Number,2007,470.9776934822612,722.1559008341319,311.48081136171703
1,All Population,1,Deaths,164,Nepal,3,Both,22,All ages,492,Rheumatic heart disease,1,Number,2007,3743.873949962608,5945.039316712002,2169.7328297112363
1,All Population,1,Deaths,164,Nepal,3,Both,22,All ages,493,Ischemic heart disease,1,Number,2007,14744.060126200038,19094.06171624903,10813.98520657515
1,All Population,1,Deaths,164,Nepal,3,Both,22,All ages,495,Ischemic stroke,1,Number,2007,5166.223383081707,7504.148089961171,3211.5887917103464
1,All Population,1,Deaths,164,Nepal,3,Both,22,All ages,496,Intracerebral hemorrhage,1,Number,2007,6338.235650405426,9313.70689486789,4325.5148191847975
1,All Population,1,Deaths,164,Nepal,3,Both,22,All ages,497,Subarachnoid hemorrhage,1,Number,2007,526.2593331698224,1106.8710496322096,218.00513792577462
1,All Population,1,Deaths,164,Nepal,3,Both,22,All ages,498,Hypertensive heart disease,1,Number,2007,2166.4176536365057,3536.4817257135273,1320.0761436285193
1,All Population,1,Deaths,164,Nepal,3,Both,22,All ages,500,Atrial fibrillation and flutter,1,Number,2007,258.46595422963713,363.4503217165628,180.7313698031669
1,All Population,1,Deaths,164,Nepal,3,Both,22,All ages,501,Aortic aneurysm,1,Number,2007,91.67430831116097,187.46187806624098,53.2645460445081
1,All Population,1,Deaths,164,Nepal,3,Both,22,All ages,502,Lower extremity peripheral arterial disease,1,Number,2007,27.96131107081252,44.4083279076739,16.745795353144636
1,All Population,1,Deaths,164,Nepal,3,Both,22,All ages,503,Endocarditis,1,Number,2007,111.47541340360772,220.23441659323382,60.247277938118394
1,All Population,1,Deaths,164,Nepal,3,Both,22,All ages,697,Falls,1,Number,2005,2126.205365699877,2964.713425254369,1479.3265563736531
1,All Population,1,Deaths,164,Nepal,3,Both,22,All ages,698,Drowning,1,Number,2005,2081.805563467842,2998.5457751577082,1414.9588928284074
1,All Population,1,Deaths,164,Nepal,3,Both,22,All ages,699,"Fire, heat, and hot substances",1,Number,2005,495.72650745998845,784.2157308645537,323.5089667290079
1,All Population,1,Deaths,164,Nepal,3,Both,22,All ages,701,Poisoning by carbon monoxide,1,Number,2005,276.7433968814626,559.4427191141252,99.95119523586905
1,All Population,1,Deaths,164,Nepal,3,Both,22,All ages,703,Poisoning by other means,1,Number,2005,806.0150405438379,1298.3794514265594,439.4659836889891
1,All Population,1,Deaths,164,Nepal,3,Both,22,All ages,705,Unintentional firearm injuries,1,Number,2005,6.150255513608265,20.66856833050151,0.9382300369135795
1,All Population,1,Deaths,164,Nepal,3,Both,22,All ages,707,Other exposure to mechanical forces,1,Number,2005,308.63325213482096,556.6145987111893,145.25715299698163
1,All Population,1,Deaths,164,Nepal,3,Both,22,All ages,708,Adverse effects of medical treatment,1,Number,2005,737.1524669352892,1027.185547365145,529.3510661871181
1,All Population,1,Deaths,164,Nepal,3,Both,22,All ages,710,Venomous animal contact,1,Number,2005,644.3917728738021,1084.5559375644987,362.6022625464768
1,All Population,1,Deaths,164,Nepal,3,Both,22,All ages,711,Non-venomous animal contact,1,Number,2005,18.97539096318552,61.51873399305434,2.8709820980046805
1,All Population,1,Deaths,164,Nepal,3,Both,22,All ages,713,Pulmonary aspiration and foreign body in airway,1,Number,2005,41.57443046888711,81.46492901613499,8.378716475629611
1,All Population,1,Deaths,164,Nepal,3,Both,22,All ages,715,Foreign body in other body part,1,Number,2005,3.026774617907564,7.785055292346743,0.4471165626556689
1,All Population,1,Deaths,164,Nepal,3,Both,22,All ages,716,Other unintentional injuries,1,Number,2005,106.79689643241556,217.6812324554069,51.758396399127975
1,All Population,1,Deaths,164,Nepal,3,Both,22,All ages,402,Acute hepatitis B,1,Number,2004,66.72669662029038,273.6846598500462,7.94689351457906
1,All Population,1,Deaths,164,Nepal,3,Both,22,All ages,403,Acute hepatitis C,1,Number,2004,11.492754508951702,33.801648684136666,0.3427189883979251
1,All Population,1,Deaths,164,Nepal,3,Both,22,All ages,404,Acute hepatitis E,1,Number,2004,9.105652113481732,29.60464027654509,1.0862680734112247
1,All Population,1,Deaths,164,Nepal,3,Both,22,All ages,408,Other unspecified infectious diseases,1,Number,2004,632.2553985007329,1201.1468598462664,298.2147569321239
1,All Population,1,Deaths,164,Nepal,3,Both,22,All ages,411,Esophageal cancer,1,Number,2004,577.7432594595086,789.168607070644,338.89234681667335
1,All Population,1,Deaths,164,Nepal,3,Both,22,All ages,414,Stomach cancer,1,Number,2004,1072.659844268322,1596.7586704926734,668.5532646012964
1,All Population,1,Deaths,164,Nepal,3,Both,22,All ages,721,Self-harm by firearm,1,Number,2005,406.11586620749836,1040.1063842314948,150.52231704420467
1,All Population,1,Deaths,164,Nepal,3,Both,22,All ages,1059,Total Cancers excluding Non-melanoma skin cancer,1,Number,2005,9436.138468203451,10628.667641776032,8343.596939731782
1,All Population,1,Deaths,164,Nepal,3,Both,22,All ages,1160,Other direct maternal disorders,1,Number,2005,170.18340457863513,283.94910005281895,96.70130436306682
1,All Population,1,Deaths,164,Nepal,3,Both,22,All ages,1161,Other digestive diseases,1,Number,2005,482.76111407402755,815.3383804388031,223.96140982739556
1,All Population,1,Deaths,164,Nepal,3,Both,22,All ages,1163,Self-harm by other specified means,1,Number,2005,3017.5169109782187,3968.070008682773,2132.738715004923
1,All Population,1,Deaths,164,Nepal,3,Both,22,All ages,1164,Other benign and in situ neoplasms,1,Number,2005,63.38194392530895,103.1834338615505,34.27582666416026
1,All Population,1,Deaths,164,Nepal,3,Both,22,All ages,418,Liver cancer due to hepatitis B,1,Number,2004,69.79307970764017,118.6384880846199,39.55066369347938
1,All Population,1,Deaths,164,Nepal,3,Both,22,All ages,419,Liver cancer due to hepatitis C,1,Number,2004,71.90457009222155,119.98859572415911,44.943257216316965
1,All Population,1,Deaths,164,Nepal,3,Both,22,All ages,420,Liver cancer due to alcohol use,1,Number,2004,62.890938733784225,110.78008023894408,37.86045431735667
1,All Population,1,Deaths,164,Nepal,3,Both,22,All ages,421,Liver cancer due to other causes,1,Number,2004,8.354863689344498,13.02814192170464,4.85239534163182
1,All Population,1,Deaths,164,Nepal,3,Both,22,All ages,423,Larynx cancer,1,Number,2004,293.6092691323317,428.13878034505643,159.1500886123898
1,All Population,1,Deaths,164,Nepal,3,Both,22,All ages,426,"Tracheal, bronchus, and lung cancer",1,Number,2004,902.3072001479263,1271.6486522203097,636.6619551609888
1,All Population,1,Deaths,164,Nepal,3,Both,22,All ages,429,Breast cancer,1,Number,2004,617.2521717455679,895.2857433766869,400.72925607553304
1,All Population,1,Deaths,164,Nepal,3,Both,22,All ages,432,Cervical cancer,1,Number,2004,841.1885812093935,1349.2442770922726,469.4868022876962
1,All Population,1,Deaths,164,Nepal,3,Both,22,All ages,435,Uterine cancer,1,Number,2004,56.72903931175793,102.66123484022884,24.285592652584743
1,All Population,1,Deaths,164,Nepal,3,Both,22,All ages,438,Prostate cancer,1,Number,2004,284.4772128888653,404.66594335398645,189.74170549430457
1,All Population,1,Deaths,164,Nepal,3,Both,22,All ages,441,Colon and rectum cancer,1,Number,2004,443.17357252279197,593.2117944083421,313.8067120956002
1,All Population,1,Deaths,164,Nepal,3,Both,22,All ages,444,Lip and oral cavity cancer,1,Number,2004,602.829078154249,826.2748649983727,427.75626528080807
1,All Population,1,Deaths,164,Nepal,3,Both,22,All ages,447,Nasopharynx cancer,1,Number,2004,129.96997992635556,170.62482178168128,94.28968061364047
1,All Population,1,Deaths,164,Nepal,3,Both,22,All ages,450,Other pharynx cancer,1,Number,2004,364.2982268234528,541.682422124305,245.46894008708097
1,All Population,1,Deaths,164,Nepal,3,Both,22,All ages,453,Gallbladder and biliary tract cancer,1,Number,2004,262.52328611327596,377.8742304028275,180.04468179170752
1,All Population,1,Deaths,164,Nepal,3,Both,22,All ages,456,Pancreatic cancer,1,Number,2004,140.65687791350842,193.17949668157064,98.82933597795794
1,All Population,1,Deaths,164,Nepal,3,Both,22,All ages,459,Malignant skin melanoma,1,Number,2004,11.551788050568145,18.422320354081528,7.296001059822157
1,All Population,1,Deaths,164,Nepal,3,Both,22,All ages,465,Ovarian cancer,1,Number,2004,228.6304063429781,405.06886718261165,138.2910348944105
1,All Population,1,Deaths,164,Nepal,3,Both,22,All ages,592,Chronic kidney disease due to glomerulonephritis,1,Number,2004,233.51040255895197,325.35000394972155,162.37399612494463
1,All Population,1,Deaths,164,Nepal,3,Both,22,All ages,593,Chronic kidney disease due to other and unspecified causes,1,Number,2004,745.291692946269,1015.7177949922967,500.1980767542033
1,All Population,1,Deaths,164,Nepal,3,Both,22,All ages,595,Urinary tract infections and interstitial nephritis,1,Number,2004,289.845796783242,396.10198159898914,201.30087654583318
1,All Population,1,Deaths,164,Nepal,3,Both,22,All ages,353,Cystic echinococcosis,1,Number,2004,31.908079627346158,40.80492797613396,24.221261202544387
1,All Population,1,Deaths,164,Nepal,3,Both,22,All ages,357,Dengue,1,Number,2004,274.79345871901035,680.2712784436646,75.76209280496728
1,All Population,1,Deaths,164,Nepal,3,Both,22,All ages,358,Yellow fever,1,Number,2004,0.0,0.0,0.0
1,All Population,1,Deaths,164,Nepal,3,Both,22,All ages,359,Rabies,1,Number,2004,601.051200664847,1376.368457707859,190.26307077890115
1,All Population,1,Deaths,164,Nepal,3,Both,22,All ages,361,Ascariasis,1,Number,2004,5.5617450481193575,8.125224401907003,3.2466166522936786
1,All Population,1,Deaths,164,Nepal,3,Both,22,All ages,365,Other neglected tropical diseases,1,Number,2004,37.01881413913645,68.5666323224895,15.112406936747334
1,All Population,1,Deaths,164,Nepal,3,Both,22,All ages,643,Congenital heart anomalies,1,Number,2007,1389.2393281657114,1907.2290832112444,901.1117504745653
1,All Population,1,Deaths,164,Nepal,3,Both,22,All ages,644,Orofacial clefts,1,Number,2007,39.2636050595901,125.07989880277327,4.103806075183527
1,All Population,1,Deaths,164,Nepal,3,Both,22,All ages,645,Down syndrome,1,Number,2007,41.943216582183666,84.57869392531414,15.685136148506368
1,All Population,1,Deaths,164,Nepal,3,Both,22,All ages,648,Other chromosomal abnormalities,1,Number,2007,36.14621610748431,65.4351432682629,13.547373209148835
1,All Population,1,Deaths,164,Nepal,3,Both,22,All ages,649,Congenital musculoskeletal and limb anomalies,1,Number,2007,32.817369309297284,61.94759452300733,14.14655255007695
1,All Population,1,Deaths,164,Nepal,3,Both,22,All ages,650,Urogenital congenital anomalies,1,Number,2007,41.00938494849456,105.09523099802414,13.156261491550124
1,All Population,1,Deaths,164,Nepal,3,Both,22,All ages,651,Digestive congenital anomalies,1,Number,2007,238.57323129549943,498.0147814915025,92.81506652742773
1,All Population,1,Deaths,164,Nepal,3,Both,22,All ages,652,Other congenital birth defects,1,Number,2007,3.183991626627497,11.655542953683494,0.6533017340362253
1,All Population,1,Deaths,164,Nepal,3,Both,22,All ages,656,Cellulitis,1,Number,2007,0.30823758169749704,0.8913181471296833,0.060880304229521766
1,All Population,1,Deaths,164,Nepal,3,Both,22,All ages,657,Pyoderma,1,Number,2007,0.6840369322060644,1.4163563473712621,0.22022897721920295
1,All Population,1,Deaths,164,Nepal,3,Both,22,All ages,665,Decubitus ulcer,1,Number,2007,1.6125519293726438,2.5452264746340316,0.9962237685041437
1,All Population,1,Deaths,164,Nepal,3,Both,22,All ages,668,Other skin and subcutaneous diseases,1,Number,2007,1.6126386357989986,2.8874283469551396,0.7153316654682953
1,All Population,1,Deaths,164,Nepal,3,Both,22,All ages,686,Sudden infant death syndrome,1,Number,2007,332.15884635940785,526.4406733337888,192.26665173357827
1,All Population,1,Deaths,164,Nepal,3,Both,22,All ages,690,Pedestrian road injuries,1,Number,2007,777.7841947220713,1109.7763880925459,514.9721786950284
1,All Population,1,Deaths,164,Nepal,3,Both,22,All ages,691,Cyclist road injuries,1,Number,2007,85.29663987809252,162.88250348443637,40.84271254564987
1,All Population,1,Deaths,164,Nepal,3,Both,22,All ages,692,Motorcyclist road injuries,1,Number,2007,409.7100248976205,689.3943519396194,225.5578426336032
1,All Population,1,Deaths,164,Nepal,3,Both,22,All ages,596,Urolithiasis,1,Number,2004,40.64686546333247,53.72494556261985,29.699683987724214
1,All Population,1,Deaths,164,Nepal,3,Both,22,All ages,602,Other urinary diseases,1,Number,2004,303.81656163882036,427.1688807907869,216.87331393992247
1,All Population,1,Deaths,164,Nepal,3,Both,22,All ages,604,Uterine fibroids,1,Number,2004,7.772000805782881,21.01597111340564,2.520017470516138
1,All Population,1,Deaths,164,Nepal,3,Both,22,All ages,607,Endometriosis,1,Number,2004,0.06434716300826855,0.4281673564430637,0.0015805409285041564
1,All Population,1,Deaths,164,Nepal,3,Both,22,All ages,608,Genital prolapse,1,Number,2004,1.1294983127792397,3.576646437779741,0.220392902786968
1,All Population,1,Deaths,164,Nepal,3,Both,22,All ages,612,Other gynecological diseases,1,Number,2004,14.24384300820463,33.16856960328294,4.728036789645005
1,All Population,1,Deaths,164,Nepal,3,Both,22,All ages,614,Thalassemias,1,Number,2004,81.63395607990955,137.60610036259828,51.93245544730891
1,All Population,1,Deaths,164,Nepal,3,Both,22,All ages,615,Sickle cell disorders,1,Number,2004,11.969670189268255,21.196590179578198,7.016585586924814
1,All Population,1,Deaths,164,Nepal,3,Both,22,All ages,616,G6PD deficiency,1,Number,2004,23.242320763885918,37.26835786793396,13.738529864937444
1,All Population,1,Deaths,164,Nepal,3,Both,22,All ages,618,Other hemoglobinopathies and hemolytic anemias,1,Number,2004,177.85333476418725,268.63237369957653,122.7250552216077
1,All Population,1,Deaths,164,Nepal,3,Both,22,All ages,625,"Other endocrine, metabolic, blood, and immune disorders",1,Number,2004,41.73154560057672,76.92953256696447,20.149524368026785
1,All Population,1,Deaths,164,Nepal,3,Both,22,All ages,627,Rheumatoid arthritis,1,Number,2004,84.74444885128678,137.62162466781476,39.03242369331141
1,All Population,1,Deaths,164,Nepal,3,Both,22,All ages,639,Other musculoskeletal disorders,1,Number,2004,127.36092417649328,201.22569446004408,72.15470287181334
1,All Population,1,Deaths,164,Nepal,3,Both,22,All ages,642,Neural tube defects,1,Number,2004,257.38877069341066,498.78220807639644,104.79316752175265
1,All Population,1,Deaths,164,Nepal,3,Both,22,All ages,367,Maternal hemorrhage,1,Number,2004,873.0669670863023,1201.51476105631,576.8429494642307
1,All Population,1,Deaths,164,Nepal,3,Both,22,All ages,368,Maternal sepsis and other maternal infections,1,Number,2004,76.60468046298415,116.8171399067244,44.75059971493197
1,All Population,1,Deaths,164,Nepal,3,Both,22,All ages,369,Maternal hypertensive disorders,1,Number,2004,199.37832484513535,287.41079939779405,124.22544790661915
1,All Population,1,Deaths,164,Nepal,3,Both,22,All ages,370,Maternal obstructed labor and uterine rupture,1,Number,2004,107.49812376328943,179.91707984346561,56.927574215394955
1,All Population,1,Deaths,164,Nepal,3,Both,22,All ages,374,Ectopic pregnancy,1,Number,2004,0.28979534334027013,0.4636170336681776,0.16672043051391078
1,All Population,1,Deaths,164,Nepal,3,Both,22,All ages,375,Indirect maternal deaths,1,Number,2004,125.78029120903295,200.50279035271797,67.36212134230892
1,All Population,1,Deaths,164,Nepal,3,Both,22,All ages,376,Late maternal deaths,1,Number,2004,28.38131312073091,40.9241357320165,17.171294408574504
1,All Population,1,Deaths,164,Nepal,3,Both,22,All ages,381,Neonatal preterm birth,1,Number,2004,3458.461051513829,4916.219974327932,2382.813867905718
1,All Population,1,Deaths,164,Nepal,3,Both,22,All ages,382,Neonatal encephalopathy due to birth asphyxia and trauma,1,Number,2004,7087.019444992243,8864.164919682828,5221.6133040703135
1,All Population,1,Deaths,164,Nepal,3,Both,22,All ages,383,Neonatal sepsis and other neonatal infections,1,Number,2004,2511.483051021849,4155.027481752471,1213.4972143276073
1,All Population,1,Deaths,164,Nepal,3,Both,22,All ages,384,Hemolytic disease and other neonatal jaundice,1,Number,2004,1411.8113047147092,2939.7932362421525,677.3521280526094
1,All Population,1,Deaths,164,Nepal,3,Both,22,All ages,385,Other neonatal disorders,1,Number,2004,2019.6593540192075,3247.5901457980776,1155.0870326999561
1,All Population,1,Deaths,164,Nepal,3,Both,22,All ages,387,Protein-energy malnutrition,1,Number,2004,2377.2034447477977,3005.7874009013594,1772.5341579231433
1,All Population,1,Deaths,164,Nepal,3,Both,22,All ages,391,Other nutritional deficiencies,1,Number,2004,508.3680940108096,737.1469569967597,313.7539460541369
1,All Population,1,Deaths,164,Nepal,3,Both,22,All ages,394,Syphilis,1,Number,2004,523.9084838632936,1070.741369371697,185.7993865612772
1,All Population,1,Deaths,164,Nepal,3,Both,22,All ages,395,Chlamydial infection,1,Number,2004,7.114084927779281,13.869159589566092,2.523940697539145
1,All Population,1,Deaths,164,Nepal,3,Both,22,All ages,396,Gonococcal infection,1,Number,2004,2.373568800368424,4.406435180395843,0.9191753281171998
1,All Population,1,Deaths,164,Nepal,3,Both,22,All ages,399,Other sexually transmitted infections,1,Number,2004,21.62980010442798,41.91542775233639,7.926158202895311
1,All Population,1,Deaths,164,Nepal,3,Both,22,All ages,401,Acute hepatitis A,1,Number,2004,995.5327468781704,1848.1273179594934,531.0811880197557
1,All Population,1,Deaths,164,Nepal,3,Both,22,All ages,533,Vascular intestinal disorders,1,Number,2004,119.68684480629828,214.94781500742513,62.76556398582896
1,All Population,1,Deaths,164,Nepal,3,Both,22,All ages,534,Gallbladder and biliary diseases,1,Number,2004,87.41119041602421,142.5593605895517,50.307736460338305
1,All Population,1,Deaths,164,Nepal,3,Both,22,All ages,535,Pancreatitis,1,Number,2004,449.10362357281207,728.7867519382058,256.35868287156615
1,All Population,1,Deaths,164,Nepal,3,Both,22,All ages,693,Motor vehicle road injuries,1,Number,2007,588.7673895578494,902.1591888366632,313.8181837901849
1,All Population,1,Deaths,164,Nepal,3,Both,22,All ages,694,Other road injuries,1,Number,2007,11.49523689306979,29.621287326305175,3.4512845979831455
1,All Population,1,Deaths,164,Nepal,3,Both,22,All ages,695,Other transport injuries,1,Number,2007,178.5191221142903,288.17183563428705,110.56288006811509
1,All Population,1,Deaths,164,Nepal,3,Both,22,All ages,995,Maternal abortion and miscarriage,1,Number,2007,70.71038837481684,119.86586109171736,39.711843538876956
1,All Population,1,Deaths,164,Nepal,3,Both,22,All ages,996,Liver cancer due to NASH,1,Number,2007,20.448434708523468,32.83156181377375,11.52422091782671
1,All Population,1,Deaths,164,Nepal,3,Both,22,All ages,997,Chronic kidney disease due to diabetes mellitus type 1,1,Number,2007,126.65603531947205,195.53607931995776,83.59792069171957
1,All Population,1,Deaths,164,Nepal,3,Both,22,All ages,998,Chronic kidney disease due to diabetes mellitus type 2,1,Number,2007,405.94097659943,579.1103078052663,280.1918627289221
1,All Population,1,Deaths,164,Nepal,3,Both,22,All ages,1004,Pulmonary Arterial Hypertension,1,Number,2007,80.34841775734483,131.10931620562368,42.62714960543877
1,All Population,1,Deaths,164,Nepal,3,Both,22,All ages,1005,Hepatoblastoma,1,Number,2007,3.198340336491424,5.1216358986681465,1.8467332988166865
1,All Population,1,Deaths,164,Nepal,3,Both,22,All ages,1006,Burkitt lymphoma,1,Number,2007,7.559421788411129,12.948200416919292,3.677527275571429
1,All Population,1,Deaths,164,Nepal,3,Both,22,All ages,1007,Other non-Hodgkin lymphoma,1,Number,2007,313.437124742808,421.05959769489294,226.8062181528281
1,All Population,1,Deaths,164,Nepal,3,Both,22,All ages,1009,Retinoblastoma,1,Number,2007,16.265363388363365,47.801024252987105,4.5169564052886635
1,All Population,1,Deaths,164,Nepal,3,Both,22,All ages,1010,Other eye cancers,1,Number,2007,5.300174927274476,11.506758170343996,2.4243770817531805
1,All Population,1,Deaths,164,Nepal,3,Both,22,All ages,1011,Soft tissue and other extraosseous sarcomas,1,Number,2007,97.5109629021104,178.58675275270605,60.213796811253594
1,All Population,1,Deaths,164,Nepal,3,Both,22,All ages,1012,Malignant neoplasm of bone and articular cartilage,1,Number,2007,162.2540937662597,260.78677278604033,92.49774766660565
1,All Population,1,Deaths,164,Nepal,3,Both,22,All ages,1013,Neuroblastoma and other peripheral nervous cell tumors,1,Number,2007,8.692018739744269,12.660766378729862,5.3498679455972695
1,All Population,1,Deaths,164,Nepal,3,Both,22,All ages,945,Conflict and terrorism,1,Number,2004,2455.994158178072,2472.8669461941713,2439.806303283511
1,All Population,1,Deaths,164,Nepal,3,Both,22,All ages,946,Multidrug-resistant tuberculosis without extensive drug resistance,1,Number,2004,728.7204219586448,1567.9098407616852,260.9206727414557
1,All Population,1,Deaths,164,Nepal,3,Both,22,All ages,947,Extensively drug-resistant tuberculosis,1,Number,2004,14.185157954118397,31.49682868538204,4.923581945179595
1,All Population,1,Deaths,164,Nepal,3,Both,22,All ages,948,HIV/AIDS - Drug-susceptible Tuberculosis,1,Number,2004,301.2112041254167,470.1385209819419,175.06644876898255
1,All Population,1,Deaths,164,Nepal,3,Both,22,All ages,949,HIV/AIDS - Multidrug-resistant Tuberculosis without extensive drug resistance,1,Number,2004,35.79847677393842,83.38240352942708,11.816079278209072
1,All Population,1,Deaths,164,Nepal,3,Both,22,All ages,950,HIV/AIDS - Extensively drug-resistant Tuberculosis,1,Number,2004,0.6967253799990507,1.5579922257007441,0.219005163479486
1,All Population,1,Deaths,164,Nepal,3,Both,22,All ages,959,Invasive Non-typhoidal Salmonella (iNTS),1,Number,2004,79.74414879573844,113.17583928507942,52.58051151591376
1,All Population,1,Deaths,164,Nepal,3,Both,22,All ages,964,"Myelodysplastic, myeloproliferative, and other hematopoietic neoplasms",1,Number,2004,9.060947315605642,18.10121462742574,3.3279464927045277
1,All Population,1,Deaths,164,Nepal,3,Both,22,All ages,968,Non-rheumatic calcific aortic valve disease,1,Number,2004,71.82549299337111,111.19540544101663,42.22012496720677
1,All Population,1,Deaths,164,Nepal,3,Both,22,All ages,969,Non-rheumatic degenerative mitral valve disease,1,Number,2004,44.80851699968729,74.93440623145104,24.209801910075512
1,All Population,1,Deaths,164,Nepal,3,Both,22,All ages,970,Other non-rheumatic valve diseases,1,Number,2004,0.9938205823163702,2.4004608919518953,0.43139278418703636
1,All Population,1,Deaths,164,Nepal,3,Both,22,All ages,971,Nonalcoholic fatty liver disease including cirrhosis,1,Number,2004,79.42068597984262,129.5020199947406,39.56753734731834
1,All Population,1,Deaths,164,Nepal,3,Both,22,All ages,543,Alzheimer's disease and other dementias,1,Number,2004,1022.7504167274743,2743.681407023578,230.29566984654963
1,All Population,1,Deaths,164,Nepal,3,Both,22,All ages,544,Parkinson's disease,1,Number,2004,351.3183842671568,454.1626698421303,270.65010551813424
1,All Population,1,Deaths,164,Nepal,3,Both,22,All ages,545,Idiopathic epilepsy,1,Number,2004,817.7113872825472,1118.0057714670231,594.1330284402809
1,All Population,1,Deaths,164,Nepal,3,Both,22,All ages,546,Multiple sclerosis,1,Number,2004,2.673937274967674,5.453427483100301,1.0203033195186746
1,All Population,1,Deaths,164,Nepal,3,Both,22,All ages,554,Motor neuron disease,1,Number,2004,2.9669259270907107,7.259139897889672,1.0204934289336716
1,All Population,1,Deaths,164,Nepal,3,Both,22,All ages,557,Other neurological disorders,1,Number,2004,8.87630992568464,15.748677658843384,4.281174577138496
1,All Population,1,Deaths,164,Nepal,3,Both,22,All ages,560,Alcohol use disorders,1,Number,2004,180.19958363469954,295.46131877355094,106.35272426360287
1,All Population,1,Deaths,164,Nepal,3,Both,22,All ages,562,Opioid use disorders,1,Number,2004,31.517062082385433,54.04489473546264,17.329400717950342
1,All Population,1,Deaths,164,Nepal,3,Both,22,All ages,563,Cocaine use disorders,1,Number,2004,6.0757234843597105,13.228491641261382,2.06380940780236
1,All Population,1,Deaths,164,Nepal,3,Both,22,All ages,564,Amphetamine use disorders,1,Number,2004,0.9175748268318743,2.8335156991163424,0.19969385385316474
1,All Population,1,Deaths,164,Nepal,3,Both,22,All ages,566,Other drug use disorders,1,Number,2004,8.196663870026562,13.822654459167563,3.7212396423186727
1,All Population,1,Deaths,164,Nepal,3,Both,22,All ages,573,Anorexia nervosa,1,Number,2004,0.010481900278835913,0.06617402611512507,0.0012130201936597696
1,All Population,1,Deaths,164,Nepal,3,Both,22,All ages,588,Acute glomerulonephritis,1,Number,2004,6.499517535737631,13.879563015922402,1.4532198758220027
1,All Population,1,Deaths,164,Nepal,3,Both,22,All ages,591,Chronic kidney disease due to hypertension,1,Number,2004,296.491412783291,452.38839357011653,197.07626213594838
1,All Population,1,Deaths,164,Nepal,3,Both,22,All ages,975,Diabetes mellitus type 1,1,Number,2004,186.87146803550743,290.27670421151504,115.3987758827052
1,All Population,1,Deaths,164,Nepal,3,Both,22,All ages,976,Diabetes mellitus type 2,1,Number,2004,3071.4047677706335,4000.7654217417926,2135.54700989528
1,All Population,1,Deaths,164,Nepal,3,Both,22,All ages,1024,Ulcerative colitis,1,Number,2007,67.30324757482757,115.48588401561298,37.1939053474588
1,All Population,1,Deaths,164,Nepal,3,Both,22,All ages,1025,Crohn's disease,1,Number,2007,11.965661531581079,26.441013196640583,4.773382530368766
1,All Population,1,Deaths,164,Nepal,3,Both,22,All ages,1026,Total burden related to hepatitis B,1,Number,2007,2090.4209619720746,3012.18901449317,1252.3967514320618
1,All Population,1,Deaths,164,Nepal,3,Both,22,All ages,1027,Total burden related to hepatitis C,1,Number,2007,641.6467049397353,957.629393259585,380.9002587417636
1,All Population,1,Deaths,164,Nepal,3,Both,22,All ages,1028,Total burden related to Non-alcoholic fatty liver disease (NAFLD),1,Number,2007,109.51012386544193,161.80830748347555,62.360842900186775
1,All Population,1,Deaths,164,Nepal,3,Both,22,All ages,1029,Total cancers,1,Number,2007,9679.26202440467,10975.077135865315,8620.920954642115
1,All Population,1,Deaths,164,Nepal,3,Both,22,All ages,1032,Thyroid diseases,1,Number,2007,11.748315362798435,21.46746247213941,6.110839635988682
1,All Population,1,Deaths,164,Nepal,3,Both,22,All ages,1048,COVID-19,1,Number,2007,0.0,0.0,0.0
1,All Population,1,Deaths,164,Nepal,3,Both,22,All ages,302,Diarrheal diseases,1,Number,2006,8172.904098192571,11106.583891510638,5680.7178207160405
1,All Population,1,Deaths,164,Nepal,3,Both,22,All ages,319,Typhoid fever,1,Number,2006,2382.11736215752,3832.209566094943,1241.9683427024772
1,All Population,1,Deaths,164,Nepal,3,Both,22,All ages,320,Paratyphoid fever,1,Number,2006,484.65072320368773,936.9794922011585,226.69348598934477
1,All Population,1,Deaths,164,Nepal,3,Both,22,All ages,321,Other intestinal infectious diseases,1,Number,2006,2.9165107125573777,4.945556619010856,1.6098421576404887
1,All Population,1,Deaths,164,Nepal,3,Both,22,All ages,322,Lower respiratory infections,1,Number,2006,13526.860205889816,16669.76843316364,11165.473664351184
1,All Population,1,Deaths,164,Nepal,3,Both,22,All ages,328,Upper respiratory infections,1,Number,2006,78.12613614037167,210.66330202840882,2.810719614759243
1,All Population,1,Deaths,164,Nepal,3,Both,22,All ages,329,Otitis media,1,Number,2006,4.271861900792438,13.02620643309952,0.9475768032731906
1,All Population,1,Deaths,164,Nepal,3,Both,22,All ages,402,Acute hepatitis B,1,Number,2005,70.51813765423724,300.2879471066823,9.643116883454326
1,All Population,1,Deaths,164,Nepal,3,Both,22,All ages,403,Acute hepatitis C,1,Number,2005,12.331797337781053,34.91255526283255,0.39039078050700665
1,All Population,1,Deaths,164,Nepal,3,Both,22,All ages,404,Acute hepatitis E,1,Number,2005,10.150555018245607,35.894759155503685,1.249321467726237
1,All Population,1,Deaths,164,Nepal,3,Both,22,All ages,408,Other unspecified infectious diseases,1,Number,2005,686.1009960583432,1319.2624740494502,334.90511166943423
1,All Population,1,Deaths,164,Nepal,3,Both,22,All ages,411,Esophageal cancer,1,Number,2005,592.537102846195,800.0230041090244,352.9909387878984
1,All Population,1,Deaths,164,Nepal,3,Both,22,All ages,414,Stomach cancer,1,Number,2005,1072.7372718855745,1582.6206228164356,675.426764551872
1,All Population,1,Deaths,164,Nepal,3,Both,22,All ages,725,Physical violence by firearm,1,Number,2004,43.18268212867562,80.00589396099808,22.986470757667053
1,All Population,1,Deaths,164,Nepal,3,Both,22,All ages,726,Physical violence by sharp object,1,Number,2004,35.310917732926015,63.69157299791922,13.248863228494738
1,All Population,1,Deaths,164,Nepal,3,Both,22,All ages,727,Physical violence by other means,1,Number,2004,495.06947163509466,575.5987162753255,421.62236450129
1,All Population,1,Deaths,164,Nepal,3,Both,22,All ages,729,Exposure to forces of nature,1,Number,2004,184.98942838159476,203.36300328732483,168.44136198522204
1,All Population,1,Deaths,164,Nepal,3,Both,22,All ages,741,Maternal deaths aggravated by HIV/AIDS,1,Number,2004,0.6566307924993983,1.095884454263983,0.3273181340579143
1,All Population,1,Deaths,164,Nepal,3,Both,22,All ages,842,Environmental heat and cold exposure,1,Number,2004,79.37873300578288,156.69025409881442,31.246787298349663
1,All Population,1,Deaths,164,Nepal,3,Both,22,All ages,843,Ebola,1,Number,2004,0.0,0.0,0.0
1,All Population,1,Deaths,164,Nepal,3,Both,22,All ages,845,Acute lymphoid leukemia,1,Number,2004,191.74572387969002,323.1874098155443,120.31644183100028
1,All Population,1,Deaths,164,Nepal,3,Both,22,All ages,846,Chronic lymphoid leukemia,1,Number,2004,12.997759523528625,22.522177338312275,4.729607015286151
1,All Population,1,Deaths,164,Nepal,3,Both,22,All ages,847,Acute myeloid leukemia,1,Number,2004,114.06314898033595,222.5209258199483,54.469852634659745
1,All Population,1,Deaths,164,Nepal,3,Both,22,All ages,848,Chronic myeloid leukemia,1,Number,2004,91.0221228112346,147.36671881569274,37.27947571242803
1,All Population,1,Deaths,164,Nepal,3,Both,22,All ages,849,Non-melanoma skin cancer (squamous-cell carcinoma),1,Number,2004,39.94412329642842,56.469010952190494,25.216893713469773
1,All Population,1,Deaths,164,Nepal,3,Both,22,All ages,854,Police conflict and executions,1,Number,2004,0.055303449570629326,0.11517059282422273,0.026146722952750338
1,All Population,1,Deaths,164,Nepal,3,Both,22,All ages,934,Drug-susceptible tuberculosis,1,Number,2004,7563.271522508753,9999.511642765096,5389.511613706975
1,All Population,1,Deaths,164,Nepal,3,Both,22,All ages,935,Zika virus,1,Number,2004,0.0,0.0,0.0
1,All Population,1,Deaths,164,Nepal,3,Both,22,All ages,938,Alcoholic cardiomyopathy,1,Number,2004,33.57636160621321,99.39543642983466,5.407048991874575
1,All Population,1,Deaths,164,Nepal,3,Both,22,All ages,353,Cystic echinococcosis,1,Number,2005,32.129303545132274,41.639431261189515,23.04765323447331
1,All Population,1,Deaths,164,Nepal,3,Both,22,All ages,357,Dengue,1,Number,2005,295.0009551912691,696.1910370851585,86.489140493106
1,All Population,1,Deaths,164,Nepal,3,Both,22,All ages,358,Yellow fever,1,Number,2005,0.0,0.0,0.0
1,All Population,1,Deaths,164,Nepal,3,Both,22,All ages,359,Rabies,1,Number,2005,608.6695680250754,1419.0653122634706,186.80732198350995
1,All Population,1,Deaths,164,Nepal,3,Both,22,All ages,361,Ascariasis,1,Number,2005,5.807427081951465,8.573884277144238,3.5420227848344017
1,All Population,1,Deaths,164,Nepal,3,Both,22,All ages,365,Other neglected tropical diseases,1,Number,2005,38.423708214367664,71.66089475785091,15.811559572426415
1,All Population,1,Deaths,164,Nepal,3,Both,22,All ages,940,Electrocution,1,Number,2004,50.48669627726426,97.63203204060589,20.328883384238914
1,All Population,1,Deaths,164,Nepal,3,Both,22,All ages,942,Myocarditis,1,Number,2004,94.43299728977627,182.79365122251477,39.2501158221787
1,All Population,1,Deaths,164,Nepal,3,Both,22,All ages,943,Other leukemia,1,Number,2004,106.86047841061603,166.9595382251292,62.23691695737008
1,All Population,1,Deaths,164,Nepal,3,Both,22,All ages,944,Other cardiomyopathy,1,Number,2004,696.9732839375117,1282.8089612203175,290.15813155097726
1,All Population,1,Deaths,164,Nepal,3,Both,22,All ages,332,Meningitis,1,Number,2006,1156.2385777836819,1601.5454612275803,850.8786057281167
1,All Population,1,Deaths,164,Nepal,3,Both,22,All ages,337,Encephalitis,1,Number,2006,561.2639155183786,1111.544434034212,169.8916228532565
1,All Population,1,Deaths,164,Nepal,3,Both,22,All ages,338,Diphtheria,1,Number,2006,11.77960568617093,19.64952446280949,6.998030604485763
1,All Population,1,Deaths,164,Nepal,3,Both,22,All ages,339,Pertussis,1,Number,2006,627.8788413843203,1794.6144579605696,67.56513759033538
1,All Population,1,Deaths,164,Nepal,3,Both,22,All ages,340,Tetanus,1,Number,2006,707.8090997707976,1040.3464466145776,420.968118561748
1,All Population,1,Deaths,164,Nepal,3,Both,22,All ages,341,Measles,1,Number,2006,739.1976649823155,1492.323182589401,282.5862050450799
1,All Population,1,Deaths,164,Nepal,3,Both,22,All ages,342,Varicella and herpes zoster,1,Number,2006,78.59347576161501,104.50343104885984,57.8559591434661
1,All Population,1,Deaths,164,Nepal,3,Both,22,All ages,345,Malaria,1,Number,2006,123.2485164546132,212.36863713031968,63.618719748048534
1,All Population,1,Deaths,164,Nepal,3,Both,22,All ages,346,Chagas disease,1,Number,2006,0.0,0.0,0.0
1,All Population,1,Deaths,164,Nepal,3,Both,22,All ages,348,Visceral leishmaniasis,1,Number,2006,219.38652235123024,709.9863894271506,0.05619183026951258
1,All Population,1,Deaths,164,Nepal,3,Both,22,All ages,350,African trypanosomiasis,1,Number,2006,0.0,0.0,0.0
1,All Population,1,Deaths,164,Nepal,3,Both,22,All ages,351,Schistosomiasis,1,Number,2006,0.0,0.0,0.0
1,All Population,1,Deaths,164,Nepal,3,Both,22,All ages,352,Cysticercosis,1,Number,2006,2.3109770365964755,3.341113902857587,1.2416380524985535
1,All Population,1,Deaths,164,Nepal,3,Both,22,All ages,507,Other cardiovascular and circulatory diseases,1,Number,2006,384.15713575144844,583.7515264422996,239.29554630089225
1,All Population,1,Deaths,164,Nepal,3,Both,22,All ages,509,Chronic obstructive pulmonary disease,1,Number,2006,14290.14176762563,18133.05906377279,11400.094356451735
1,All Population,1,Deaths,164,Nepal,3,Both,22,All ages,418,Liver cancer due to hepatitis B,1,Number,2005,71.40918127532112,119.74114516360657,40.62892869217965
1,All Population,1,Deaths,164,Nepal,3,Both,22,All ages,419,Liver cancer due to hepatitis C,1,Number,2005,73.08429518929101,117.89311466230524,46.21354862070605
1,All Population,1,Deaths,164,Nepal,3,Both,22,All ages,420,Liver cancer due to alcohol use,1,Number,2005,64.25130738428695,109.19865375517456,37.19925214318672
1,All Population,1,Deaths,164,Nepal,3,Both,22,All ages,421,Liver cancer due to other causes,1,Number,2005,8.53167153999188,12.97540274923919,4.9987323880004935
1,All Population,1,Deaths,164,Nepal,3,Both,22,All ages,423,Larynx cancer,1,Number,2005,294.17183438099886,424.9521621567948,157.00443258231633
1,All Population,1,Deaths,164,Nepal,3,Both,22,All ages,426,"Tracheal, bronchus, and lung cancer",1,Number,2005,904.2428132617705,1283.1751562776728,646.9043372368076
1,All Population,1,Deaths,164,Nepal,3,Both,22,All ages,429,Breast cancer,1,Number,2005,632.1860802452198,911.1149715077959,409.6653374046434
1,All Population,1,Deaths,164,Nepal,3,Both,22,All ages,432,Cervical cancer,1,Number,2005,832.5697550040647,1302.5192821272965,479.16458730764003
1,All Population,1,Deaths,164,Nepal,3,Both,22,All ages,435,Uterine cancer,1,Number,2005,56.87883899321413,103.27439088016119,24.19070833208511
1,All Population,1,Deaths,164,Nepal,3,Both,22,All ages,438,Prostate cancer,1,Number,2005,287.39093672060693,401.74637306413126,185.61436275980697
1,All Population,1,Deaths,164,Nepal,3,Both,22,All ages,441,Colon and rectum cancer,1,Number,2005,450.37228523001465,597.7075276450304,323.3983698253304
1,All Population,1,Deaths,164,Nepal,3,Both,22,All ages,444,Lip and oral cavity cancer,1,Number,2005,608.3475739451827,847.4074881010027,432.19096479313407
1,All Population,1,Deaths,164,Nepal,3,Both,22,All ages,447,Nasopharynx cancer,1,Number,2005,130.95772202341297,171.13812521741553,95.17899166075965
1,All Population,1,Deaths,164,Nepal,3,Both,22,All ages,450,Other pharynx cancer,1,Number,2005,370.55487006308056,547.2171173383575,249.55130976616724
1,All Population,1,Deaths,164,Nepal,3,Both,22,All ages,453,Gallbladder and biliary tract cancer,1,Number,2005,266.30267291452253,370.4639916789599,186.2744064794001
1,All Population,1,Deaths,164,Nepal,3,Both,22,All ages,456,Pancreatic cancer,1,Number,2005,142.8869238477643,195.46752104378825,99.70853768025084
1,All Population,1,Deaths,164,Nepal,3,Both,22,All ages,459,Malignant skin melanoma,1,Number,2005,11.75995968398028,19.06227328110083,7.220306179244329
1,All Population,1,Deaths,164,Nepal,3,Both,22,All ages,465,Ovarian cancer,1,Number,2005,234.1367689293846,416.4198306826283,142.06415874073068
1,All Population,1,Deaths,164,Nepal,3,Both,22,All ages,592,Chronic kidney disease due to glomerulonephritis,1,Number,2005,237.25152644705858,337.6479237426082,159.9673995597473
1,All Population,1,Deaths,164,Nepal,3,Both,22,All ages,593,Chronic kidney disease due to other and unspecified causes,1,Number,2005,752.5649693688397,1024.0437951240042,489.90941151593756
1,All Population,1,Deaths,164,Nepal,3,Both,22,All ages,595,Urinary tract infections and interstitial nephritis,1,Number,2005,298.1920495515627,408.49995415488695,211.27513396704043
1,All Population,1,Deaths,164,Nepal,3,Both,22,All ages,367,Maternal hemorrhage,1,Number,2005,871.5296558922008,1250.3152266125476,596.951523090867
1,All Population,1,Deaths,164,Nepal,3,Both,22,All ages,368,Maternal sepsis and other maternal infections,1,Number,2005,74.18356840396542,112.80968536971461,43.89738864156677
1,All Population,1,Deaths,164,Nepal,3,Both,22,All ages,369,Maternal hypertensive disorders,1,Number,2005,222.25337069129793,320.1059610669853,139.223853853788
1,All Population,1,Deaths,164,Nepal,3,Both,22,All ages,370,Maternal obstructed labor and uterine rupture,1,Number,2005,108.16823495834592,183.26168248035017,57.646176590481836
1,All Population,1,Deaths,164,Nepal,3,Both,22,All ages,374,Ectopic pregnancy,1,Number,2005,0.32005816205768584,0.508317213291528,0.18618942251243775
1,All Population,1,Deaths,164,Nepal,3,Both,22,All ages,375,Indirect maternal deaths,1,Number,2005,0.3888928254773295,0.6338017022010782,0.20478407823157466
1,All Population,1,Deaths,164,Nepal,3,Both,22,All ages,376,Late maternal deaths,1,Number,2005,27.565087990526827,41.21868021276218,16.863515152931328
1,All Population,1,Deaths,164,Nepal,3,Both,22,All ages,381,Neonatal preterm birth,1,Number,2005,3252.7184196173043,4606.358407349894,2272.8891197602716
1,All Population,1,Deaths,164,Nepal,3,Both,22,All ages,382,Neonatal encephalopathy due to birth asphyxia and trauma,1,Number,2005,6842.272249409105,8509.054355259303,5154.285939015422
1,All Population,1,Deaths,164,Nepal,3,Both,22,All ages,383,Neonatal sepsis and other neonatal infections,1,Number,2005,2415.997774240414,4161.428324348545,1182.173921375906
1,All Population,1,Deaths,164,Nepal,3,Both,22,All ages,384,Hemolytic disease and other neonatal jaundice,1,Number,2005,1323.4304165939357,2701.9935757048975,634.3100090482412
1,All Population,1,Deaths,164,Nepal,3,Both,22,All ages,385,Other neonatal disorders,1,Number,2005,1900.866903731784,3135.799370214615,1070.1147265089814
1,All Population,1,Deaths,164,Nepal,3,Both,22,All ages,387,Protein-energy malnutrition,1,Number,2005,2394.5044590954517,2989.11222150754,1848.2830641460016
1,All Population,1,Deaths,164,Nepal,3,Both,22,All ages,391,Other nutritional deficiencies,1,Number,2005,504.92206407155504,719.5819752990452,324.91121079501755
1,All Population,1,Deaths,164,Nepal,3,Both,22,All ages,394,Syphilis,1,Number,2005,500.414829021103,1025.859424517197,175.56237332154333
1,All Population,1,Deaths,164,Nepal,3,Both,22,All ages,395,Chlamydial infection,1,Number,2005,6.947109035647077,13.723941043855232,2.432935290039529
1,All Population,1,Deaths,164,Nepal,3,Both,22,All ages,396,Gonococcal infection,1,Number,2005,2.307858797331663,4.26952242515723,0.9049564655877678
1,All Population,1,Deaths,164,Nepal,3,Both,22,All ages,399,Other sexually transmitted infections,1,Number,2005,21.10228294518432,41.625662861508395,7.484021131329164
1,All Population,1,Deaths,164,Nepal,3,Both,22,All ages,401,Acute hepatitis A,1,Number,2005,1036.4722011944966,1869.0999942102635,555.0753832895778
1,All Population,1,Deaths,164,Nepal,3,Both,22,All ages,533,Vascular intestinal disorders,1,Number,2005,121.93941072388613,215.78585028788422,63.644713476488285
1,All Population,1,Deaths,164,Nepal,3,Both,22,All ages,534,Gallbladder and biliary diseases,1,Number,2005,89.19053462948317,146.55316117182304,50.570957628291026
1,All Population,1,Deaths,164,Nepal,3,Both,22,All ages,535,Pancreatitis,1,Number,2005,450.63195420605746,739.3826115818932,252.05066875498233
1,All Population,1,Deaths,164,Nepal,3,Both,22,All ages,511,Silicosis,1,Number,2006,6.077409390866139,15.270950569058353,1.4390577252799885
1,All Population,1,Deaths,164,Nepal,3,Both,22,All ages,512,Asbestosis,1,Number,2006,1.3053182556898166,4.0598041570758285,0.28765881468116833
1,All Population,1,Deaths,164,Nepal,3,Both,22,All ages,513,Coal workers pneumoconiosis,1,Number,2006,1.7415403320986873,4.771870778461045,0.2852507292209694
1,All Population,1,Deaths,164,Nepal,3,Both,22,All ages,514,Other pneumoconiosis,1,Number,2006,3.3047864944744854,7.956220360886239,0.7657451971937614
1,All Population,1,Deaths,164,Nepal,3,Both,22,All ages,515,Asthma,1,Number,2006,2853.6962466889736,5021.180931515717,1418.4808378600653
1,All Population,1,Deaths,164,Nepal,3,Both,22,All ages,516,Interstitial lung disease and pulmonary sarcoidosis,1,Number,2006,343.36234270161793,1095.369392373506,153.7835486923916
1,All Population,1,Deaths,164,Nepal,3,Both,22,All ages,520,Other chronic respiratory diseases,1,Number,2006,323.58759062205104,603.88595722446,187.85390993220648
1,All Population,1,Deaths,164,Nepal,3,Both,22,All ages,522,Chronic hepatitis B including cirrhosis,1,Number,2006,1926.8231465173008,2856.827201859357,1104.2963529046524
1,All Population,1,Deaths,164,Nepal,3,Both,22,All ages,523,Chronic hepatitis C including cirrhosis,1,Number,2006,545.8228653916786,855.2077801895726,294.21957246924893
1,All Population,1,Deaths,164,Nepal,3,Both,22,All ages,524,Cirrhosis due to alcohol,1,Number,2006,1610.6375588630613,2414.73024877723,908.9094046407445
1,All Population,1,Deaths,164,Nepal,3,Both,22,All ages,525,Cirrhosis due to other causes,1,Number,2006,675.7551285228826,1059.7410497736573,393.96661440392614
1,All Population,1,Deaths,164,Nepal,3,Both,22,All ages,527,Peptic ulcer disease,1,Number,2006,2337.9526483010022,3768.666091100509,1357.3421045937268
1,All Population,1,Deaths,164,Nepal,3,Both,22,All ages,528,Gastritis and duodenitis,1,Number,2006,195.44581765519732,371.68769324982577,70.24332705094031
1,All Population,1,Deaths,164,Nepal,3,Both,22,All ages,529,Appendicitis,1,Number,2006,328.491384640659,662.1582781204147,100.21230784010335
1,All Population,1,Deaths,164,Nepal,3,Both,22,All ages,530,Paralytic ileus and intestinal obstruction,1,Number,2006,965.7231310905498,1493.4250323684512,590.2965488934085
1,All Population,1,Deaths,164,Nepal,3,Both,22,All ages,531,"Inguinal, femoral, and abdominal hernia",1,Number,2006,246.12752250571705,523.3701848884327,125.12033820746058
1,All Population,1,Deaths,164,Nepal,3,Both,22,All ages,543,Alzheimer's disease and other dementias,1,Number,2005,1066.8450304469384,2805.584589489573,243.7223562468874
1,All Population,1,Deaths,164,Nepal,3,Both,22,All ages,544,Parkinson's disease,1,Number,2005,361.5520213058294,461.9010681215181,271.96170154477164
1,All Population,1,Deaths,164,Nepal,3,Both,22,All ages,545,Idiopathic epilepsy,1,Number,2005,844.2712741550528,1138.3354804758785,619.6147299202572
1,All Population,1,Deaths,164,Nepal,3,Both,22,All ages,546,Multiple sclerosis,1,Number,2005,2.7599359225765165,6.050163227841933,1.1107336249201096
1,All Population,1,Deaths,164,Nepal,3,Both,22,All ages,554,Motor neuron disease,1,Number,2005,3.194257997794873,7.694447291036931,1.0991468937783087
1,All Population,1,Deaths,164,Nepal,3,Both,22,All ages,557,Other neurological disorders,1,Number,2005,9.597475791135595,17.512456321687537,4.618297445463753
1,All Population,1,Deaths,164,Nepal,3,Both,22,All ages,560,Alcohol use disorders,1,Number,2005,177.97403413963775,285.27259745357674,101.26904115680216
1,All Population,1,Deaths,164,Nepal,3,Both,22,All ages,562,Opioid use disorders,1,Number,2005,31.70136975912655,52.09112621150089,17.728720266426475
1,All Population,1,Deaths,164,Nepal,3,Both,22,All ages,563,Cocaine use disorders,1,Number,2005,6.1003863524380675,12.948413194118976,2.206247033840437
1,All Population,1,Deaths,164,Nepal,3,Both,22,All ages,564,Amphetamine use disorders,1,Number,2005,0.952914931718966,2.9448773204775036,0.2092586289514984
1,All Population,1,Deaths,164,Nepal,3,Both,22,All ages,566,Other drug use disorders,1,Number,2005,8.287326664160933,13.649732948819537,3.8298580755215923
1,All Population,1,Deaths,164,Nepal,3,Both,22,All ages,573,Anorexia nervosa,1,Number,2005,0.012052791941595914,0.08117777395310624,0.0014071125478135075
1,All Population,1,Deaths,164,Nepal,3,Both,22,All ages,588,Acute glomerulonephritis,1,Number,2005,6.42798394710193,13.538885425929578,1.5512444479400351
1,All Population,1,Deaths,164,Nepal,3,Both,22,All ages,591,Chronic kidney disease due to hypertension,1,Number,2005,298.2834018851076,453.0638867967385,192.24379881671027
1,All Population,1,Deaths,164,Nepal,3,Both,22,All ages,596,Urolithiasis,1,Number,2005,41.9916658027402,55.981156900545194,30.638066159919067
1,All Population,1,Deaths,164,Nepal,3,Both,22,All ages,602,Other urinary diseases,1,Number,2005,310.49729209027095,433.10667077809387,220.17563948276575
1,All Population,1,Deaths,164,Nepal,3,Both,22,All ages,604,Uterine fibroids,1,Number,2005,8.210903861172302,22.482285838532906,2.5366033989944405
1,All Population,1,Deaths,164,Nepal,3,Both,22,All ages,607,Endometriosis,1,Number,2005,0.07150822945703621,0.42673504246518407,0.0016971284013003265
1,All Population,1,Deaths,164,Nepal,3,Both,22,All ages,608,Genital prolapse,1,Number,2005,1.1913308627850903,3.6590140696510534,0.24348870506593037
1,All Population,1,Deaths,164,Nepal,3,Both,22,All ages,612,Other gynecological diseases,1,Number,2005,15.018745335377607,35.242513761280236,4.9608090653070676
1,All Population,1,Deaths,164,Nepal,3,Both,22,All ages,614,Thalassemias,1,Number,2005,83.12567134087801,138.96713927498118,53.39660318646923
1,All Population,1,Deaths,164,Nepal,3,Both,22,All ages,615,Sickle cell disorders,1,Number,2005,12.277350960931,21.384700238155958,7.195748607846725
1,All Population,1,Deaths,164,Nepal,3,Both,22,All ages,616,G6PD deficiency,1,Number,2005,23.10110516309632,37.47133171540074,14.155570127519143
1,All Population,1,Deaths,164,Nepal,3,Both,22,All ages,618,Other hemoglobinopathies and hemolytic anemias,1,Number,2005,171.55984651972582,262.78518792016337,117.9272691359419
1,All Population,1,Deaths,164,Nepal,3,Both,22,All ages,625,"Other endocrine, metabolic, blood, and immune disorders",1,Number,2005,42.11604803928442,71.59110250060351,21.267656284848872
1,All Population,1,Deaths,164,Nepal,3,Both,22,All ages,627,Rheumatoid arthritis,1,Number,2005,85.88167090841169,143.1110009935451,39.313924495165594
1,All Population,1,Deaths,164,Nepal,3,Both,22,All ages,639,Other musculoskeletal disorders,1,Number,2005,130.3919060950808,210.73078495421657,72.13678564463655
1,All Population,1,Deaths,164,Nepal,3,Both,22,All ages,642,Neural tube defects,1,Number,2005,253.10321706255246,477.0457862670815,104.7558109979612
1,All Population,1,Deaths,164,Nepal,3,Both,22,All ages,697,Falls,1,Number,2006,2152.2385215792333,2967.5284818359937,1498.5144353545343
1,All Population,1,Deaths,164,Nepal,3,Both,22,All ages,698,Drowning,1,Number,2006,2113.6847529963784,3006.6697068652356,1410.077493063638
1,All Population,1,Deaths,164,Nepal,3,Both,22,All ages,699,"Fire, heat, and hot substances",1,Number,2006,520.0838495012018,829.4229529384643,337.4570010304602
1,All Population,1,Deaths,164,Nepal,3,Both,22,All ages,701,Poisoning by carbon monoxide,1,Number,2006,277.36318295471096,560.7962060952187,95.49473514018185
1,All Population,1,Deaths,164,Nepal,3,Both,22,All ages,703,Poisoning by other means,1,Number,2006,797.5860183233278,1299.6863505122585,448.3507910660384
1,All Population,1,Deaths,164,Nepal,3,Both,22,All ages,705,Unintentional firearm injuries,1,Number,2006,5.662671091169024,17.90415271092062,0.9132178228220036
1,All Population,1,Deaths,164,Nepal,3,Both,22,All ages,707,Other exposure to mechanical forces,1,Number,2006,303.07309335980295,576.102398305949,150.72158847740596
1,All Population,1,Deaths,164,Nepal,3,Both,22,All ages,708,Adverse effects of medical treatment,1,Number,2006,736.9844357055965,1048.049412678577,514.1987140786696
1,All Population,1,Deaths,164,Nepal,3,Both,22,All ages,710,Venomous animal contact,1,Number,2006,650.3796752791138,1056.1714083441905,368.40828718695457
1,All Population,1,Deaths,164,Nepal,3,Both,22,All ages,711,Non-venomous animal contact,1,Number,2006,18.640785728036352,60.193862503260014,2.8290569252920856
1,All Population,1,Deaths,164,Nepal,3,Both,22,All ages,713,Pulmonary aspiration and foreign body in airway,1,Number,2006,41.88344358760721,81.45317580819808,8.361571614833705
1,All Population,1,Deaths,164,Nepal,3,Both,22,All ages,715,Foreign body in other body part,1,Number,2006,3.088073543296566,7.97171078477435,0.4593085891795821
1,All Population,1,Deaths,164,Nepal,3,Both,22,All ages,716,Other unintentional injuries,1,Number,2006,104.52333331541584,201.2554691256506,49.68744591678068
1,All Population,1,Deaths,164,Nepal,3,Both,22,All ages,725,Physical violence by firearm,1,Number,2005,45.45927455592897,82.77720575381049,23.68971995909173
1,All Population,1,Deaths,164,Nepal,3,Both,22,All ages,726,Physical violence by sharp object,1,Number,2005,37.35402734914106,64.96026704088798,14.810823335503317
1,All Population,1,Deaths,164,Nepal,3,Both,22,All ages,727,Physical violence by other means,1,Number,2005,518.0379042072545,605.0394202552603,444.62495134437944
1,All Population,1,Deaths,164,Nepal,3,Both,22,All ages,729,Exposure to forces of nature,1,Number,2005,68.99605707205428,75.84890392878602,62.82407555124498
1,All Population,1,Deaths,164,Nepal,3,Both,22,All ages,741,Maternal deaths aggravated by HIV/AIDS,1,Number,2005,0.6626428338744936,1.0683291022203916,0.32657623806216274
1,All Population,1,Deaths,164,Nepal,3,Both,22,All ages,842,Environmental heat and cold exposure,1,Number,2005,54.991851174594636,129.87446316264234,7.480768704161461
1,All Population,1,Deaths,164,Nepal,3,Both,22,All ages,843,Ebola,1,Number,2005,0.0,0.0,0.0
1,All Population,1,Deaths,164,Nepal,3,Both,22,All ages,845,Acute lymphoid leukemia,1,Number,2005,206.01267431433362,341.6185799012464,130.95474791356162
1,All Population,1,Deaths,164,Nepal,3,Both,22,All ages,846,Chronic lymphoid leukemia,1,Number,2005,13.29736646962511,22.851120156077624,4.728260264115346
1,All Population,1,Deaths,164,Nepal,3,Both,22,All ages,847,Acute myeloid leukemia,1,Number,2005,119.64215100189378,230.10984278020823,56.089356583656965
1,All Population,1,Deaths,164,Nepal,3,Both,22,All ages,848,Chronic myeloid leukemia,1,Number,2005,90.89239385933861,150.45557396441572,36.63368265644035
1,All Population,1,Deaths,164,Nepal,3,Both,22,All ages,849,Non-melanoma skin cancer (squamous-cell carcinoma),1,Number,2005,40.88252498489494,58.19522612313271,25.735719802038375
1,All Population,1,Deaths,164,Nepal,3,Both,22,All ages,854,Police conflict and executions,1,Number,2005,0.0580999962470736,0.11908164922586903,0.02694202112857507
1,All Population,1,Deaths,164,Nepal,3,Both,22,All ages,934,Drug-susceptible tuberculosis,1,Number,2005,7282.208154881002,9558.533572241131,5229.503622196995
1,All Population,1,Deaths,164,Nepal,3,Both,22,All ages,935,Zika virus,1,Number,2005,0.0,0.0,0.0
1,All Population,1,Deaths,164,Nepal,3,Both,22,All ages,938,Alcoholic cardiomyopathy,1,Number,2005,33.69015596010708,99.62840613995567,5.778698321577767
1,All Population,1,Deaths,164,Nepal,3,Both,22,All ages,945,Conflict and terrorism,1,Number,2005,1398.998715600115,1402.8267585373576,1395.3153128500996
1,All Population,1,Deaths,164,Nepal,3,Both,22,All ages,946,Multidrug-resistant tuberculosis without extensive drug resistance,1,Number,2005,718.0894789227493,1493.921564030414,259.07492692706376
1,All Population,1,Deaths,164,Nepal,3,Both,22,All ages,947,Extensively drug-resistant tuberculosis,1,Number,2005,15.151446026219757,33.27974411759656,5.218223741695562
1,All Population,1,Deaths,164,Nepal,3,Both,22,All ages,948,HIV/AIDS - Drug-susceptible Tuberculosis,1,Number,2005,335.88078474237534,518.2980530878974,196.23932359856434
1,All Population,1,Deaths,164,Nepal,3,Both,22,All ages,949,HIV/AIDS - Multidrug-resistant Tuberculosis without extensive drug resistance,1,Number,2005,40.8225258193046,92.97728954680365,13.315246326873403
1,All Population,1,Deaths,164,Nepal,3,Both,22,All ages,950,HIV/AIDS - Extensively drug-resistant Tuberculosis,1,Number,2005,0.8619584944477039,1.9021753190330692,0.26852458682746383
1,All Population,1,Deaths,164,Nepal,3,Both,22,All ages,959,Invasive Non-typhoidal Salmonella (iNTS),1,Number,2005,86.08796685695165,121.57947150054758,57.07688608853088
1,All Population,1,Deaths,164,Nepal,3,Both,22,All ages,964,"Myelodysplastic, myeloproliferative, and other hematopoietic neoplasms",1,Number,2005,9.504735331528247,18.58830054212349,3.6538172650201832
1,All Population,1,Deaths,164,Nepal,3,Both,22,All ages,968,Non-rheumatic calcific aortic valve disease,1,Number,2005,74.32052159520451,117.1327053269881,45.419052473958914
1,All Population,1,Deaths,164,Nepal,3,Both,22,All ages,969,Non-rheumatic degenerative mitral valve disease,1,Number,2005,45.54978336522263,76.28520989385513,23.50991794584513
1,All Population,1,Deaths,164,Nepal,3,Both,22,All ages,970,Other non-rheumatic valve diseases,1,Number,2005,1.0296584597337817,2.506348406827276,0.4277242737009211
1,All Population,1,Deaths,164,Nepal,3,Both,22,All ages,971,Nonalcoholic fatty liver disease including cirrhosis,1,Number,2005,82.26142090680769,131.66532068681371,40.25675422942931
1,All Population,1,Deaths,164,Nepal,3,Both,22,All ages,940,Electrocution,1,Number,2005,50.03838825835489,96.88534889106172,21.672036329469996
1,All Population,1,Deaths,164,Nepal,3,Both,22,All ages,942,Myocarditis,1,Number,2005,94.68172486265138,183.4545277147903,40.273097134874526
1,All Population,1,Deaths,164,Nepal,3,Both,22,All ages,943,Other leukemia,1,Number,2005,110.614307531013,171.9134708468457,64.37313405409442
1,All Population,1,Deaths,164,Nepal,3,Both,22,All ages,944,Other cardiomyopathy,1,Number,2005,716.0415932276034,1353.9772828260127,301.18906156164417
1,All Population,1,Deaths,164,Nepal,3,Both,22,All ages,721,Self-harm by firearm,1,Number,2006,412.5347683387292,1064.6220088233865,159.1023799868356
1,All Population,1,Deaths,164,Nepal,3,Both,22,All ages,1059,Total Cancers excluding Non-melanoma skin cancer,1,Number,2006,9531.891766060451,10865.191933347123,8466.159266515866
1,All Population,1,Deaths,164,Nepal,3,Both,22,All ages,1160,Other direct maternal disorders,1,Number,2006,137.83985631984788,221.1266746263965,79.40193212139049
1,All Population,1,Deaths,164,Nepal,3,Both,22,All ages,1161,Other digestive diseases,1,Number,2006,482.6223264323919,830.8244709670289,221.41864334653064
1,All Population,1,Deaths,164,Nepal,3,Both,22,All ages,1163,Self-harm by other specified means,1,Number,2006,3137.800122017986,4230.0876453918545,2200.0849518936234
1,All Population,1,Deaths,164,Nepal,3,Both,22,All ages,1164,Other benign and in situ neoplasms,1,Number,2006,64.52074593136298,104.84611764316034,33.9003367931905
1,All Population,1,Deaths,164,Nepal,3,Both,22,All ages,975,Diabetes mellitus type 1,1,Number,2005,192.91944854862487,291.0706320848688,120.75123573154613
1,All Population,1,Deaths,164,Nepal,3,Both,22,All ages,976,Diabetes mellitus type 2,1,Number,2005,3248.2471645568908,4235.108649087253,2264.7500658322897
1,All Population,1,Deaths,164,Nepal,3,Both,22,All ages,402,Acute hepatitis B,1,Number,2006,71.28522015909495,252.79433325688686,9.852041006248506
1,All Population,1,Deaths,164,Nepal,3,Both,22,All ages,403,Acute hepatitis C,1,Number,2006,12.83054804590354,35.96644036325915,0.4399684509376575
1,All Population,1,Deaths,164,Nepal,3,Both,22,All ages,404,Acute hepatitis E,1,Number,2006,10.610229561075949,39.77900975199242,1.4388360829175477
1,All Population,1,Deaths,164,Nepal,3,Both,22,All ages,408,Other unspecified infectious diseases,1,Number,2006,675.6194977557981,1326.3931775317612,323.46136006349445
1,All Population,1,Deaths,164,Nepal,3,Both,22,All ages,411,Esophageal cancer,1,Number,2006,604.8248989354483,810.6265123372218,363.43199689689277
1,All Population,1,Deaths,164,Nepal,3,Both,22,All ages,414,Stomach cancer,1,Number,2006,1064.9037420897087,1547.7028202781487,687.4611248237676
1,All Population,1,Deaths,164,Nepal,3,Both,22,All ages,418,Liver cancer due to hepatitis B,1,Number,2006,72.67854331710122,120.78224152350059,40.727514814339294
1,All Population,1,Deaths,164,Nepal,3,Both,22,All ages,419,Liver cancer due to hepatitis C,1,Number,2006,74.03792384006144,120.33051179654984,46.72920919546533
1,All Population,1,Deaths,164,Nepal,3,Both,22,All ages,420,Liver cancer due to alcohol use,1,Number,2006,65.2352264315219,108.46043071427958,36.207372563965585
1,All Population,1,Deaths,164,Nepal,3,Both,22,All ages,421,Liver cancer due to other causes,1,Number,2006,8.67967554970203,13.24560778775025,5.011338015142718
1,All Population,1,Deaths,164,Nepal,3,Both,22,All ages,423,Larynx cancer,1,Number,2006,292.6351532179743,421.77024260019755,155.02475738815602
1,All Population,1,Deaths,164,Nepal,3,Both,22,All ages,426,"Tracheal, bronchus, and lung cancer",1,Number,2006,897.1460193603302,1260.4459857004056,641.8147602935801
1,All Population,1,Deaths,164,Nepal,3,Both,22,All ages,429,Breast cancer,1,Number,2006,644.4767030007768,953.8162392195336,419.7934095843656
1,All Population,1,Deaths,164,Nepal,3,Both,22,All ages,432,Cervical cancer,1,Number,2006,823.0586139318713,1273.4285872977437,463.5769971670544
1,All Population,1,Deaths,164,Nepal,3,Both,22,All ages,435,Uterine cancer,1,Number,2006,57.05197564645784,101.80340765745572,23.960456183051104
1,All Population,1,Deaths,164,Nepal,3,Both,22,All ages,438,Prostate cancer,1,Number,2006,288.1016581121666,418.2904833017847,183.35950293075007
1,All Population,1,Deaths,164,Nepal,3,Both,22,All ages,441,Colon and rectum cancer,1,Number,2006,455.7779843359513,614.452631253084,329.1437865756321
1,All Population,1,Deaths,164,Nepal,3,Both,22,All ages,444,Lip and oral cavity cancer,1,Number,2006,611.208167517784,862.8184921037996,441.3274050356583
1,All Population,1,Deaths,164,Nepal,3,Both,22,All ages,447,Nasopharynx cancer,1,Number,2006,131.38423120515523,174.299677579219,96.50154172850998
1,All Population,1,Deaths,164,Nepal,3,Both,22,All ages,450,Other pharynx cancer,1,Number,2006,373.73177420856115,562.4580125269839,249.2603376478104
1,All Population,1,Deaths,164,Nepal,3,Both,22,All ages,453,Gallbladder and biliary tract cancer,1,Number,2006,268.898926444304,383.47354089696927,189.21218707384034
1,All Population,1,Deaths,164,Nepal,3,Both,22,All ages,456,Pancreatic cancer,1,Number,2006,144.51419452454874,195.6475673974611,101.72090188117137
1,All Population,1,Deaths,164,Nepal,3,Both,22,All ages,459,Malignant skin melanoma,1,Number,2006,11.93890481677412,19.458493333123794,7.377757117339899
1,All Population,1,Deaths,164,Nepal,3,Both,22,All ages,465,Ovarian cancer,1,Number,2006,238.06784769589387,431.21082053191014,141.5522121860893
1,All Population,1,Deaths,164,Nepal,3,Both,22,All ages,592,Chronic kidney disease due to glomerulonephritis,1,Number,2006,240.16166318744212,341.29517883695996,162.01176680892078
1,All Population,1,Deaths,164,Nepal,3,Both,22,All ages,593,Chronic kidney disease due to other and unspecified causes,1,Number,2006,756.7320029185499,1044.3496981468948,512.2239880909023
1,All Population,1,Deaths,164,Nepal,3,Both,22,All ages,595,Urinary tract infections and interstitial nephritis,1,Number,2006,309.284620773345,424.7191326120324,213.48557805755135
1,All Population,1,Deaths,164,Nepal,3,Both,22,All ages,596,Urolithiasis,1,Number,2006,43.239040348781785,58.971218793978714,31.05994622856965
1,All Population,1,Deaths,164,Nepal,3,Both,22,All ages,602,Other urinary diseases,1,Number,2006,319.7514056852853,442.1884042203262,227.68345764894198
1,All Population,1,Deaths,164,Nepal,3,Both,22,All ages,604,Uterine fibroids,1,Number,2006,8.597551777054337,22.461946762296574,2.593828892473327
1,All Population,1,Deaths,164,Nepal,3,Both,22,All ages,607,Endometriosis,1,Number,2006,0.07966598543725191,0.4156136464084746,0.0018633661428771348
1,All Population,1,Deaths,164,Nepal,3,Both,22,All ages,608,Genital prolapse,1,Number,2006,1.249350674843456,3.784842240371175,0.2642913538255254
1,All Population,1,Deaths,164,Nepal,3,Both,22,All ages,612,Other gynecological diseases,1,Number,2006,15.662052194694743,36.010358154869074,5.4652092960213485
1,All Population,1,Deaths,164,Nepal,3,Both,22,All ages,614,Thalassemias,1,Number,2006,83.07989425640281,139.0331422540218,54.426450644108144
1,All Population,1,Deaths,164,Nepal,3,Both,22,All ages,615,Sickle cell disorders,1,Number,2006,12.323233849355043,20.754122018094833,7.654965424586399
1,All Population,1,Deaths,164,Nepal,3,Both,22,All ages,616,G6PD deficiency,1,Number,2006,23.578249752890866,40.35105878264297,14.599355218680934
1,All Population,1,Deaths,164,Nepal,3,Both,22,All ages,618,Other hemoglobinopathies and hemolytic anemias,1,Number,2006,168.28010925128805,260.39847519479997,115.33819838369472
1,All Population,1,Deaths,164,Nepal,3,Both,22,All ages,625,"Other endocrine, metabolic, blood, and immune disorders",1,Number,2006,41.85234001616792,69.31134871060347,21.73879779491605
1,All Population,1,Deaths,164,Nepal,3,Both,22,All ages,627,Rheumatoid arthritis,1,Number,2006,87.45335358279311,147.99728620308318,39.05470424266782
1,All Population,1,Deaths,164,Nepal,3,Both,22,All ages,639,Other musculoskeletal disorders,1,Number,2006,133.71837637006172,217.42783803960063,72.84416893362629
1,All Population,1,Deaths,164,Nepal,3,Both,22,All ages,642,Neural tube defects,1,Number,2006,248.46896968998095,462.86429773257424,101.77615293952906
1,All Population,1,Deaths,164,Nepal,3,Both,22,All ages,353,Cystic echinococcosis,1,Number,2006,31.55761742610729,40.13133412129287,22.54894265630137
1,All Population,1,Deaths,164,Nepal,3,Both,22,All ages,357,Dengue,1,Number,2006,312.04951292207943,779.5818518372279,92.66509481704502
1,All Population,1,Deaths,164,Nepal,3,Both,22,All ages,358,Yellow fever,1,Number,2006,0.0,0.0,0.0
1,All Population,1,Deaths,164,Nepal,3,Both,22,All ages,359,Rabies,1,Number,2006,592.1989442251826,1341.9314124585644,176.08039756297762
1,All Population,1,Deaths,164,Nepal,3,Both,22,All ages,361,Ascariasis,1,Number,2006,5.781932917681097,8.293655690545483,3.443262419760012
1,All Population,1,Deaths,164,Nepal,3,Both,22,All ages,365,Other neglected tropical diseases,1,Number,2006,39.108339982261924,76.9946970077269,16.696466121269996
1,All Population,1,Deaths,164,Nepal,3,Both,22,All ages,945,Conflict and terrorism,1,Number,2006,565.998839620424,569.3732180657946,562.7593623727181
1,All Population,1,Deaths,164,Nepal,3,Both,22,All ages,946,Multidrug-resistant tuberculosis without extensive drug resistance,1,Number,2006,710.5222398060696,1405.5431423323912,265.36158901291157
1,All Population,1,Deaths,164,Nepal,3,Both,22,All ages,947,Extensively drug-resistant tuberculosis,1,Number,2006,16.162877899041863,35.76919508739049,5.980722693299266
1,All Population,1,Deaths,164,Nepal,3,Both,22,All ages,948,HIV/AIDS - Drug-susceptible Tuberculosis,1,Number,2006,359.7249613309032,551.7261020897992,212.03192263233004
1,All Population,1,Deaths,164,Nepal,3,Both,22,All ages,949,HIV/AIDS - Multidrug-resistant Tuberculosis without extensive drug resistance,1,Number,2006,44.35749029159934,94.9243315472974,15.43520002496562
1,All Population,1,Deaths,164,Nepal,3,Both,22,All ages,950,HIV/AIDS - Extensively drug-resistant Tuberculosis,1,Number,2006,1.0089287358286365,2.228915824686531,0.34398102743545944
1,All Population,1,Deaths,164,Nepal,3,Both,22,All ages,959,Invasive Non-typhoidal Salmonella (iNTS),1,Number,2006,90.23794338610021,127.36489569308027,60.424951364746015
1,All Population,1,Deaths,164,Nepal,3,Both,22,All ages,964,"Myelodysplastic, myeloproliferative, and other hematopoietic neoplasms",1,Number,2006,9.991947599692933,18.79469571776053,3.8901020819971506
1,All Population,1,Deaths,164,Nepal,3,Both,22,All ages,968,Non-rheumatic calcific aortic valve disease,1,Number,2006,76.1595799756731,119.44035046261482,45.13367510878397
1,All Population,1,Deaths,164,Nepal,3,Both,22,All ages,969,Non-rheumatic degenerative mitral valve disease,1,Number,2006,46.098655016473046,77.76575856372801,23.763290378820734
1,All Population,1,Deaths,164,Nepal,3,Both,22,All ages,970,Other non-rheumatic valve diseases,1,Number,2006,1.066064598451378,2.4298030699573627,0.4515040957101864
1,All Population,1,Deaths,164,Nepal,3,Both,22,All ages,971,Nonalcoholic fatty liver disease including cirrhosis,1,Number,2006,85.46421979958254,136.15403967122168,40.94439361802521
1,All Population,1,Deaths,164,Nepal,3,Both,22,All ages,975,Diabetes mellitus type 1,1,Number,2006,199.16834795330982,301.3394346276774,124.64106854040836
1,All Population,1,Deaths,164,Nepal,3,Both,22,All ages,976,Diabetes mellitus type 2,1,Number,2006,3451.21242776534,4497.587497555014,2440.0416242229257
1,All Population,1,Deaths,164,Nepal,3,Both,22,All ages,693,Motor vehicle road injuries,1,Number,2008,603.8856663093242,922.16357700132,319.8479124236627
1,All Population,1,Deaths,164,Nepal,3,Both,22,All ages,694,Other road injuries,1,Number,2008,12.028985533021926,31.157902280022913,3.5281676316752697
1,All Population,1,Deaths,164,Nepal,3,Both,22,All ages,695,Other transport injuries,1,Number,2008,215.37517895988137,325.77332960225965,143.735795648343
1,All Population,1,Deaths,164,Nepal,3,Both,22,All ages,995,Maternal abortion and miscarriage,1,Number,2008,83.7461704581225,138.89213161020007,47.56522831755866
1,All Population,1,Deaths,164,Nepal,3,Both,22,All ages,996,Liver cancer due to NASH,1,Number,2008,20.9825431372904,33.59910590729816,11.952627990275891
1,All Population,1,Deaths,164,Nepal,3,Both,22,All ages,997,Chronic kidney disease due to diabetes mellitus type 1,1,Number,2008,128.63820820073826,202.51454820514377,85.49804274996305
1,All Population,1,Deaths,164,Nepal,3,Both,22,All ages,998,Chronic kidney disease due to diabetes mellitus type 2,1,Number,2008,410.5727884536744,587.4898713089756,279.7406882241192
1,All Population,1,Deaths,164,Nepal,3,Both,22,All ages,1004,Pulmonary Arterial Hypertension,1,Number,2008,79.66154094179785,132.00430450061526,41.54473238957682
1,All Population,1,Deaths,164,Nepal,3,Both,22,All ages,1005,Hepatoblastoma,1,Number,2008,3.1673300554799098,4.970060129482207,1.8694136218027284
1,All Population,1,Deaths,164,Nepal,3,Both,22,All ages,1006,Burkitt lymphoma,1,Number,2008,7.638496371008604,13.217012170312898,3.8208180010335058
1,All Population,1,Deaths,164,Nepal,3,Both,22,All ages,1007,Other non-Hodgkin lymphoma,1,Number,2008,323.80237222708354,445.03168947879544,237.5106142457459
1,All Population,1,Deaths,164,Nepal,3,Both,22,All ages,1009,Retinoblastoma,1,Number,2008,15.686878972652188,42.916666782038966,4.653266861322003
1,All Population,1,Deaths,164,Nepal,3,Both,22,All ages,1010,Other eye cancers,1,Number,2008,5.358593541261413,12.015325799532981,2.466494726146841
1,All Population,1,Deaths,164,Nepal,3,Both,22,All ages,1011,Soft tissue and other extraosseous sarcomas,1,Number,2008,99.93760761831456,188.1253010348526,60.810393573867984
1,All Population,1,Deaths,164,Nepal,3,Both,22,All ages,1012,Malignant neoplasm of bone and articular cartilage,1,Number,2008,168.17364768015113,270.40951823904567,94.12640559149035
1,All Population,1,Deaths,164,Nepal,3,Both,22,All ages,1013,Neuroblastoma and other peripheral nervous cell tumors,1,Number,2008,8.895662810218797,12.896946611011158,5.471447304142091
1,All Population,1,Deaths,164,Nepal,3,Both,22,All ages,367,Maternal hemorrhage,1,Number,2006,642.6098124687636,880.4103439017626,439.017505220064
1,All Population,1,Deaths,164,Nepal,3,Both,22,All ages,368,Maternal sepsis and other maternal infections,1,Number,2006,52.59132987281415,79.01135418694713,31.998623737777276
1,All Population,1,Deaths,164,Nepal,3,Both,22,All ages,369,Maternal hypertensive disorders,1,Number,2006,171.54889692059146,243.93835572117726,113.68156974454796
1,All Population,1,Deaths,164,Nepal,3,Both,22,All ages,370,Maternal obstructed labor and uterine rupture,1,Number,2006,79.33899641998838,139.65525377224245,42.49614168680626
1,All Population,1,Deaths,164,Nepal,3,Both,22,All ages,374,Ectopic pregnancy,1,Number,2006,0.24070793222365103,0.3673836041151434,0.14420385527943788
1,All Population,1,Deaths,164,Nepal,3,Both,22,All ages,375,Indirect maternal deaths,1,Number,2006,259.70973224873893,399.98402076333423,153.45782789818006
1,All Population,1,Deaths,164,Nepal,3,Both,22,All ages,376,Late maternal deaths,1,Number,2006,25.78632839301899,37.84102678614106,16.05387967663662
1,All Population,1,Deaths,164,Nepal,3,Both,22,All ages,381,Neonatal preterm birth,1,Number,2006,3045.893022520189,4231.293317398692,2186.975107731646
1,All Population,1,Deaths,164,Nepal,3,Both,22,All ages,382,Neonatal encephalopathy due to birth asphyxia and trauma,1,Number,2006,6587.208302193648,8351.462767204894,4947.644986542558
1,All Population,1,Deaths,164,Nepal,3,Both,22,All ages,383,Neonatal sepsis and other neonatal infections,1,Number,2006,2320.321859093905,3938.2133510996086,1160.733990508699
1,All Population,1,Deaths,164,Nepal,3,Both,22,All ages,384,Hemolytic disease and other neonatal jaundice,1,Number,2006,1231.6386918737624,2495.956714564292,580.2474794189912
1,All Population,1,Deaths,164,Nepal,3,Both,22,All ages,385,Other neonatal disorders,1,Number,2006,1802.8394153621043,2929.5585549561897,1022.1342611030428
1,All Population,1,Deaths,164,Nepal,3,Both,22,All ages,387,Protein-energy malnutrition,1,Number,2006,2317.621589140572,2865.386485492563,1830.3011551007976
1,All Population,1,Deaths,164,Nepal,3,Both,22,All ages,391,Other nutritional deficiencies,1,Number,2006,495.8437728429271,713.926214507358,314.369527147581
1,All Population,1,Deaths,164,Nepal,3,Both,22,All ages,394,Syphilis,1,Number,2006,483.4687938789622,980.3408967058033,168.5564087798731
1,All Population,1,Deaths,164,Nepal,3,Both,22,All ages,395,Chlamydial infection,1,Number,2006,6.829130681486566,13.30475922445793,2.5114914091825913
1,All Population,1,Deaths,164,Nepal,3,Both,22,All ages,396,Gonococcal infection,1,Number,2006,2.264575345187112,4.139964255295155,0.9142954719183413
1,All Population,1,Deaths,164,Nepal,3,Both,22,All ages,399,Other sexually transmitted infections,1,Number,2006,20.741651985208897,39.7655410127784,7.598033072263843
1,All Population,1,Deaths,164,Nepal,3,Both,22,All ages,401,Acute hepatitis A,1,Number,2006,1035.717965160236,1835.3063689910855,562.3489577768676
1,All Population,1,Deaths,164,Nepal,3,Both,22,All ages,533,Vascular intestinal disorders,1,Number,2006,123.96814774020383,210.7480469857457,65.88221988902404
1,All Population,1,Deaths,164,Nepal,3,Both,22,All ages,534,Gallbladder and biliary diseases,1,Number,2006,91.43167194042167,146.39778699582865,52.70040277202981
1,All Population,1,Deaths,164,Nepal,3,Both,22,All ages,535,Pancreatitis,1,Number,2006,456.2252767816206,770.1430841036243,256.3907857205706
1,All Population,1,Deaths,164,Nepal,3,Both,22,All ages,1024,Ulcerative colitis,1,Number,2008,68.58975080426035,115.53009764580324,36.93905697078562
1,All Population,1,Deaths,164,Nepal,3,Both,22,All ages,1025,Crohn's disease,1,Number,2008,12.37280985367518,26.382873762329243,4.756677426185421
1,All Population,1,Deaths,164,Nepal,3,Both,22,All ages,1026,Total burden related to hepatitis B,1,Number,2008,2115.5184652358257,3093.2287046565475,1288.5460457018198
1,All Population,1,Deaths,164,Nepal,3,Both,22,All ages,1027,Total burden related to hepatitis C,1,Number,2008,651.7892415743495,983.734249664697,391.1066954338362
1,All Population,1,Deaths,164,Nepal,3,Both,22,All ages,1028,Total burden related to Non-alcoholic fatty liver disease (NAFLD),1,Number,2008,114.10721227892735,172.23021122439152,65.3091952744766
1,All Population,1,Deaths,164,Nepal,3,Both,22,All ages,1029,Total cancers,1,Number,2008,9799.692852660219,11010.105617966872,8657.749108007127
1,All Population,1,Deaths,164,Nepal,3,Both,22,All ages,1032,Thyroid diseases,1,Number,2008,11.818712949264325,21.94785022254243,6.234933978739521
1,All Population,1,Deaths,164,Nepal,3,Both,22,All ages,1048,COVID-19,1,Number,2008,0.0,0.0,0.0
1,All Population,1,Deaths,164,Nepal,3,Both,22,All ages,543,Alzheimer's disease and other dementias,1,Number,2006,1119.9531795390296,2887.091426604476,259.76005952962834
1,All Population,1,Deaths,164,Nepal,3,Both,22,All ages,544,Parkinson's disease,1,Number,2006,370.5395570033907,467.53071320754015,282.95764478751073
1,All Population,1,Deaths,164,Nepal,3,Both,22,All ages,545,Idiopathic epilepsy,1,Number,2006,857.4252160754733,1138.0633203027282,621.0508981249376
1,All Population,1,Deaths,164,Nepal,3,Both,22,All ages,546,Multiple sclerosis,1,Number,2006,2.828528763873306,5.948341177961463,1.1595839041323448
1,All Population,1,Deaths,164,Nepal,3,Both,22,All ages,554,Motor neuron disease,1,Number,2006,3.379969893383851,8.190922435105241,1.1748392652932156
1,All Population,1,Deaths,164,Nepal,3,Both,22,All ages,557,Other neurological disorders,1,Number,2006,10.112660575072267,18.557597194009656,5.084575979941349
1,All Population,1,Deaths,164,Nepal,3,Both,22,All ages,560,Alcohol use disorders,1,Number,2006,176.1040481212093,284.86432872423626,93.20602783399927
1,All Population,1,Deaths,164,Nepal,3,Both,22,All ages,562,Opioid use disorders,1,Number,2006,32.065037059402414,53.90889837826071,17.38746094685109
1,All Population,1,Deaths,164,Nepal,3,Both,22,All ages,563,Cocaine use disorders,1,Number,2006,6.117818902769658,13.118058600955814,2.0745106545310654
1,All Population,1,Deaths,164,Nepal,3,Both,22,All ages,564,Amphetamine use disorders,1,Number,2006,0.9942371029911337,3.011991096602964,0.2205744131554843
1,All Population,1,Deaths,164,Nepal,3,Both,22,All ages,566,Other drug use disorders,1,Number,2006,8.355265121582146,14.03389001376684,3.87019510313153
1,All Population,1,Deaths,164,Nepal,3,Both,22,All ages,573,Anorexia nervosa,1,Number,2006,0.013883556708418456,0.08191567508702519,0.0016306910356167124
1,All Population,1,Deaths,164,Nepal,3,Both,22,All ages,588,Acute glomerulonephritis,1,Number,2006,6.251636536268859,14.108175877626813,1.6405983539681244
1,All Population,1,Deaths,164,Nepal,3,Both,22,All ages,591,Chronic kidney disease due to hypertension,1,Number,2006,299.4956779076161,456.6029798702742,191.98689221263925
1,All Population,1,Deaths,164,Nepal,3,Both,22,All ages,302,Diarrheal diseases,1,Number,2007,7354.069622948482,10076.132221841257,5109.195413851144
1,All Population,1,Deaths,164,Nepal,3,Both,22,All ages,319,Typhoid fever,1,Number,2007,2190.7722146073947,3574.606638274689,1123.7399978267902
1,All Population,1,Deaths,164,Nepal,3,Both,22,All ages,320,Paratyphoid fever,1,Number,2007,447.7063398872802,849.8523975959837,210.64997173939483
1,All Population,1,Deaths,164,Nepal,3,Both,22,All ages,321,Other intestinal infectious diseases,1,Number,2007,2.9341525752537,4.741685942986474,1.647189534679722
1,All Population,1,Deaths,164,Nepal,3,Both,22,All ages,322,Lower respiratory infections,1,Number,2007,12885.22200529847,15958.625005624504,10497.917077369699
1,All Population,1,Deaths,164,Nepal,3,Both,22,All ages,328,Upper respiratory infections,1,Number,2007,74.94244666138204,204.307603507852,2.8328479982790804
1,All Population,1,Deaths,164,Nepal,3,Both,22,All ages,329,Otitis media,1,Number,2007,4.204450755705164,11.933453269144307,1.0598242896517
1,All Population,1,Deaths,164,Nepal,3,Both,22,All ages,332,Meningitis,1,Number,2007,1135.3599179214373,1519.246143104693,813.1115082658772
1,All Population,1,Deaths,164,Nepal,3,Both,22,All ages,337,Encephalitis,1,Number,2007,556.3904175796644,1086.4174832313313,175.0754265492744
1,All Population,1,Deaths,164,Nepal,3,Both,22,All ages,338,Diphtheria,1,Number,2007,10.318668647442442,16.710156450403886,6.162560595908782
1,All Population,1,Deaths,164,Nepal,3,Both,22,All ages,339,Pertussis,1,Number,2007,581.8758038555188,1730.436636038086,66.69322307856211
1,All Population,1,Deaths,164,Nepal,3,Both,22,All ages,340,Tetanus,1,Number,2007,583.4468100846586,870.6316551453644,356.08539414739397
1,All Population,1,Deaths,164,Nepal,3,Both,22,All ages,341,Measles,1,Number,2007,669.2704337964573,1292.626174683032,265.84819607049894
1,All Population,1,Deaths,164,Nepal,3,Both,22,All ages,342,Varicella and herpes zoster,1,Number,2007,77.81501809635193,107.38812066028005,55.434529603118115
1,All Population,1,Deaths,164,Nepal,3,Both,22,All ages,345,Malaria,1,Number,2007,125.09438515142539,243.86595569071983,65.11673313646834
1,All Population,1,Deaths,164,Nepal,3,Both,22,All ages,346,Chagas disease,1,Number,2007,0.0,0.0,0.0
1,All Population,1,Deaths,164,Nepal,3,Both,22,All ages,348,Visceral leishmaniasis,1,Number,2007,198.53795142501136,641.8360581414815,0.05162851864241909
1,All Population,1,Deaths,164,Nepal,3,Both,22,All ages,350,African trypanosomiasis,1,Number,2007,0.0,0.0,0.0
1,All Population,1,Deaths,164,Nepal,3,Both,22,All ages,351,Schistosomiasis,1,Number,2007,0.0,0.0,0.0
1,All Population,1,Deaths,164,Nepal,3,Both,22,All ages,352,Cysticercosis,1,Number,2007,2.2054079360236836,3.0310281182485443,1.2093856519266368
1,All Population,1,Deaths,164,Nepal,3,Both,22,All ages,507,Other cardiovascular and circulatory diseases,1,Number,2007,392.6962774546902,606.4486012362341,243.2163481539895
1,All Population,1,Deaths,164,Nepal,3,Both,22,All ages,509,Chronic obstructive pulmonary disease,1,Number,2007,14659.895466505157,18541.73494345057,11639.11682713347
1,All Population,1,Deaths,164,Nepal,3,Both,22,All ages,725,Physical violence by firearm,1,Number,2006,46.95818212644321,81.51825550398668,23.465528116656532
1,All Population,1,Deaths,164,Nepal,3,Both,22,All ages,726,Physical violence by sharp object,1,Number,2006,38.520407891009995,68.45940454151217,16.73925480636728
1,All Population,1,Deaths,164,Nepal,3,Both,22,All ages,727,Physical violence by other means,1,Number,2006,526.9287917723142,617.8952042881119,446.59499823357663
1,All Population,1,Deaths,164,Nepal,3,Both,22,All ages,729,Exposure to forces of nature,1,Number,2006,156.9910284103265,172.58373792491895,142.94753422529655
1,All Population,1,Deaths,164,Nepal,3,Both,22,All ages,741,Maternal deaths aggravated by HIV/AIDS,1,Number,2006,0.6320162157776115,0.9971999585286702,0.3162030121314476
1,All Population,1,Deaths,164,Nepal,3,Both,22,All ages,842,Environmental heat and cold exposure,1,Number,2006,54.53937980844923,133.2095386678007,7.451061140537079
1,All Population,1,Deaths,164,Nepal,3,Both,22,All ages,843,Ebola,1,Number,2006,0.0,0.0,0.0
1,All Population,1,Deaths,164,Nepal,3,Both,22,All ages,845,Acute lymphoid leukemia,1,Number,2006,213.58985474980045,359.87579360556543,138.46172851077432
1,All Population,1,Deaths,164,Nepal,3,Both,22,All ages,846,Chronic lymphoid leukemia,1,Number,2006,13.66849513614305,23.675476299862623,4.837600895685341
1,All Population,1,Deaths,164,Nepal,3,Both,22,All ages,847,Acute myeloid leukemia,1,Number,2006,124.09625158660627,237.95005965009858,58.8876497578266
1,All Population,1,Deaths,164,Nepal,3,Both,22,All ages,848,Chronic myeloid leukemia,1,Number,2006,91.04458445729986,149.65912679506616,37.06601336026349
1,All Population,1,Deaths,164,Nepal,3,Both,22,All ages,849,Non-melanoma skin cancer (squamous-cell carcinoma),1,Number,2006,41.68414562986589,60.59532298561866,27.118842624640063
1,All Population,1,Deaths,164,Nepal,3,Both,22,All ages,854,Police conflict and executions,1,Number,2006,0.060349400159712796,0.12158551967050844,0.028307835081494235
1,All Population,1,Deaths,164,Nepal,3,Both,22,All ages,934,Drug-susceptible tuberculosis,1,Number,2006,7096.7776496973565,9262.40073695513,5279.385282523184
1,All Population,1,Deaths,164,Nepal,3,Both,22,All ages,935,Zika virus,1,Number,2006,0.0,0.0,0.0
1,All Population,1,Deaths,164,Nepal,3,Both,22,All ages,938,Alcoholic cardiomyopathy,1,Number,2006,33.18574241141752,99.12325085206254,5.7667494152448215
1,All Population,1,Deaths,164,Nepal,3,Both,22,All ages,940,Electrocution,1,Number,2006,49.442321914376166,99.0160387861153,19.707296132645226
1,All Population,1,Deaths,164,Nepal,3,Both,22,All ages,942,Myocarditis,1,Number,2006,93.40358397436276,185.7924177622931,36.88901404833686
1,All Population,1,Deaths,164,Nepal,3,Both,22,All ages,943,Other leukemia,1,Number,2006,114.66069139337012,180.32733503348783,64.93984623707325
1,All Population,1,Deaths,164,Nepal,3,Both,22,All ages,944,Other cardiomyopathy,1,Number,2006,727.1325442309812,1401.1709692847787,315.4949892066155
1,All Population,1,Deaths,164,Nepal,3,Both,22,All ages,511,Silicosis,1,Number,2007,6.224423036071511,16.18984473182277,1.5093145402702217
1,All Population,1,Deaths,164,Nepal,3,Both,22,All ages,512,Asbestosis,1,Number,2007,1.354670363346394,3.9015805240420938,0.3055901189610332
1,All Population,1,Deaths,164,Nepal,3,Both,22,All ages,513,Coal workers pneumoconiosis,1,Number,2007,1.7399707273930576,5.231117791262134,0.2948380853025441
1,All Population,1,Deaths,164,Nepal,3,Both,22,All ages,514,Other pneumoconiosis,1,Number,2007,3.3770913112895466,7.929244141150633,0.8823077072568406
1,All Population,1,Deaths,164,Nepal,3,Both,22,All ages,515,Asthma,1,Number,2007,2869.951000934018,4947.458204994078,1482.8793427818575
1,All Population,1,Deaths,164,Nepal,3,Both,22,All ages,516,Interstitial lung disease and pulmonary sarcoidosis,1,Number,2007,358.57372004253324,1095.9083941620775,160.65124016107174
1,All Population,1,Deaths,164,Nepal,3,Both,22,All ages,520,Other chronic respiratory diseases,1,Number,2007,327.4660832085641,616.7693464070201,186.14391607526753
1,All Population,1,Deaths,164,Nepal,3,Both,22,All ages,522,Chronic hepatitis B including cirrhosis,1,Number,2007,1943.4921673941099,2883.7214172528907,1125.3132148152565
1,All Population,1,Deaths,164,Nepal,3,Both,22,All ages,523,Chronic hepatitis C including cirrhosis,1,Number,2007,553.1091775619092,873.7154381537597,306.83565205637075
1,All Population,1,Deaths,164,Nepal,3,Both,22,All ages,524,Cirrhosis due to alcohol,1,Number,2007,1640.005018675181,2450.3444638810233,944.4168735529831
1,All Population,1,Deaths,164,Nepal,3,Both,22,All ages,525,Cirrhosis due to other causes,1,Number,2007,671.3947362929498,1062.026150450812,394.1339813401223
1,All Population,1,Deaths,164,Nepal,3,Both,22,All ages,527,Peptic ulcer disease,1,Number,2007,2312.4509498586935,3742.708199797433,1377.9561809366992
1,All Population,1,Deaths,164,Nepal,3,Both,22,All ages,528,Gastritis and duodenitis,1,Number,2007,193.2156897001665,374.44928937616766,73.59449603363998
1,All Population,1,Deaths,164,Nepal,3,Both,22,All ages,529,Appendicitis,1,Number,2007,324.4550523024229,639.7106769241677,100.18090645240832
1,All Population,1,Deaths,164,Nepal,3,Both,22,All ages,530,Paralytic ileus and intestinal obstruction,1,Number,2007,971.3596035351127,1534.4065000254664,579.453045807638
1,All Population,1,Deaths,164,Nepal,3,Both,22,All ages,531,"Inguinal, femoral, and abdominal hernia",1,Number,2007,243.94013054202233,529.410582269072,125.81297259135887
1,All Population,1,Deaths,164,Nepal,3,Both,22,All ages,697,Falls,1,Number,2007,2173.04011938634,2950.711180555139,1532.555977840746
1,All Population,1,Deaths,164,Nepal,3,Both,22,All ages,698,Drowning,1,Number,2007,2069.660145538635,2979.318131465089,1404.7795571662245
1,All Population,1,Deaths,164,Nepal,3,Both,22,All ages,699,"Fire, heat, and hot substances",1,Number,2007,531.6275211272916,830.1480595042174,331.9919751473888
1,All Population,1,Deaths,164,Nepal,3,Both,22,All ages,701,Poisoning by carbon monoxide,1,Number,2007,279.11307136522623,547.0349370639941,99.11413781495007
1,All Population,1,Deaths,164,Nepal,3,Both,22,All ages,703,Poisoning by other means,1,Number,2007,780.9753023263897,1247.6870925989224,445.45907988765475
1,All Population,1,Deaths,164,Nepal,3,Both,22,All ages,705,Unintentional firearm injuries,1,Number,2007,5.261496235809851,16.511311107314466,0.793700292030798
1,All Population,1,Deaths,164,Nepal,3,Both,22,All ages,707,Other exposure to mechanical forces,1,Number,2007,311.67705321709246,599.1163000933528,162.3967322369684
1,All Population,1,Deaths,164,Nepal,3,Both,22,All ages,708,Adverse effects of medical treatment,1,Number,2007,733.1076383854777,1065.1957564588238,508.5001187232247
1,All Population,1,Deaths,164,Nepal,3,Both,22,All ages,710,Venomous animal contact,1,Number,2007,638.3155498325414,1054.0448328966354,371.39285335560186
1,All Population,1,Deaths,164,Nepal,3,Both,22,All ages,711,Non-venomous animal contact,1,Number,2007,18.074284193475762,56.67791697296104,2.8674083615654444
1,All Population,1,Deaths,164,Nepal,3,Both,22,All ages,713,Pulmonary aspiration and foreign body in airway,1,Number,2007,41.840731023039126,82.95642332515996,8.519767468276365
1,All Population,1,Deaths,164,Nepal,3,Both,22,All ages,715,Foreign body in other body part,1,Number,2007,3.0755199385909378,8.29896235090346,0.45586842075310424
1,All Population,1,Deaths,164,Nepal,3,Both,22,All ages,716,Other unintentional injuries,1,Number,2007,102.40928587836933,219.65308615374536,48.139131832878604
1,All Population,1,Deaths,164,Nepal,3,Both,22,All ages,721,Self-harm by firearm,1,Number,2007,417.9485647855075,1045.8810314603054,158.81494712354248
1,All Population,1,Deaths,164,Nepal,3,Both,22,All ages,1059,Total Cancers excluding Non-melanoma skin cancer,1,Number,2007,9636.426199527195,10934.103568811088,8570.564072128393
1,All Population,1,Deaths,164,Nepal,3,Both,22,All ages,1160,Other direct maternal disorders,1,Number,2007,151.21349737340853,254.93633187522184,84.66394642008571
1,All Population,1,Deaths,164,Nepal,3,Both,22,All ages,1161,Other digestive diseases,1,Number,2007,483.20550137192924,857.2064950328008,235.17157564238713
1,All Population,1,Deaths,164,Nepal,3,Both,22,All ages,1163,Self-harm by other specified means,1,Number,2007,3246.712705468826,4351.616550930606,2287.471607554182
1,All Population,1,Deaths,164,Nepal,3,Both,22,All ages,1164,Other benign and in situ neoplasms,1,Number,2007,65.3981310133118,105.54163685688118,33.94018312298881
1,All Population,1,Deaths,164,Nepal,3,Both,22,All ages,300,HIV/AIDS resulting in other diseases,1,Number,2009,1133.1730834672094,1900.5904974748148,585.5232880533069
1,All Population,1,Deaths,164,Nepal,3,Both,22,All ages,468,Testicular cancer,1,Number,2009,17.753174180072783,31.634074977339115,9.667823545882614
1,All Population,1,Deaths,164,Nepal,3,Both,22,All ages,471,Kidney cancer,1,Number,2009,94.32046257611636,152.57269597570098,55.707956792768414
1,All Population,1,Deaths,164,Nepal,3,Both,22,All ages,474,Bladder cancer,1,Number,2009,126.83405606638381,206.80593343660559,78.53931039794945
1,All Population,1,Deaths,164,Nepal,3,Both,22,All ages,477,Brain and central nervous system cancer,1,Number,2009,299.82378190478784,395.63787472747657,204.71043851311606
1,All Population,1,Deaths,164,Nepal,3,Both,22,All ages,480,Thyroid cancer,1,Number,2009,80.71488734139488,107.11517809307605,59.52371989881057
1,All Population,1,Deaths,164,Nepal,3,Both,22,All ages,300,HIV/AIDS resulting in other diseases,1,Number,2008,1117.7670191198395,1920.5636337261562,537.1141544246998
1,All Population,1,Deaths,164,Nepal,3,Both,22,All ages,468,Testicular cancer,1,Number,2008,16.665896796005082,29.33299213810208,8.844429437895661
1,All Population,1,Deaths,164,Nepal,3,Both,22,All ages,471,Kidney cancer,1,Number,2008,89.90292955069323,144.6020622511513,52.36176210775491
1,All Population,1,Deaths,164,Nepal,3,Both,22,All ages,474,Bladder cancer,1,Number,2008,124.78698783736913,202.06637269127216,78.15660174414946
1,All Population,1,Deaths,164,Nepal,3,Both,22,All ages,477,Brain and central nervous system cancer,1,Number,2008,290.6082545769988,388.96146426780535,197.46454643380653
1,All Population,1,Deaths,164,Nepal,3,Both,22,All ages,480,Thyroid cancer,1,Number,2008,78.32304178613133,105.93977022820445,58.80747458918138
1,All Population,1,Deaths,164,Nepal,3,Both,22,All ages,483,Mesothelioma,1,Number,2008,10.10137994467699,13.942890428249056,6.851298488153466
1,All Population,1,Deaths,164,Nepal,3,Both,22,All ages,484,Hodgkin lymphoma,1,Number,2008,100.80631199838005,174.378010897659,61.492994354847454
1,All Population,1,Deaths,164,Nepal,3,Both,22,All ages,486,Multiple myeloma,1,Number,2008,93.93386047540427,141.27902954585144,55.93587910338453
1,All Population,1,Deaths,164,Nepal,3,Both,22,All ages,489,Other malignant neoplasms,1,Number,2008,482.96208688537047,739.8425224911392,319.2930484305778
1,All Population,1,Deaths,164,Nepal,3,Both,22,All ages,492,Rheumatic heart disease,1,Number,2008,3737.691201743234,5877.505579467949,2188.8249373398394
1,All Population,1,Deaths,164,Nepal,3,Both,22,All ages,493,Ischemic heart disease,1,Number,2008,14544.550933012844,18810.840384048464,10668.333310017711
1,All Population,1,Deaths,164,Nepal,3,Both,22,All ages,495,Ischemic stroke,1,Number,2008,5222.051076205182,7505.775837690958,3347.3553274045885
1,All Population,1,Deaths,164,Nepal,3,Both,22,All ages,496,Intracerebral hemorrhage,1,Number,2008,6405.477075766271,9352.646037240655,4292.624807986996
1,All Population,1,Deaths,164,Nepal,3,Both,22,All ages,497,Subarachnoid hemorrhage,1,Number,2008,533.9751271748817,1102.4159556715795,229.16644566237304
1,All Population,1,Deaths,164,Nepal,3,Both,22,All ages,498,Hypertensive heart disease,1,Number,2008,2194.498147997584,3502.9362538088826,1379.3258285645102
1,All Population,1,Deaths,164,Nepal,3,Both,22,All ages,500,Atrial fibrillation and flutter,1,Number,2008,270.36797267093056,382.2382305930436,189.9117983660271
1,All Population,1,Deaths,164,Nepal,3,Both,22,All ages,501,Aortic aneurysm,1,Number,2008,94.88582757474258,200.4906225671349,55.24263547338942
1,All Population,1,Deaths,164,Nepal,3,Both,22,All ages,502,Lower extremity peripheral arterial disease,1,Number,2008,29.229755246514994,47.296623395003195,17.142604988896444
1,All Population,1,Deaths,164,Nepal,3,Both,22,All ages,503,Endocarditis,1,Number,2008,112.86062040617148,216.9446865711106,62.939781789941875
1,All Population,1,Deaths,164,Nepal,3,Both,22,All ages,483,Mesothelioma,1,Number,2009,10.41184351906452,14.198344295260371,7.16588475693874
1,All Population,1,Deaths,164,Nepal,3,Both,22,All ages,484,Hodgkin lymphoma,1,Number,2009,102.8307092472113,180.71264041818384,62.45703110505843
1,All Population,1,Deaths,164,Nepal,3,Both,22,All ages,486,Multiple myeloma,1,Number,2009,97.5598118962001,146.37144075206186,58.340977876810655
1,All Population,1,Deaths,164,Nepal,3,Both,22,All ages,489,Other malignant neoplasms,1,Number,2009,497.6572295470918,765.1484534146923,333.710759183843
1,All Population,1,Deaths,164,Nepal,3,Both,22,All ages,492,Rheumatic heart disease,1,Number,2009,3773.6172256222535,5864.297186737805,2203.4868531320794
1,All Population,1,Deaths,164,Nepal,3,Both,22,All ages,493,Ischemic heart disease,1,Number,2009,14517.849312840692,19052.099034658157,10674.910554835998
1,All Population,1,Deaths,164,Nepal,3,Both,22,All ages,495,Ischemic stroke,1,Number,2009,5335.171083496438,7772.408765688589,3467.250438965224
1,All Population,1,Deaths,164,Nepal,3,Both,22,All ages,496,Intracerebral hemorrhage,1,Number,2009,6544.865492576691,9584.260443058463,4368.568589723398
1,All Population,1,Deaths,164,Nepal,3,Both,22,All ages,497,Subarachnoid hemorrhage,1,Number,2009,547.3156253648029,1095.9910488624969,232.26488485427254
1,All Population,1,Deaths,164,Nepal,3,Both,22,All ages,498,Hypertensive heart disease,1,Number,2009,2245.3809707398113,3433.7037628999233,1437.6175053545667
1,All Population,1,Deaths,164,Nepal,3,Both,22,All ages,500,Atrial fibrillation and flutter,1,Number,2009,284.9956394424871,408.02417915605264,200.4692681200813
1,All Population,1,Deaths,164,Nepal,3,Both,22,All ages,501,Aortic aneurysm,1,Number,2009,99.0255567746575,206.45280184393138,58.18503087941459
1,All Population,1,Deaths,164,Nepal,3,Both,22,All ages,502,Lower extremity peripheral arterial disease,1,Number,2009,30.86690054610658,49.43526722262257,18.034456281982425
1,All Population,1,Deaths,164,Nepal,3,Both,22,All ages,503,Endocarditis,1,Number,2009,115.7401371937268,215.90497691050714,63.95558729060112
1,All Population,1,Deaths,164,Nepal,3,Both,22,All ages,643,Congenital heart anomalies,1,Number,2008,1346.0195557288926,1895.0055639424186,873.3578129843845
1,All Population,1,Deaths,164,Nepal,3,Both,22,All ages,644,Orofacial clefts,1,Number,2008,34.73724876605776,107.489697395709,3.850056424521365
1,All Population,1,Deaths,164,Nepal,3,Both,22,All ages,645,Down syndrome,1,Number,2008,41.33835034615867,86.2897824588478,16.3346362044025
1,All Population,1,Deaths,164,Nepal,3,Both,22,All ages,648,Other chromosomal abnormalities,1,Number,2008,35.53821216086676,64.69733892366848,13.038946018357427
1,All Population,1,Deaths,164,Nepal,3,Both,22,All ages,649,Congenital musculoskeletal and limb anomalies,1,Number,2008,32.080459106337855,61.36362471858569,13.10348845928884
1,All Population,1,Deaths,164,Nepal,3,Both,22,All ages,650,Urogenital congenital anomalies,1,Number,2008,40.090385287715,98.51227660763575,13.349204609607149
1,All Population,1,Deaths,164,Nepal,3,Both,22,All ages,651,Digestive congenital anomalies,1,Number,2008,230.78394928028672,468.54488215208204,93.44380757610726
1,All Population,1,Deaths,164,Nepal,3,Both,22,All ages,652,Other congenital birth defects,1,Number,2008,3.066582369330974,11.216533034188004,0.6342212486779514
1,All Population,1,Deaths,164,Nepal,3,Both,22,All ages,656,Cellulitis,1,Number,2008,0.3364277590437149,0.956011920471385,0.0715232650511848
1,All Population,1,Deaths,164,Nepal,3,Both,22,All ages,657,Pyoderma,1,Number,2008,0.7613639930950024,1.6029283369558838,0.2581718043442728
1,All Population,1,Deaths,164,Nepal,3,Both,22,All ages,665,Decubitus ulcer,1,Number,2008,1.6354607277211777,2.5716005073774832,1.0152862949644343
1,All Population,1,Deaths,164,Nepal,3,Both,22,All ages,668,Other skin and subcutaneous diseases,1,Number,2008,1.5563169336509919,2.887348596999784,0.6962450319930756
1,All Population,1,Deaths,164,Nepal,3,Both,22,All ages,686,Sudden infant death syndrome,1,Number,2008,296.94084001959493,469.02334665145924,171.8241893407414
1,All Population,1,Deaths,164,Nepal,3,Both,22,All ages,690,Pedestrian road injuries,1,Number,2008,795.1158282156821,1111.083533830985,523.3731898250142
1,All Population,1,Deaths,164,Nepal,3,Both,22,All ages,691,Cyclist road injuries,1,Number,2008,90.34712904180974,176.9044043893564,42.31651976790386
1,All Population,1,Deaths,164,Nepal,3,Both,22,All ages,692,Motorcyclist road injuries,1,Number,2008,446.41457698972147,782.1471454346084,257.544054465096
1,All Population,1,Deaths,164,Nepal,3,Both,22,All ages,643,Congenital heart anomalies,1,Number,2009,1315.4074350151157,1824.017888232421,866.8408240447526
1,All Population,1,Deaths,164,Nepal,3,Both,22,All ages,644,Orofacial clefts,1,Number,2009,31.803282657956142,100.51928454151158,3.7076480240425194
1,All Population,1,Deaths,164,Nepal,3,Both,22,All ages,645,Down syndrome,1,Number,2009,41.298860098580505,83.57476085988118,17.178608546070826
1,All Population,1,Deaths,164,Nepal,3,Both,22,All ages,648,Other chromosomal abnormalities,1,Number,2009,35.43428492682993,65.49061015624396,13.095583168375972
1,All Population,1,Deaths,164,Nepal,3,Both,22,All ages,649,Congenital musculoskeletal and limb anomalies,1,Number,2009,31.528395438146365,59.714710069954734,13.35495988581882
1,All Population,1,Deaths,164,Nepal,3,Both,22,All ages,650,Urogenital congenital anomalies,1,Number,2009,39.26339091612472,98.76294652608347,12.503912699412671
1,All Population,1,Deaths,164,Nepal,3,Both,22,All ages,651,Digestive congenital anomalies,1,Number,2009,224.85060660985206,456.16538115630885,93.02000661635903
1,All Population,1,Deaths,164,Nepal,3,Both,22,All ages,652,Other congenital birth defects,1,Number,2009,2.944513768217201,10.08901933960905,0.6143000665149235
1,All Population,1,Deaths,164,Nepal,3,Both,22,All ages,656,Cellulitis,1,Number,2009,0.3571935757521385,0.9541635468318015,0.08656059275334711
1,All Population,1,Deaths,164,Nepal,3,Both,22,All ages,657,Pyoderma,1,Number,2009,0.8343240245397947,1.6690009279207265,0.30703469948021317
1,All Population,1,Deaths,164,Nepal,3,Both,22,All ages,665,Decubitus ulcer,1,Number,2009,1.6876907823406522,2.7152029091325716,0.9970571367820021
1,All Population,1,Deaths,164,Nepal,3,Both,22,All ages,668,Other skin and subcutaneous diseases,1,Number,2009,1.5460990216310855,2.8523514980625864,0.7524729569049073
1,All Population,1,Deaths,164,Nepal,3,Both,22,All ages,686,Sudden infant death syndrome,1,Number,2009,262.42401662283646,409.6025332514589,144.0242640631919
1,All Population,1,Deaths,164,Nepal,3,Both,22,All ages,690,Pedestrian road injuries,1,Number,2009,822.0889200190876,1144.03754968895,542.8863450495712
1,All Population,1,Deaths,164,Nepal,3,Both,22,All ages,691,Cyclist road injuries,1,Number,2009,96.5920511825228,189.27444029738786,46.33552824970335
1,All Population,1,Deaths,164,Nepal,3,Both,22,All ages,692,Motorcyclist road injuries,1,Number,2009,491.4491071523035,865.0133394183827,280.2848857587719
1,All Population,1,Deaths,164,Nepal,3,Both,22,All ages,693,Motor vehicle road injuries,1,Number,2009,626.1864232244272,963.5427401357117,327.62802791747697
1,All Population,1,Deaths,164,Nepal,3,Both,22,All ages,694,Other road injuries,1,Number,2009,12.832643035154858,33.8973798585932,3.9480275374180778
1,All Population,1,Deaths,164,Nepal,3,Both,22,All ages,695,Other transport injuries,1,Number,2009,201.62022482018918,314.499510488463,128.15907266196416
1,All Population,1,Deaths,164,Nepal,3,Both,22,All ages,995,Maternal abortion and miscarriage,1,Number,2009,79.7433676382634,134.5285348837477,44.46300332499473
1,All Population,1,Deaths,164,Nepal,3,Both,22,All ages,996,Liver cancer due to NASH,1,Number,2009,21.819758892170448,35.17427956265536,12.541125495601035
1,All Population,1,Deaths,164,Nepal,3,Both,22,All ages,997,Chronic kidney disease due to diabetes mellitus type 1,1,Number,2009,132.37386659719533,206.44684362077257,87.23917101631052
1,All Population,1,Deaths,164,Nepal,3,Both,22,All ages,998,Chronic kidney disease due to diabetes mellitus type 2,1,Number,2009,420.5274025522603,609.0046518821081,283.5658461400385
1,All Population,1,Deaths,164,Nepal,3,Both,22,All ages,1004,Pulmonary Arterial Hypertension,1,Number,2009,80.12579243674709,138.32517057187056,41.612112477800714
1,All Population,1,Deaths,164,Nepal,3,Both,22,All ages,1005,Hepatoblastoma,1,Number,2009,3.269771504351396,5.190983536150073,2.03595093985225
1,All Population,1,Deaths,164,Nepal,3,Both,22,All ages,1006,Burkitt lymphoma,1,Number,2009,7.8908818877462865,13.567868584167572,4.150472052531372
1,All Population,1,Deaths,164,Nepal,3,Both,22,All ages,1007,Other non-Hodgkin lymphoma,1,Number,2009,336.3721836124739,471.32957198103065,247.87230023993916
1,All Population,1,Deaths,164,Nepal,3,Both,22,All ages,1009,Retinoblastoma,1,Number,2009,15.769035015013825,40.566513420520316,4.76288372576197
1,All Population,1,Deaths,164,Nepal,3,Both,22,All ages,1010,Other eye cancers,1,Number,2009,5.486055706876797,12.455157798947889,2.5314395121105284
1,All Population,1,Deaths,164,Nepal,3,Both,22,All ages,1011,Soft tissue and other extraosseous sarcomas,1,Number,2009,103.27068140110553,198.29675880236627,62.396035951902846
1,All Population,1,Deaths,164,Nepal,3,Both,22,All ages,1012,Malignant neoplasm of bone and articular cartilage,1,Number,2009,174.28030277964643,274.9847416435362,97.75083086921376
1,All Population,1,Deaths,164,Nepal,3,Both,22,All ages,1013,Neuroblastoma and other peripheral nervous cell tumors,1,Number,2009,9.234763081701928,13.446942382374322,5.854784138242671
1,All Population,1,Deaths,164,Nepal,3,Both,22,All ages,1024,Ulcerative colitis,1,Number,2009,70.45679012022438,119.42986780228232,39.05956141985296
1,All Population,1,Deaths,164,Nepal,3,Both,22,All ages,1025,Crohn's disease,1,Number,2009,12.899520345611661,27.699830847852866,5.040147495217624
1,All Population,1,Deaths,164,Nepal,3,Both,22,All ages,1026,Total burden related to hepatitis B,1,Number,2009,2154.276587836096,3199.2686405098334,1324.532817297629
1,All Population,1,Deaths,164,Nepal,3,Both,22,All ages,1027,Total burden related to hepatitis C,1,Number,2009,666.2771553199897,1005.9388306907963,410.21023867522496
1,All Population,1,Deaths,164,Nepal,3,Both,22,All ages,1028,Total burden related to Non-alcoholic fatty liver disease (NAFLD),1,Number,2009,119.90340357540865,184.59637827135387,68.81049915215142
1,All Population,1,Deaths,164,Nepal,3,Both,22,All ages,1029,Total cancers,1,Number,2009,10033.909228349545,11395.772238905884,8933.381526598636
1,All Population,1,Deaths,164,Nepal,3,Both,22,All ages,1032,Thyroid diseases,1,Number,2009,12.111364867738516,21.76369374827181,6.576936334379013
1,All Population,1,Deaths,164,Nepal,3,Both,22,All ages,1048,COVID-19,1,Number,2009,0.0,0.0,0.0
1,All Population,1,Deaths,164,Nepal,3,Both,22,All ages,353,Cystic echinococcosis,1,Number,2007,30.433308067445093,37.631337442143774,23.21134724662689
1,All Population,1,Deaths,164,Nepal,3,Both,22,All ages,357,Dengue,1,Number,2007,325.00451380801167,817.5688006914422,92.021211366373
1,All Population,1,Deaths,164,Nepal,3,Both,22,All ages,358,Yellow fever,1,Number,2007,0.0,0.0,0.0
1,All Population,1,Deaths,164,Nepal,3,Both,22,All ages,359,Rabies,1,Number,2007,563.8118268045356,1313.8880066857273,173.01267113426286
1,All Population,1,Deaths,164,Nepal,3,Both,22,All ages,361,Ascariasis,1,Number,2007,5.381892149808189,8.31938062831885,2.789793539660464
1,All Population,1,Deaths,164,Nepal,3,Both,22,All ages,365,Other neglected tropical diseases,1,Number,2007,39.054105061284936,77.8474481049805,16.45929286102676
1,All Population,1,Deaths,164,Nepal,3,Both,22,All ages,367,Maternal hemorrhage,1,Number,2007,621.1282232980675,852.7519119927326,415.3337920539603
1,All Population,1,Deaths,164,Nepal,3,Both,22,All ages,368,Maternal sepsis and other maternal infections,1,Number,2007,48.495666967791415,73.37654788094282,29.543742014636937
1,All Population,1,Deaths,164,Nepal,3,Both,22,All ages,369,Maternal hypertensive disorders,1,Number,2007,177.3611094305756,245.89621349772284,121.39627326726179
1,All Population,1,Deaths,164,Nepal,3,Both,22,All ages,370,Maternal obstructed labor and uterine rupture,1,Number,2007,76.10962917508694,133.2883045677544,42.74475981574005
1,All Population,1,Deaths,164,Nepal,3,Both,22,All ages,374,Ectopic pregnancy,1,Number,2007,0.2499494171756058,0.37133210032752695,0.1503276388925138
1,All Population,1,Deaths,164,Nepal,3,Both,22,All ages,375,Indirect maternal deaths,1,Number,2007,284.9391911733087,434.6031758759179,174.4204639397791
1,All Population,1,Deaths,164,Nepal,3,Both,22,All ages,376,Late maternal deaths,1,Number,2007,26.581711008101163,37.0240049145775,16.91004331755469
1,All Population,1,Deaths,164,Nepal,3,Both,22,All ages,381,Neonatal preterm birth,1,Number,2007,3234.8134073292563,4330.585119845181,2364.8389266163445
1,All Population,1,Deaths,164,Nepal,3,Both,22,All ages,382,Neonatal encephalopathy due to birth asphyxia and trauma,1,Number,2007,6261.5582503249025,7917.709360686296,4707.026822422813
1,All Population,1,Deaths,164,Nepal,3,Both,22,All ages,383,Neonatal sepsis and other neonatal infections,1,Number,2007,2276.907562440298,3851.042667304604,1092.9187811597214
1,All Population,1,Deaths,164,Nepal,3,Both,22,All ages,384,Hemolytic disease and other neonatal jaundice,1,Number,2007,1176.9219401328298,2382.225729954483,554.8119774970016
1,All Population,1,Deaths,164,Nepal,3,Both,22,All ages,385,Other neonatal disorders,1,Number,2007,1721.9821128263136,2781.538586581826,964.5636063038017
1,All Population,1,Deaths,164,Nepal,3,Both,22,All ages,387,Protein-energy malnutrition,1,Number,2007,2145.006636750725,2648.6037630170913,1686.9273916451968
1,All Population,1,Deaths,164,Nepal,3,Both,22,All ages,391,Other nutritional deficiencies,1,Number,2007,476.8188333023364,686.7399097077673,302.33281762231934
1,All Population,1,Deaths,164,Nepal,3,Both,22,All ages,394,Syphilis,1,Number,2007,460.53342815027355,958.9933164956016,160.79005517826528
1,All Population,1,Deaths,164,Nepal,3,Both,22,All ages,395,Chlamydial infection,1,Number,2007,6.6981155434770265,13.283679156438051,2.4951677900809828
1,All Population,1,Deaths,164,Nepal,3,Both,22,All ages,396,Gonococcal infection,1,Number,2007,2.2188969860333936,4.107515637127096,0.9101114747190306
1,All Population,1,Deaths,164,Nepal,3,Both,22,All ages,399,Other sexually transmitted infections,1,Number,2007,20.41334001990131,40.21326937304988,7.582325669612268
1,All Population,1,Deaths,164,Nepal,3,Both,22,All ages,401,Acute hepatitis A,1,Number,2007,1017.2780880660744,1750.7320922943634,535.8787783552139
1,All Population,1,Deaths,164,Nepal,3,Both,22,All ages,533,Vascular intestinal disorders,1,Number,2007,127.2804854344677,216.85566577221311,68.43847625104843
1,All Population,1,Deaths,164,Nepal,3,Both,22,All ages,534,Gallbladder and biliary diseases,1,Number,2007,93.55000496995093,148.91396797631452,55.12356770403002
1,All Population,1,Deaths,164,Nepal,3,Both,22,All ages,535,Pancreatitis,1,Number,2007,462.45213234116414,786.5266892254734,265.8626690289163
1,All Population,1,Deaths,164,Nepal,3,Both,22,All ages,402,Acute hepatitis B,1,Number,2007,72.59511227291128,269.78593481114893,10.745415378922884
1,All Population,1,Deaths,164,Nepal,3,Both,22,All ages,403,Acute hepatitis C,1,Number,2007,13.11884431185937,36.887578061872226,0.4928664428739567
1,All Population,1,Deaths,164,Nepal,3,Both,22,All ages,404,Acute hepatitis E,1,Number,2007,10.940144403752543,43.03075812981525,1.6003471044021134
1,All Population,1,Deaths,164,Nepal,3,Both,22,All ages,408,Other unspecified infectious diseases,1,Number,2007,720.7520329185927,1508.6922828194347,337.16758530432514
1,All Population,1,Deaths,164,Nepal,3,Both,22,All ages,411,Esophageal cancer,1,Number,2007,620.2940903900629,852.8644530147454,374.86470563009317
1,All Population,1,Deaths,164,Nepal,3,Both,22,All ages,414,Stomach cancer,1,Number,2007,1062.9793887563897,1531.491706537047,688.4758558236973
1,All Population,1,Deaths,164,Nepal,3,Both,22,All ages,543,Alzheimer's disease and other dementias,1,Number,2007,1182.4707196863346,3011.720909099249,280.0861220105636
1,All Population,1,Deaths,164,Nepal,3,Both,22,All ages,544,Parkinson's disease,1,Number,2007,383.0549490249057,477.3677190348437,294.6004968775449
1,All Population,1,Deaths,164,Nepal,3,Both,22,All ages,545,Idiopathic epilepsy,1,Number,2007,864.9458025270688,1165.3051318160906,629.153892659847
1,All Population,1,Deaths,164,Nepal,3,Both,22,All ages,546,Multiple sclerosis,1,Number,2007,2.9048496174935368,6.26906997750929,1.1873039715997118
1,All Population,1,Deaths,164,Nepal,3,Both,22,All ages,554,Motor neuron disease,1,Number,2007,3.5658719399247487,8.532911855697305,1.287165104505706
1,All Population,1,Deaths,164,Nepal,3,Both,22,All ages,557,Other neurological disorders,1,Number,2007,10.66761228098057,18.628709984615345,5.544487252346436
1,All Population,1,Deaths,164,Nepal,3,Both,22,All ages,560,Alcohol use disorders,1,Number,2007,176.12379076902218,286.5155631819896,90.74044361850295
1,All Population,1,Deaths,164,Nepal,3,Both,22,All ages,562,Opioid use disorders,1,Number,2007,32.681029270670116,54.95269384152581,18.475437931780267
1,All Population,1,Deaths,164,Nepal,3,Both,22,All ages,563,Cocaine use disorders,1,Number,2007,6.103876031013457,12.979794132484928,2.2292880737065253
1,All Population,1,Deaths,164,Nepal,3,Both,22,All ages,564,Amphetamine use disorders,1,Number,2007,1.0282785697589931,3.2250639443484364,0.2259010338253968
1,All Population,1,Deaths,164,Nepal,3,Both,22,All ages,566,Other drug use disorders,1,Number,2007,8.382926526689262,14.57214259161342,4.072634154899407
1,All Population,1,Deaths,164,Nepal,3,Both,22,All ages,573,Anorexia nervosa,1,Number,2007,0.015805428345706637,0.10320884536519757,0.0019387987410181121
1,All Population,1,Deaths,164,Nepal,3,Both,22,All ages,588,Acute glomerulonephritis,1,Number,2007,6.144546924313165,13.897353638796165,1.6509382664326335
1,All Population,1,Deaths,164,Nepal,3,Both,22,All ages,591,Chronic kidney disease due to hypertension,1,Number,2007,303.75736113064335,455.40391645691886,200.02592452703337
1,All Population,1,Deaths,164,Nepal,3,Both,22,All ages,725,Physical violence by firearm,1,Number,2007,48.12695275030828,81.93951508248323,23.616235816086064
1,All Population,1,Deaths,164,Nepal,3,Both,22,All ages,726,Physical violence by sharp object,1,Number,2007,39.17212089127062,71.3932173422955,16.702635119693976
1,All Population,1,Deaths,164,Nepal,3,Both,22,All ages,727,Physical violence by other means,1,Number,2007,561.024042456868,650.4129091951485,480.7440616644762
1,All Population,1,Deaths,164,Nepal,3,Both,22,All ages,729,Exposure to forces of nature,1,Number,2007,213.98777120897992,235.24152812695954,194.84568359371636
1,All Population,1,Deaths,164,Nepal,3,Both,22,All ages,741,Maternal deaths aggravated by HIV/AIDS,1,Number,2007,0.6552252241186889,1.0361254101254587,0.3384704269758637
1,All Population,1,Deaths,164,Nepal,3,Both,22,All ages,842,Environmental heat and cold exposure,1,Number,2007,53.8994408012674,128.89613278984504,7.381842191543873
1,All Population,1,Deaths,164,Nepal,3,Both,22,All ages,843,Ebola,1,Number,2007,0.0,0.0,0.0
1,All Population,1,Deaths,164,Nepal,3,Both,22,All ages,845,Acute lymphoid leukemia,1,Number,2007,213.71540548711795,355.8115354733758,138.31856119086362
1,All Population,1,Deaths,164,Nepal,3,Both,22,All ages,846,Chronic lymphoid leukemia,1,Number,2007,14.112995109811756,24.494285907632992,5.251228791134512
1,All Population,1,Deaths,164,Nepal,3,Both,22,All ages,847,Acute myeloid leukemia,1,Number,2007,127.00040315568366,245.44287408332076,60.42655263842471
1,All Population,1,Deaths,164,Nepal,3,Both,22,All ages,848,Chronic myeloid leukemia,1,Number,2007,91.3300034297312,150.49221440261215,37.39076118621322
1,All Population,1,Deaths,164,Nepal,3,Both,22,All ages,849,Non-melanoma skin cancer (squamous-cell carcinoma),1,Number,2007,42.835824877478245,62.35180491780662,28.079669509680524
1,All Population,1,Deaths,164,Nepal,3,Both,22,All ages,854,Police conflict and executions,1,Number,2007,0.06158884224466514,0.12217542834471318,0.030416267391003837
1,All Population,1,Deaths,164,Nepal,3,Both,22,All ages,934,Drug-susceptible tuberculosis,1,Number,2007,6961.213318854584,8844.041196527372,5155.797786812616
1,All Population,1,Deaths,164,Nepal,3,Both,22,All ages,935,Zika virus,1,Number,2007,0.0,0.0,0.0
1,All Population,1,Deaths,164,Nepal,3,Both,22,All ages,938,Alcoholic cardiomyopathy,1,Number,2007,33.429310919247015,98.63929172494693,5.678088748853283
1,All Population,1,Deaths,164,Nepal,3,Both,22,All ages,940,Electrocution,1,Number,2007,48.456716088918526,100.42446109902795,17.312888082685525
1,All Population,1,Deaths,164,Nepal,3,Both,22,All ages,942,Myocarditis,1,Number,2007,90.95516785545824,184.71509590503194,38.3651608862104
1,All Population,1,Deaths,164,Nepal,3,Both,22,All ages,943,Other leukemia,1,Number,2007,118.55247727763633,188.94829967027212,69.33716626921974
1,All Population,1,Deaths,164,Nepal,3,Both,22,All ages,944,Other cardiomyopathy,1,Number,2007,738.0420584416175,1369.4066935591745,323.40242646589587
1,All Population,1,Deaths,164,Nepal,3,Both,22,All ages,721,Self-harm by firearm,1,Number,2008,426.1814075623307,1072.550305084923,157.51857193542395
1,All Population,1,Deaths,164,Nepal,3,Both,22,All ages,1059,Total Cancers excluding Non-melanoma skin cancer,1,Number,2008,9755.625038269818,10980.590727531464,8622.830288577463
1,All Population,1,Deaths,164,Nepal,3,Both,22,All ages,1160,Other direct maternal disorders,1,Number,2008,171.70651437976102,284.2250151658175,97.55049221939218
1,All Population,1,Deaths,164,Nepal,3,Both,22,All ages,1161,Other digestive diseases,1,Number,2008,483.6032667179015,842.8598011902983,227.96930100087306
1,All Population,1,Deaths,164,Nepal,3,Both,22,All ages,1163,Self-harm by other specified means,1,Number,2008,3361.9097297537837,4415.751213058461,2389.1882534503616
1,All Population,1,Deaths,164,Nepal,3,Both,22,All ages,1164,Other benign and in situ neoplasms,1,Number,2008,66.04920093190783,108.30825428953759,34.586604038960125
1,All Population,1,Deaths,164,Nepal,3,Both,22,All ages,418,Liver cancer due to hepatitis B,1,Number,2007,74.33368230505351,123.34370953450588,42.76286091739722
1,All Population,1,Deaths,164,Nepal,3,Both,22,All ages,419,Liver cancer due to hepatitis C,1,Number,2007,75.41868306596663,119.56548187342234,47.29719078474624
1,All Population,1,Deaths,164,Nepal,3,Both,22,All ages,420,Liver cancer due to alcohol use,1,Number,2007,66.6707311173103,109.44685349630177,36.3935269895012
1,All Population,1,Deaths,164,Nepal,3,Both,22,All ages,421,Liver cancer due to other causes,1,Number,2007,8.852812959487952,13.715928781974934,5.027671082778934
1,All Population,1,Deaths,164,Nepal,3,Both,22,All ages,423,Larynx cancer,1,Number,2007,293.12394612506347,433.93175288589657,154.35507726426653
1,All Population,1,Deaths,164,Nepal,3,Both,22,All ages,426,"Tracheal, bronchus, and lung cancer",1,Number,2007,893.3192170666019,1217.40598826554,631.7259600010019
1,All Population,1,Deaths,164,Nepal,3,Both,22,All ages,429,Breast cancer,1,Number,2007,655.3494101392612,974.4042986310568,423.83163467640816
1,All Population,1,Deaths,164,Nepal,3,Both,22,All ages,432,Cervical cancer,1,Number,2007,812.375312731882,1290.0488234843197,470.23426759268756
1,All Population,1,Deaths,164,Nepal,3,Both,22,All ages,435,Uterine cancer,1,Number,2007,57.587403766031585,100.8714044458419,24.84488640584993
1,All Population,1,Deaths,164,Nepal,3,Both,22,All ages,438,Prostate cancer,1,Number,2007,291.2023106946208,426.1765682339734,185.241242900113
1,All Population,1,Deaths,164,Nepal,3,Both,22,All ages,441,Colon and rectum cancer,1,Number,2007,463.40958076930315,609.427284863468,341.9390289128113
1,All Population,1,Deaths,164,Nepal,3,Both,22,All ages,444,Lip and oral cavity cancer,1,Number,2007,618.0134824753284,881.9340339806722,439.57305296094927
1,All Population,1,Deaths,164,Nepal,3,Both,22,All ages,447,Nasopharynx cancer,1,Number,2007,132.45018150899935,175.03674203057645,95.70034240624638
1,All Population,1,Deaths,164,Nepal,3,Both,22,All ages,450,Other pharynx cancer,1,Number,2007,378.6356551414975,563.8842178616493,252.04645556033813
1,All Population,1,Deaths,164,Nepal,3,Both,22,All ages,453,Gallbladder and biliary tract cancer,1,Number,2007,272.6691896744416,386.27493059813804,190.17955667020794
1,All Population,1,Deaths,164,Nepal,3,Both,22,All ages,456,Pancreatic cancer,1,Number,2007,147.29848227200102,202.98189745700023,104.67471920335694
1,All Population,1,Deaths,164,Nepal,3,Both,22,All ages,459,Malignant skin melanoma,1,Number,2007,12.140644713781523,20.142609843865092,7.575210067963169
1,All Population,1,Deaths,164,Nepal,3,Both,22,All ages,465,Ovarian cancer,1,Number,2007,241.26687724512198,440.695190664782,144.7365095714689
1,All Population,1,Deaths,164,Nepal,3,Both,22,All ages,592,Chronic kidney disease due to glomerulonephritis,1,Number,2007,243.76258576099855,350.06573959961185,163.8745843345597
1,All Population,1,Deaths,164,Nepal,3,Both,22,All ages,593,Chronic kidney disease due to other and unspecified causes,1,Number,2007,765.1807097824196,1052.8317561613376,529.5380651336918
1,All Population,1,Deaths,164,Nepal,3,Both,22,All ages,595,Urinary tract infections and interstitial nephritis,1,Number,2007,322.542878721181,454.6090677285201,220.62235094927266
1,All Population,1,Deaths,164,Nepal,3,Both,22,All ages,596,Urolithiasis,1,Number,2007,44.16100783535582,60.45872580790483,31.407867145441212
1,All Population,1,Deaths,164,Nepal,3,Both,22,All ages,602,Other urinary diseases,1,Number,2007,331.2709044460285,454.51308377459503,234.4656787683468
1,All Population,1,Deaths,164,Nepal,3,Both,22,All ages,604,Uterine fibroids,1,Number,2007,8.847765031814694,22.728892985159675,2.6976140553934926
1,All Population,1,Deaths,164,Nepal,3,Both,22,All ages,607,Endometriosis,1,Number,2007,0.08428448886797675,0.41709649772912866,0.0018296695038741127
1,All Population,1,Deaths,164,Nepal,3,Both,22,All ages,608,Genital prolapse,1,Number,2007,1.3100872027009807,3.8570338554056334,0.29502835554587725
1,All Population,1,Deaths,164,Nepal,3,Both,22,All ages,612,Other gynecological diseases,1,Number,2007,16.29272620438152,36.05122033892644,5.873203242847814
1,All Population,1,Deaths,164,Nepal,3,Both,22,All ages,614,Thalassemias,1,Number,2007,80.5510921217525,128.6453858744296,52.749124106002334
1,All Population,1,Deaths,164,Nepal,3,Both,22,All ages,615,Sickle cell disorders,1,Number,2007,12.016006500312251,20.51318982452818,7.659895378759791
1,All Population,1,Deaths,164,Nepal,3,Both,22,All ages,616,G6PD deficiency,1,Number,2007,24.607267512406523,42.98718904345372,15.250479069430074
1,All Population,1,Deaths,164,Nepal,3,Both,22,All ages,618,Other hemoglobinopathies and hemolytic anemias,1,Number,2007,166.70603046611237,253.97449203738225,114.16112459879058
1,All Population,1,Deaths,164,Nepal,3,Both,22,All ages,625,"Other endocrine, metabolic, blood, and immune disorders",1,Number,2007,41.11518569809692,66.0778958354036,21.926798182754307
1,All Population,1,Deaths,164,Nepal,3,Both,22,All ages,627,Rheumatoid arthritis,1,Number,2007,90.09384371716929,157.3741736799708,39.10865821614137
1,All Population,1,Deaths,164,Nepal,3,Both,22,All ages,639,Other musculoskeletal disorders,1,Number,2007,138.2544524476973,221.39372324259315,76.06686940890206
1,All Population,1,Deaths,164,Nepal,3,Both,22,All ages,642,Neural tube defects,1,Number,2007,237.22471122134945,447.4090580881786,101.11374160527801
1,All Population,1,Deaths,164,Nepal,3,Both,22,All ages,945,Conflict and terrorism,1,Number,2007,0.9999999999999987,0.9999999999999962,0.9999999999999962
1,All Population,1,Deaths,164,Nepal,3,Both,22,All ages,946,Multidrug-resistant tuberculosis without extensive drug resistance,1,Number,2007,698.4223083166007,1404.286963355044,269.3241898769881
1,All Population,1,Deaths,164,Nepal,3,Both,22,All ages,947,Extensively drug-resistant tuberculosis,1,Number,2007,17.031041659259568,35.40379626658215,6.539458399378303
1,All Population,1,Deaths,164,Nepal,3,Both,22,All ages,948,HIV/AIDS - Drug-susceptible Tuberculosis,1,Number,2007,370.1923401513104,567.9811774755085,212.8939521101087
1,All Population,1,Deaths,164,Nepal,3,Both,22,All ages,949,HIV/AIDS - Multidrug-resistant Tuberculosis without extensive drug resistance,1,Number,2007,45.75253114496798,92.14378485413458,16.51739071210622
1,All Population,1,Deaths,164,Nepal,3,Both,22,All ages,950,HIV/AIDS - Extensively drug-resistant Tuberculosis,1,Number,2007,1.1150124424305061,2.492747737523118,0.36619677518688354
1,All Population,1,Deaths,164,Nepal,3,Both,22,All ages,959,Invasive Non-typhoidal Salmonella (iNTS),1,Number,2007,91.50876430859834,125.54712159555486,61.054244155899575
1,All Population,1,Deaths,164,Nepal,3,Both,22,All ages,964,"Myelodysplastic, myeloproliferative, and other hematopoietic neoplasms",1,Number,2007,10.55326972519711,19.750623456660428,4.147200548037729
1,All Population,1,Deaths,164,Nepal,3,Both,22,All ages,968,Non-rheumatic calcific aortic valve disease,1,Number,2007,78.71316065678526,123.03964777018801,46.35961494528573
1,All Population,1,Deaths,164,Nepal,3,Both,22,All ages,969,Non-rheumatic degenerative mitral valve disease,1,Number,2007,46.9528604537654,78.5210139059139,24.281789141507808
1,All Population,1,Deaths,164,Nepal,3,Both,22,All ages,970,Other non-rheumatic valve diseases,1,Number,2007,1.1095346860314261,2.489223970497296,0.4646014856477738
1,All Population,1,Deaths,164,Nepal,3,Both,22,All ages,971,Nonalcoholic fatty liver disease including cirrhosis,1,Number,2007,89.06168915691849,144.01012855562604,43.01151613134463
1,All Population,1,Deaths,164,Nepal,3,Both,22,All ages,975,Diabetes mellitus type 1,1,Number,2007,204.7958226102956,312.29978191653095,129.78864668301088
1,All Population,1,Deaths,164,Nepal,3,Both,22,All ages,976,Diabetes mellitus type 2,1,Number,2007,3679.493431124062,4826.694304490073,2612.637989610184
1,All Population,1,Deaths,164,Nepal,3,Both,22,All ages,300,HIV/AIDS resulting in other diseases,1,Number,2010,1222.0716129744433,2034.9131893054976,618.8815816177721
1,All Population,1,Deaths,164,Nepal,3,Both,22,All ages,468,Testicular cancer,1,Number,2010,18.782618857167808,32.46506769916686,10.333416949861048
1,All Population,1,Deaths,164,Nepal,3,Both,22,All ages,471,Kidney cancer,1,Number,2010,97.45826341968916,157.82588426330574,59.803219937673425
1,All Population,1,Deaths,164,Nepal,3,Both,22,All ages,474,Bladder cancer,1,Number,2010,127.35688867541204,212.13379296092958,78.3778709594005
1,All Population,1,Deaths,164,Nepal,3,Both,22,All ages,477,Brain and central nervous system cancer,1,Number,2010,303.0134247804115,401.1300282676536,213.56014358668003
1,All Population,1,Deaths,164,Nepal,3,Both,22,All ages,480,Thyroid cancer,1,Number,2010,82.1887833821745,110.63504360549976,60.98212034637885
1,All Population,1,Deaths,164,Nepal,3,Both,22,All ages,483,Mesothelioma,1,Number,2010,10.572707829843457,14.282695526482904,7.487631806380179
1,All Population,1,Deaths,164,Nepal,3,Both,22,All ages,484,Hodgkin lymphoma,1,Number,2010,103.54815305171714,179.76106554045825,62.38716962120026
1,All Population,1,Deaths,164,Nepal,3,Both,22,All ages,486,Multiple myeloma,1,Number,2010,99.79991499968192,148.3427456631433,59.75299505849478
1,All Population,1,Deaths,164,Nepal,3,Both,22,All ages,489,Other malignant neoplasms,1,Number,2010,504.62748838012385,769.1862026172055,329.34112877697066
1,All Population,1,Deaths,164,Nepal,3,Both,22,All ages,492,Rheumatic heart disease,1,Number,2010,3748.6124393935233,5819.927474930235,2192.0092588032267
1,All Population,1,Deaths,164,Nepal,3,Both,22,All ages,493,Ischemic heart disease,1,Number,2010,14457.805143912574,18824.2699763516,10959.696509798241
1,All Population,1,Deaths,164,Nepal,3,Both,22,All ages,495,Ischemic stroke,1,Number,2010,5408.239134103288,8122.039188245828,3459.108515395719
1,All Population,1,Deaths,164,Nepal,3,Both,22,All ages,496,Intracerebral hemorrhage,1,Number,2010,6617.8290346699705,9526.736583633285,4396.2777686420095
1,All Population,1,Deaths,164,Nepal,3,Both,22,All ages,497,Subarachnoid hemorrhage,1,Number,2010,551.0626104058189,1080.468529229192,236.72344438326093
1,All Population,1,Deaths,164,Nepal,3,Both,22,All ages,498,Hypertensive heart disease,1,Number,2010,2270.879849124815,3460.349217754485,1455.2424184796591
1,All Population,1,Deaths,164,Nepal,3,Both,22,All ages,500,Atrial fibrillation and flutter,1,Number,2010,295.6455666198193,433.3408904613401,208.7708589654051
1,All Population,1,Deaths,164,Nepal,3,Both,22,All ages,501,Aortic aneurysm,1,Number,2010,101.62708905259012,200.98024285398077,60.06205873224725
1,All Population,1,Deaths,164,Nepal,3,Both,22,All ages,502,Lower extremity peripheral arterial disease,1,Number,2010,31.872838893070938,51.27203803712556,18.299476410878583
1,All Population,1,Deaths,164,Nepal,3,Both,22,All ages,503,Endocarditis,1,Number,2010,116.52100992598496,212.26463787905763,65.33653483839616
1,All Population,1,Deaths,164,Nepal,3,Both,22,All ages,643,Congenital heart anomalies,1,Number,2010,1252.11391467075,1739.865560145211,818.9926754658109
1,All Population,1,Deaths,164,Nepal,3,Both,22,All ages,644,Orofacial clefts,1,Number,2010,29.060667714787876,96.0611897779319,3.5828087348863913
1,All Population,1,Deaths,164,Nepal,3,Both,22,All ages,645,Down syndrome,1,Number,2010,40.24896152841399,80.06684001122817,17.0661830372908
1,All Population,1,Deaths,164,Nepal,3,Both,22,All ages,648,Other chromosomal abnormalities,1,Number,2010,34.918356357540596,63.6327954395034,13.745356897584438
1,All Population,1,Deaths,164,Nepal,3,Both,22,All ages,649,Congenital musculoskeletal and limb anomalies,1,Number,2010,30.502209530213175,57.30529987953484,12.776880406152225
1,All Population,1,Deaths,164,Nepal,3,Both,22,All ages,650,Urogenital congenital anomalies,1,Number,2010,38.05995635150491,95.2046372542276,12.513035941018076
1,All Population,1,Deaths,164,Nepal,3,Both,22,All ages,651,Digestive congenital anomalies,1,Number,2010,215.87635241119523,422.63681900450825,91.33528497884434
1,All Population,1,Deaths,164,Nepal,3,Both,22,All ages,652,Other congenital birth defects,1,Number,2010,2.819231497142486,9.22789880039201,0.6428628500576766
1,All Population,1,Deaths,164,Nepal,3,Both,22,All ages,656,Cellulitis,1,Number,2010,0.37365981103698853,0.9597616369026236,0.10546301354684272
1,All Population,1,Deaths,164,Nepal,3,Both,22,All ages,657,Pyoderma,1,Number,2010,0.8896777067388348,1.684782599676023,0.3189967282835972
1,All Population,1,Deaths,164,Nepal,3,Both,22,All ages,665,Decubitus ulcer,1,Number,2010,1.7078435112623815,2.7237895836562385,0.9782231090799253
1,All Population,1,Deaths,164,Nepal,3,Both,22,All ages,668,Other skin and subcutaneous diseases,1,Number,2010,1.4942400396081061,2.736409282159748,0.6867240102233859
1,All Population,1,Deaths,164,Nepal,3,Both,22,All ages,686,Sudden infant death syndrome,1,Number,2010,223.95372274730943,344.64437588976756,128.21885381569956
1,All Population,1,Deaths,164,Nepal,3,Both,22,All ages,690,Pedestrian road injuries,1,Number,2010,833.7357028204661,1172.0630899427224,537.0088154765823
1,All Population,1,Deaths,164,Nepal,3,Both,22,All ages,691,Cyclist road injuries,1,Number,2010,101.15295088243795,197.1321296718566,48.65837261174178
1,All Population,1,Deaths,164,Nepal,3,Both,22,All ages,692,Motorcyclist road injuries,1,Number,2010,529.8753474900052,933.8324063507604,295.81934593032724
1,All Population,1,Deaths,164,Nepal,3,Both,22,All ages,693,Motor vehicle road injuries,1,Number,2010,641.0023901166189,992.9659732359438,321.4329799343611
1,All Population,1,Deaths,164,Nepal,3,Both,22,All ages,694,Other road injuries,1,Number,2010,13.357685427110496,36.27084752494486,4.286585692931478
1,All Population,1,Deaths,164,Nepal,3,Both,22,All ages,695,Other transport injuries,1,Number,2010,215.6178223666505,338.48185894027347,133.26987716511434
1,All Population,1,Deaths,164,Nepal,3,Both,22,All ages,995,Maternal abortion and miscarriage,1,Number,2010,68.42407854012944,122.80368633069529,37.7033470023255
1,All Population,1,Deaths,164,Nepal,3,Both,22,All ages,996,Liver cancer due to NASH,1,Number,2010,22.42519484803542,35.682765985029874,12.916940684283574
1,All Population,1,Deaths,164,Nepal,3,Both,22,All ages,997,Chronic kidney disease due to diabetes mellitus type 1,1,Number,2010,134.81733785447167,211.77532200520304,85.63141768366914
1,All Population,1,Deaths,164,Nepal,3,Both,22,All ages,998,Chronic kidney disease due to diabetes mellitus type 2,1,Number,2010,425.57399275358057,624.0756710718414,278.70313465009514
1,All Population,1,Deaths,164,Nepal,3,Both,22,All ages,1004,Pulmonary Arterial Hypertension,1,Number,2010,78.84279959948586,134.07260792828706,42.01408682160478
1,All Population,1,Deaths,164,Nepal,3,Both,22,All ages,1005,Hepatoblastoma,1,Number,2010,3.198792988598499,5.046823237316972,1.9626877006852754
1,All Population,1,Deaths,164,Nepal,3,Both,22,All ages,1006,Burkitt lymphoma,1,Number,2010,7.962918740214394,13.364401632016264,4.107482362594869
1,All Population,1,Deaths,164,Nepal,3,Both,22,All ages,1007,Other non-Hodgkin lymphoma,1,Number,2010,344.70567769300254,485.74721750336164,250.60341630756184
1,All Population,1,Deaths,164,Nepal,3,Both,22,All ages,1009,Retinoblastoma,1,Number,2010,14.960752484354042,39.199102117165836,4.851545953418874
1,All Population,1,Deaths,164,Nepal,3,Both,22,All ages,1010,Other eye cancers,1,Number,2010,5.544571359892584,12.672339196110086,2.5436078067178065
1,All Population,1,Deaths,164,Nepal,3,Both,22,All ages,1011,Soft tissue and other extraosseous sarcomas,1,Number,2010,105.28030219870398,201.21102022811476,63.375202314312105
1,All Population,1,Deaths,164,Nepal,3,Both,22,All ages,1012,Malignant neoplasm of bone and articular cartilage,1,Number,2010,177.36979919020095,282.7868182142256,99.90497533504303
1,All Population,1,Deaths,164,Nepal,3,Both,22,All ages,1013,Neuroblastoma and other peripheral nervous cell tumors,1,Number,2010,9.224992833826292,13.286286003579958,6.0111979249002445
1,All Population,1,Deaths,164,Nepal,3,Both,22,All ages,1024,Ulcerative colitis,1,Number,2010,71.43011087013971,118.7238215804349,40.32686775889036
1,All Population,1,Deaths,164,Nepal,3,Both,22,All ages,1025,Crohn's disease,1,Number,2010,13.300977711876287,27.896401378175778,4.934416089710844
1,All Population,1,Deaths,164,Nepal,3,Both,22,All ages,1026,Total burden related to hepatitis B,1,Number,2010,2165.795869495549,3229.8031475770094,1302.4461705364818
1,All Population,1,Deaths,164,Nepal,3,Both,22,All ages,1027,Total burden related to hepatitis C,1,Number,2010,672.6192104529159,1028.0501769479242,410.5093010152371
1,All Population,1,Deaths,164,Nepal,3,Both,22,All ages,1028,Total burden related to Non-alcoholic fatty liver disease (NAFLD),1,Number,2010,124.7799877476317,187.46000136657878,70.36648813478256
1,All Population,1,Deaths,164,Nepal,3,Both,22,All ages,1029,Total cancers,1,Number,2010,10120.867004798052,11395.472905597133,8996.340754904028
1,All Population,1,Deaths,164,Nepal,3,Both,22,All ages,1032,Thyroid diseases,1,Number,2010,12.238721731440236,21.565336285585264,6.280157680985232
1,All Population,1,Deaths,164,Nepal,3,Both,22,All ages,1048,COVID-19,1,Number,2010,0.0,0.0,0.0
1,All Population,1,Deaths,164,Nepal,3,Both,22,All ages,975,Diabetes mellitus type 1,1,Number,2008,211.24158502635507,320.5371609210554,131.8465325308059
1,All Population,1,Deaths,164,Nepal,3,Both,22,All ages,976,Diabetes mellitus type 2,1,Number,2008,3920.618839182057,5216.282102846617,2803.8717290421105
1,All Population,1,Deaths,164,Nepal,3,Both,22,All ages,940,Electrocution,1,Number,2008,47.918006814817616,97.76513932720464,17.886639197239322
1,All Population,1,Deaths,164,Nepal,3,Both,22,All ages,942,Myocarditis,1,Number,2008,89.26530012643053,177.83732530140625,37.47890028677164
1,All Population,1,Deaths,164,Nepal,3,Both,22,All ages,943,Other leukemia,1,Number,2008,122.57940965992132,196.00100517834153,70.73950748977117
1,All Population,1,Deaths,164,Nepal,3,Both,22,All ages,944,Other cardiomyopathy,1,Number,2008,751.6907303482099,1336.4975481783829,331.2093896384365
1,All Population,1,Deaths,164,Nepal,3,Both,22,All ages,302,Diarrheal diseases,1,Number,2008,6582.719441088964,9142.922407954487,4540.234178785881
1,All Population,1,Deaths,164,Nepal,3,Both,22,All ages,319,Typhoid fever,1,Number,2008,1998.0667291609057,3291.87759485926,1025.6850854232819
1,All Population,1,Deaths,164,Nepal,3,Both,22,All ages,320,Paratyphoid fever,1,Number,2008,410.587733265538,790.519177477114,192.7214136752857
1,All Population,1,Deaths,164,Nepal,3,Both,22,All ages,321,Other intestinal infectious diseases,1,Number,2008,2.9098551978382683,4.5136942256035315,1.8259012123033145
1,All Population,1,Deaths,164,Nepal,3,Both,22,All ages,322,Lower respiratory infections,1,Number,2008,12121.328221319156,15092.589373145956,9779.493917845226
1,All Population,1,Deaths,164,Nepal,3,Both,22,All ages,328,Upper respiratory infections,1,Number,2008,71.10385347843152,199.65165556544088,2.7646313485725598
1,All Population,1,Deaths,164,Nepal,3,Both,22,All ages,329,Otitis media,1,Number,2008,4.126956500363079,11.629592476644502,1.0406420241718088
1,All Population,1,Deaths,164,Nepal,3,Both,22,All ages,332,Meningitis,1,Number,2008,1152.1139369489142,1519.3130188935227,831.5224006321776
1,All Population,1,Deaths,164,Nepal,3,Both,22,All ages,337,Encephalitis,1,Number,2008,538.5075964221243,1065.6331244054247,171.43748955727426
1,All Population,1,Deaths,164,Nepal,3,Both,22,All ages,338,Diphtheria,1,Number,2008,9.225458618157052,15.138483060315792,5.198551432898467
1,All Population,1,Deaths,164,Nepal,3,Both,22,All ages,339,Pertussis,1,Number,2008,511.08107819372924,1469.6812721249094,43.638628199121094
1,All Population,1,Deaths,164,Nepal,3,Both,22,All ages,340,Tetanus,1,Number,2008,542.3883835392852,798.6514541515155,318.5785101417136
1,All Population,1,Deaths,164,Nepal,3,Both,22,All ages,341,Measles,1,Number,2008,884.8840556256932,1751.9421843690448,331.0422568925139
1,All Population,1,Deaths,164,Nepal,3,Both,22,All ages,342,Varicella and herpes zoster,1,Number,2008,77.99746506102906,101.04704140612712,56.943696655773046
1,All Population,1,Deaths,164,Nepal,3,Both,22,All ages,345,Malaria,1,Number,2008,68.12438784250165,122.33891683563024,34.85086081355933
1,All Population,1,Deaths,164,Nepal,3,Both,22,All ages,346,Chagas disease,1,Number,2008,0.0,0.0,0.0
1,All Population,1,Deaths,164,Nepal,3,Both,22,All ages,348,Visceral leishmaniasis,1,Number,2008,169.76911352648466,554.8747800262714,0.0444545579765336
1,All Population,1,Deaths,164,Nepal,3,Both,22,All ages,350,African trypanosomiasis,1,Number,2008,0.0,0.0,0.0
1,All Population,1,Deaths,164,Nepal,3,Both,22,All ages,351,Schistosomiasis,1,Number,2008,0.0,0.0,0.0
1,All Population,1,Deaths,164,Nepal,3,Both,22,All ages,352,Cysticercosis,1,Number,2008,2.0901388947055874,3.071028675187789,1.2347303031629748
1,All Population,1,Deaths,164,Nepal,3,Both,22,All ages,507,Other cardiovascular and circulatory diseases,1,Number,2008,402.4807322166526,620.987681591077,251.30877442807534
1,All Population,1,Deaths,164,Nepal,3,Both,22,All ages,509,Chronic obstructive pulmonary disease,1,Number,2008,14991.419157660896,18793.58583085161,11733.587823609714
1,All Population,1,Deaths,164,Nepal,3,Both,22,All ages,511,Silicosis,1,Number,2008,6.355521778526263,16.53243836413122,1.628748289133513
1,All Population,1,Deaths,164,Nepal,3,Both,22,All ages,512,Asbestosis,1,Number,2008,1.4022996963672187,4.016978060455216,0.32996141967736997
1,All Population,1,Deaths,164,Nepal,3,Both,22,All ages,513,Coal workers pneumoconiosis,1,Number,2008,1.708776216979083,4.936287679354342,0.2713338210429469
1,All Population,1,Deaths,164,Nepal,3,Both,22,All ages,514,Other pneumoconiosis,1,Number,2008,3.449639195903065,7.920110957246872,0.9089929681389562
1,All Population,1,Deaths,164,Nepal,3,Both,22,All ages,515,Asthma,1,Number,2008,2889.0122184831785,4999.544542928876,1505.950833020189
1,All Population,1,Deaths,164,Nepal,3,Both,22,All ages,516,Interstitial lung disease and pulmonary sarcoidosis,1,Number,2008,374.5373964132896,1108.4459997373933,170.29796382868022
1,All Population,1,Deaths,164,Nepal,3,Both,22,All ages,520,Other chronic respiratory diseases,1,Number,2008,331.28512680511716,640.0282805531464,187.58922176223427
1,All Population,1,Deaths,164,Nepal,3,Both,22,All ages,522,Chronic hepatitis B including cirrhosis,1,Number,2008,1965.4135204771878,2902.298553493799,1162.9433252327415
1,All Population,1,Deaths,164,Nepal,3,Both,22,All ages,523,Chronic hepatitis C including cirrhosis,1,Number,2008,561.2789386879613,888.8741860916692,313.26818200331303
1,All Population,1,Deaths,164,Nepal,3,Both,22,All ages,524,Cirrhosis due to alcohol,1,Number,2008,1671.8052275431528,2450.8685434189993,978.0241770452103
1,All Population,1,Deaths,164,Nepal,3,Both,22,All ages,525,Cirrhosis due to other causes,1,Number,2008,666.9545968412957,1043.16482400015,388.55248648333566
1,All Population,1,Deaths,164,Nepal,3,Both,22,All ages,527,Peptic ulcer disease,1,Number,2008,2292.421250694764,3673.2413790316014,1410.6822364572606
1,All Population,1,Deaths,164,Nepal,3,Both,22,All ages,528,Gastritis and duodenitis,1,Number,2008,190.5188729707763,366.0220560742684,79.23859525318754
1,All Population,1,Deaths,164,Nepal,3,Both,22,All ages,529,Appendicitis,1,Number,2008,320.55301482689055,623.3432065358302,101.41538715314474
1,All Population,1,Deaths,164,Nepal,3,Both,22,All ages,530,Paralytic ileus and intestinal obstruction,1,Number,2008,980.6232021136225,1543.8774330222795,591.2922450056209
1,All Population,1,Deaths,164,Nepal,3,Both,22,All ages,531,"Inguinal, femoral, and abdominal hernia",1,Number,2008,242.59588470222437,539.6450689051348,122.30982567385475
1,All Population,1,Deaths,164,Nepal,3,Both,22,All ages,697,Falls,1,Number,2008,2199.396021689852,2959.26078076766,1565.770330437086
1,All Population,1,Deaths,164,Nepal,3,Both,22,All ages,698,Drowning,1,Number,2008,2040.7335510721687,2918.5531123335104,1391.4973169292552
1,All Population,1,Deaths,164,Nepal,3,Both,22,All ages,699,"Fire, heat, and hot substances",1,Number,2008,539.735494852446,832.2053528649631,334.49868200474555
1,All Population,1,Deaths,164,Nepal,3,Both,22,All ages,701,Poisoning by carbon monoxide,1,Number,2008,278.23611412229303,534.0192464709311,103.53915916434939
1,All Population,1,Deaths,164,Nepal,3,Both,22,All ages,703,Poisoning by other means,1,Number,2008,766.0648717517599,1215.800593795995,428.79034714134764
1,All Population,1,Deaths,164,Nepal,3,Both,22,All ages,705,Unintentional firearm injuries,1,Number,2008,4.905102698086533,15.475453149798563,0.7191845753081012
1,All Population,1,Deaths,164,Nepal,3,Both,22,All ages,707,Other exposure to mechanical forces,1,Number,2008,293.4693134980092,579.0039184637691,147.47615987474586
1,All Population,1,Deaths,164,Nepal,3,Both,22,All ages,708,Adverse effects of medical treatment,1,Number,2008,729.3558609922961,1027.7817771550551,512.2223998326227
1,All Population,1,Deaths,164,Nepal,3,Both,22,All ages,710,Venomous animal contact,1,Number,2008,640.271167722263,1037.4706890002228,374.2968190071014
1,All Population,1,Deaths,164,Nepal,3,Both,22,All ages,711,Non-venomous animal contact,1,Number,2008,17.912116032661977,55.43435992576488,2.819517507057282
1,All Population,1,Deaths,164,Nepal,3,Both,22,All ages,713,Pulmonary aspiration and foreign body in airway,1,Number,2008,41.534736830280174,82.29479732471849,8.699906361004828
1,All Population,1,Deaths,164,Nepal,3,Both,22,All ages,715,Foreign body in other body part,1,Number,2008,3.0500274094412143,8.172922490242227,0.45762205337832895
1,All Population,1,Deaths,164,Nepal,3,Both,22,All ages,716,Other unintentional injuries,1,Number,2008,100.94266934600195,210.3791414173678,49.22242067313746
1,All Population,1,Deaths,164,Nepal,3,Both,22,All ages,302,Diarrheal diseases,1,Number,2009,6310.173538136039,8852.356534043021,4337.766268089038
1,All Population,1,Deaths,164,Nepal,3,Both,22,All ages,319,Typhoid fever,1,Number,2009,1858.9951511461823,3078.455073622547,938.5034465493468
1,All Population,1,Deaths,164,Nepal,3,Both,22,All ages,320,Paratyphoid fever,1,Number,2009,383.7313466335592,732.6901856336552,181.85038722433328
1,All Population,1,Deaths,164,Nepal,3,Both,22,All ages,321,Other intestinal infectious diseases,1,Number,2009,2.9907295887607575,4.7288887098621055,1.9110821248221588
1,All Population,1,Deaths,164,Nepal,3,Both,22,All ages,322,Lower respiratory infections,1,Number,2009,11499.75478637165,14471.856139743095,9101.545452746928
1,All Population,1,Deaths,164,Nepal,3,Both,22,All ages,328,Upper respiratory infections,1,Number,2009,68.59521965611317,196.35282254264988,2.841567623261287
1,All Population,1,Deaths,164,Nepal,3,Both,22,All ages,329,Otitis media,1,Number,2009,4.049355899455683,11.727419792673025,1.0385749933353823
1,All Population,1,Deaths,164,Nepal,3,Both,22,All ages,332,Meningitis,1,Number,2009,1085.5669672461572,1497.9960771533285,777.2093280828287
1,All Population,1,Deaths,164,Nepal,3,Both,22,All ages,337,Encephalitis,1,Number,2009,533.5727200941942,1084.4106677392876,171.82833334227738
1,All Population,1,Deaths,164,Nepal,3,Both,22,All ages,338,Diphtheria,1,Number,2009,8.678799232519355,14.855057020037256,4.680920872587811
1,All Population,1,Deaths,164,Nepal,3,Both,22,All ages,339,Pertussis,1,Number,2009,496.25360131400396,1360.3977315247514,59.43482327696387
1,All Population,1,Deaths,164,Nepal,3,Both,22,All ages,340,Tetanus,1,Number,2009,508.5958522717891,760.0096050556446,288.6689973548562
1,All Population,1,Deaths,164,Nepal,3,Both,22,All ages,341,Measles,1,Number,2009,697.3542973708218,1411.1419597116985,273.1250218630397
1,All Population,1,Deaths,164,Nepal,3,Both,22,All ages,342,Varicella and herpes zoster,1,Number,2009,77.78288879965979,107.74346611239476,56.99450233380699
1,All Population,1,Deaths,164,Nepal,3,Both,22,All ages,345,Malaria,1,Number,2009,57.88964031501224,106.85302856392875,33.744211091973874
1,All Population,1,Deaths,164,Nepal,3,Both,22,All ages,346,Chagas disease,1,Number,2009,0.0,0.0,0.0
1,All Population,1,Deaths,164,Nepal,3,Both,22,All ages,348,Visceral leishmaniasis,1,Number,2009,141.2913520170182,450.69677759686687,0.03689559370044793
1,All Population,1,Deaths,164,Nepal,3,Both,22,All ages,350,African trypanosomiasis,1,Number,2009,0.0,0.0,0.0
1,All Population,1,Deaths,164,Nepal,3,Both,22,All ages,351,Schistosomiasis,1,Number,2009,0.0,0.0,0.0
1,All Population,1,Deaths,164,Nepal,3,Both,22,All ages,352,Cysticercosis,1,Number,2009,1.9997710547677467,2.876437284557567,1.196737836189022
1,All Population,1,Deaths,164,Nepal,3,Both,22,All ages,507,Other cardiovascular and circulatory diseases,1,Number,2009,417.33969979912916,636.1867419648767,256.3782792575606
1,All Population,1,Deaths,164,Nepal,3,Both,22,All ages,509,Chronic obstructive pulmonary disease,1,Number,2009,15382.390334418582,19541.570778081023,12207.96352001044
1,All Population,1,Deaths,164,Nepal,3,Both,22,All ages,511,Silicosis,1,Number,2009,6.546081223548576,17.843072661701772,1.7414890246670147
1,All Population,1,Deaths,164,Nepal,3,Both,22,All ages,512,Asbestosis,1,Number,2009,1.4523858244492744,4.401673309620945,0.35089010795459996
1,All Population,1,Deaths,164,Nepal,3,Both,22,All ages,513,Coal workers pneumoconiosis,1,Number,2009,1.696656923801392,4.772757688521599,0.27844025697895225
1,All Population,1,Deaths,164,Nepal,3,Both,22,All ages,514,Other pneumoconiosis,1,Number,2009,3.554992315693125,8.31524130643051,0.9429627756039197
1,All Population,1,Deaths,164,Nepal,3,Both,22,All ages,515,Asthma,1,Number,2009,2927.7382675074537,5225.43486673488,1466.1752014746696
1,All Population,1,Deaths,164,Nepal,3,Both,22,All ages,516,Interstitial lung disease and pulmonary sarcoidosis,1,Number,2009,391.7018995976689,1120.5739046718652,187.11322870777397
1,All Population,1,Deaths,164,Nepal,3,Both,22,All ages,520,Other chronic respiratory diseases,1,Number,2009,336.9423256805072,664.2731922163234,190.6320179365737
1,All Population,1,Deaths,164,Nepal,3,Both,22,All ages,522,Chronic hepatitis B including cirrhosis,1,Number,2009,1998.7681832916599,2921.9125993731714,1171.908749312584
1,All Population,1,Deaths,164,Nepal,3,Both,22,All ages,523,Chronic hepatitis C including cirrhosis,1,Number,2009,572.5241631279135,898.1392807087277,311.89387008345744
1,All Population,1,Deaths,164,Nepal,3,Both,22,All ages,524,Cirrhosis due to alcohol,1,Number,2009,1713.2218394599747,2506.1575494424183,1014.7409093659046
1,All Population,1,Deaths,164,Nepal,3,Both,22,All ages,525,Cirrhosis due to other causes,1,Number,2009,668.0082081401412,1022.3669201037396,397.2206907759083
1,All Population,1,Deaths,164,Nepal,3,Both,22,All ages,527,Peptic ulcer disease,1,Number,2009,2286.9221021671938,3794.296633939517,1380.7143933245318
1,All Population,1,Deaths,164,Nepal,3,Both,22,All ages,528,Gastritis and duodenitis,1,Number,2009,188.39738190846384,351.91523137623363,77.80964711784209
1,All Population,1,Deaths,164,Nepal,3,Both,22,All ages,529,Appendicitis,1,Number,2009,319.1239373265044,618.4150667917464,103.58325105607094
1,All Population,1,Deaths,164,Nepal,3,Both,22,All ages,530,Paralytic ileus and intestinal obstruction,1,Number,2009,997.2017856602212,1620.287029414219,605.9965242100963
1,All Population,1,Deaths,164,Nepal,3,Both,22,All ages,531,"Inguinal, femoral, and abdominal hernia",1,Number,2009,242.8917431532971,562.5535191202232,117.0939701385335
1,All Population,1,Deaths,164,Nepal,3,Both,22,All ages,697,Falls,1,Number,2009,2255.1373292253775,3041.113848387372,1648.7711466726066
1,All Population,1,Deaths,164,Nepal,3,Both,22,All ages,698,Drowning,1,Number,2009,2055.4905157637695,2921.3229977335454,1407.7041179453452
1,All Population,1,Deaths,164,Nepal,3,Both,22,All ages,699,"Fire, heat, and hot substances",1,Number,2009,551.1025225138438,862.559206920924,340.28410111439644
1,All Population,1,Deaths,164,Nepal,3,Both,22,All ages,701,Poisoning by carbon monoxide,1,Number,2009,276.51749008491674,537.3194968760882,105.9649394742635
1,All Population,1,Deaths,164,Nepal,3,Both,22,All ages,703,Poisoning by other means,1,Number,2009,761.5210787630632,1222.444245225227,438.07504253712546
1,All Population,1,Deaths,164,Nepal,3,Both,22,All ages,705,Unintentional firearm injuries,1,Number,2009,4.626656164371978,15.03400786347778,0.6999558867975277
1,All Population,1,Deaths,164,Nepal,3,Both,22,All ages,707,Other exposure to mechanical forces,1,Number,2009,317.7849649651609,599.750068913003,170.52772342399368
1,All Population,1,Deaths,164,Nepal,3,Both,22,All ages,708,Adverse effects of medical treatment,1,Number,2009,732.3395372887237,1013.2672695935532,521.6629430581511
1,All Population,1,Deaths,164,Nepal,3,Both,22,All ages,710,Venomous animal contact,1,Number,2009,661.955485974758,1051.2190819892644,396.2020802161987
1,All Population,1,Deaths,164,Nepal,3,Both,22,All ages,711,Non-venomous animal contact,1,Number,2009,18.762710140229128,57.43376492731277,3.2384802021721733
1,All Population,1,Deaths,164,Nepal,3,Both,22,All ages,713,Pulmonary aspiration and foreign body in airway,1,Number,2009,41.94581864900226,81.36996019185871,8.945894969867267
1,All Population,1,Deaths,164,Nepal,3,Both,22,All ages,715,Foreign body in other body part,1,Number,2009,3.091138946039156,8.375711672288217,0.4614583906139972
1,All Population,1,Deaths,164,Nepal,3,Both,22,All ages,716,Other unintentional injuries,1,Number,2009,100.26487613988019,193.6320230773548,49.979940147370364
1,All Population,1,Deaths,164,Nepal,3,Both,22,All ages,721,Self-harm by firearm,1,Number,2009,432.7580841256275,1094.0059950365937,167.96783069284913
1,All Population,1,Deaths,164,Nepal,3,Both,22,All ages,1059,Total Cancers excluding Non-melanoma skin cancer,1,Number,2009,9988.174054464056,11356.92260210518,8900.07960004575
1,All Population,1,Deaths,164,Nepal,3,Both,22,All ages,1160,Other direct maternal disorders,1,Number,2009,175.7610897431561,294.73265425665875,105.15389065937067
1,All Population,1,Deaths,164,Nepal,3,Both,22,All ages,1161,Other digestive diseases,1,Number,2009,485.94629975699087,846.9869456969714,232.23910846325083
1,All Population,1,Deaths,164,Nepal,3,Both,22,All ages,1163,Self-harm by other specified means,1,Number,2009,3495.5367607910134,4527.27042592127,2465.6761201297004
1,All Population,1,Deaths,164,Nepal,3,Both,22,All ages,1164,Other benign and in situ neoplasms,1,Number,2009,67.14024641217652,110.5384594311482,33.980042164638434
1,All Population,1,Deaths,164,Nepal,3,Both,22,All ages,300,HIV/AIDS resulting in other diseases,1,Number,2011,1309.84715818922,2181.991200639139,663.7140296990189
1,All Population,1,Deaths,164,Nepal,3,Both,22,All ages,468,Testicular cancer,1,Number,2011,19.61337935162198,33.52074957326119,11.175534105429993
1,All Population,1,Deaths,164,Nepal,3,Both,22,All ages,471,Kidney cancer,1,Number,2011,99.43054901975023,163.2814901492962,59.88426704446045
1,All Population,1,Deaths,164,Nepal,3,Both,22,All ages,474,Bladder cancer,1,Number,2011,126.96788047153186,216.52177395327018,78.3220784755742
1,All Population,1,Deaths,164,Nepal,3,Both,22,All ages,477,Brain and central nervous system cancer,1,Number,2011,303.1769772123696,405.6881992838618,214.20561529284961
1,All Population,1,Deaths,164,Nepal,3,Both,22,All ages,480,Thyroid cancer,1,Number,2011,83.81228316784302,111.24885163010914,62.48521641403698
1,All Population,1,Deaths,164,Nepal,3,Both,22,All ages,353,Cystic echinococcosis,1,Number,2008,29.26644860364821,37.83896119577897,22.412735009595984
1,All Population,1,Deaths,164,Nepal,3,Both,22,All ages,357,Dengue,1,Number,2008,336.2670855830865,836.8878399894643,95.91970040811724
1,All Population,1,Deaths,164,Nepal,3,Both,22,All ages,358,Yellow fever,1,Number,2008,0.0,0.0,0.0
1,All Population,1,Deaths,164,Nepal,3,Both,22,All ages,359,Rabies,1,Number,2008,528.3992028677576,1198.0784528467082,168.78752990814334
1,All Population,1,Deaths,164,Nepal,3,Both,22,All ages,361,Ascariasis,1,Number,2008,4.796301440245094,7.503874243744653,2.4023154076274498
1,All Population,1,Deaths,164,Nepal,3,Both,22,All ages,365,Other neglected tropical diseases,1,Number,2008,38.97445310148491,74.03269063056267,17.278191786741292
1,All Population,1,Deaths,164,Nepal,3,Both,22,All ages,367,Maternal hemorrhage,1,Number,2008,613.9420692566256,821.0530245398634,404.9300978704329
1,All Population,1,Deaths,164,Nepal,3,Both,22,All ages,368,Maternal sepsis and other maternal infections,1,Number,2008,60.35180234122638,91.82309156183318,35.86005753580987
1,All Population,1,Deaths,164,Nepal,3,Both,22,All ages,369,Maternal hypertensive disorders,1,Number,2008,200.8746556466547,274.6933089653614,137.25090407431404
1,All Population,1,Deaths,164,Nepal,3,Both,22,All ages,370,Maternal obstructed labor and uterine rupture,1,Number,2008,80.62069364273151,140.66889744161705,43.886983402182146
1,All Population,1,Deaths,164,Nepal,3,Both,22,All ages,374,Ectopic pregnancy,1,Number,2008,0.3008233813820784,0.4530139437779295,0.18669921801914913
1,All Population,1,Deaths,164,Nepal,3,Both,22,All ages,375,Indirect maternal deaths,1,Number,2008,159.69024078995471,255.30616087597434,94.71440248611894
1,All Population,1,Deaths,164,Nepal,3,Both,22,All ages,376,Late maternal deaths,1,Number,2008,26.093606894514753,36.22146992445771,16.846193399497704
1,All Population,1,Deaths,164,Nepal,3,Both,22,All ages,381,Neonatal preterm birth,1,Number,2008,3397.9652707097416,4437.261184751515,2523.5813276300623
1,All Population,1,Deaths,164,Nepal,3,Both,22,All ages,382,Neonatal encephalopathy due to birth asphyxia and trauma,1,Number,2008,5971.277083675942,7721.78309941218,4460.106825297239
1,All Population,1,Deaths,164,Nepal,3,Both,22,All ages,383,Neonatal sepsis and other neonatal infections,1,Number,2008,2237.121020786398,3801.253023738916,1080.5461724593424
1,All Population,1,Deaths,164,Nepal,3,Both,22,All ages,384,Hemolytic disease and other neonatal jaundice,1,Number,2008,1120.3750907812255,2200.5071846316355,532.2626908470065
1,All Population,1,Deaths,164,Nepal,3,Both,22,All ages,385,Other neonatal disorders,1,Number,2008,1652.7800760302346,2584.0414360328864,927.57273960049
1,All Population,1,Deaths,164,Nepal,3,Both,22,All ages,387,Protein-energy malnutrition,1,Number,2008,1958.8624140024388,2487.977698016455,1510.2135788554394
1,All Population,1,Deaths,164,Nepal,3,Both,22,All ages,391,Other nutritional deficiencies,1,Number,2008,460.8424215743564,666.4806912407319,288.8037205455575
1,All Population,1,Deaths,164,Nepal,3,Both,22,All ages,394,Syphilis,1,Number,2008,436.93322090308516,909.7646505174029,155.05027501351188
1,All Population,1,Deaths,164,Nepal,3,Both,22,All ages,395,Chlamydial infection,1,Number,2008,6.609370104482873,13.284360303394301,2.3806279023577073
1,All Population,1,Deaths,164,Nepal,3,Both,22,All ages,396,Gonococcal infection,1,Number,2008,2.1911622168428617,4.126127867616909,0.8516675827525276
1,All Population,1,Deaths,164,Nepal,3,Both,22,All ages,399,Other sexually transmitted infections,1,Number,2008,20.20238857340613,40.29619762350128,7.256567879553217
1,All Population,1,Deaths,164,Nepal,3,Both,22,All ages,401,Acute hepatitis A,1,Number,2008,986.307849815817,1781.5601586633431,529.3911593595961
1,All Population,1,Deaths,164,Nepal,3,Both,22,All ages,533,Vascular intestinal disorders,1,Number,2008,130.1783737215836,226.4015810202158,70.41240770110333
1,All Population,1,Deaths,164,Nepal,3,Both,22,All ages,534,Gallbladder and biliary diseases,1,Number,2008,95.66920640959448,151.22757894161475,55.77090785689179
1,All Population,1,Deaths,164,Nepal,3,Both,22,All ages,535,Pancreatitis,1,Number,2008,470.377509215661,772.8046305795592,282.1750430006862
1,All Population,1,Deaths,164,Nepal,3,Both,22,All ages,402,Acute hepatitis B,1,Number,2008,73.73480168579151,247.2620593805142,11.12433172050641
1,All Population,1,Deaths,164,Nepal,3,Both,22,All ages,403,Acute hepatitis C,1,Number,2008,13.486651743229384,37.17313000665813,0.5377968945468383
1,All Population,1,Deaths,164,Nepal,3,Both,22,All ages,404,Acute hepatitis E,1,Number,2008,11.049291424262377,38.563418686116805,1.6902457283059118
1,All Population,1,Deaths,164,Nepal,3,Both,22,All ages,408,Other unspecified infectious diseases,1,Number,2008,732.3133734193906,1492.3624225537963,343.2105280509063
1,All Population,1,Deaths,164,Nepal,3,Both,22,All ages,411,Esophageal cancer,1,Number,2008,634.5347825248471,888.9381117366902,392.7596166250872
1,All Population,1,Deaths,164,Nepal,3,Both,22,All ages,414,Stomach cancer,1,Number,2008,1063.2003774835798,1529.269994320978,702.7788338380102
1,All Population,1,Deaths,164,Nepal,3,Both,22,All ages,483,Mesothelioma,1,Number,2011,10.673695600757625,14.065778183914471,7.736249468590008
1,All Population,1,Deaths,164,Nepal,3,Both,22,All ages,484,Hodgkin lymphoma,1,Number,2011,103.71077083324118,183.04316092200654,59.62998952185864
1,All Population,1,Deaths,164,Nepal,3,Both,22,All ages,486,Multiple myeloma,1,Number,2011,101.18679928543875,151.33212075674948,61.954044438789985
1,All Population,1,Deaths,164,Nepal,3,Both,22,All ages,489,Other malignant neoplasms,1,Number,2011,506.33951272639445,759.3470401729603,325.3809563362716
1,All Population,1,Deaths,164,Nepal,3,Both,22,All ages,492,Rheumatic heart disease,1,Number,2011,3740.518439228287,5801.020236714651,2183.384041619913
1,All Population,1,Deaths,164,Nepal,3,Both,22,All ages,493,Ischemic heart disease,1,Number,2011,15293.99084203377,19573.169343394282,11767.255337362472
1,All Population,1,Deaths,164,Nepal,3,Both,22,All ages,495,Ischemic stroke,1,Number,2011,5737.825347902724,8690.258361537935,3693.238722535491
1,All Population,1,Deaths,164,Nepal,3,Both,22,All ages,496,Intracerebral hemorrhage,1,Number,2011,6754.222159094802,9538.751547862774,4351.608737846568
1,All Population,1,Deaths,164,Nepal,3,Both,22,All ages,497,Subarachnoid hemorrhage,1,Number,2011,550.1758265351198,1116.7636621453403,242.5813932848543
1,All Population,1,Deaths,164,Nepal,3,Both,22,All ages,498,Hypertensive heart disease,1,Number,2011,2293.813935794616,3473.1812741225035,1468.3449391512693
1,All Population,1,Deaths,164,Nepal,3,Both,22,All ages,500,Atrial fibrillation and flutter,1,Number,2011,305.08229937322585,451.7251781247205,215.94164952928506
1,All Population,1,Deaths,164,Nepal,3,Both,22,All ages,501,Aortic aneurysm,1,Number,2011,104.01537464869571,203.94687787272335,62.64041063103482
1,All Population,1,Deaths,164,Nepal,3,Both,22,All ages,502,Lower extremity peripheral arterial disease,1,Number,2011,32.741467952574475,54.05179188664082,18.827658930794357
1,All Population,1,Deaths,164,Nepal,3,Both,22,All ages,503,Endocarditis,1,Number,2011,117.52310126753086,214.51454210029226,66.26427621721957
1,All Population,1,Deaths,164,Nepal,3,Both,22,All ages,643,Congenital heart anomalies,1,Number,2011,1181.866838760425,1654.7218556720395,775.0172430330393
1,All Population,1,Deaths,164,Nepal,3,Both,22,All ages,644,Orofacial clefts,1,Number,2011,20.059045041036196,63.07403368220949,2.7000745128001107
1,All Population,1,Deaths,164,Nepal,3,Both,22,All ages,645,Down syndrome,1,Number,2011,39.04441861758065,74.92230372485687,17.17574251719734
1,All Population,1,Deaths,164,Nepal,3,Both,22,All ages,648,Other chromosomal abnormalities,1,Number,2011,34.36354397652502,61.48937620428163,14.601209922006086
1,All Population,1,Deaths,164,Nepal,3,Both,22,All ages,649,Congenital musculoskeletal and limb anomalies,1,Number,2011,29.33176678646239,52.806538406022796,12.102616666279353
1,All Population,1,Deaths,164,Nepal,3,Both,22,All ages,650,Urogenital congenital anomalies,1,Number,2011,37.068451277497005,93.38722742031123,11.910438310546015
1,All Population,1,Deaths,164,Nepal,3,Both,22,All ages,651,Digestive congenital anomalies,1,Number,2011,207.4331672107784,423.5593635200714,87.6676095374211
1,All Population,1,Deaths,164,Nepal,3,Both,22,All ages,652,Other congenital birth defects,1,Number,2011,2.726588321109339,9.018715760221617,0.6373600650572313
1,All Population,1,Deaths,164,Nepal,3,Both,22,All ages,656,Cellulitis,1,Number,2011,0.38608222744776727,0.962607343927383,0.1135026283963983
1,All Population,1,Deaths,164,Nepal,3,Both,22,All ages,657,Pyoderma,1,Number,2011,0.9369223766306666,1.772252709175762,0.37861792287992513
1,All Population,1,Deaths,164,Nepal,3,Both,22,All ages,665,Decubitus ulcer,1,Number,2011,1.7205526494280348,2.83248404233593,0.9770005980265167
1,All Population,1,Deaths,164,Nepal,3,Both,22,All ages,668,Other skin and subcutaneous diseases,1,Number,2011,1.4420384455567088,2.5760846360337664,0.6541916451787595
1,All Population,1,Deaths,164,Nepal,3,Both,22,All ages,686,Sudden infant death syndrome,1,Number,2011,190.28013068388105,300.9115668872561,104.41395951697537
1,All Population,1,Deaths,164,Nepal,3,Both,22,All ages,690,Pedestrian road injuries,1,Number,2011,843.1945479686863,1201.5401701723815,547.0628024260384
1,All Population,1,Deaths,164,Nepal,3,Both,22,All ages,691,Cyclist road injuries,1,Number,2011,105.17811630382907,203.3176758881401,48.20464647414487
1,All Population,1,Deaths,164,Nepal,3,Both,22,All ages,692,Motorcyclist road injuries,1,Number,2011,568.1542131145634,974.8203077915074,314.0135692097576
1,All Population,1,Deaths,164,Nepal,3,Both,22,All ages,543,Alzheimer's disease and other dementias,1,Number,2008,1252.809623225473,3282.330469698477,301.84589089015736
1,All Population,1,Deaths,164,Nepal,3,Both,22,All ages,544,Parkinson's disease,1,Number,2008,396.4520451113659,501.30897903145814,307.8797331175976
1,All Population,1,Deaths,164,Nepal,3,Both,22,All ages,545,Idiopathic epilepsy,1,Number,2008,872.892107877931,1183.968621846045,629.7653131236315
1,All Population,1,Deaths,164,Nepal,3,Both,22,All ages,546,Multiple sclerosis,1,Number,2008,3.0016784175284057,6.66330478022495,1.1995288378888977
1,All Population,1,Deaths,164,Nepal,3,Both,22,All ages,554,Motor neuron disease,1,Number,2008,3.7680678064603264,9.095038986428362,1.4155404615447948
1,All Population,1,Deaths,164,Nepal,3,Both,22,All ages,557,Other neurological disorders,1,Number,2008,11.24356162084102,19.777715315522833,5.646884924039724
1,All Population,1,Deaths,164,Nepal,3,Both,22,All ages,560,Alcohol use disorders,1,Number,2008,177.91948500154058,289.57918517571414,94.38601494099835
1,All Population,1,Deaths,164,Nepal,3,Both,22,All ages,562,Opioid use disorders,1,Number,2008,33.66895483422829,57.355264826928625,19.034909475852043
1,All Population,1,Deaths,164,Nepal,3,Both,22,All ages,563,Cocaine use disorders,1,Number,2008,6.1821477063925085,13.002023825864802,2.4319111420219897
1,All Population,1,Deaths,164,Nepal,3,Both,22,All ages,564,Amphetamine use disorders,1,Number,2008,1.0703570582847848,3.40201068294458,0.2425896958684516
1,All Population,1,Deaths,164,Nepal,3,Both,22,All ages,566,Other drug use disorders,1,Number,2008,8.478936580921502,15.057183054734361,4.056295553055781
1,All Population,1,Deaths,164,Nepal,3,Both,22,All ages,573,Anorexia nervosa,1,Number,2008,0.0180143505077662,0.11770936080290907,0.002284598850130812
1,All Population,1,Deaths,164,Nepal,3,Both,22,All ages,588,Acute glomerulonephritis,1,Number,2008,6.002095228700537,13.478956769928455,1.5993420549879755
1,All Population,1,Deaths,164,Nepal,3,Both,22,All ages,591,Chronic kidney disease due to hypertension,1,Number,2008,310.0552997866162,465.5907153049148,206.77999413576632
1,All Population,1,Deaths,164,Nepal,3,Both,22,All ages,418,Liver cancer due to hepatitis B,1,Number,2008,76.37014307284629,127.57927383776027,43.534534726857345
1,All Population,1,Deaths,164,Nepal,3,Both,22,All ages,419,Liver cancer due to hepatitis C,1,Number,2008,77.02365114315876,118.7069956206489,49.07215911524917
1,All Population,1,Deaths,164,Nepal,3,Both,22,All ages,420,Liver cancer due to alcohol use,1,Number,2008,68.28168806544566,108.92927611368908,37.33206776113017
1,All Population,1,Deaths,164,Nepal,3,Both,22,All ages,421,Liver cancer due to other causes,1,Number,2008,9.064590591233484,13.968846878590542,5.199402875403332
1,All Population,1,Deaths,164,Nepal,3,Both,22,All ages,423,Larynx cancer,1,Number,2008,294.4652171425125,433.73439270495044,155.11912246624007
1,All Population,1,Deaths,164,Nepal,3,Both,22,All ages,426,"Tracheal, bronchus, and lung cancer",1,Number,2008,888.3321410255461,1195.2208293211972,630.6310070717695
1,All Population,1,Deaths,164,Nepal,3,Both,22,All ages,429,Breast cancer,1,Number,2008,668.4467730427106,976.6759051764342,435.70236277148587
1,All Population,1,Deaths,164,Nepal,3,Both,22,All ages,432,Cervical cancer,1,Number,2008,805.3347817993528,1283.6234679706988,477.9805594087648
1,All Population,1,Deaths,164,Nepal,3,Both,22,All ages,435,Uterine cancer,1,Number,2008,58.44445112626724,103.68889365726454,25.8657001774922
1,All Population,1,Deaths,164,Nepal,3,Both,22,All ages,438,Prostate cancer,1,Number,2008,294.9368018778609,429.9021056416709,183.64996211479203
1,All Population,1,Deaths,164,Nepal,3,Both,22,All ages,441,Colon and rectum cancer,1,Number,2008,472.4539000834278,618.7193721212706,342.33406514971773
1,All Population,1,Deaths,164,Nepal,3,Both,22,All ages,444,Lip and oral cavity cancer,1,Number,2008,627.067331732892,879.4674697418201,454.41303280872353
1,All Population,1,Deaths,164,Nepal,3,Both,22,All ages,447,Nasopharynx cancer,1,Number,2008,134.55210202402628,177.70438158482497,95.88867034678414
1,All Population,1,Deaths,164,Nepal,3,Both,22,All ages,450,Other pharynx cancer,1,Number,2008,384.14795758788483,554.7230456585658,258.55456956293597
1,All Population,1,Deaths,164,Nepal,3,Both,22,All ages,453,Gallbladder and biliary tract cancer,1,Number,2008,276.6686969188406,381.6278176564839,192.290013551882
1,All Population,1,Deaths,164,Nepal,3,Both,22,All ages,456,Pancreatic cancer,1,Number,2008,150.73785897419856,212.03272749178913,110.14086238921608
1,All Population,1,Deaths,164,Nepal,3,Both,22,All ages,459,Malignant skin melanoma,1,Number,2008,12.410142318670662,20.49940458215218,7.763390058981593
1,All Population,1,Deaths,164,Nepal,3,Both,22,All ages,465,Ovarian cancer,1,Number,2008,245.583864736275,455.97863692570564,148.23375538826247
1,All Population,1,Deaths,164,Nepal,3,Both,22,All ages,592,Chronic kidney disease due to glomerulonephritis,1,Number,2008,249.95072754659333,360.23834488909415,166.67713594548854
1,All Population,1,Deaths,164,Nepal,3,Both,22,All ages,593,Chronic kidney disease due to other and unspecified causes,1,Number,2008,780.3959597043352,1060.1312809998092,530.5095081869298
1,All Population,1,Deaths,164,Nepal,3,Both,22,All ages,595,Urinary tract infections and interstitial nephritis,1,Number,2008,338.23054841126935,472.45067390046927,231.00952073475176
1,All Population,1,Deaths,164,Nepal,3,Both,22,All ages,725,Physical violence by firearm,1,Number,2008,50.03345336172648,85.54545892762764,25.432049986334064
1,All Population,1,Deaths,164,Nepal,3,Both,22,All ages,726,Physical violence by sharp object,1,Number,2008,40.42447866036058,72.40878078809341,17.67552824465765
1,All Population,1,Deaths,164,Nepal,3,Both,22,All ages,727,Physical violence by other means,1,Number,2008,541.7411842219259,629.5040194463301,458.14593600949996
1,All Population,1,Deaths,164,Nepal,3,Both,22,All ages,729,Exposure to forces of nature,1,Number,2008,114.9934284534237,126.41483988131006,104.70679258540827
1,All Population,1,Deaths,164,Nepal,3,Both,22,All ages,741,Maternal deaths aggravated by HIV/AIDS,1,Number,2008,0.6449085698230763,1.0497182280389405,0.3299909933380375
1,All Population,1,Deaths,164,Nepal,3,Both,22,All ages,842,Environmental heat and cold exposure,1,Number,2008,52.871731656856,119.46029951504653,7.348481520958373
1,All Population,1,Deaths,164,Nepal,3,Both,22,All ages,843,Ebola,1,Number,2008,0.0,0.0,0.0
1,All Population,1,Deaths,164,Nepal,3,Both,22,All ages,845,Acute lymphoid leukemia,1,Number,2008,212.78460943077076,351.65831700519897,137.63643076520674
1,All Population,1,Deaths,164,Nepal,3,Both,22,All ages,846,Chronic lymphoid leukemia,1,Number,2008,14.546032221896827,24.938348089509166,5.511395476754102
1,All Population,1,Deaths,164,Nepal,3,Both,22,All ages,847,Acute myeloid leukemia,1,Number,2008,129.93241485039837,248.51622016498033,61.35941003261538
1,All Population,1,Deaths,164,Nepal,3,Both,22,All ages,848,Chronic myeloid leukemia,1,Number,2008,91.991436570767,150.3143023827716,37.523291463951686
1,All Population,1,Deaths,164,Nepal,3,Both,22,All ages,849,Non-melanoma skin cancer (squamous-cell carcinoma),1,Number,2008,44.067814390400336,63.941054301452354,29.387173574114783
1,All Population,1,Deaths,164,Nepal,3,Both,22,All ages,854,Police conflict and executions,1,Number,2008,0.063164812368749,0.11457531335072302,0.0312397333113043
1,All Population,1,Deaths,164,Nepal,3,Both,22,All ages,934,Drug-susceptible tuberculosis,1,Number,2008,6865.352191073577,8837.708864772396,5133.268846059947
1,All Population,1,Deaths,164,Nepal,3,Both,22,All ages,935,Zika virus,1,Number,2008,0.0,0.0,0.0
1,All Population,1,Deaths,164,Nepal,3,Both,22,All ages,938,Alcoholic cardiomyopathy,1,Number,2008,33.311645389533105,97.30551968374112,5.65960305389339
1,All Population,1,Deaths,164,Nepal,3,Both,22,All ages,596,Urolithiasis,1,Number,2008,45.900564223248985,63.506274345408954,32.40584207062818
1,All Population,1,Deaths,164,Nepal,3,Both,22,All ages,602,Other urinary diseases,1,Number,2008,344.4996885460336,463.62721835855643,241.5966031430412
1,All Population,1,Deaths,164,Nepal,3,Both,22,All ages,604,Uterine fibroids,1,Number,2008,9.164451744424136,23.145654184192832,2.835812117678047
1,All Population,1,Deaths,164,Nepal,3,Both,22,All ages,607,Endometriosis,1,Number,2008,0.08963839223841406,0.4440749894791702,0.002113462729975951
1,All Population,1,Deaths,164,Nepal,3,Both,22,All ages,608,Genital prolapse,1,Number,2008,1.3660703426402447,4.133694051575795,0.3024234939047735
1,All Population,1,Deaths,164,Nepal,3,Both,22,All ages,612,Other gynecological diseases,1,Number,2008,17.00443711110994,36.901835451334065,6.137673290463018
1,All Population,1,Deaths,164,Nepal,3,Both,22,All ages,614,Thalassemias,1,Number,2008,77.74392498611897,123.45910012040393,50.2401362405761
1,All Population,1,Deaths,164,Nepal,3,Both,22,All ages,615,Sickle cell disorders,1,Number,2008,11.637860106728521,19.054258810374883,7.32061356691782
1,All Population,1,Deaths,164,Nepal,3,Both,22,All ages,616,G6PD deficiency,1,Number,2008,25.833788240150348,42.92832159991434,15.914704986987816
1,All Population,1,Deaths,164,Nepal,3,Both,22,All ages,618,Other hemoglobinopathies and hemolytic anemias,1,Number,2008,165.87774123809348,247.01763000906217,112.86462468673867
1,All Population,1,Deaths,164,Nepal,3,Both,22,All ages,625,"Other endocrine, metabolic, blood, and immune disorders",1,Number,2008,40.72643491241501,66.37425220321302,22.492036465300476
1,All Population,1,Deaths,164,Nepal,3,Both,22,All ages,627,Rheumatoid arthritis,1,Number,2008,93.04737680602027,166.31299081962612,40.825439719109184
1,All Population,1,Deaths,164,Nepal,3,Both,22,All ages,639,Other musculoskeletal disorders,1,Number,2008,143.30700591208512,230.19598924946632,81.24135849688476
1,All Population,1,Deaths,164,Nepal,3,Both,22,All ages,642,Neural tube defects,1,Number,2008,223.88844111237142,434.81775991405254,98.04045463445556
1,All Population,1,Deaths,164,Nepal,3,Both,22,All ages,693,Motor vehicle road injuries,1,Number,2011,655.7702625448778,1016.0158669582347,349.41683600250207
1,All Population,1,Deaths,164,Nepal,3,Both,22,All ages,694,Other road injuries,1,Number,2011,13.926155485320468,38.20978481734297,4.42617301340186
1,All Population,1,Deaths,164,Nepal,3,Both,22,All ages,695,Other transport injuries,1,Number,2011,249.6974949740826,387.3620202889322,158.56973892383215
1,All Population,1,Deaths,164,Nepal,3,Both,22,All ages,995,Maternal abortion and miscarriage,1,Number,2011,74.94702550021744,126.90182990492097,41.35313058956915
1,All Population,1,Deaths,164,Nepal,3,Both,22,All ages,996,Liver cancer due to NASH,1,Number,2011,22.98289955124028,37.52106674804107,13.326424468494215
1,All Population,1,Deaths,164,Nepal,3,Both,22,All ages,997,Chronic kidney disease due to diabetes mellitus type 1,1,Number,2011,136.19915262527155,213.44440940309858,84.96193947590568
1,All Population,1,Deaths,164,Nepal,3,Both,22,All ages,998,Chronic kidney disease due to diabetes mellitus type 2,1,Number,2011,427.12830921906857,630.1991361726184,277.4095507085355
1,All Population,1,Deaths,164,Nepal,3,Both,22,All ages,1004,Pulmonary Arterial Hypertension,1,Number,2011,78.35317558331803,128.15235376926609,41.94358234952092
1,All Population,1,Deaths,164,Nepal,3,Both,22,All ages,1005,Hepatoblastoma,1,Number,2011,3.0991376892185136,4.85241676864608,1.8626342375289346
1,All Population,1,Deaths,164,Nepal,3,Both,22,All ages,1006,Burkitt lymphoma,1,Number,2011,7.941919601909286,13.986918297506488,3.8909252590805083
1,All Population,1,Deaths,164,Nepal,3,Both,22,All ages,1007,Other non-Hodgkin lymphoma,1,Number,2011,350.16396881246163,489.79962638859314,251.2205911419464
1,All Population,1,Deaths,164,Nepal,3,Both,22,All ages,1009,Retinoblastoma,1,Number,2011,14.16564437423775,33.881097390974155,4.94898709458076
1,All Population,1,Deaths,164,Nepal,3,Both,22,All ages,1010,Other eye cancers,1,Number,2011,5.606720564937322,12.759100219821235,2.4983122910483693
1,All Population,1,Deaths,164,Nepal,3,Both,22,All ages,1011,Soft tissue and other extraosseous sarcomas,1,Number,2011,106.21475034253982,204.05468057704044,61.94545278239839
1,All Population,1,Deaths,164,Nepal,3,Both,22,All ages,1012,Malignant neoplasm of bone and articular cartilage,1,Number,2011,179.94295091623601,295.44946628833327,101.6704637726554
1,All Population,1,Deaths,164,Nepal,3,Both,22,All ages,1013,Neuroblastoma and other peripheral nervous cell tumors,1,Number,2011,9.068936662990197,13.145371409690444,5.736343533882901
1,All Population,1,Deaths,164,Nepal,3,Both,22,All ages,945,Conflict and terrorism,1,Number,2008,79.99542848933827,87.94075817830269,72.83950788550142
1,All Population,1,Deaths,164,Nepal,3,Both,22,All ages,946,Multidrug-resistant tuberculosis without extensive drug resistance,1,Number,2008,667.204150039405,1289.5993639867186,260.5790864991761
1,All Population,1,Deaths,164,Nepal,3,Both,22,All ages,947,Extensively drug-resistant tuberculosis,1,Number,2008,17.35500426106344,34.41769801875858,6.548738825435027
1,All Population,1,Deaths,164,Nepal,3,Both,22,All ages,948,HIV/AIDS - Drug-susceptible Tuberculosis,1,Number,2008,368.9243426850501,546.8006617026136,216.58313820250362
1,All Population,1,Deaths,164,Nepal,3,Both,22,All ages,949,HIV/AIDS - Multidrug-resistant Tuberculosis without extensive drug resistance,1,Number,2008,44.10378735778072,88.22640419227181,15.760326563542332
1,All Population,1,Deaths,164,Nepal,3,Both,22,All ages,950,HIV/AIDS - Extensively drug-resistant Tuberculosis,1,Number,2008,1.1467031195800752,2.5321334153613346,0.3789108384501758
1,All Population,1,Deaths,164,Nepal,3,Both,22,All ages,959,Invasive Non-typhoidal Salmonella (iNTS),1,Number,2008,92.03351842155601,126.55760029262142,61.73480566587619
1,All Population,1,Deaths,164,Nepal,3,Both,22,All ages,964,"Myelodysplastic, myeloproliferative, and other hematopoietic neoplasms",1,Number,2008,11.167534043946384,20.767937084623608,4.495785790796699
1,All Population,1,Deaths,164,Nepal,3,Both,22,All ages,968,Non-rheumatic calcific aortic valve disease,1,Number,2008,81.41183547560618,126.07515085555887,47.34197439282661
1,All Population,1,Deaths,164,Nepal,3,Both,22,All ages,969,Non-rheumatic degenerative mitral valve disease,1,Number,2008,48.071916699177386,80.56358017794287,25.102555495015938
1,All Population,1,Deaths,164,Nepal,3,Both,22,All ages,970,Other non-rheumatic valve diseases,1,Number,2008,1.16350825679433,2.5991194650080263,0.4799257759132418
1,All Population,1,Deaths,164,Nepal,3,Both,22,All ages,971,Nonalcoholic fatty liver disease including cirrhosis,1,Number,2008,93.12466914163704,151.95836521711328,45.46029628028602
1,All Population,1,Deaths,164,Nepal,3,Both,22,All ages,1024,Ulcerative colitis,1,Number,2011,71.69187843647188,119.28164504660725,40.418593122325376
1,All Population,1,Deaths,164,Nepal,3,Both,22,All ages,1025,Crohn's disease,1,Number,2011,13.588645032920882,28.50924516760825,4.8450739064804536
1,All Population,1,Deaths,164,Nepal,3,Both,22,All ages,1026,Total burden related to hepatitis B,1,Number,2011,2154.066263667542,3167.2093105229333,1304.0805215281318
1,All Population,1,Deaths,164,Nepal,3,Both,22,All ages,1027,Total burden related to hepatitis C,1,Number,2011,673.039831660863,1032.398320851312,422.72475477245865
1,All Population,1,Deaths,164,Nepal,3,Both,22,All ages,1028,Total burden related to Non-alcoholic fatty liver disease (NAFLD),1,Number,2011,128.9624501776411,193.36005747088316,74.12704731495069
1,All Population,1,Deaths,164,Nepal,3,Both,22,All ages,1029,Total cancers,1,Number,2011,10176.363701195196,11485.220348069308,8984.666482571096
1,All Population,1,Deaths,164,Nepal,3,Both,22,All ages,1032,Thyroid diseases,1,Number,2011,12.375816057741506,22.022882425393966,6.334567720240553
1,All Population,1,Deaths,164,Nepal,3,Both,22,All ages,1048,COVID-19,1,Number,2011,0.0,0.0,0.0
1,All Population,1,Deaths,164,Nepal,3,Both,22,All ages,353,Cystic echinococcosis,1,Number,2009,28.929662938795364,37.244441743204085,22.173731870109606
1,All Population,1,Deaths,164,Nepal,3,Both,22,All ages,357,Dengue,1,Number,2009,354.24855946562195,947.4626068699696,108.67743701475231
1,All Population,1,Deaths,164,Nepal,3,Both,22,All ages,358,Yellow fever,1,Number,2009,0.0,0.0,0.0
1,All Population,1,Deaths,164,Nepal,3,Both,22,All ages,359,Rabies,1,Number,2009,504.60327138988515,1165.2261410343324,172.22410944591329
1,All Population,1,Deaths,164,Nepal,3,Both,22,All ages,361,Ascariasis,1,Number,2009,4.311078544374596,6.625459962055117,2.2135071332977754
1,All Population,1,Deaths,164,Nepal,3,Both,22,All ages,365,Other neglected tropical diseases,1,Number,2009,39.388126227745424,75.08264461500791,18.31785315682633
1,All Population,1,Deaths,164,Nepal,3,Both,22,All ages,367,Maternal hemorrhage,1,Number,2009,555.982638328456,748.0956424658324,383.9332528461758
1,All Population,1,Deaths,164,Nepal,3,Both,22,All ages,368,Maternal sepsis and other maternal infections,1,Number,2009,56.307448419781814,88.66691031679643,33.04476547010073
1,All Population,1,Deaths,164,Nepal,3,Both,22,All ages,369,Maternal hypertensive disorders,1,Number,2009,187.80635246862997,262.2323166975845,125.71060450409512
1,All Population,1,Deaths,164,Nepal,3,Both,22,All ages,370,Maternal obstructed labor and uterine rupture,1,Number,2009,74.49323883502575,128.04065210015776,40.27412533348533
1,All Population,1,Deaths,164,Nepal,3,Both,22,All ages,374,Ectopic pregnancy,1,Number,2009,0.32356622767779386,0.4994958053163123,0.1993446016559043
1,All Population,1,Deaths,164,Nepal,3,Both,22,All ages,375,Indirect maternal deaths,1,Number,2009,138.1106765948973,215.28572244810528,85.11772845280161
1,All Population,1,Deaths,164,Nepal,3,Both,22,All ages,376,Late maternal deaths,1,Number,2009,24.72308398481318,35.35014659820506,16.021113579057353
1,All Population,1,Deaths,164,Nepal,3,Both,22,All ages,381,Neonatal preterm birth,1,Number,2009,3557.222214076741,4589.6560352888655,2649.634941698513
1,All Population,1,Deaths,164,Nepal,3,Both,22,All ages,382,Neonatal encephalopathy due to birth asphyxia and trauma,1,Number,2009,5698.203455218717,7311.231940026102,4329.06041892213
1,All Population,1,Deaths,164,Nepal,3,Both,22,All ages,383,Neonatal sepsis and other neonatal infections,1,Number,2009,2205.477824623258,3704.5429265819403,1064.8353861905525
1,All Population,1,Deaths,164,Nepal,3,Both,22,All ages,384,Hemolytic disease and other neonatal jaundice,1,Number,2009,1068.0044404653502,2108.9761079355208,519.8743879875617
1,All Population,1,Deaths,164,Nepal,3,Both,22,All ages,385,Other neonatal disorders,1,Number,2009,1589.2944024437918,2577.5475685862157,898.0002484013778
1,All Population,1,Deaths,164,Nepal,3,Both,22,All ages,387,Protein-energy malnutrition,1,Number,2009,1828.0943901714497,2311.627128051543,1419.6747786431863
1,All Population,1,Deaths,164,Nepal,3,Both,22,All ages,391,Other nutritional deficiencies,1,Number,2009,451.28991830346837,644.460426945002,281.3937092076225
1,All Population,1,Deaths,164,Nepal,3,Both,22,All ages,394,Syphilis,1,Number,2009,418.28482798646627,868.455260907967,149.40203957192784
1,All Population,1,Deaths,164,Nepal,3,Both,22,All ages,395,Chlamydial infection,1,Number,2009,6.584196325575258,13.621858112022158,2.329272631732629
1,All Population,1,Deaths,164,Nepal,3,Both,22,All ages,396,Gonococcal infection,1,Number,2009,2.185211538276697,4.227410562529448,0.7885397631443518
1,All Population,1,Deaths,164,Nepal,3,Both,22,All ages,399,Other sexually transmitted infections,1,Number,2009,20.177703083949538,41.52269380420317,7.139886098299645
1,All Population,1,Deaths,164,Nepal,3,Both,22,All ages,401,Acute hepatitis A,1,Number,2009,963.8996534869607,1774.0575252553263,506.87645359666027
1,All Population,1,Deaths,164,Nepal,3,Both,22,All ages,533,Vascular intestinal disorders,1,Number,2009,133.92645890950837,232.33531227487123,73.03920311883181
1,All Population,1,Deaths,164,Nepal,3,Both,22,All ages,534,Gallbladder and biliary diseases,1,Number,2009,98.40389582505178,150.86484670887927,57.760407050184995
1,All Population,1,Deaths,164,Nepal,3,Both,22,All ages,535,Pancreatitis,1,Number,2009,481.3082787415218,779.0604751818026,289.18131889836576
1,All Population,1,Deaths,164,Nepal,3,Both,22,All ages,543,Alzheimer's disease and other dementias,1,Number,2009,1334.209746393746,3534.976048384712,317.5952846704881
1,All Population,1,Deaths,164,Nepal,3,Both,22,All ages,544,Parkinson's disease,1,Number,2009,414.7609103913714,522.7712556538828,326.4088140051383
1,All Population,1,Deaths,164,Nepal,3,Both,22,All ages,545,Idiopathic epilepsy,1,Number,2009,893.6886865722417,1245.32404781196,645.0716270932786
1,All Population,1,Deaths,164,Nepal,3,Both,22,All ages,546,Multiple sclerosis,1,Number,2009,3.1478790300154293,6.797077634439031,1.210636649538482
1,All Population,1,Deaths,164,Nepal,3,Both,22,All ages,554,Motor neuron disease,1,Number,2009,4.041990250605368,9.66645273573255,1.5154073048731114
1,All Population,1,Deaths,164,Nepal,3,Both,22,All ages,557,Other neurological disorders,1,Number,2009,12.060971554400375,21.14607157347082,6.0700648504669665
1,All Population,1,Deaths,164,Nepal,3,Both,22,All ages,560,Alcohol use disorders,1,Number,2009,182.15887812742568,300.1586013669289,97.691659263037
1,All Population,1,Deaths,164,Nepal,3,Both,22,All ages,562,Opioid use disorders,1,Number,2009,35.14742102140619,57.89853361797079,19.80668650418784
1,All Population,1,Deaths,164,Nepal,3,Both,22,All ages,563,Cocaine use disorders,1,Number,2009,6.379721190482797,13.397447692880629,2.450261910002162
1,All Population,1,Deaths,164,Nepal,3,Both,22,All ages,564,Amphetamine use disorders,1,Number,2009,1.132076516108326,3.4339666145380416,0.2660314242605094
1,All Population,1,Deaths,164,Nepal,3,Both,22,All ages,566,Other drug use disorders,1,Number,2009,8.713170224414418,15.432398243441623,4.092792881745638
1,All Population,1,Deaths,164,Nepal,3,Both,22,All ages,573,Anorexia nervosa,1,Number,2009,0.020610790393312924,0.1403401262080201,0.002536141949454311
1,All Population,1,Deaths,164,Nepal,3,Both,22,All ages,588,Acute glomerulonephritis,1,Number,2009,5.928938277312377,12.658331662894717,1.5151360398823246
1,All Population,1,Deaths,164,Nepal,3,Both,22,All ages,591,Chronic kidney disease due to hypertension,1,Number,2009,320.44878350505815,492.48851255889826,214.95161012377028
1,All Population,1,Deaths,164,Nepal,3,Both,22,All ages,725,Physical violence by firearm,1,Number,2009,52.648788643086874,88.40663746036438,26.67793956543273
1,All Population,1,Deaths,164,Nepal,3,Both,22,All ages,726,Physical violence by sharp object,1,Number,2009,42.57252946157101,76.4325138008314,18.033380500533738
1,All Population,1,Deaths,164,Nepal,3,Both,22,All ages,727,Physical violence by other means,1,Number,2009,559.1556097562201,655.5564397512807,462.4803773217316
1,All Population,1,Deaths,164,Nepal,3,Both,22,All ages,729,Exposure to forces of nature,1,Number,2009,126.99274272682447,139.60595360805544,115.63271876823356
1,All Population,1,Deaths,164,Nepal,3,Both,22,All ages,741,Maternal deaths aggravated by HIV/AIDS,1,Number,2009,0.608963170724375,0.9686688123211912,0.3138869571469276
1,All Population,1,Deaths,164,Nepal,3,Both,22,All ages,842,Environmental heat and cold exposure,1,Number,2009,61.07767036522605,124.5567653481962,16.346867590227564
1,All Population,1,Deaths,164,Nepal,3,Both,22,All ages,843,Ebola,1,Number,2009,0.0,0.0,0.0
1,All Population,1,Deaths,164,Nepal,3,Both,22,All ages,845,Acute lymphoid leukemia,1,Number,2009,214.5718819589259,351.10438823738,138.1893946810741
1,All Population,1,Deaths,164,Nepal,3,Both,22,All ages,846,Chronic lymphoid leukemia,1,Number,2009,15.017089627853009,26.47851794873809,5.848281175390197
1,All Population,1,Deaths,164,Nepal,3,Both,22,All ages,847,Acute myeloid leukemia,1,Number,2009,134.32638539211533,254.64009736985017,64.60266090737231
1,All Population,1,Deaths,164,Nepal,3,Both,22,All ages,848,Chronic myeloid leukemia,1,Number,2009,93.88506365936394,153.9643709702865,38.187286465103284
1,All Population,1,Deaths,164,Nepal,3,Both,22,All ages,849,Non-melanoma skin cancer (squamous-cell carcinoma),1,Number,2009,45.73517388548025,66.23632948995945,29.649873181082864
1,All Population,1,Deaths,164,Nepal,3,Both,22,All ages,854,Police conflict and executions,1,Number,2009,0.0665322120914422,0.11790675824685405,0.03207688045764484
1,All Population,1,Deaths,164,Nepal,3,Both,22,All ages,934,Drug-susceptible tuberculosis,1,Number,2009,6808.087124846559,8616.414887258368,5157.3755542469
1,All Population,1,Deaths,164,Nepal,3,Both,22,All ages,935,Zika virus,1,Number,2009,0.0,0.0,0.0
1,All Population,1,Deaths,164,Nepal,3,Both,22,All ages,938,Alcoholic cardiomyopathy,1,Number,2009,34.04470887397536,99.86638563108592,6.188690035552001
1,All Population,1,Deaths,164,Nepal,3,Both,22,All ages,940,Electrocution,1,Number,2009,47.98368230374848,97.14683811015858,18.474303491449593
1,All Population,1,Deaths,164,Nepal,3,Both,22,All ages,942,Myocarditis,1,Number,2009,89.70390193684337,168.65619904783523,38.11534772057751
1,All Population,1,Deaths,164,Nepal,3,Both,22,All ages,943,Other leukemia,1,Number,2009,127.15575509640766,201.90169829961414,73.61692133456836
1,All Population,1,Deaths,164,Nepal,3,Both,22,All ages,944,Other cardiomyopathy,1,Number,2009,775.4308674731695,1344.0287024415193,349.38090765534884
1,All Population,1,Deaths,164,Nepal,3,Both,22,All ages,402,Acute hepatitis B,1,Number,2009,76.16472980661207,249.51853688648586,11.691974536873126
1,All Population,1,Deaths,164,Nepal,3,Both,22,All ages,403,Acute hepatitis C,1,Number,2009,14.168089610312151,37.838634893935684,0.6752263824994078
1,All Population,1,Deaths,164,Nepal,3,Both,22,All ages,404,Acute hepatitis E,1,Number,2009,11.20969493532544,40.81681359668411,1.7349196470766008
1,All Population,1,Deaths,164,Nepal,3,Both,22,All ages,408,Other unspecified infectious diseases,1,Number,2009,766.7598592623121,1464.5615323563284,363.49794398960086
1,All Population,1,Deaths,164,Nepal,3,Both,22,All ages,411,Esophageal cancer,1,Number,2009,655.0205657254627,895.6243714084712,410.24138805696026
1,All Population,1,Deaths,164,Nepal,3,Both,22,All ages,414,Stomach cancer,1,Number,2009,1074.2915155650292,1552.5932896070615,705.9208849382096
1,All Population,1,Deaths,164,Nepal,3,Both,22,All ages,418,Liver cancer due to hepatitis B,1,Number,2009,79.34367473782505,130.47373666446728,45.11004185076919
1,All Population,1,Deaths,164,Nepal,3,Both,22,All ages,419,Liver cancer due to hepatitis C,1,Number,2009,79.58490258176427,126.56647284371729,50.471893266835934
1,All Population,1,Deaths,164,Nepal,3,Both,22,All ages,420,Liver cancer due to alcohol use,1,Number,2009,70.71319684206759,117.65825212331507,38.95202749348402
1,All Population,1,Deaths,164,Nepal,3,Both,22,All ages,421,Liver cancer due to other causes,1,Number,2009,9.399316520352983,14.53537053109636,5.376098716996087
1,All Population,1,Deaths,164,Nepal,3,Both,22,All ages,423,Larynx cancer,1,Number,2009,299.24259259432796,457.4260063037256,161.63567134565724
1,All Population,1,Deaths,164,Nepal,3,Both,22,All ages,426,"Tracheal, bronchus, and lung cancer",1,Number,2009,894.9871508729343,1212.108962456402,648.1764160633089
1,All Population,1,Deaths,164,Nepal,3,Both,22,All ages,429,Breast cancer,1,Number,2009,691.4481278331089,990.3576483539116,460.9995859030509
1,All Population,1,Deaths,164,Nepal,3,Both,22,All ages,432,Cervical cancer,1,Number,2009,810.7239417866557,1285.6384213653664,458.0037314504576
1,All Population,1,Deaths,164,Nepal,3,Both,22,All ages,435,Uterine cancer,1,Number,2009,60.148392135482474,108.216987907858,26.41336826171886
1,All Population,1,Deaths,164,Nepal,3,Both,22,All ages,438,Prostate cancer,1,Number,2009,301.8514160628319,452.7882180192015,182.13875477674347
1,All Population,1,Deaths,164,Nepal,3,Both,22,All ages,441,Colon and rectum cancer,1,Number,2009,487.8652315706025,655.9919588678388,353.91452039832245
1,All Population,1,Deaths,164,Nepal,3,Both,22,All ages,444,Lip and oral cavity cancer,1,Number,2009,643.7981011060685,898.4193351646256,460.6793125715903
1,All Population,1,Deaths,164,Nepal,3,Both,22,All ages,447,Nasopharynx cancer,1,Number,2009,138.69520358126152,182.56131176276543,99.79664289190572
1,All Population,1,Deaths,164,Nepal,3,Both,22,All ages,450,Other pharynx cancer,1,Number,2009,393.9628464593366,560.380382902893,268.23817293049217
1,All Population,1,Deaths,164,Nepal,3,Both,22,All ages,453,Gallbladder and biliary tract cancer,1,Number,2009,283.9669099352586,387.52356631313387,198.0861417366849
1,All Population,1,Deaths,164,Nepal,3,Both,22,All ages,456,Pancreatic cancer,1,Number,2009,156.09741734984837,219.64132749162536,114.95079899695594
1,All Population,1,Deaths,164,Nepal,3,Both,22,All ages,459,Malignant skin melanoma,1,Number,2009,12.850522784947545,21.109399649155442,7.88483535130899
1,All Population,1,Deaths,164,Nepal,3,Both,22,All ages,465,Ovarian cancer,1,Number,2009,253.9274625248117,461.56068497701364,153.59620454233666
1,All Population,1,Deaths,164,Nepal,3,Both,22,All ages,592,Chronic kidney disease due to glomerulonephritis,1,Number,2009,259.83184164247865,380.81844629031286,166.4318896700497
1,All Population,1,Deaths,164,Nepal,3,Both,22,All ages,593,Chronic kidney disease due to other and unspecified causes,1,Number,2009,806.5339352064774,1101.782771991728,554.3747815744351
1,All Population,1,Deaths,164,Nepal,3,Both,22,All ages,595,Urinary tract infections and interstitial nephritis,1,Number,2009,355.4204920285185,505.44854111872394,246.72487315156144
1,All Population,1,Deaths,164,Nepal,3,Both,22,All ages,596,Urolithiasis,1,Number,2009,47.80283738206074,66.26003237790819,33.66606716160344
1,All Population,1,Deaths,164,Nepal,3,Both,22,All ages,602,Other urinary diseases,1,Number,2009,359.04607374965525,477.38911326280703,246.79683789609336
1,All Population,1,Deaths,164,Nepal,3,Both,22,All ages,604,Uterine fibroids,1,Number,2009,9.608916744407017,24.237913332095008,2.970500679062605
1,All Population,1,Deaths,164,Nepal,3,Both,22,All ages,607,Endometriosis,1,Number,2009,0.0967524622044387,0.4756048798294245,0.0024011841956529554
1,All Population,1,Deaths,164,Nepal,3,Both,22,All ages,608,Genital prolapse,1,Number,2009,1.4446244648431859,4.174252508652049,0.30851077411967054
1,All Population,1,Deaths,164,Nepal,3,Both,22,All ages,612,Other gynecological diseases,1,Number,2009,17.962759646603654,38.07204822786205,6.773208615138788
1,All Population,1,Deaths,164,Nepal,3,Both,22,All ages,614,Thalassemias,1,Number,2009,76.31788427016296,120.9025052656524,49.22139188388289
1,All Population,1,Deaths,164,Nepal,3,Both,22,All ages,615,Sickle cell disorders,1,Number,2009,11.445893904605066,18.46263472205678,7.374011293192351
1,All Population,1,Deaths,164,Nepal,3,Both,22,All ages,616,G6PD deficiency,1,Number,2009,26.988792589262367,43.66450331543261,16.603920817345738
1,All Population,1,Deaths,164,Nepal,3,Both,22,All ages,618,Other hemoglobinopathies and hemolytic anemias,1,Number,2009,166.6464544780329,250.99980403041434,115.29115206297047
1,All Population,1,Deaths,164,Nepal,3,Both,22,All ages,625,"Other endocrine, metabolic, blood, and immune disorders",1,Number,2009,41.43660552048071,67.31961746358276,23.061096249285157
1,All Population,1,Deaths,164,Nepal,3,Both,22,All ages,627,Rheumatoid arthritis,1,Number,2009,96.84457695642348,171.3503900355369,42.580360741467885
1,All Population,1,Deaths,164,Nepal,3,Both,22,All ages,639,Other musculoskeletal disorders,1,Number,2009,149.62084356232623,238.01615025524646,86.65332277391637
1,All Population,1,Deaths,164,Nepal,3,Both,22,All ages,642,Neural tube defects,1,Number,2009,212.5699122148436,422.33489026591513,91.50327717988681
1,All Population,1,Deaths,164,Nepal,3,Both,22,All ages,945,Conflict and terrorism,1,Number,2009,8.999280600151199,10.128432737373329,7.999619414274158
1,All Population,1,Deaths,164,Nepal,3,Both,22,All ages,946,Multidrug-resistant tuberculosis without extensive drug resistance,1,Number,2009,640.2899367389292,1328.126128202182,256.2475054365569
1,All Population,1,Deaths,164,Nepal,3,Both,22,All ages,947,Extensively drug-resistant tuberculosis,1,Number,2009,17.708183484003285,35.587946212871344,6.796950354796879
1,All Population,1,Deaths,164,Nepal,3,Both,22,All ages,948,HIV/AIDS - Drug-susceptible Tuberculosis,1,Number,2009,365.052736941635,540.0008016558845,212.89269313383954
1,All Population,1,Deaths,164,Nepal,3,Both,22,All ages,949,HIV/AIDS - Multidrug-resistant Tuberculosis without extensive drug resistance,1,Number,2009,42.24419924420624,86.32799875346845,14.46707991499297
1,All Population,1,Deaths,164,Nepal,3,Both,22,All ages,950,HIV/AIDS - Extensively drug-resistant Tuberculosis,1,Number,2009,1.1682142157587767,2.46342473500551,0.39758224134838527
1,All Population,1,Deaths,164,Nepal,3,Both,22,All ages,959,Invasive Non-typhoidal Salmonella (iNTS),1,Number,2009,93.6514237302076,130.5266090785106,63.0140128473688
1,All Population,1,Deaths,164,Nepal,3,Both,22,All ages,964,"Myelodysplastic, myeloproliferative, and other hematopoietic neoplasms",1,Number,2009,11.879768345079706,21.88978311837297,4.82146072678274
1,All Population,1,Deaths,164,Nepal,3,Both,22,All ages,968,Non-rheumatic calcific aortic valve disease,1,Number,2009,84.8310619888503,129.68940452025788,49.745553528201704
1,All Population,1,Deaths,164,Nepal,3,Both,22,All ages,969,Non-rheumatic degenerative mitral valve disease,1,Number,2009,49.69485270756177,82.98854862712408,26.56785248176832
1,All Population,1,Deaths,164,Nepal,3,Both,22,All ages,970,Other non-rheumatic valve diseases,1,Number,2009,1.232449089093621,2.710707720626797,0.47316900637838
1,All Population,1,Deaths,164,Nepal,3,Both,22,All ages,971,Nonalcoholic fatty liver disease including cirrhosis,1,Number,2009,98.08364468323813,158.22782609792813,48.27028961748398
1,All Population,1,Deaths,164,Nepal,3,Both,22,All ages,975,Diabetes mellitus type 1,1,Number,2009,219.08484836741977,331.74624769178433,136.41441436201202
1,All Population,1,Deaths,164,Nepal,3,Both,22,All ages,976,Diabetes mellitus type 2,1,Number,2009,4195.451893748484,5647.825260739729,2990.87602003608
1,All Population,1,Deaths,164,Nepal,3,Both,22,All ages,302,Diarrheal diseases,1,Number,2010,5475.610775835231,8004.374489743238,3730.106614288705
1,All Population,1,Deaths,164,Nepal,3,Both,22,All ages,319,Typhoid fever,1,Number,2010,1675.3183752959985,2755.3410429132055,929.4926255216782
1,All Population,1,Deaths,164,Nepal,3,Both,22,All ages,320,Paratyphoid fever,1,Number,2010,349.2563784175184,646.0224787988996,166.83777264196317
1,All Population,1,Deaths,164,Nepal,3,Both,22,All ages,321,Other intestinal infectious diseases,1,Number,2010,2.965682012098057,4.6859956489021295,1.8222617296536456
1,All Population,1,Deaths,164,Nepal,3,Both,22,All ages,322,Lower respiratory infections,1,Number,2010,10754.695741377194,13868.742046789992,8400.883509376863
1,All Population,1,Deaths,164,Nepal,3,Both,22,All ages,328,Upper respiratory infections,1,Number,2010,64.94927957729196,176.41751175651245,2.742170699320161
1,All Population,1,Deaths,164,Nepal,3,Both,22,All ages,329,Otitis media,1,Number,2010,3.9506610270172056,11.748803815056228,0.9897068955175912
1,All Population,1,Deaths,164,Nepal,3,Both,22,All ages,332,Meningitis,1,Number,2010,1057.1256274237392,1440.986420270646,748.5793333486686
1,All Population,1,Deaths,164,Nepal,3,Both,22,All ages,337,Encephalitis,1,Number,2010,524.3656374674887,1105.7332667061523,170.5052870489039
1,All Population,1,Deaths,164,Nepal,3,Both,22,All ages,338,Diphtheria,1,Number,2010,7.888698489542802,12.764018264152197,4.463004557515045
1,All Population,1,Deaths,164,Nepal,3,Both,22,All ages,339,Pertussis,1,Number,2010,424.9357880141125,1200.2230270837356,41.02150303926241
1,All Population,1,Deaths,164,Nepal,3,Both,22,All ages,340,Tetanus,1,Number,2010,473.77328670302995,710.9942537248357,263.831849674954
1,All Population,1,Deaths,164,Nepal,3,Both,22,All ages,341,Measles,1,Number,2010,1164.6594416815483,2202.0378424582823,473.6867071642414
1,All Population,1,Deaths,164,Nepal,3,Both,22,All ages,342,Varicella and herpes zoster,1,Number,2010,77.61689741681742,102.71680790796341,54.47386612565119
1,All Population,1,Deaths,164,Nepal,3,Both,22,All ages,345,Malaria,1,Number,2010,54.728323248225955,95.64366316179641,31.36928519260684
1,All Population,1,Deaths,164,Nepal,3,Both,22,All ages,346,Chagas disease,1,Number,2010,0.0,0.0,0.0
1,All Population,1,Deaths,164,Nepal,3,Both,22,All ages,348,Visceral leishmaniasis,1,Number,2010,114.09045449771425,373.13158830634416,0.028460765961602654
1,All Population,1,Deaths,164,Nepal,3,Both,22,All ages,350,African trypanosomiasis,1,Number,2010,0.0,0.0,0.0
1,All Population,1,Deaths,164,Nepal,3,Both,22,All ages,351,Schistosomiasis,1,Number,2010,0.0,0.0,0.0
1,All Population,1,Deaths,164,Nepal,3,Both,22,All ages,352,Cysticercosis,1,Number,2010,1.8928559329601171,2.766464944082039,1.1600541429117897
1,All Population,1,Deaths,164,Nepal,3,Both,22,All ages,507,Other cardiovascular and circulatory diseases,1,Number,2010,425.49575759864996,646.1405691003987,258.17692298930314
1,All Population,1,Deaths,164,Nepal,3,Both,22,All ages,509,Chronic obstructive pulmonary disease,1,Number,2010,15710.613910831746,19878.041207985123,12336.120430211198
1,All Population,1,Deaths,164,Nepal,3,Both,22,All ages,511,Silicosis,1,Number,2010,6.682575936452257,18.826612813774634,1.8439307255650617
1,All Population,1,Deaths,164,Nepal,3,Both,22,All ages,512,Asbestosis,1,Number,2010,1.5092683711979324,4.534997557117863,0.36879337825102837
1,All Population,1,Deaths,164,Nepal,3,Both,22,All ages,513,Coal workers pneumoconiosis,1,Number,2010,1.7137737030194615,5.058832856075431,0.283376709207764
1,All Population,1,Deaths,164,Nepal,3,Both,22,All ages,514,Other pneumoconiosis,1,Number,2010,3.6623395134516232,8.657367239786902,0.9356919800475111
1,All Population,1,Deaths,164,Nepal,3,Both,22,All ages,515,Asthma,1,Number,2010,2966.3125645159703,5278.272617105253,1523.7623454295426
1,All Population,1,Deaths,164,Nepal,3,Both,22,All ages,516,Interstitial lung disease and pulmonary sarcoidosis,1,Number,2010,406.6128087913176,1158.795614985095,195.86496386617532
1,All Population,1,Deaths,164,Nepal,3,Both,22,All ages,520,Other chronic respiratory diseases,1,Number,2010,336.4869296930869,661.4023536692624,189.02946224787036
1,All Population,1,Deaths,164,Nepal,3,Both,22,All ages,522,Chronic hepatitis B including cirrhosis,1,Number,2010,2007.113961664608,2997.718048561067,1155.2053782764713
1,All Population,1,Deaths,164,Nepal,3,Both,22,All ages,523,Chronic hepatitis C including cirrhosis,1,Number,2010,576.7924272823395,915.1051190412136,303.86133184576784
1,All Population,1,Deaths,164,Nepal,3,Both,22,All ages,524,Cirrhosis due to alcohol,1,Number,2010,1732.95247630188,2566.3462802844997,1024.349752010787
1,All Population,1,Deaths,164,Nepal,3,Both,22,All ages,525,Cirrhosis due to other causes,1,Number,2010,658.7816775292407,989.7607651938611,394.17902555941134
1,All Population,1,Deaths,164,Nepal,3,Both,22,All ages,527,Peptic ulcer disease,1,Number,2010,2267.323222353406,3794.244283852845,1410.4499274403906
1,All Population,1,Deaths,164,Nepal,3,Both,22,All ages,528,Gastritis and duodenitis,1,Number,2010,184.6912321352199,337.73973458255824,81.21473168645589
1,All Population,1,Deaths,164,Nepal,3,Both,22,All ages,529,Appendicitis,1,Number,2010,313.8838739016024,624.1155711973818,104.22361414009711
1,All Population,1,Deaths,164,Nepal,3,Both,22,All ages,530,Paralytic ileus and intestinal obstruction,1,Number,2010,1001.5854214591203,1605.7480044234205,604.2343934537624
1,All Population,1,Deaths,164,Nepal,3,Both,22,All ages,531,"Inguinal, femoral, and abdominal hernia",1,Number,2010,240.29131003254673,562.409756082561,114.26636232688286
1,All Population,1,Deaths,164,Nepal,3,Both,22,All ages,697,Falls,1,Number,2010,2271.0232851174887,3114.5828977298256,1672.0531324036679
1,All Population,1,Deaths,164,Nepal,3,Both,22,All ages,698,Drowning,1,Number,2010,2026.7341970246055,2892.210967639671,1374.792219809704
1,All Population,1,Deaths,164,Nepal,3,Both,22,All ages,699,"Fire, heat, and hot substances",1,Number,2010,550.4100750426235,875.1207921389954,343.12516323318187
1,All Population,1,Deaths,164,Nepal,3,Both,22,All ages,701,Poisoning by carbon monoxide,1,Number,2010,273.11047124012384,534.259980693946,109.65681932111863
1,All Population,1,Deaths,164,Nepal,3,Both,22,All ages,703,Poisoning by other means,1,Number,2010,741.9444490531508,1230.6057749885415,433.87819832708874
1,All Population,1,Deaths,164,Nepal,3,Both,22,All ages,705,Unintentional firearm injuries,1,Number,2010,4.26036940244366,14.202079022901765,0.6461862395975695
1,All Population,1,Deaths,164,Nepal,3,Both,22,All ages,707,Other exposure to mechanical forces,1,Number,2010,291.554478707767,534.3738323261649,157.391204022684
1,All Population,1,Deaths,164,Nepal,3,Both,22,All ages,708,Adverse effects of medical treatment,1,Number,2010,727.7617416852913,984.0017078821409,524.9636570058472
1,All Population,1,Deaths,164,Nepal,3,Both,22,All ages,710,Venomous animal contact,1,Number,2010,662.2944095108865,1041.013646521879,410.40006487665187
1,All Population,1,Deaths,164,Nepal,3,Both,22,All ages,711,Non-venomous animal contact,1,Number,2010,18.67825996581318,56.57222856895968,3.4960437291721234
1,All Population,1,Deaths,164,Nepal,3,Both,22,All ages,713,Pulmonary aspiration and foreign body in airway,1,Number,2010,41.41158641693267,83.08977490833479,8.822682546474578
1,All Population,1,Deaths,164,Nepal,3,Both,22,All ages,715,Foreign body in other body part,1,Number,2010,3.0564050458464664,8.463541654152236,0.4617139841498818
1,All Population,1,Deaths,164,Nepal,3,Both,22,All ages,716,Other unintentional injuries,1,Number,2010,99.01469652418666,187.7160805944727,50.813583903175505
1,All Population,1,Deaths,164,Nepal,3,Both,22,All ages,721,Self-harm by firearm,1,Number,2010,432.80303400187114,1114.3806670052393,159.89564726307964
1,All Population,1,Deaths,164,Nepal,3,Both,22,All ages,1059,Total Cancers excluding Non-melanoma skin cancer,1,Number,2010,10074.1354409251,11344.409837525485,8945.380493034758
1,All Population,1,Deaths,164,Nepal,3,Both,22,All ages,1160,Other direct maternal disorders,1,Number,2010,158.33954367577468,260.5552005137119,97.29076088265313
1,All Population,1,Deaths,164,Nepal,3,Both,22,All ages,1161,Other digestive diseases,1,Number,2010,479.463957105659,795.6251929440513,232.70139848627517
1,All Population,1,Deaths,164,Nepal,3,Both,22,All ages,1163,Self-harm by other specified means,1,Number,2010,3594.9762499791264,4637.930039912729,2519.9863081549156
1,All Population,1,Deaths,164,Nepal,3,Both,22,All ages,1164,Other benign and in situ neoplasms,1,Number,2010,67.45133744738003,110.49643130885039,34.640935767363814
1,All Population,1,Deaths,164,Nepal,3,Both,22,All ages,353,Cystic echinococcosis,1,Number,2010,28.009754192515906,35.57387013653213,20.4477297514732
1,All Population,1,Deaths,164,Nepal,3,Both,22,All ages,357,Dengue,1,Number,2010,606.9235514852137,1812.4086078739651,114.72265173461044
1,All Population,1,Deaths,164,Nepal,3,Both,22,All ages,358,Yellow fever,1,Number,2010,0.0,0.0,0.0
1,All Population,1,Deaths,164,Nepal,3,Both,22,All ages,359,Rabies,1,Number,2010,473.25002054756607,1079.8850467509928,149.3716607830717
1,All Population,1,Deaths,164,Nepal,3,Both,22,All ages,361,Ascariasis,1,Number,2010,3.688805918199006,6.023487648282302,1.7842297756730936
1,All Population,1,Deaths,164,Nepal,3,Both,22,All ages,365,Other neglected tropical diseases,1,Number,2010,39.06031121876407,75.31110753469832,18.2816407330964
1,All Population,1,Deaths,164,Nepal,3,Both,22,All ages,367,Maternal hemorrhage,1,Number,2010,448.55891412261053,616.9189469346147,304.6670001418622
1,All Population,1,Deaths,164,Nepal,3,Both,22,All ages,368,Maternal sepsis and other maternal infections,1,Number,2010,47.69974389439453,71.40012867909255,28.038301698800414
1,All Population,1,Deaths,164,Nepal,3,Both,22,All ages,369,Maternal hypertensive disorders,1,Number,2010,156.31356589927432,216.3600725982389,104.58544097502569
1,All Population,1,Deaths,164,Nepal,3,Both,22,All ages,370,Maternal obstructed labor and uterine rupture,1,Number,2010,61.68272194080034,106.13761845862385,32.68181091977739
1,All Population,1,Deaths,164,Nepal,3,Both,22,All ages,374,Ectopic pregnancy,1,Number,2010,0.3015434065748079,0.46724385650701517,0.1929990133030713
1,All Population,1,Deaths,164,Nepal,3,Both,22,All ages,375,Indirect maternal deaths,1,Number,2010,274.53431110413976,400.7513480443536,171.4988456757705
1,All Population,1,Deaths,164,Nepal,3,Both,22,All ages,376,Late maternal deaths,1,Number,2010,24.284125085210487,34.76054110727948,15.295209615017946
1,All Population,1,Deaths,164,Nepal,3,Both,22,All ages,381,Neonatal preterm birth,1,Number,2010,3662.212877551941,4677.26426471275,2746.2969901382753
1,All Population,1,Deaths,164,Nepal,3,Both,22,All ages,382,Neonatal encephalopathy due to birth asphyxia and trauma,1,Number,2010,5387.969005806206,6894.601025665707,4076.4181503839495
1,All Population,1,Deaths,164,Nepal,3,Both,22,All ages,383,Neonatal sepsis and other neonatal infections,1,Number,2010,2143.833351578485,3675.9424484159135,1030.0520266060796
1,All Population,1,Deaths,164,Nepal,3,Both,22,All ages,384,Hemolytic disease and other neonatal jaundice,1,Number,2010,1005.3993540591979,1935.0194721331143,477.2617171345809
1,All Population,1,Deaths,164,Nepal,3,Both,22,All ages,385,Other neonatal disorders,1,Number,2010,1502.8822195256523,2503.35436379665,862.8706607403965
1,All Population,1,Deaths,164,Nepal,3,Both,22,All ages,387,Protein-energy malnutrition,1,Number,2010,1639.639386021479,2088.2333237713638,1272.2523869614624
1,All Population,1,Deaths,164,Nepal,3,Both,22,All ages,391,Other nutritional deficiencies,1,Number,2010,435.1326271860229,613.9277174914337,272.6984216953846
1,All Population,1,Deaths,164,Nepal,3,Both,22,All ages,394,Syphilis,1,Number,2010,397.3538712109654,834.6493149663813,144.4301869914294
1,All Population,1,Deaths,164,Nepal,3,Both,22,All ages,395,Chlamydial infection,1,Number,2010,6.517150421722011,13.855196673155477,2.2662663420390206
1,All Population,1,Deaths,164,Nepal,3,Both,22,All ages,396,Gonococcal infection,1,Number,2010,2.160770675737164,4.296920235488743,0.7794599555083436
1,All Population,1,Deaths,164,Nepal,3,Both,22,All ages,399,Other sexually transmitted infections,1,Number,2010,20.031524523299137,42.439272144091476,7.006530157589546
1,All Population,1,Deaths,164,Nepal,3,Both,22,All ages,401,Acute hepatitis A,1,Number,2010,906.9529797672915,1672.4786858550165,480.4580494492296
1,All Population,1,Deaths,164,Nepal,3,Both,22,All ages,533,Vascular intestinal disorders,1,Number,2010,136.56735393390255,234.73282573095338,72.35265381930975
1,All Population,1,Deaths,164,Nepal,3,Both,22,All ages,534,Gallbladder and biliary diseases,1,Number,2010,100.0518584462393,152.53392547116414,57.788108380140336
1,All Population,1,Deaths,164,Nepal,3,Both,22,All ages,535,Pancreatitis,1,Number,2010,487.33937431645404,799.1982005657284,297.17229745280946
1,All Population,1,Deaths,164,Nepal,3,Both,22,All ages,300,HIV/AIDS resulting in other diseases,1,Number,2012,1296.7517570095258,2093.5885202123745,680.9293754559807
1,All Population,1,Deaths,164,Nepal,3,Both,22,All ages,468,Testicular cancer,1,Number,2012,20.29091399324173,34.727824952181884,11.343609513069943
1,All Population,1,Deaths,164,Nepal,3,Both,22,All ages,471,Kidney cancer,1,Number,2012,100.9776822074569,167.5420217131277,61.89906943520747
1,All Population,1,Deaths,164,Nepal,3,Both,22,All ages,474,Bladder cancer,1,Number,2012,127.35227094709823,215.29957174635945,78.95367940436881
1,All Population,1,Deaths,164,Nepal,3,Both,22,All ages,477,Brain and central nervous system cancer,1,Number,2012,304.39955916900954,406.8619674737258,216.7927988660187
1,All Population,1,Deaths,164,Nepal,3,Both,22,All ages,480,Thyroid cancer,1,Number,2012,86.0786576140905,115.88268918283836,64.72879592790959
1,All Population,1,Deaths,164,Nepal,3,Both,22,All ages,402,Acute hepatitis B,1,Number,2010,77.13775269398408,256.8221312422357,12.311486703633419
1,All Population,1,Deaths,164,Nepal,3,Both,22,All ages,403,Acute hepatitis C,1,Number,2010,14.529838953476634,37.37402335910595,0.6973814524405705
1,All Population,1,Deaths,164,Nepal,3,Both,22,All ages,404,Acute hepatitis E,1,Number,2010,11.110806042505875,39.374298911277,1.7754643379535109
1,All Population,1,Deaths,164,Nepal,3,Both,22,All ages,408,Other unspecified infectious diseases,1,Number,2010,813.2153226542682,1483.1039257032319,385.56627325357294
1,All Population,1,Deaths,164,Nepal,3,Both,22,All ages,411,Esophageal cancer,1,Number,2010,664.560029966777,911.1148275915472,413.6862625755044
1,All Population,1,Deaths,164,Nepal,3,Both,22,All ages,414,Stomach cancer,1,Number,2010,1069.5937106831598,1549.1057974726907,700.1729592210909
1,All Population,1,Deaths,164,Nepal,3,Both,22,All ages,300,HIV/AIDS resulting in other diseases,1,Number,2013,1275.708585735714,2007.9791281155112,696.0647446522415
1,All Population,1,Deaths,164,Nepal,3,Both,22,All ages,468,Testicular cancer,1,Number,2013,21.079579335649356,35.7994767014377,11.954811809045452
1,All Population,1,Deaths,164,Nepal,3,Both,22,All ages,471,Kidney cancer,1,Number,2013,105.13745828294505,175.12354200560281,63.9533293955967
1,All Population,1,Deaths,164,Nepal,3,Both,22,All ages,474,Bladder cancer,1,Number,2013,130.8571208802793,215.58501011575447,81.27557771893808
1,All Population,1,Deaths,164,Nepal,3,Both,22,All ages,477,Brain and central nervous system cancer,1,Number,2013,317.66504818874364,431.65194485219155,226.98096951565637
1,All Population,1,Deaths,164,Nepal,3,Both,22,All ages,480,Thyroid cancer,1,Number,2013,89.90138115833052,120.15434691597365,66.84593997670902
1,All Population,1,Deaths,164,Nepal,3,Both,22,All ages,418,Liver cancer due to hepatitis B,1,Number,2010,81.54415513695557,133.2078720214268,46.48923073333573
1,All Population,1,Deaths,164,Nepal,3,Both,22,All ages,419,Liver cancer due to hepatitis C,1,Number,2010,81.29694421710002,133.52682125894813,50.39801390126509
1,All Population,1,Deaths,164,Nepal,3,Both,22,All ages,420,Liver cancer due to alcohol use,1,Number,2010,72.36895284497386,126.94143490678262,39.431086444978554
1,All Population,1,Deaths,164,Nepal,3,Both,22,All ages,421,Liver cancer due to other causes,1,Number,2010,9.635355260728552,15.27632493915194,5.547513819572887
1,All Population,1,Deaths,164,Nepal,3,Both,22,All ages,423,Larynx cancer,1,Number,2010,299.7250071687137,460.62695035594027,163.59098920229692
1,All Population,1,Deaths,164,Nepal,3,Both,22,All ages,426,"Tracheal, bronchus, and lung cancer",1,Number,2010,893.0873509453751,1210.386903268147,647.1891175151019
1,All Population,1,Deaths,164,Nepal,3,Both,22,All ages,429,Breast cancer,1,Number,2010,703.1260727539171,1033.4555992172573,479.4825879342959
1,All Population,1,Deaths,164,Nepal,3,Both,22,All ages,432,Cervical cancer,1,Number,2010,804.4748462562395,1280.1411586354993,443.9538076063542
1,All Population,1,Deaths,164,Nepal,3,Both,22,All ages,435,Uterine cancer,1,Number,2010,61.00124110800033,108.5939181747505,27.35730616991244
1,All Population,1,Deaths,164,Nepal,3,Both,22,All ages,438,Prostate cancer,1,Number,2010,303.41638824978804,458.4424317399325,179.69405727872575
1,All Population,1,Deaths,164,Nepal,3,Both,22,All ages,441,Colon and rectum cancer,1,Number,2010,495.8125805185176,678.0901849720768,361.14586399481055
1,All Population,1,Deaths,164,Nepal,3,Both,22,All ages,444,Lip and oral cavity cancer,1,Number,2010,652.1472778796567,903.4688136821773,471.6323557409945
1,All Population,1,Deaths,164,Nepal,3,Both,22,All ages,447,Nasopharynx cancer,1,Number,2010,141.2473966070066,187.90487475516247,103.60730248003297
1,All Population,1,Deaths,164,Nepal,3,Both,22,All ages,450,Other pharynx cancer,1,Number,2010,398.6061428802987,565.8822160741191,271.2378552372154
1,All Population,1,Deaths,164,Nepal,3,Both,22,All ages,453,Gallbladder and biliary tract cancer,1,Number,2010,286.7728253185862,399.5812747570094,200.9124709906914
1,All Population,1,Deaths,164,Nepal,3,Both,22,All ages,456,Pancreatic cancer,1,Number,2010,159.23892963447213,221.05542033337917,118.66538628850604
1,All Population,1,Deaths,164,Nepal,3,Both,22,All ages,459,Malignant skin melanoma,1,Number,2010,13.094468350329704,21.296097998391218,7.944413549094179
1,All Population,1,Deaths,164,Nepal,3,Both,22,All ages,465,Ovarian cancer,1,Number,2010,258.57159570179056,474.3326080187663,153.2502149890145
1,All Population,1,Deaths,164,Nepal,3,Both,22,All ages,592,Chronic kidney disease due to glomerulonephritis,1,Number,2010,266.9918627179308,389.5895671002692,169.7517816407605
1,All Population,1,Deaths,164,Nepal,3,Both,22,All ages,593,Chronic kidney disease due to other and unspecified causes,1,Number,2010,823.3818002854914,1147.0303364325662,548.4118311204057
1,All Population,1,Deaths,164,Nepal,3,Both,22,All ages,595,Urinary tract infections and interstitial nephritis,1,Number,2010,371.0151780300242,530.1602018000563,254.3949620609885
1,All Population,1,Deaths,164,Nepal,3,Both,22,All ages,596,Urolithiasis,1,Number,2010,48.992456035189235,67.13233944297562,35.778437599056026
1,All Population,1,Deaths,164,Nepal,3,Both,22,All ages,602,Other urinary diseases,1,Number,2010,371.7285535511043,507.04144361315247,260.4741445568852
1,All Population,1,Deaths,164,Nepal,3,Both,22,All ages,604,Uterine fibroids,1,Number,2010,9.883712678907134,24.43818763698009,3.2434939598285752
1,All Population,1,Deaths,164,Nepal,3,Both,22,All ages,607,Endometriosis,1,Number,2010,0.10183998783688303,0.5063450316192638,0.0029255903509918047
1,All Population,1,Deaths,164,Nepal,3,Both,22,All ages,608,Genital prolapse,1,Number,2010,1.510987460356674,4.443352600328554,0.3306090412061595
1,All Population,1,Deaths,164,Nepal,3,Both,22,All ages,612,Other gynecological diseases,1,Number,2010,18.681625832667017,38.14658085063003,7.2389376349199335
1,All Population,1,Deaths,164,Nepal,3,Both,22,All ages,614,Thalassemias,1,Number,2010,73.20940832021157,114.0199395514057,47.49899228667974
1,All Population,1,Deaths,164,Nepal,3,Both,22,All ages,615,Sickle cell disorders,1,Number,2010,11.041777065710702,17.742067480732786,7.223324801379968
1,All Population,1,Deaths,164,Nepal,3,Both,22,All ages,616,G6PD deficiency,1,Number,2010,27.290895177641474,43.32697353639019,16.57161422418494
1,All Population,1,Deaths,164,Nepal,3,Both,22,All ages,618,Other hemoglobinopathies and hemolytic anemias,1,Number,2010,167.00864085028735,242.2640238542455,116.07017558871372
1,All Population,1,Deaths,164,Nepal,3,Both,22,All ages,625,"Other endocrine, metabolic, blood, and immune disorders",1,Number,2010,41.194490454136506,67.3721964173372,22.384839007270124
1,All Population,1,Deaths,164,Nepal,3,Both,22,All ages,627,Rheumatoid arthritis,1,Number,2010,100.16444875656055,174.7592069509664,43.63143861299285
1,All Population,1,Deaths,164,Nepal,3,Both,22,All ages,639,Other musculoskeletal disorders,1,Number,2010,154.80242230788886,248.7107552125344,88.8624006870651
1,All Population,1,Deaths,164,Nepal,3,Both,22,All ages,642,Neural tube defects,1,Number,2010,199.85949726873247,406.6692246202335,87.13524218470917
1,All Population,1,Deaths,164,Nepal,3,Both,22,All ages,543,Alzheimer's disease and other dementias,1,Number,2010,1406.7893454498167,3711.5234228621885,325.8297777674582
1,All Population,1,Deaths,164,Nepal,3,Both,22,All ages,544,Parkinson's disease,1,Number,2010,426.4039940957929,527.6374860087042,335.7264345473291
1,All Population,1,Deaths,164,Nepal,3,Both,22,All ages,545,Idiopathic epilepsy,1,Number,2010,896.2360147164471,1230.0189786119945,647.795789741602
1,All Population,1,Deaths,164,Nepal,3,Both,22,All ages,546,Multiple sclerosis,1,Number,2010,3.2456879982700784,7.323134117231568,1.240105326453157
1,All Population,1,Deaths,164,Nepal,3,Both,22,All ages,554,Motor neuron disease,1,Number,2010,4.251001017300824,10.228994941296591,1.6439131236619182
1,All Population,1,Deaths,164,Nepal,3,Both,22,All ages,557,Other neurological disorders,1,Number,2010,12.688974737927582,21.693759205775116,6.802947280443691
1,All Population,1,Deaths,164,Nepal,3,Both,22,All ages,560,Alcohol use disorders,1,Number,2010,185.04517510973574,304.2617179785648,101.86307585923323
1,All Population,1,Deaths,164,Nepal,3,Both,22,All ages,562,Opioid use disorders,1,Number,2010,36.33288002145659,60.712314221533546,20.9653523540128
1,All Population,1,Deaths,164,Nepal,3,Both,22,All ages,563,Cocaine use disorders,1,Number,2010,6.486378401868678,13.594399231154776,2.425545293099008
1,All Population,1,Deaths,164,Nepal,3,Both,22,All ages,564,Amphetamine use disorders,1,Number,2010,1.1790624161223193,3.37220879941872,0.2983453143287614
1,All Population,1,Deaths,164,Nepal,3,Both,22,All ages,566,Other drug use disorders,1,Number,2010,8.823042858485007,16.08158360027242,4.117256829517435
1,All Population,1,Deaths,164,Nepal,3,Both,22,All ages,573,Anorexia nervosa,1,Number,2010,0.02269271343667247,0.14604178240714208,0.002783262982402494
1,All Population,1,Deaths,164,Nepal,3,Both,22,All ages,588,Acute glomerulonephritis,1,Number,2010,5.769188955420421,12.453604156933428,1.521010623470792
1,All Population,1,Deaths,164,Nepal,3,Both,22,All ages,591,Chronic kidney disease due to hypertension,1,Number,2010,327.4047498336466,512.7474397665447,214.6303791231502
1,All Population,1,Deaths,164,Nepal,3,Both,22,All ages,945,Conflict and terrorism,1,Number,2010,19.998857122334567,21.98518954457566,18.20987697137537
1,All Population,1,Deaths,164,Nepal,3,Both,22,All ages,946,Multidrug-resistant tuberculosis without extensive drug resistance,1,Number,2010,614.6069291428822,1203.353498788208,247.53918786466426
1,All Population,1,Deaths,164,Nepal,3,Both,22,All ages,947,Extensively drug-resistant tuberculosis,1,Number,2010,18.018955200926886,36.16431887852013,6.906610805797778
1,All Population,1,Deaths,164,Nepal,3,Both,22,All ages,948,HIV/AIDS - Drug-susceptible Tuberculosis,1,Number,2010,369.389684926296,557.4988162979607,214.41897680972158
1,All Population,1,Deaths,164,Nepal,3,Both,22,All ages,949,HIV/AIDS - Multidrug-resistant Tuberculosis without extensive drug resistance,1,Number,2010,41.73814360526199,89.00019237804177,14.787514515741272
1,All Population,1,Deaths,164,Nepal,3,Both,22,All ages,950,HIV/AIDS - Extensively drug-resistant Tuberculosis,1,Number,2010,1.2234395068069994,2.577058433341356,0.4193828886501213
1,All Population,1,Deaths,164,Nepal,3,Both,22,All ages,959,Invasive Non-typhoidal Salmonella (iNTS),1,Number,2010,92.70981295226025,125.76317197730727,63.161024870485
1,All Population,1,Deaths,164,Nepal,3,Both,22,All ages,964,"Myelodysplastic, myeloproliferative, and other hematopoietic neoplasms",1,Number,2010,12.508341083514324,22.850391640457037,5.0741041359453165
1,All Population,1,Deaths,164,Nepal,3,Both,22,All ages,968,Non-rheumatic calcific aortic valve disease,1,Number,2010,86.83541642904413,130.71701972367262,51.17634739223054
1,All Population,1,Deaths,164,Nepal,3,Both,22,All ages,969,Non-rheumatic degenerative mitral valve disease,1,Number,2010,50.572068709326786,84.27723464825499,28.23671355235087
1,All Population,1,Deaths,164,Nepal,3,Both,22,All ages,970,Other non-rheumatic valve diseases,1,Number,2010,1.2837585755590433,2.788985588728349,0.4958465904720669
1,All Population,1,Deaths,164,Nepal,3,Both,22,All ages,971,Nonalcoholic fatty liver disease including cirrhosis,1,Number,2010,102.35479289959623,163.30730978764015,50.21171283780977
1,All Population,1,Deaths,164,Nepal,3,Both,22,All ages,302,Diarrheal diseases,1,Number,2011,4989.371832170329,7478.15012390446,3214.058764861739
1,All Population,1,Deaths,164,Nepal,3,Both,22,All ages,319,Typhoid fever,1,Number,2011,1522.327105461592,2493.598166746622,819.3156689810883
1,All Population,1,Deaths,164,Nepal,3,Both,22,All ages,320,Paratyphoid fever,1,Number,2011,321.62233852146557,599.1058539452647,148.14757091633555
1,All Population,1,Deaths,164,Nepal,3,Both,22,All ages,321,Other intestinal infectious diseases,1,Number,2011,2.9302985969941266,4.463638227544783,1.7785164347911575
1,All Population,1,Deaths,164,Nepal,3,Both,22,All ages,322,Lower respiratory infections,1,Number,2011,10073.71606384201,12912.579961846264,7723.846192993998
1,All Population,1,Deaths,164,Nepal,3,Both,22,All ages,328,Upper respiratory infections,1,Number,2011,63.87305422320694,173.30392683207384,2.9046225318528918
1,All Population,1,Deaths,164,Nepal,3,Both,22,All ages,329,Otitis media,1,Number,2011,3.8568334813129135,11.456851139466895,1.0609862143568756
1,All Population,1,Deaths,164,Nepal,3,Both,22,All ages,725,Physical violence by firearm,1,Number,2010,52.844168580261055,87.77048076406541,26.594877728943636
1,All Population,1,Deaths,164,Nepal,3,Both,22,All ages,726,Physical violence by sharp object,1,Number,2010,42.76228034832379,73.288104629377,17.895609266625005
1,All Population,1,Deaths,164,Nepal,3,Both,22,All ages,727,Physical violence by other means,1,Number,2010,556.9020160177064,660.0591296414416,467.8403986873425
1,All Population,1,Deaths,164,Nepal,3,Both,22,All ages,729,Exposure to forces of nature,1,Number,2010,149.99142841750927,164.88892158431744,136.57407728531518
1,All Population,1,Deaths,164,Nepal,3,Both,22,All ages,741,Maternal deaths aggravated by HIV/AIDS,1,Number,2010,0.5967004759745719,0.9682632677059942,0.30130234529743827
1,All Population,1,Deaths,164,Nepal,3,Both,22,All ages,842,Environmental heat and cold exposure,1,Number,2010,59.52863116726639,122.85608977298438,16.05120991752652
1,All Population,1,Deaths,164,Nepal,3,Both,22,All ages,843,Ebola,1,Number,2010,0.0,0.0,0.0
1,All Population,1,Deaths,164,Nepal,3,Both,22,All ages,845,Acute lymphoid leukemia,1,Number,2010,209.70508321728926,346.3314217025947,136.10357837614538
1,All Population,1,Deaths,164,Nepal,3,Both,22,All ages,846,Chronic lymphoid leukemia,1,Number,2010,15.32897827103206,27.617208224056117,6.231854122272465
1,All Population,1,Deaths,164,Nepal,3,Both,22,All ages,847,Acute myeloid leukemia,1,Number,2010,136.50584805981913,258.67116310867306,66.6257137717592
1,All Population,1,Deaths,164,Nepal,3,Both,22,All ages,848,Chronic myeloid leukemia,1,Number,2010,95.20317291293831,158.82087168581302,39.82720782830417
1,All Population,1,Deaths,164,Nepal,3,Both,22,All ages,849,Non-melanoma skin cancer (squamous-cell carcinoma),1,Number,2010,46.73156387294549,68.51660728405346,30.573932580256642
1,All Population,1,Deaths,164,Nepal,3,Both,22,All ages,854,Police conflict and executions,1,Number,2010,7.067489841676877,7.8361144392455415,6.414711196596283
1,All Population,1,Deaths,164,Nepal,3,Both,22,All ages,934,Drug-susceptible tuberculosis,1,Number,2010,6694.257673565022,8519.53101499405,5008.84451850847
1,All Population,1,Deaths,164,Nepal,3,Both,22,All ages,935,Zika virus,1,Number,2010,0.0,0.0,0.0
1,All Population,1,Deaths,164,Nepal,3,Both,22,All ages,938,Alcoholic cardiomyopathy,1,Number,2010,34.32363209925705,102.03736775426536,6.56540643126072
1,All Population,1,Deaths,164,Nepal,3,Both,22,All ages,940,Electrocution,1,Number,2010,47.37821191242137,96.06601845518964,18.108114224500465
1,All Population,1,Deaths,164,Nepal,3,Both,22,All ages,942,Myocarditis,1,Number,2010,88.44482598712102,165.68399629713286,39.06080210233487
1,All Population,1,Deaths,164,Nepal,3,Both,22,All ages,943,Other leukemia,1,Number,2010,130.0498412685816,205.98453944265762,77.17666024486505
1,All Population,1,Deaths,164,Nepal,3,Both,22,All ages,944,Other cardiomyopathy,1,Number,2010,786.7354708287888,1374.1781005822775,366.00959573583333
1,All Population,1,Deaths,164,Nepal,3,Both,22,All ages,975,Diabetes mellitus type 1,1,Number,2010,225.03497917314616,342.8057510570402,139.56161543891142
1,All Population,1,Deaths,164,Nepal,3,Both,22,All ages,976,Diabetes mellitus type 2,1,Number,2010,4447.658988279515,6008.266379794751,3172.9519557451335
1,All Population,1,Deaths,164,Nepal,3,Both,22,All ages,332,Meningitis,1,Number,2011,1014.1231767779697,1382.3917270426834,715.1556586410668
1,All Population,1,Deaths,164,Nepal,3,Both,22,All ages,337,Encephalitis,1,Number,2011,499.09544134224353,1044.084890383109,166.78471595055294
1,All Population,1,Deaths,164,Nepal,3,Both,22,All ages,338,Diphtheria,1,Number,2011,7.246611785707705,12.20753473529719,4.135492347303141
1,All Population,1,Deaths,164,Nepal,3,Both,22,All ages,339,Pertussis,1,Number,2011,407.54582461957756,1179.239295631204,49.885126170582275
1,All Population,1,Deaths,164,Nepal,3,Both,22,All ages,340,Tetanus,1,Number,2011,449.82784350237216,700.6733169396464,240.4754242075968
1,All Population,1,Deaths,164,Nepal,3,Both,22,All ages,341,Measles,1,Number,2011,1784.5342342753277,3130.468053936083,768.2329609511506
1,All Population,1,Deaths,164,Nepal,3,Both,22,All ages,342,Varicella and herpes zoster,1,Number,2011,74.82192532041518,98.04501451354152,55.22991854412574
1,All Population,1,Deaths,164,Nepal,3,Both,22,All ages,345,Malaria,1,Number,2011,29.957056568371495,60.545680149197906,14.740301524442444
1,All Population,1,Deaths,164,Nepal,3,Both,22,All ages,346,Chagas disease,1,Number,2011,0.0,0.0,0.0
1,All Population,1,Deaths,164,Nepal,3,Both,22,All ages,348,Visceral leishmaniasis,1,Number,2011,91.33504472144554,299.02804158575316,0.02338311521577316
1,All Population,1,Deaths,164,Nepal,3,Both,22,All ages,350,African trypanosomiasis,1,Number,2011,0.0,0.0,0.0
1,All Population,1,Deaths,164,Nepal,3,Both,22,All ages,351,Schistosomiasis,1,Number,2011,0.0,0.0,0.0
1,All Population,1,Deaths,164,Nepal,3,Both,22,All ages,352,Cysticercosis,1,Number,2011,1.7929040656557769,2.71134448417307,1.0666926242825545
1,All Population,1,Deaths,164,Nepal,3,Both,22,All ages,507,Other cardiovascular and circulatory diseases,1,Number,2011,434.55065920708984,652.457809929321,261.07425551139755
1,All Population,1,Deaths,164,Nepal,3,Both,22,All ages,509,Chronic obstructive pulmonary disease,1,Number,2011,16243.905423623079,20498.75422235453,12350.681897187222
1,All Population,1,Deaths,164,Nepal,3,Both,22,All ages,511,Silicosis,1,Number,2011,6.910355945679367,20.269638625671202,1.96032883926353
1,All Population,1,Deaths,164,Nepal,3,Both,22,All ages,512,Asbestosis,1,Number,2011,1.6376832083355413,4.75650782645224,0.37068928198186546
1,All Population,1,Deaths,164,Nepal,3,Both,22,All ages,513,Coal workers pneumoconiosis,1,Number,2011,1.8924739489895035,5.55081687115251,0.2764885620160252
1,All Population,1,Deaths,164,Nepal,3,Both,22,All ages,514,Other pneumoconiosis,1,Number,2011,3.912148714022802,9.546299072371632,0.9857177859553037
1,All Population,1,Deaths,164,Nepal,3,Both,22,All ages,515,Asthma,1,Number,2011,3133.4988819752816,5626.1060392256395,1587.1528331763225
1,All Population,1,Deaths,164,Nepal,3,Both,22,All ages,516,Interstitial lung disease and pulmonary sarcoidosis,1,Number,2011,425.81481440875626,1177.738649082835,208.07426497386328
1,All Population,1,Deaths,164,Nepal,3,Both,22,All ages,520,Other chronic respiratory diseases,1,Number,2011,337.1646737212155,642.0077793112803,192.09754948627187
1,All Population,1,Deaths,164,Nepal,3,Both,22,All ages,522,Chronic hepatitis B including cirrhosis,1,Number,2011,1992.8834583114833,2964.8663348043397,1127.043586326075
1,All Population,1,Deaths,164,Nepal,3,Both,22,All ages,523,Chronic hepatitis C including cirrhosis,1,Number,2011,574.9198916369696,910.3317159396898,308.22962292070446
1,All Population,1,Deaths,164,Nepal,3,Both,22,All ages,524,Cirrhosis due to alcohol,1,Number,2011,1741.4242895097511,2587.6268186762813,1005.8565542363239
1,All Population,1,Deaths,164,Nepal,3,Both,22,All ages,525,Cirrhosis due to other causes,1,Number,2011,644.724735352568,950.564564086544,382.3720339117642
1,All Population,1,Deaths,164,Nepal,3,Both,22,All ages,527,Peptic ulcer disease,1,Number,2011,2223.9051194440676,3660.8446817600525,1382.0551125474988
1,All Population,1,Deaths,164,Nepal,3,Both,22,All ages,528,Gastritis and duodenitis,1,Number,2011,179.21147815801356,352.0579142665279,82.40940595257474
1,All Population,1,Deaths,164,Nepal,3,Both,22,All ages,529,Appendicitis,1,Number,2011,307.49933188844153,605.5575960261552,106.04483714557169
1,All Population,1,Deaths,164,Nepal,3,Both,22,All ages,530,Paralytic ileus and intestinal obstruction,1,Number,2011,996.8022484194943,1595.9023338419238,583.58268146956
1,All Population,1,Deaths,164,Nepal,3,Both,22,All ages,531,"Inguinal, femoral, and abdominal hernia",1,Number,2011,235.81495550319875,566.8283023412134,110.90827813528456
1,All Population,1,Deaths,164,Nepal,3,Both,22,All ages,483,Mesothelioma,1,Number,2013,11.263455827034235,14.972133139868776,8.042347721384056
1,All Population,1,Deaths,164,Nepal,3,Both,22,All ages,484,Hodgkin lymphoma,1,Number,2013,103.44348400568323,181.20126020499058,59.35180985575989
1,All Population,1,Deaths,164,Nepal,3,Both,22,All ages,486,Multiple myeloma,1,Number,2013,107.40346626221856,158.92231236532243,64.85556809697728
1,All Population,1,Deaths,164,Nepal,3,Both,22,All ages,489,Other malignant neoplasms,1,Number,2013,526.1802690892074,782.2489744909595,339.21312249138776
1,All Population,1,Deaths,164,Nepal,3,Both,22,All ages,492,Rheumatic heart disease,1,Number,2013,3790.7357088203753,5767.860200106469,2176.489487765667
1,All Population,1,Deaths,164,Nepal,3,Both,22,All ages,493,Ischemic heart disease,1,Number,2013,16554.668713568004,21338.60334731526,11930.476325211166
1,All Population,1,Deaths,164,Nepal,3,Both,22,All ages,495,Ischemic stroke,1,Number,2013,6114.503993299993,9044.568191807177,3897.754732579989
1,All Population,1,Deaths,164,Nepal,3,Both,22,All ages,496,Intracerebral hemorrhage,1,Number,2013,6990.113437353322,9767.34849891778,4401.612167010365
1,All Population,1,Deaths,164,Nepal,3,Both,22,All ages,497,Subarachnoid hemorrhage,1,Number,2013,565.1990442703424,1131.865140943815,256.8516569907876
1,All Population,1,Deaths,164,Nepal,3,Both,22,All ages,498,Hypertensive heart disease,1,Number,2013,2371.7242140154444,3648.31135501748,1513.7080957795274
1,All Population,1,Deaths,164,Nepal,3,Both,22,All ages,500,Atrial fibrillation and flutter,1,Number,2013,330.3323330835604,482.99893541768006,236.43594806324063
1,All Population,1,Deaths,164,Nepal,3,Both,22,All ages,501,Aortic aneurysm,1,Number,2013,110.86335940646103,223.50718799218166,66.07027812908169
1,All Population,1,Deaths,164,Nepal,3,Both,22,All ages,502,Lower extremity peripheral arterial disease,1,Number,2013,35.321599826402824,57.303557732663464,20.901878860407884
1,All Population,1,Deaths,164,Nepal,3,Both,22,All ages,503,Endocarditis,1,Number,2013,122.37130954394073,214.07404035947602,70.79836998458124
1,All Population,1,Deaths,164,Nepal,3,Both,22,All ages,483,Mesothelioma,1,Number,2012,10.839333867658112,14.396759631114818,7.740480724178076
1,All Population,1,Deaths,164,Nepal,3,Both,22,All ages,484,Hodgkin lymphoma,1,Number,2012,102.80165758522591,181.8852805096316,59.07682041708379
1,All Population,1,Deaths,164,Nepal,3,Both,22,All ages,486,Multiple myeloma,1,Number,2012,103.13253170634628,152.71006790349952,61.59066813358514
1,All Population,1,Deaths,164,Nepal,3,Both,22,All ages,489,Other malignant neoplasms,1,Number,2012,508.0962171083071,750.8604273903408,327.0333291534868
1,All Population,1,Deaths,164,Nepal,3,Both,22,All ages,492,Rheumatic heart disease,1,Number,2012,3758.569177137355,5776.680803342253,2161.2106159259447
1,All Population,1,Deaths,164,Nepal,3,Both,22,All ages,493,Ischemic heart disease,1,Number,2012,16609.61185747195,21406.246922236613,12277.649929278323
1,All Population,1,Deaths,164,Nepal,3,Both,22,All ages,495,Ischemic stroke,1,Number,2012,6169.157242665334,9185.988234344708,3862.8160449136844
1,All Population,1,Deaths,164,Nepal,3,Both,22,All ages,496,Intracerebral hemorrhage,1,Number,2012,6913.508699207977,9791.339758540173,4429.841251007347
1,All Population,1,Deaths,164,Nepal,3,Both,22,All ages,497,Subarachnoid hemorrhage,1,Number,2012,551.6064669186505,1116.1559867668839,243.9129393831992
1,All Population,1,Deaths,164,Nepal,3,Both,22,All ages,498,Hypertensive heart disease,1,Number,2012,2323.846587836591,3548.8709301801,1469.0191604683234
1,All Population,1,Deaths,164,Nepal,3,Both,22,All ages,500,Atrial fibrillation and flutter,1,Number,2012,315.57952284818447,460.4277226560875,220.20389646335724
1,All Population,1,Deaths,164,Nepal,3,Both,22,All ages,501,Aortic aneurysm,1,Number,2012,107.09592999645186,213.43511566190665,63.11604120547333
1,All Population,1,Deaths,164,Nepal,3,Both,22,All ages,502,Lower extremity peripheral arterial disease,1,Number,2012,33.87065289898368,56.24976805078009,19.73994531834533
1,All Population,1,Deaths,164,Nepal,3,Both,22,All ages,503,Endocarditis,1,Number,2012,119.5823895171706,212.6455054176445,67.74982818208639
1,All Population,1,Deaths,164,Nepal,3,Both,22,All ages,697,Falls,1,Number,2011,2272.417615305357,3081.3718572327484,1648.9658131932267
1,All Population,1,Deaths,164,Nepal,3,Both,22,All ages,698,Drowning,1,Number,2011,1978.688861998559,2830.482513646486,1324.4218896615916
1,All Population,1,Deaths,164,Nepal,3,Both,22,All ages,699,"Fire, heat, and hot substances",1,Number,2011,545.9381652272306,856.6994372917902,338.8226919003265
1,All Population,1,Deaths,164,Nepal,3,Both,22,All ages,701,Poisoning by carbon monoxide,1,Number,2011,278.1634756115572,545.9591747338555,113.67503390341132
1,All Population,1,Deaths,164,Nepal,3,Both,22,All ages,703,Poisoning by other means,1,Number,2011,726.3653680877665,1206.4846097485301,415.1863451394759
1,All Population,1,Deaths,164,Nepal,3,Both,22,All ages,705,Unintentional firearm injuries,1,Number,2011,3.9335934517555127,13.510599105040725,0.6717504949808538
1,All Population,1,Deaths,164,Nepal,3,Both,22,All ages,707,Other exposure to mechanical forces,1,Number,2011,328.744935699179,535.7742522922736,196.25414124829175
1,All Population,1,Deaths,164,Nepal,3,Both,22,All ages,708,Adverse effects of medical treatment,1,Number,2011,718.4814612580111,985.3218422434766,519.5459490733695
1,All Population,1,Deaths,164,Nepal,3,Both,22,All ages,710,Venomous animal contact,1,Number,2011,646.0946177443998,1002.7227909079447,405.45879742352116
1,All Population,1,Deaths,164,Nepal,3,Both,22,All ages,711,Non-venomous animal contact,1,Number,2011,18.22743310041374,52.35594688331424,3.643004801842657
1,All Population,1,Deaths,164,Nepal,3,Both,22,All ages,713,Pulmonary aspiration and foreign body in airway,1,Number,2011,40.97940684225445,81.58482775475312,8.743166339986153
1,All Population,1,Deaths,164,Nepal,3,Both,22,All ages,715,Foreign body in other body part,1,Number,2011,2.9869319804376877,8.410026313385531,0.4610206466558091
1,All Population,1,Deaths,164,Nepal,3,Both,22,All ages,716,Other unintentional injuries,1,Number,2011,97.25853150451006,184.54301660361398,49.95187502837314
1,All Population,1,Deaths,164,Nepal,3,Both,22,All ages,721,Self-harm by firearm,1,Number,2011,427.7685320783349,1108.4856128431663,154.4050349483381
1,All Population,1,Deaths,164,Nepal,3,Both,22,All ages,1059,Total Cancers excluding Non-melanoma skin cancer,1,Number,2011,10129.077732668464,11438.126365440718,8934.68957613424
1,All Population,1,Deaths,164,Nepal,3,Both,22,All ages,1160,Other direct maternal disorders,1,Number,2011,183.32201530900633,301.3734273279231,107.47415928860038
1,All Population,1,Deaths,164,Nepal,3,Both,22,All ages,1161,Other digestive diseases,1,Number,2011,467.05655540833345,771.05080622176,229.8532613978656
1,All Population,1,Deaths,164,Nepal,3,Both,22,All ages,1163,Self-harm by other specified means,1,Number,2011,3668.43608423112,4718.5050823993215,2585.8325653970564
1,All Population,1,Deaths,164,Nepal,3,Both,22,All ages,1164,Other benign and in situ neoplasms,1,Number,2011,66.98282007472763,109.99035438834575,34.35843469003397
1,All Population,1,Deaths,164,Nepal,3,Both,22,All ages,643,Congenital heart anomalies,1,Number,2012,1135.526088550509,1584.912383066103,750.0046828691018
1,All Population,1,Deaths,164,Nepal,3,Both,22,All ages,644,Orofacial clefts,1,Number,2012,18.301272915861958,55.9013944610252,2.7487840724806616
1,All Population,1,Deaths,164,Nepal,3,Both,22,All ages,645,Down syndrome,1,Number,2012,38.75755621502968,69.98451490997897,16.723418410310156
1,All Population,1,Deaths,164,Nepal,3,Both,22,All ages,648,Other chromosomal abnormalities,1,Number,2012,34.24942874182363,59.55472705501776,14.839561397503717
1,All Population,1,Deaths,164,Nepal,3,Both,22,All ages,649,Congenital musculoskeletal and limb anomalies,1,Number,2012,28.492746123814058,53.037373832377675,11.82749072581042
1,All Population,1,Deaths,164,Nepal,3,Both,22,All ages,650,Urogenital congenital anomalies,1,Number,2012,36.572042441073386,85.62879972744099,12.500111985062604
1,All Population,1,Deaths,164,Nepal,3,Both,22,All ages,651,Digestive congenital anomalies,1,Number,2012,202.30087669903773,406.61886936594937,90.97604709101752
1,All Population,1,Deaths,164,Nepal,3,Both,22,All ages,652,Other congenital birth defects,1,Number,2012,2.6686815641656594,8.601936434641514,0.6256298866164018
1,All Population,1,Deaths,164,Nepal,3,Both,22,All ages,656,Cellulitis,1,Number,2012,0.4002238188746629,0.9486923481328897,0.12180351858843874
1,All Population,1,Deaths,164,Nepal,3,Both,22,All ages,657,Pyoderma,1,Number,2012,0.9912137249779425,1.768673699582101,0.39497671604567214
1,All Population,1,Deaths,164,Nepal,3,Both,22,All ages,665,Decubitus ulcer,1,Number,2012,1.744251878268419,2.7897882579574933,0.992980670052852
1,All Population,1,Deaths,164,Nepal,3,Both,22,All ages,668,Other skin and subcutaneous diseases,1,Number,2012,1.4124488653056166,2.5449221094807966,0.6472057316447737
1,All Population,1,Deaths,164,Nepal,3,Both,22,All ages,686,Sudden infant death syndrome,1,Number,2012,166.1689919125485,261.74840969736186,89.32465328187449
1,All Population,1,Deaths,164,Nepal,3,Both,22,All ages,690,Pedestrian road injuries,1,Number,2012,847.8604527075969,1208.7968419905926,556.4257832731463
1,All Population,1,Deaths,164,Nepal,3,Both,22,All ages,691,Cyclist road injuries,1,Number,2012,108.98753463224388,204.1187090457822,51.02071905272215
1,All Population,1,Deaths,164,Nepal,3,Both,22,All ages,692,Motorcyclist road injuries,1,Number,2012,604.1250100281192,1003.5227187734841,347.61696988109117
1,All Population,1,Deaths,164,Nepal,3,Both,22,All ages,643,Congenital heart anomalies,1,Number,2013,1130.8647609841112,1589.3283951778421,752.4729404876875
1,All Population,1,Deaths,164,Nepal,3,Both,22,All ages,644,Orofacial clefts,1,Number,2013,16.87053449942036,54.12163161145163,2.649076097708525
1,All Population,1,Deaths,164,Nepal,3,Both,22,All ages,645,Down syndrome,1,Number,2013,40.52840473527774,74.69861451886828,17.836916236178066
1,All Population,1,Deaths,164,Nepal,3,Both,22,All ages,648,Other chromosomal abnormalities,1,Number,2013,34.76635169711157,62.52196206176791,15.7962845881842
1,All Population,1,Deaths,164,Nepal,3,Both,22,All ages,649,Congenital musculoskeletal and limb anomalies,1,Number,2013,28.434282529802264,50.64928308862944,12.226135319749758
1,All Population,1,Deaths,164,Nepal,3,Both,22,All ages,650,Urogenital congenital anomalies,1,Number,2013,36.6820577961714,90.90347138274015,13.190671893201687
1,All Population,1,Deaths,164,Nepal,3,Both,22,All ages,651,Digestive congenital anomalies,1,Number,2013,201.5557637667507,396.75976527650636,89.83080732132979
1,All Population,1,Deaths,164,Nepal,3,Both,22,All ages,652,Other congenital birth defects,1,Number,2013,2.595795265530368,8.469298713439134,0.6043666815059204
1,All Population,1,Deaths,164,Nepal,3,Both,22,All ages,656,Cellulitis,1,Number,2013,0.4303261611623552,0.9970481611897287,0.12666987966386864
1,All Population,1,Deaths,164,Nepal,3,Both,22,All ages,657,Pyoderma,1,Number,2013,1.078634645628203,1.9484291824102962,0.4721027239404956
1,All Population,1,Deaths,164,Nepal,3,Both,22,All ages,665,Decubitus ulcer,1,Number,2013,1.8060556069744014,2.8674550856936105,1.0197239406269947
1,All Population,1,Deaths,164,Nepal,3,Both,22,All ages,668,Other skin and subcutaneous diseases,1,Number,2013,1.4382330008152346,2.491738809056732,0.6598010667675547
1,All Population,1,Deaths,164,Nepal,3,Both,22,All ages,686,Sudden infant death syndrome,1,Number,2013,150.51589776637402,247.98595010546322,80.71835763014789
1,All Population,1,Deaths,164,Nepal,3,Both,22,All ages,690,Pedestrian road injuries,1,Number,2013,875.8448466384888,1305.1455413016843,568.4533285975577
1,All Population,1,Deaths,164,Nepal,3,Both,22,All ages,691,Cyclist road injuries,1,Number,2013,114.75452280335152,212.9169775005144,54.631462925541314
1,All Population,1,Deaths,164,Nepal,3,Both,22,All ages,692,Motorcyclist road injuries,1,Number,2013,645.2473044803875,1027.3379704781212,382.0292627124916
1,All Population,1,Deaths,164,Nepal,3,Both,22,All ages,693,Motor vehicle road injuries,1,Number,2012,658.527971308063,1008.8385850094853,354.378885273136
1,All Population,1,Deaths,164,Nepal,3,Both,22,All ages,694,Other road injuries,1,Number,2012,14.472554039974334,40.17261513573324,4.303917580275491
1,All Population,1,Deaths,164,Nepal,3,Both,22,All ages,695,Other transport injuries,1,Number,2012,223.9255766137966,362.4702539368167,130.1075883667262
1,All Population,1,Deaths,164,Nepal,3,Both,22,All ages,995,Maternal abortion and miscarriage,1,Number,2012,72.01382697470521,122.18495031791586,38.24542469037925
1,All Population,1,Deaths,164,Nepal,3,Both,22,All ages,996,Liver cancer due to NASH,1,Number,2012,23.82493941784388,38.30993836550157,13.995525039493954
1,All Population,1,Deaths,164,Nepal,3,Both,22,All ages,997,Chronic kidney disease due to diabetes mellitus type 1,1,Number,2012,137.55724298066252,214.83001884640584,84.07658535724542
1,All Population,1,Deaths,164,Nepal,3,Both,22,All ages,998,Chronic kidney disease due to diabetes mellitus type 2,1,Number,2012,428.9456354110227,627.3948057683809,268.0478653821327
1,All Population,1,Deaths,164,Nepal,3,Both,22,All ages,1004,Pulmonary Arterial Hypertension,1,Number,2012,78.924965703334,126.1140722780014,42.21316641923708
1,All Population,1,Deaths,164,Nepal,3,Both,22,All ages,1005,Hepatoblastoma,1,Number,2012,3.107819626688325,4.852790289811895,1.7652464025544967
1,All Population,1,Deaths,164,Nepal,3,Both,22,All ages,1006,Burkitt lymphoma,1,Number,2012,8.022698534602114,14.814735699418199,3.809577056502672
1,All Population,1,Deaths,164,Nepal,3,Both,22,All ages,1007,Other non-Hodgkin lymphoma,1,Number,2012,355.30695832909504,501.3066940679253,254.85427861871764
1,All Population,1,Deaths,164,Nepal,3,Both,22,All ages,1009,Retinoblastoma,1,Number,2012,13.821931991771368,34.31541908633538,4.378738980648531
1,All Population,1,Deaths,164,Nepal,3,Both,22,All ages,1010,Other eye cancers,1,Number,2012,5.679549809437858,12.831026399698368,2.62232375493809
1,All Population,1,Deaths,164,Nepal,3,Both,22,All ages,1011,Soft tissue and other extraosseous sarcomas,1,Number,2012,107.17456415546698,205.10679415948704,62.14417866997905
1,All Population,1,Deaths,164,Nepal,3,Both,22,All ages,1012,Malignant neoplasm of bone and articular cartilage,1,Number,2012,182.78962329046115,303.0652937822193,104.73644634115135
1,All Population,1,Deaths,164,Nepal,3,Both,22,All ages,1013,Neuroblastoma and other peripheral nervous cell tumors,1,Number,2012,9.066301453277152,13.093013488262818,5.880235832905757
1,All Population,1,Deaths,164,Nepal,3,Both,22,All ages,1024,Ulcerative colitis,1,Number,2012,71.99894669221291,119.3584847750477,41.27929334642906
1,All Population,1,Deaths,164,Nepal,3,Both,22,All ages,1025,Crohn's disease,1,Number,2012,13.842599173580723,29.17302398738251,4.97302991495055
1,All Population,1,Deaths,164,Nepal,3,Both,22,All ages,1026,Total burden related to hepatitis B,1,Number,2012,2131.88990117328,3232.3000584945316,1315.9585213880991
1,All Population,1,Deaths,164,Nepal,3,Both,22,All ages,1027,Total burden related to hepatitis C,1,Number,2012,672.1713297526447,1044.1532780778318,417.47249348062974
1,All Population,1,Deaths,164,Nepal,3,Both,22,All ages,1028,Total burden related to Non-alcoholic fatty liver disease (NAFLD),1,Number,2012,133.4362451955996,198.2020059526668,77.11634072302206
1,All Population,1,Deaths,164,Nepal,3,Both,22,All ages,1029,Total cancers,1,Number,2012,10308.016150097537,11598.67512346959,9106.150840889855
1,All Population,1,Deaths,164,Nepal,3,Both,22,All ages,1032,Thyroid diseases,1,Number,2012,12.552193625280466,22.129601553916718,6.323311297858253
1,All Population,1,Deaths,164,Nepal,3,Both,22,All ages,1048,COVID-19,1,Number,2012,0.0,0.0,0.0
1,All Population,1,Deaths,164,Nepal,3,Both,22,All ages,693,Motor vehicle road injuries,1,Number,2013,676.5942940050468,1038.2195518094536,365.91884996203606
1,All Population,1,Deaths,164,Nepal,3,Both,22,All ages,694,Other road injuries,1,Number,2013,15.34919561098883,43.50352935017126,4.4287584020608675
1,All Population,1,Deaths,164,Nepal,3,Both,22,All ages,695,Other transport injuries,1,Number,2013,193.93598579588607,337.2574773392248,96.98594206870807
1,All Population,1,Deaths,164,Nepal,3,Both,22,All ages,995,Maternal abortion and miscarriage,1,Number,2013,51.0073249747322,84.91625325412274,28.163522161322923
1,All Population,1,Deaths,164,Nepal,3,Both,22,All ages,996,Liver cancer due to NASH,1,Number,2013,25.21932575175991,40.458826350725914,15.097506118272152
1,All Population,1,Deaths,164,Nepal,3,Both,22,All ages,997,Chronic kidney disease due to diabetes mellitus type 1,1,Number,2013,140.66160910232296,218.6030443868386,85.58294961809534
1,All Population,1,Deaths,164,Nepal,3,Both,22,All ages,998,Chronic kidney disease due to diabetes mellitus type 2,1,Number,2013,437.47365853156305,641.7089996178692,276.9260579624291
1,All Population,1,Deaths,164,Nepal,3,Both,22,All ages,1004,Pulmonary Arterial Hypertension,1,Number,2013,80.35552430174285,130.33756660589634,42.44168509463954
1,All Population,1,Deaths,164,Nepal,3,Both,22,All ages,1005,Hepatoblastoma,1,Number,2013,3.4602147311933256,5.344796321765202,2.016420520969185
1,All Population,1,Deaths,164,Nepal,3,Both,22,All ages,1006,Burkitt lymphoma,1,Number,2013,8.45696056403055,15.061003927277756,4.071735926408998
1,All Population,1,Deaths,164,Nepal,3,Both,22,All ages,1007,Other non-Hodgkin lymphoma,1,Number,2013,370.4809381863147,507.3294278489819,272.8940737180992
1,All Population,1,Deaths,164,Nepal,3,Both,22,All ages,1009,Retinoblastoma,1,Number,2013,15.201950277966867,36.586847130874915,4.560343598892631
1,All Population,1,Deaths,164,Nepal,3,Both,22,All ages,1010,Other eye cancers,1,Number,2013,5.86366172503224,13.229960586166904,2.6872382651799596
1,All Population,1,Deaths,164,Nepal,3,Both,22,All ages,1011,Soft tissue and other extraosseous sarcomas,1,Number,2013,111.19431474461612,214.31852806223444,63.665782285084504
1,All Population,1,Deaths,164,Nepal,3,Both,22,All ages,1012,Malignant neoplasm of bone and articular cartilage,1,Number,2013,189.7119134066827,309.940063547101,110.55662653264272
1,All Population,1,Deaths,164,Nepal,3,Both,22,All ages,1013,Neuroblastoma and other peripheral nervous cell tumors,1,Number,2013,9.700804406593821,13.95366111205044,5.919954713906289
1,All Population,1,Deaths,164,Nepal,3,Both,22,All ages,1024,Ulcerative colitis,1,Number,2013,74.4196011920265,119.53487327762974,43.95321251639068
1,All Population,1,Deaths,164,Nepal,3,Both,22,All ages,1025,Crohn's disease,1,Number,2013,14.354849056224072,30.905436080791308,5.35252224731623
1,All Population,1,Deaths,164,Nepal,3,Both,22,All ages,1026,Total burden related to hepatitis B,1,Number,2013,2154.916944263933,3203.957675522363,1352.2735378643047
1,All Population,1,Deaths,164,Nepal,3,Both,22,All ages,1027,Total burden related to hepatitis C,1,Number,2013,685.7600920006666,1048.9969847989514,417.31804399222887
1,All Population,1,Deaths,164,Nepal,3,Both,22,All ages,1028,Total burden related to Non-alcoholic fatty liver disease (NAFLD),1,Number,2013,140.74749395836955,207.1108529489886,81.98926092374235
1,All Population,1,Deaths,164,Nepal,3,Both,22,All ages,1029,Total cancers,1,Number,2013,10644.618217253004,12022.500598174584,9543.524774109426
1,All Population,1,Deaths,164,Nepal,3,Both,22,All ages,1032,Thyroid diseases,1,Number,2013,12.975560492693672,23.176284858621578,6.504547717933179
1,All Population,1,Deaths,164,Nepal,3,Both,22,All ages,1048,COVID-19,1,Number,2013,0.0,0.0,0.0
1,All Population,1,Deaths,164,Nepal,3,Both,22,All ages,302,Diarrheal diseases,1,Number,2012,4646.61849229555,7122.894797579578,2843.1111405657343
1,All Population,1,Deaths,164,Nepal,3,Both,22,All ages,319,Typhoid fever,1,Number,2012,1409.1634209054605,2292.562273528047,734.9912657984582
1,All Population,1,Deaths,164,Nepal,3,Both,22,All ages,320,Paratyphoid fever,1,Number,2012,301.0594520722922,553.7579766536679,138.0835489620021
1,All Population,1,Deaths,164,Nepal,3,Both,22,All ages,321,Other intestinal infectious diseases,1,Number,2012,2.9663509907287495,4.810423413203412,1.805176658931447
1,All Population,1,Deaths,164,Nepal,3,Both,22,All ages,322,Lower respiratory infections,1,Number,2012,9550.98025898227,12213.17673986478,7118.304907685968
1,All Population,1,Deaths,164,Nepal,3,Both,22,All ages,328,Upper respiratory infections,1,Number,2012,65.04927814018842,176.11769798272263,3.248309981720432
1,All Population,1,Deaths,164,Nepal,3,Both,22,All ages,329,Otitis media,1,Number,2012,3.7632089109258056,11.702460608555764,0.9384528043982641
1,All Population,1,Deaths,164,Nepal,3,Both,22,All ages,402,Acute hepatitis B,1,Number,2011,78.58900608769598,249.24288109817823,12.240478897211643
1,All Population,1,Deaths,164,Nepal,3,Both,22,All ages,403,Acute hepatitis C,1,Number,2011,15.398401500810795,40.23797467887867,0.7410446827245156
1,All Population,1,Deaths,164,Nepal,3,Both,22,All ages,404,Acute hepatitis E,1,Number,2011,10.862272872717716,37.8835369575352,1.9061996845248423
1,All Population,1,Deaths,164,Nepal,3,Both,22,All ages,408,Other unspecified infectious diseases,1,Number,2011,813.708779609593,1463.8126563105652,385.3964011741793
1,All Population,1,Deaths,164,Nepal,3,Both,22,All ages,411,Esophageal cancer,1,Number,2011,668.5210095608088,907.2743638152018,431.18245080112933
1,All Population,1,Deaths,164,Nepal,3,Both,22,All ages,414,Stomach cancer,1,Number,2011,1056.3497409811423,1513.2759538089322,685.1227291931806
1,All Population,1,Deaths,164,Nepal,3,Both,22,All ages,332,Meningitis,1,Number,2012,1012.9408013717137,1355.9285980996185,715.2978008187463
1,All Population,1,Deaths,164,Nepal,3,Both,22,All ages,337,Encephalitis,1,Number,2012,489.04748283965273,1012.4695535214223,164.83990625278432
1,All Population,1,Deaths,164,Nepal,3,Both,22,All ages,338,Diphtheria,1,Number,2012,6.872085508114353,11.205787067853308,3.7748887955799684
1,All Population,1,Deaths,164,Nepal,3,Both,22,All ages,339,Pertussis,1,Number,2012,394.34431233172603,1200.4889073167622,40.00757169278527
1,All Population,1,Deaths,164,Nepal,3,Both,22,All ages,340,Tetanus,1,Number,2012,423.01488629893424,667.2854658876674,218.4602307267965
1,All Population,1,Deaths,164,Nepal,3,Both,22,All ages,341,Measles,1,Number,2012,1832.6277599387222,3296.920512959412,825.0881068956818
1,All Population,1,Deaths,164,Nepal,3,Both,22,All ages,342,Varicella and herpes zoster,1,Number,2012,72.68927688852078,98.11649522490906,52.5500215698026
1,All Population,1,Deaths,164,Nepal,3,Both,22,All ages,345,Malaria,1,Number,2012,25.06568773459084,46.123092853911274,12.705268215383896
1,All Population,1,Deaths,164,Nepal,3,Both,22,All ages,346,Chagas disease,1,Number,2012,0.0,0.0,0.0
1,All Population,1,Deaths,164,Nepal,3,Both,22,All ages,348,Visceral leishmaniasis,1,Number,2012,70.01482382089382,229.9858438079575,0.01763421174310254
1,All Population,1,Deaths,164,Nepal,3,Both,22,All ages,350,African trypanosomiasis,1,Number,2012,0.0,0.0,0.0
1,All Population,1,Deaths,164,Nepal,3,Both,22,All ages,351,Schistosomiasis,1,Number,2012,0.0,0.0,0.0
1,All Population,1,Deaths,164,Nepal,3,Both,22,All ages,352,Cysticercosis,1,Number,2012,1.707871122906161,2.559910741298597,0.8331100022169831
1,All Population,1,Deaths,164,Nepal,3,Both,22,All ages,507,Other cardiovascular and circulatory diseases,1,Number,2012,447.5116626183249,650.3032353692828,272.40012304316167
1,All Population,1,Deaths,164,Nepal,3,Both,22,All ages,509,Chronic obstructive pulmonary disease,1,Number,2012,16891.832758039585,21288.9608511636,12781.430322734752
1,All Population,1,Deaths,164,Nepal,3,Both,22,All ages,418,Liver cancer due to hepatitis B,1,Number,2011,82.59379926836183,133.2844828818042,47.156417646340614
1,All Population,1,Deaths,164,Nepal,3,Both,22,All ages,419,Liver cancer due to hepatitis C,1,Number,2011,82.7215385230828,135.12679323588537,49.69383081523784
1,All Population,1,Deaths,164,Nepal,3,Both,22,All ages,420,Liver cancer due to alcohol use,1,Number,2011,73.5515813381191,129.40707715990894,39.96366632065992
1,All Population,1,Deaths,164,Nepal,3,Both,22,All ages,421,Liver cancer due to other causes,1,Number,2011,9.8737094793192,15.95553679077864,5.669587125973787
1,All Population,1,Deaths,164,Nepal,3,Both,22,All ages,423,Larynx cancer,1,Number,2011,297.4541445378281,466.108710959841,159.0686177424788
1,All Population,1,Deaths,164,Nepal,3,Both,22,All ages,426,"Tracheal, bronchus, and lung cancer",1,Number,2011,911.8643608813851,1200.0518439306998,674.3882386279613
1,All Population,1,Deaths,164,Nepal,3,Both,22,All ages,429,Breast cancer,1,Number,2011,715.9206524934607,1031.608196752316,491.3643412560225
1,All Population,1,Deaths,164,Nepal,3,Both,22,All ages,432,Cervical cancer,1,Number,2011,803.5637542911159,1281.2278075014563,446.40611525406416
1,All Population,1,Deaths,164,Nepal,3,Both,22,All ages,435,Uterine cancer,1,Number,2011,61.945387368178416,111.22800067951582,26.612451464245037
1,All Population,1,Deaths,164,Nepal,3,Both,22,All ages,438,Prostate cancer,1,Number,2011,301.35225330973327,458.7326280738782,184.96379137680114
1,All Population,1,Deaths,164,Nepal,3,Both,22,All ages,441,Colon and rectum cancer,1,Number,2011,500.9299453951038,680.0114414498378,364.67817454861853
1,All Population,1,Deaths,164,Nepal,3,Both,22,All ages,444,Lip and oral cavity cancer,1,Number,2011,655.9136102369563,910.7733323995416,473.38235366806106
1,All Population,1,Deaths,164,Nepal,3,Both,22,All ages,447,Nasopharynx cancer,1,Number,2011,142.82263134074861,188.9370760588556,105.86710708631169
1,All Population,1,Deaths,164,Nepal,3,Both,22,All ages,450,Other pharynx cancer,1,Number,2011,400.025941020257,566.715377136359,271.21446608516965
1,All Population,1,Deaths,164,Nepal,3,Both,22,All ages,453,Gallbladder and biliary tract cancer,1,Number,2011,287.85060605461683,391.7089557578704,200.2605501546534
1,All Population,1,Deaths,164,Nepal,3,Both,22,All ages,456,Pancreatic cancer,1,Number,2011,161.14878280866182,221.27275797439066,121.47584006053921
1,All Population,1,Deaths,164,Nepal,3,Both,22,All ages,459,Malignant skin melanoma,1,Number,2011,13.303343416451453,21.82416222741968,7.892443205208163
1,All Population,1,Deaths,164,Nepal,3,Both,22,All ages,465,Ovarian cancer,1,Number,2011,263.97744546219315,501.11561201097703,156.1333909210171
1,All Population,1,Deaths,164,Nepal,3,Both,22,All ages,592,Chronic kidney disease due to glomerulonephritis,1,Number,2011,273.2440987234678,400.04382573523645,171.1115518445686
1,All Population,1,Deaths,164,Nepal,3,Both,22,All ages,593,Chronic kidney disease due to other and unspecified causes,1,Number,2011,835.291635129669,1183.2494068706078,553.1451750133127
1,All Population,1,Deaths,164,Nepal,3,Both,22,All ages,595,Urinary tract infections and interstitial nephritis,1,Number,2011,383.36338744453707,550.2494407354819,264.0271262450017
1,All Population,1,Deaths,164,Nepal,3,Both,22,All ages,511,Silicosis,1,Number,2012,7.239898285659767,21.06715115358823,2.0571869343249385
1,All Population,1,Deaths,164,Nepal,3,Both,22,All ages,512,Asbestosis,1,Number,2012,1.8244338023461764,5.397940627085999,0.350907588408094
1,All Population,1,Deaths,164,Nepal,3,Both,22,All ages,513,Coal workers pneumoconiosis,1,Number,2012,2.084755528737964,7.705429392581089,0.2544774205146193
1,All Population,1,Deaths,164,Nepal,3,Both,22,All ages,514,Other pneumoconiosis,1,Number,2012,4.345962592212044,12.226810254576083,0.9636461643167351
1,All Population,1,Deaths,164,Nepal,3,Both,22,All ages,515,Asthma,1,Number,2012,3374.2893620812656,6304.296830757087,1655.6262478521323
1,All Population,1,Deaths,164,Nepal,3,Both,22,All ages,516,Interstitial lung disease and pulmonary sarcoidosis,1,Number,2012,450.0681552999335,1224.0799748652132,219.1766872050238
1,All Population,1,Deaths,164,Nepal,3,Both,22,All ages,520,Other chronic respiratory diseases,1,Number,2012,343.79802619733283,625.604492794029,191.29554414333128
1,All Population,1,Deaths,164,Nepal,3,Both,22,All ages,522,Chronic hepatitis B including cirrhosis,1,Number,2012,1965.679469729356,2990.09250665227,1135.7064455132775
1,All Population,1,Deaths,164,Nepal,3,Both,22,All ages,523,Chronic hepatitis C including cirrhosis,1,Number,2012,570.1778634358537,920.1053729039554,305.92605839436516
1,All Population,1,Deaths,164,Nepal,3,Both,22,All ages,524,Cirrhosis due to alcohol,1,Number,2012,1752.698458831806,2651.474590648681,1022.7832198073012
1,All Population,1,Deaths,164,Nepal,3,Both,22,All ages,525,Cirrhosis due to other causes,1,Number,2012,633.6981261157442,935.9524595363962,372.60575492466774
1,All Population,1,Deaths,164,Nepal,3,Both,22,All ages,527,Peptic ulcer disease,1,Number,2012,2171.1333637704292,3574.6487863673633,1341.683814320808
1,All Population,1,Deaths,164,Nepal,3,Both,22,All ages,528,Gastritis and duodenitis,1,Number,2012,174.70971269917797,347.88953602002954,84.47656398753132
1,All Population,1,Deaths,164,Nepal,3,Both,22,All ages,529,Appendicitis,1,Number,2012,302.2469253272868,584.1144492393468,114.45085359036258
1,All Population,1,Deaths,164,Nepal,3,Both,22,All ages,530,Paralytic ileus and intestinal obstruction,1,Number,2012,990.4594186141447,1553.207199352016,584.9877036515783
1,All Population,1,Deaths,164,Nepal,3,Both,22,All ages,531,"Inguinal, femoral, and abdominal hernia",1,Number,2012,231.228460598163,551.7361429133304,107.14898763864737
1,All Population,1,Deaths,164,Nepal,3,Both,22,All ages,302,Diarrheal diseases,1,Number,2013,4529.358825958352,6903.268744435891,2720.2223765454805
1,All Population,1,Deaths,164,Nepal,3,Both,22,All ages,319,Typhoid fever,1,Number,2013,1408.2684906196012,2273.098101603666,767.6284454957645
1,All Population,1,Deaths,164,Nepal,3,Both,22,All ages,320,Paratyphoid fever,1,Number,2013,302.24073987258976,552.031455681729,141.185075978239
1,All Population,1,Deaths,164,Nepal,3,Both,22,All ages,321,Other intestinal infectious diseases,1,Number,2013,3.103363941317837,4.885647064520854,1.9235954737400713
1,All Population,1,Deaths,164,Nepal,3,Both,22,All ages,322,Lower respiratory infections,1,Number,2013,9441.771728773669,12097.248912054454,6931.289767497426
1,All Population,1,Deaths,164,Nepal,3,Both,22,All ages,328,Upper respiratory infections,1,Number,2013,65.81124518030614,185.81557421067802,3.3166636429385306
1,All Population,1,Deaths,164,Nepal,3,Both,22,All ages,329,Otitis media,1,Number,2013,3.7216200550895566,11.744149206415337,0.9660078343544588
1,All Population,1,Deaths,164,Nepal,3,Both,22,All ages,353,Cystic echinococcosis,1,Number,2011,27.048263229277424,35.07726932893864,20.170901655652205
1,All Population,1,Deaths,164,Nepal,3,Both,22,All ages,357,Dengue,1,Number,2011,358.1029611456614,873.8280217224419,107.30391208466669
1,All Population,1,Deaths,164,Nepal,3,Both,22,All ages,358,Yellow fever,1,Number,2011,0.0,0.0,0.0
1,All Population,1,Deaths,164,Nepal,3,Both,22,All ages,359,Rabies,1,Number,2011,435.08450554147265,910.0743237845265,140.38507852454435
1,All Population,1,Deaths,164,Nepal,3,Both,22,All ages,361,Ascariasis,1,Number,2011,3.2607466837965795,5.302619161490983,1.4310452913218232
1,All Population,1,Deaths,164,Nepal,3,Both,22,All ages,365,Other neglected tropical diseases,1,Number,2011,38.344379085856325,68.52082184217042,17.83961071395339
1,All Population,1,Deaths,164,Nepal,3,Both,22,All ages,596,Urolithiasis,1,Number,2011,50.48839461599922,68.53211382770641,36.24975425894543
1,All Population,1,Deaths,164,Nepal,3,Both,22,All ages,602,Other urinary diseases,1,Number,2011,381.7482134236929,532.5192728005118,262.76714145694746
1,All Population,1,Deaths,164,Nepal,3,Both,22,All ages,604,Uterine fibroids,1,Number,2011,10.31222835292129,25.670003273324852,3.4350035581985527
1,All Population,1,Deaths,164,Nepal,3,Both,22,All ages,607,Endometriosis,1,Number,2011,0.11046469110420433,0.565417361814978,0.0031631854626537415
1,All Population,1,Deaths,164,Nepal,3,Both,22,All ages,608,Genital prolapse,1,Number,2011,1.589655093420939,4.551828204985052,0.35607485277951145
1,All Population,1,Deaths,164,Nepal,3,Both,22,All ages,612,Other gynecological diseases,1,Number,2011,19.41392170936666,38.89763296728395,8.214879442767415
1,All Population,1,Deaths,164,Nepal,3,Both,22,All ages,614,Thalassemias,1,Number,2011,69.69439419476,108.2777283766741,46.944602203647484
1,All Population,1,Deaths,164,Nepal,3,Both,22,All ages,615,Sickle cell disorders,1,Number,2011,10.604688936032344,16.88676310310517,6.890913516874255
1,All Population,1,Deaths,164,Nepal,3,Both,22,All ages,616,G6PD deficiency,1,Number,2011,27.017150516393414,42.4825135235764,16.929854386494984
1,All Population,1,Deaths,164,Nepal,3,Both,22,All ages,618,Other hemoglobinopathies and hemolytic anemias,1,Number,2011,166.4462341612466,242.7085560934445,116.04435505990739
1,All Population,1,Deaths,164,Nepal,3,Both,22,All ages,625,"Other endocrine, metabolic, blood, and immune disorders",1,Number,2011,40.909648955471916,66.35318887223224,21.659065243972954
1,All Population,1,Deaths,164,Nepal,3,Both,22,All ages,627,Rheumatoid arthritis,1,Number,2011,101.9325288833501,180.46581747947886,43.91164747029848
1,All Population,1,Deaths,164,Nepal,3,Both,22,All ages,639,Other musculoskeletal disorders,1,Number,2011,158.05422834708796,254.67526602281572,87.68675008935602
1,All Population,1,Deaths,164,Nepal,3,Both,22,All ages,642,Neural tube defects,1,Number,2011,184.53850066943184,356.73701563376744,78.25322695470065
1,All Population,1,Deaths,164,Nepal,3,Both,22,All ages,697,Falls,1,Number,2012,2287.9036490482863,3087.2383824701988,1669.339364553156
1,All Population,1,Deaths,164,Nepal,3,Both,22,All ages,698,Drowning,1,Number,2012,1954.8353535701742,2722.872331033351,1288.2920942522785
1,All Population,1,Deaths,164,Nepal,3,Both,22,All ages,699,"Fire, heat, and hot substances",1,Number,2012,545.8530023831995,841.1508236338465,339.22972557505994
1,All Population,1,Deaths,164,Nepal,3,Both,22,All ages,701,Poisoning by carbon monoxide,1,Number,2012,273.6983212472284,557.2847195484962,108.41001543035568
1,All Population,1,Deaths,164,Nepal,3,Both,22,All ages,703,Poisoning by other means,1,Number,2012,704.8470496167524,1198.0376837920096,402.46091698952296
1,All Population,1,Deaths,164,Nepal,3,Both,22,All ages,705,Unintentional firearm injuries,1,Number,2012,3.6277412484834004,12.020316779741448,0.6341629101888905
1,All Population,1,Deaths,164,Nepal,3,Both,22,All ages,707,Other exposure to mechanical forces,1,Number,2012,282.6425360964356,476.95874020443586,155.4397602371903
1,All Population,1,Deaths,164,Nepal,3,Both,22,All ages,708,Adverse effects of medical treatment,1,Number,2012,708.4920582472151,973.895587971385,513.6762256481456
1,All Population,1,Deaths,164,Nepal,3,Both,22,All ages,710,Venomous animal contact,1,Number,2012,649.7112856230715,1022.0005403925279,415.89891781123566
1,All Population,1,Deaths,164,Nepal,3,Both,22,All ages,711,Non-venomous animal contact,1,Number,2012,18.542974037756764,51.888822800968384,3.98690189736758
1,All Population,1,Deaths,164,Nepal,3,Both,22,All ages,713,Pulmonary aspiration and foreign body in airway,1,Number,2012,41.37245123545835,83.41241312472286,8.902739169028072
1,All Population,1,Deaths,164,Nepal,3,Both,22,All ages,715,Foreign body in other body part,1,Number,2012,2.950786736108378,7.906771325148991,0.449098897695193
1,All Population,1,Deaths,164,Nepal,3,Both,22,All ages,716,Other unintentional injuries,1,Number,2012,94.99417220318043,185.8802259736616,48.83925376603406
1,All Population,1,Deaths,164,Nepal,3,Both,22,All ages,332,Meningitis,1,Number,2013,1058.9258378551137,1463.2357905335505,730.8855001024717
1,All Population,1,Deaths,164,Nepal,3,Both,22,All ages,337,Encephalitis,1,Number,2013,502.0916446857237,1019.3574238419599,173.6224723159745
1,All Population,1,Deaths,164,Nepal,3,Both,22,All ages,338,Diphtheria,1,Number,2013,6.7590169276794345,11.722820787469828,3.9174287031088197
1,All Population,1,Deaths,164,Nepal,3,Both,22,All ages,339,Pertussis,1,Number,2013,464.3294783352831,1325.9922385046539,53.019346162688684
1,All Population,1,Deaths,164,Nepal,3,Both,22,All ages,340,Tetanus,1,Number,2013,411.2338868425044,658.2085450806859,209.74650029028183
1,All Population,1,Deaths,164,Nepal,3,Both,22,All ages,341,Measles,1,Number,2013,476.7904858971681,972.0881166021622,175.52928097314822
1,All Population,1,Deaths,164,Nepal,3,Both,22,All ages,342,Varicella and herpes zoster,1,Number,2013,76.11454364864278,98.62619819662025,57.26444249146966
1,All Population,1,Deaths,164,Nepal,3,Both,22,All ages,345,Malaria,1,Number,2013,18.399898206122,38.037650036144534,9.181564511341614
1,All Population,1,Deaths,164,Nepal,3,Both,22,All ages,346,Chagas disease,1,Number,2013,0.0,0.0,0.0
1,All Population,1,Deaths,164,Nepal,3,Both,22,All ages,348,Visceral leishmaniasis,1,Number,2013,56.91341686977716,184.80758555779715,0.01440801519397898
1,All Population,1,Deaths,164,Nepal,3,Both,22,All ages,350,African trypanosomiasis,1,Number,2013,0.0,0.0,0.0
1,All Population,1,Deaths,164,Nepal,3,Both,22,All ages,351,Schistosomiasis,1,Number,2013,0.0,0.0,0.0
1,All Population,1,Deaths,164,Nepal,3,Both,22,All ages,352,Cysticercosis,1,Number,2013,1.6548051429633497,2.3736743296970904,0.999381149615977
1,All Population,1,Deaths,164,Nepal,3,Both,22,All ages,507,Other cardiovascular and circulatory diseases,1,Number,2013,461.70805189954564,684.5087175462055,286.2273862383121
1,All Population,1,Deaths,164,Nepal,3,Both,22,All ages,509,Chronic obstructive pulmonary disease,1,Number,2013,17608.471316531337,22334.50734279465,13213.59127027875
1,All Population,1,Deaths,164,Nepal,3,Both,22,All ages,367,Maternal hemorrhage,1,Number,2011,457.28095387112097,623.3200402434601,310.02721853984445
1,All Population,1,Deaths,164,Nepal,3,Both,22,All ages,368,Maternal sepsis and other maternal infections,1,Number,2011,52.83692425975928,78.6401885162446,30.414850942413775
1,All Population,1,Deaths,164,Nepal,3,Both,22,All ages,369,Maternal hypertensive disorders,1,Number,2011,170.0078502398788,237.3804343147728,112.59377571295956
1,All Population,1,Deaths,164,Nepal,3,Both,22,All ages,370,Maternal obstructed labor and uterine rupture,1,Number,2011,65.98448899817396,111.34933137538884,35.591152815093615
1,All Population,1,Deaths,164,Nepal,3,Both,22,All ages,374,Ectopic pregnancy,1,Number,2011,0.3737585354213161,0.5555656963766111,0.2338909191534037
1,All Population,1,Deaths,164,Nepal,3,Both,22,All ages,375,Indirect maternal deaths,1,Number,2011,119.00696168287814,182.90880458966393,73.18476259358
1,All Population,1,Deaths,164,Nepal,3,Both,22,All ages,376,Late maternal deaths,1,Number,2011,23.05755550482095,32.548379892373546,14.685274987410628
1,All Population,1,Deaths,164,Nepal,3,Both,22,All ages,381,Neonatal preterm birth,1,Number,2011,3754.5387524086404,4745.23037724938,2818.6724801713654
1,All Population,1,Deaths,164,Nepal,3,Both,22,All ages,382,Neonatal encephalopathy due to birth asphyxia and trauma,1,Number,2011,5082.371437343623,6428.629877210811,4001.9759909905483
1,All Population,1,Deaths,164,Nepal,3,Both,22,All ages,383,Neonatal sepsis and other neonatal infections,1,Number,2011,2074.818710479723,3513.2987424489183,995.8714507182165
1,All Population,1,Deaths,164,Nepal,3,Both,22,All ages,384,Hemolytic disease and other neonatal jaundice,1,Number,2011,935.6129004150175,1709.9949088948597,454.6467739201575
1,All Population,1,Deaths,164,Nepal,3,Both,22,All ages,385,Other neonatal disorders,1,Number,2011,1402.2142004636112,2222.366317207855,806.5229318397969
1,All Population,1,Deaths,164,Nepal,3,Both,22,All ages,387,Protein-energy malnutrition,1,Number,2011,1456.579090251418,1866.37730351763,1114.2446778880312
1,All Population,1,Deaths,164,Nepal,3,Both,22,All ages,391,Other nutritional deficiencies,1,Number,2011,417.13271900619463,590.4385901208024,259.7098195146536
1,All Population,1,Deaths,164,Nepal,3,Both,22,All ages,394,Syphilis,1,Number,2011,377.1618448698974,785.3645662307731,142.19116016818577
1,All Population,1,Deaths,164,Nepal,3,Both,22,All ages,395,Chlamydial infection,1,Number,2011,6.392014477100143,13.666830221241698,2.035957618480156
1,All Population,1,Deaths,164,Nepal,3,Both,22,All ages,396,Gonococcal infection,1,Number,2011,2.1178932145977547,4.251340200511022,0.7424304372350753
1,All Population,1,Deaths,164,Nepal,3,Both,22,All ages,399,Other sexually transmitted infections,1,Number,2011,19.660695533071564,41.748601195295485,6.235451292904713
1,All Population,1,Deaths,164,Nepal,3,Both,22,All ages,401,Acute hepatitis A,1,Number,2011,840.4199770745065,1585.2424903667606,457.5926671326902
1,All Population,1,Deaths,164,Nepal,3,Both,22,All ages,533,Vascular intestinal disorders,1,Number,2011,137.6380678493913,237.10638880832502,74.19293241143929
1,All Population,1,Deaths,164,Nepal,3,Both,22,All ages,534,Gallbladder and biliary diseases,1,Number,2011,100.92670839885953,159.81154420227875,58.328555798887955
1,All Population,1,Deaths,164,Nepal,3,Both,22,All ages,535,Pancreatitis,1,Number,2011,490.19148312974556,799.6026327911482,305.8362339463004
1,All Population,1,Deaths,164,Nepal,3,Both,22,All ages,721,Self-harm by firearm,1,Number,2012,413.0099148344049,1049.0040594835336,143.57415087470463
1,All Population,1,Deaths,164,Nepal,3,Both,22,All ages,1059,Total Cancers excluding Non-melanoma skin cancer,1,Number,2012,10260.021501399595,11561.38232909649,9055.90763406205
1,All Population,1,Deaths,164,Nepal,3,Both,22,All ages,1160,Other direct maternal disorders,1,Number,2012,186.02946119492228,290.28501593308465,112.5344775023925
1,All Population,1,Deaths,164,Nepal,3,Both,22,All ages,1161,Other digestive diseases,1,Number,2012,457.33105065375923,755.1103008089362,231.1855764772009
1,All Population,1,Deaths,164,Nepal,3,Both,22,All ages,1163,Self-harm by other specified means,1,Number,2012,3709.532978090027,4806.32214711741,2650.681267270308
1,All Population,1,Deaths,164,Nepal,3,Both,22,All ages,1164,Other benign and in situ neoplasms,1,Number,2012,66.79203359485055,110.0599400846828,35.48548792192584
1,All Population,1,Deaths,164,Nepal,3,Both,22,All ages,945,Conflict and terrorism,1,Number,2011,12.99925712951747,14.290373203974182,11.83642003139397
1,All Population,1,Deaths,164,Nepal,3,Both,22,All ages,946,Multidrug-resistant tuberculosis without extensive drug resistance,1,Number,2011,590.5794901667014,1082.3279655566585,242.90327540438392
1,All Population,1,Deaths,164,Nepal,3,Both,22,All ages,947,Extensively drug-resistant tuberculosis,1,Number,2011,18.30174322307152,37.548709131870915,6.847106612026071
1,All Population,1,Deaths,164,Nepal,3,Both,22,All ages,948,HIV/AIDS - Drug-susceptible Tuberculosis,1,Number,2011,370.40969202394206,565.8255372027265,212.39715145427135
1,All Population,1,Deaths,164,Nepal,3,Both,22,All ages,949,HIV/AIDS - Multidrug-resistant Tuberculosis without extensive drug resistance,1,Number,2011,41.1706193363647,89.28117430085994,14.813709104587517
1,All Population,1,Deaths,164,Nepal,3,Both,22,All ages,950,HIV/AIDS - Extensively drug-resistant Tuberculosis,1,Number,2011,1.274465169151767,2.8399236986835428,0.44204528090541456
1,All Population,1,Deaths,164,Nepal,3,Both,22,All ages,959,Invasive Non-typhoidal Salmonella (iNTS),1,Number,2011,90.99415128489284,124.16913451461592,61.28105033786554
1,All Population,1,Deaths,164,Nepal,3,Both,22,All ages,964,"Myelodysplastic, myeloproliferative, and other hematopoietic neoplasms",1,Number,2011,13.019452754909635,23.252975874690787,5.327294536987844
1,All Population,1,Deaths,164,Nepal,3,Both,22,All ages,968,Non-rheumatic calcific aortic valve disease,1,Number,2011,88.55995707511326,135.79130359049702,51.68129682996786
1,All Population,1,Deaths,164,Nepal,3,Both,22,All ages,969,Non-rheumatic degenerative mitral valve disease,1,Number,2011,51.50662522402682,85.99963199256419,29.554097515842926
1,All Population,1,Deaths,164,Nepal,3,Both,22,All ages,970,Other non-rheumatic valve diseases,1,Number,2011,1.3372179255386505,2.8189820432090316,0.4976976433761077
1,All Population,1,Deaths,164,Nepal,3,Both,22,All ages,971,Nonalcoholic fatty liver disease including cirrhosis,1,Number,2011,105.97955062640077,166.63889437329385,53.2470200138898
1,All Population,1,Deaths,164,Nepal,3,Both,22,All ages,511,Silicosis,1,Number,2013,7.585383194376121,20.218329228413403,2.2296465805495664
1,All Population,1,Deaths,164,Nepal,3,Both,22,All ages,512,Asbestosis,1,Number,2013,1.971325948623777,6.244586504813496,0.3735950128859871
1,All Population,1,Deaths,164,Nepal,3,Both,22,All ages,513,Coal workers pneumoconiosis,1,Number,2013,2.205802324062269,8.382700751876152,0.26407103779819296
1,All Population,1,Deaths,164,Nepal,3,Both,22,All ages,514,Other pneumoconiosis,1,Number,2013,4.602488141744218,13.378458502425648,1.038308184368859
1,All Population,1,Deaths,164,Nepal,3,Both,22,All ages,515,Asthma,1,Number,2013,3495.6131413866037,6525.804744055474,1737.008700385522
1,All Population,1,Deaths,164,Nepal,3,Both,22,All ages,516,Interstitial lung disease and pulmonary sarcoidosis,1,Number,2013,475.3816257814071,1286.3786626450199,233.6359647286417
1,All Population,1,Deaths,164,Nepal,3,Both,22,All ages,520,Other chronic respiratory diseases,1,Number,2013,355.87848691013744,632.514947432835,200.60637812881416
1,All Population,1,Deaths,164,Nepal,3,Both,22,All ages,522,Chronic hepatitis B including cirrhosis,1,Number,2013,1979.5759411971544,3036.2225766526817,1145.8845098988556
1,All Population,1,Deaths,164,Nepal,3,Both,22,All ages,523,Chronic hepatitis C including cirrhosis,1,Number,2013,577.1777885275616,938.1486526650064,315.0805348539304
1,All Population,1,Deaths,164,Nepal,3,Both,22,All ages,524,Cirrhosis due to alcohol,1,Number,2013,1805.937516089851,2774.553207287489,1058.1332767139388
1,All Population,1,Deaths,164,Nepal,3,Both,22,All ages,525,Cirrhosis due to other causes,1,Number,2013,639.6809564578318,961.4637860053406,386.38063301037477
1,All Population,1,Deaths,164,Nepal,3,Both,22,All ages,527,Peptic ulcer disease,1,Number,2013,2174.462681143828,3598.6218126019207,1330.4006207943871
1,All Population,1,Deaths,164,Nepal,3,Both,22,All ages,528,Gastritis and duodenitis,1,Number,2013,175.53557704590193,354.7347729849427,82.07430907252923
1,All Population,1,Deaths,164,Nepal,3,Both,22,All ages,529,Appendicitis,1,Number,2013,305.4321207981029,601.5615129113403,119.41863316254661
1,All Population,1,Deaths,164,Nepal,3,Both,22,All ages,530,Paralytic ileus and intestinal obstruction,1,Number,2013,1010.7989210337073,1545.4343894139674,630.1262257325446
1,All Population,1,Deaths,164,Nepal,3,Both,22,All ages,531,"Inguinal, femoral, and abdominal hernia",1,Number,2013,233.6330405663722,566.2397550353568,109.77109145881262
1,All Population,1,Deaths,164,Nepal,3,Both,22,All ages,975,Diabetes mellitus type 1,1,Number,2011,229.41192940001642,340.3169311282986,142.5458247758829
1,All Population,1,Deaths,164,Nepal,3,Both,22,All ages,976,Diabetes mellitus type 2,1,Number,2011,4649.828882268005,6413.647571652078,3314.363085022621
1,All Population,1,Deaths,164,Nepal,3,Both,22,All ages,543,Alzheimer's disease and other dementias,1,Number,2011,1464.4455437770941,3846.3486512604727,347.0616004736806
1,All Population,1,Deaths,164,Nepal,3,Both,22,All ages,544,Parkinson's disease,1,Number,2011,432.77681728200463,536.8844759086242,337.7392198380382
1,All Population,1,Deaths,164,Nepal,3,Both,22,All ages,545,Idiopathic epilepsy,1,Number,2011,898.6668948063868,1201.041377259934,655.58678451068
1,All Population,1,Deaths,164,Nepal,3,Both,22,All ages,546,Multiple sclerosis,1,Number,2011,3.3348288101172265,7.133439822145515,1.2738399486445924
1,All Population,1,Deaths,164,Nepal,3,Both,22,All ages,554,Motor neuron disease,1,Number,2011,4.421452611869318,10.44361731070228,1.6679900571926236
1,All Population,1,Deaths,164,Nepal,3,Both,22,All ages,557,Other neurological disorders,1,Number,2011,13.245886741368714,22.773579043195912,7.272150048150912
1,All Population,1,Deaths,164,Nepal,3,Both,22,All ages,560,Alcohol use disorders,1,Number,2011,185.60852694143966,300.07483085734196,100.09733827339313
1,All Population,1,Deaths,164,Nepal,3,Both,22,All ages,562,Opioid use disorders,1,Number,2011,37.42057207605048,62.33925257641654,21.0877458439908
1,All Population,1,Deaths,164,Nepal,3,Both,22,All ages,563,Cocaine use disorders,1,Number,2011,6.618879650403619,13.771842596571163,2.4082436614194584
1,All Population,1,Deaths,164,Nepal,3,Both,22,All ages,564,Amphetamine use disorders,1,Number,2011,1.226329908264181,3.277137661357336,0.32089928647428373
1,All Population,1,Deaths,164,Nepal,3,Both,22,All ages,566,Other drug use disorders,1,Number,2011,9.027917861693352,16.766732518612155,4.376987001383562
1,All Population,1,Deaths,164,Nepal,3,Both,22,All ages,573,Anorexia nervosa,1,Number,2011,0.02500908209039732,0.16699446127446338,0.003234444768169221
1,All Population,1,Deaths,164,Nepal,3,Both,22,All ages,588,Acute glomerulonephritis,1,Number,2011,5.565642705762554,11.983016390338774,1.455964832781687
1,All Population,1,Deaths,164,Nepal,3,Both,22,All ages,591,Chronic kidney disease due to hypertension,1,Number,2011,331.3801398343355,506.15804385090183,211.6301011913037
1,All Population,1,Deaths,164,Nepal,3,Both,22,All ages,697,Falls,1,Number,2013,2363.6632611568266,3089.895032445744,1696.3207179715926
1,All Population,1,Deaths,164,Nepal,3,Both,22,All ages,698,Drowning,1,Number,2013,2035.0464779499318,2807.729894352508,1360.8448428495317
1,All Population,1,Deaths,164,Nepal,3,Both,22,All ages,699,"Fire, heat, and hot substances",1,Number,2013,558.8132955527632,838.4375702272525,345.2181348522891
1,All Population,1,Deaths,164,Nepal,3,Both,22,All ages,701,Poisoning by carbon monoxide,1,Number,2013,281.2516903841392,571.8913914488768,115.34570358955229
1,All Population,1,Deaths,164,Nepal,3,Both,22,All ages,703,Poisoning by other means,1,Number,2013,711.9737564225247,1203.2582616219013,388.7409641426113
1,All Population,1,Deaths,164,Nepal,3,Both,22,All ages,705,Unintentional firearm injuries,1,Number,2013,3.3955046844409438,11.096884449722875,0.5527232997188879
1,All Population,1,Deaths,164,Nepal,3,Both,22,All ages,707,Other exposure to mechanical forces,1,Number,2013,284.5066119836592,477.8105732319554,159.52526683795762
1,All Population,1,Deaths,164,Nepal,3,Both,22,All ages,708,Adverse effects of medical treatment,1,Number,2013,718.5789604709584,993.1556234250257,523.3568152690428
1,All Population,1,Deaths,164,Nepal,3,Both,22,All ages,710,Venomous animal contact,1,Number,2013,671.5949771327283,1050.4606799846504,427.2999855828438
1,All Population,1,Deaths,164,Nepal,3,Both,22,All ages,711,Non-venomous animal contact,1,Number,2013,19.332118003263204,53.22139901034397,4.465935618786329
1,All Population,1,Deaths,164,Nepal,3,Both,22,All ages,713,Pulmonary aspiration and foreign body in airway,1,Number,2013,42.92646884443587,85.06791585104946,9.30719729228166
1,All Population,1,Deaths,164,Nepal,3,Both,22,All ages,715,Foreign body in other body part,1,Number,2013,3.033392733395764,8.217256605681039,0.45820287500691953
1,All Population,1,Deaths,164,Nepal,3,Both,22,All ages,716,Other unintentional injuries,1,Number,2013,94.1287953151185,194.05111489990276,48.2482432027752
1,All Population,1,Deaths,164,Nepal,3,Both,22,All ages,725,Physical violence by firearm,1,Number,2011,52.142938936004676,91.23253948845782,26.444384366156815
1,All Population,1,Deaths,164,Nepal,3,Both,22,All ages,726,Physical violence by sharp object,1,Number,2011,41.74682242681046,72.66301670046951,17.190578531387573
1,All Population,1,Deaths,164,Nepal,3,Both,22,All ages,727,Physical violence by other means,1,Number,2011,543.6855447506141,664.1413588270084,440.12795647407023
1,All Population,1,Deaths,164,Nepal,3,Both,22,All ages,729,Exposure to forces of nature,1,Number,2011,139.99199985634203,153.89632681202963,127.46913879962754
1,All Population,1,Deaths,164,Nepal,3,Both,22,All ages,741,Maternal deaths aggravated by HIV/AIDS,1,Number,2011,0.5590234405969494,0.8896795553461697,0.29032971228445026
1,All Population,1,Deaths,164,Nepal,3,Both,22,All ages,842,Environmental heat and cold exposure,1,Number,2011,90.41132793781689,153.08266123848932,48.50606127437625
1,All Population,1,Deaths,164,Nepal,3,Both,22,All ages,843,Ebola,1,Number,2011,0.0,0.0,0.0
1,All Population,1,Deaths,164,Nepal,3,Both,22,All ages,845,Acute lymphoid leukemia,1,Number,2011,202.90993052991908,346.2110197615219,129.46551707929098
1,All Population,1,Deaths,164,Nepal,3,Both,22,All ages,846,Chronic lymphoid leukemia,1,Number,2011,15.42240196850418,27.49486640250332,6.392158606115019
1,All Population,1,Deaths,164,Nepal,3,Both,22,All ages,847,Acute myeloid leukemia,1,Number,2011,137.77889616189924,259.71040003900407,68.31160666188767
1,All Population,1,Deaths,164,Nepal,3,Both,22,All ages,848,Chronic myeloid leukemia,1,Number,2011,95.46794065589367,156.40101208508108,41.406721462307196
1,All Population,1,Deaths,164,Nepal,3,Both,22,All ages,849,Non-melanoma skin cancer (squamous-cell carcinoma),1,Number,2011,47.28596852673465,69.52116649635421,30.92247255354805
1,All Population,1,Deaths,164,Nepal,3,Both,22,All ages,854,Police conflict and executions,1,Number,2011,1.0681834406390402,1.1837007050467707,0.9652845565303895
1,All Population,1,Deaths,164,Nepal,3,Both,22,All ages,934,Drug-susceptible tuberculosis,1,Number,2011,6547.896702144381,8423.116201288303,4820.417848390314
1,All Population,1,Deaths,164,Nepal,3,Both,22,All ages,935,Zika virus,1,Number,2011,0.0,0.0,0.0
1,All Population,1,Deaths,164,Nepal,3,Both,22,All ages,938,Alcoholic cardiomyopathy,1,Number,2011,34.31592910782406,97.09046890861757,6.777741669308882
1,All Population,1,Deaths,164,Nepal,3,Both,22,All ages,721,Self-harm by firearm,1,Number,2013,403.1713659746913,1010.4926541452204,143.83162470969847
1,All Population,1,Deaths,164,Nepal,3,Both,22,All ages,1059,Total Cancers excluding Non-melanoma skin cancer,1,Number,2013,10594.898361954609,11982.646242711235,9490.956457499613
1,All Population,1,Deaths,164,Nepal,3,Both,22,All ages,1160,Other direct maternal disorders,1,Number,2013,140.38133259406644,220.23420241064028,80.13635388132252
1,All Population,1,Deaths,164,Nepal,3,Both,22,All ages,1161,Other digestive diseases,1,Number,2013,463.15480201233044,751.0863280509087,237.5195689054269
1,All Population,1,Deaths,164,Nepal,3,Both,22,All ages,1163,Self-harm by other specified means,1,Number,2013,3777.637057881284,5025.6227986249405,2663.557922514259
1,All Population,1,Deaths,164,Nepal,3,Both,22,All ages,1164,Other benign and in situ neoplasms,1,Number,2013,68.90677038054123,113.07652979476724,37.40404498463622
1,All Population,1,Deaths,164,Nepal,3,Both,22,All ages,940,Electrocution,1,Number,2011,46.89611920998165,96.44621961380169,18.27254409784274
1,All Population,1,Deaths,164,Nepal,3,Both,22,All ages,942,Myocarditis,1,Number,2011,88.53049064389064,168.33584383632007,40.967032858771624
1,All Population,1,Deaths,164,Nepal,3,Both,22,All ages,943,Other leukemia,1,Number,2011,131.71554939999962,206.71420147098672,78.23212123286636
1,All Population,1,Deaths,164,Nepal,3,Both,22,All ages,944,Other cardiomyopathy,1,Number,2011,799.3284277212617,1380.9055938498693,382.88416613870845
1,All Population,1,Deaths,164,Nepal,3,Both,22,All ages,300,HIV/AIDS resulting in other diseases,1,Number,2014,1223.820739831387,1911.7698992780104,711.2135275039566
1,All Population,1,Deaths,164,Nepal,3,Both,22,All ages,468,Testicular cancer,1,Number,2014,21.789828725965727,35.502026355243636,12.891466768878702
1,All Population,1,Deaths,164,Nepal,3,Both,22,All ages,471,Kidney cancer,1,Number,2014,108.05229915930497,179.61606939012032,66.87908225553107
1,All Population,1,Deaths,164,Nepal,3,Both,22,All ages,474,Bladder cancer,1,Number,2014,135.45281016643776,217.87473592120782,82.5494650523135
1,All Population,1,Deaths,164,Nepal,3,Both,22,All ages,477,Brain and central nervous system cancer,1,Number,2014,324.0995577571548,437.4201169557708,236.25369558624706
1,All Population,1,Deaths,164,Nepal,3,Both,22,All ages,480,Thyroid cancer,1,Number,2014,94.20050339324861,125.84673631605678,67.98720064266513
1,All Population,1,Deaths,164,Nepal,3,Both,22,All ages,483,Mesothelioma,1,Number,2014,11.740965683767,16.058639276670746,8.267976079251845
1,All Population,1,Deaths,164,Nepal,3,Both,22,All ages,484,Hodgkin lymphoma,1,Number,2014,103.4305252674969,181.36624098200537,59.111606457809614
1,All Population,1,Deaths,164,Nepal,3,Both,22,All ages,486,Multiple myeloma,1,Number,2014,112.54321187895381,168.66117529621292,67.91562655634195
1,All Population,1,Deaths,164,Nepal,3,Both,22,All ages,489,Other malignant neoplasms,1,Number,2014,537.6083524857372,808.9835288407897,347.9072721529779
1,All Population,1,Deaths,164,Nepal,3,Both,22,All ages,492,Rheumatic heart disease,1,Number,2014,3836.15055677445,5978.202371165376,2133.750318845123
1,All Population,1,Deaths,164,Nepal,3,Both,22,All ages,493,Ischemic heart disease,1,Number,2014,17020.06517474063,21785.108696482188,12018.442668389134
1,All Population,1,Deaths,164,Nepal,3,Both,22,All ages,495,Ischemic stroke,1,Number,2014,6200.95081111382,9267.834413541252,3964.8736786731083
1,All Population,1,Deaths,164,Nepal,3,Both,22,All ages,496,Intracerebral hemorrhage,1,Number,2014,7141.439946451352,10248.743308547957,4373.6633129927695
1,All Population,1,Deaths,164,Nepal,3,Both,22,All ages,497,Subarachnoid hemorrhage,1,Number,2014,581.0866422702793,1178.2668380861307,276.7104518708693
1,All Population,1,Deaths,164,Nepal,3,Both,22,All ages,498,Hypertensive heart disease,1,Number,2014,2440.580293383692,3808.0614970795837,1557.2034468928105
1,All Population,1,Deaths,164,Nepal,3,Both,22,All ages,500,Atrial fibrillation and flutter,1,Number,2014,348.26782981088184,504.93801529674255,250.0903163679066
1,All Population,1,Deaths,164,Nepal,3,Both,22,All ages,501,Aortic aneurysm,1,Number,2014,115.73621076424709,231.46942202565083,68.41274701652473
1,All Population,1,Deaths,164,Nepal,3,Both,22,All ages,502,Lower extremity peripheral arterial disease,1,Number,2014,37.053746955404144,59.017265044763406,21.11823913042461
1,All Population,1,Deaths,164,Nepal,3,Both,22,All ages,503,Endocarditis,1,Number,2014,125.0118639442802,215.42165426182297,70.3683833910935
1,All Population,1,Deaths,164,Nepal,3,Both,22,All ages,402,Acute hepatitis B,1,Number,2013,90.30479009374385,268.805880733714,14.98529056664426
1,All Population,1,Deaths,164,Nepal,3,Both,22,All ages,403,Acute hepatitis C,1,Number,2013,19.28742118339358,55.63540551480325,0.9960183338237023
1,All Population,1,Deaths,164,Nepal,3,Both,22,All ages,404,Acute hepatitis E,1,Number,2013,11.932399052762761,40.85939140846868,2.1190398461955335
1,All Population,1,Deaths,164,Nepal,3,Both,22,All ages,408,Other unspecified infectious diseases,1,Number,2013,907.287196985038,1757.518906319915,434.20487788247334
1,All Population,1,Deaths,164,Nepal,3,Both,22,All ages,411,Esophageal cancer,1,Number,2013,703.2264815933307,946.4664386599143,456.3533078750158
1,All Population,1,Deaths,164,Nepal,3,Both,22,All ages,414,Stomach cancer,1,Number,2013,1061.2611516723766,1552.8937130328184,693.7181761836365
1,All Population,1,Deaths,164,Nepal,3,Both,22,All ages,402,Acute hepatitis B,1,Number,2012,82.9584893054095,264.9016464415938,12.960844086369054
1,All Population,1,Deaths,164,Nepal,3,Both,22,All ages,403,Acute hepatitis C,1,Number,2012,16.949988212451803,46.963914474225064,0.8201767491729633
1,All Population,1,Deaths,164,Nepal,3,Both,22,All ages,404,Acute hepatitis E,1,Number,2012,11.093237183511885,40.029758247761,1.954469807323178
1,All Population,1,Deaths,164,Nepal,3,Both,22,All ages,408,Other unspecified infectious diseases,1,Number,2012,846.1761299337682,1583.5685883592096,397.4089923106173
1,All Population,1,Deaths,164,Nepal,3,Both,22,All ages,411,Esophageal cancer,1,Number,2012,677.4443981001526,915.4006017540615,445.87523805437695
1,All Population,1,Deaths,164,Nepal,3,Both,22,All ages,414,Stomach cancer,1,Number,2012,1048.5321382846735,1504.0287521809603,683.0774099182336
1,All Population,1,Deaths,164,Nepal,3,Both,22,All ages,643,Congenital heart anomalies,1,Number,2014,1113.432294121277,1597.607706733052,721.3092317515225
1,All Population,1,Deaths,164,Nepal,3,Both,22,All ages,644,Orofacial clefts,1,Number,2014,15.87234190717684,50.3476719391487,2.642306444200855
1,All Population,1,Deaths,164,Nepal,3,Both,22,All ages,645,Down syndrome,1,Number,2014,41.43328222526387,74.00963906210455,18.255898860188264
1,All Population,1,Deaths,164,Nepal,3,Both,22,All ages,648,Other chromosomal abnormalities,1,Number,2014,35.84253905507481,62.65529358126745,15.494473644730203
1,All Population,1,Deaths,164,Nepal,3,Both,22,All ages,649,Congenital musculoskeletal and limb anomalies,1,Number,2014,28.619308115533634,52.445403096777454,12.770331256696991
1,All Population,1,Deaths,164,Nepal,3,Both,22,All ages,650,Urogenital congenital anomalies,1,Number,2014,37.54944049394031,92.12297720262883,13.286086830488765
1,All Population,1,Deaths,164,Nepal,3,Both,22,All ages,651,Digestive congenital anomalies,1,Number,2014,203.6621814471294,393.2779076989219,86.49483273497013
1,All Population,1,Deaths,164,Nepal,3,Both,22,All ages,652,Other congenital birth defects,1,Number,2014,2.636163344708389,8.897588720616675,0.5748703315745002
1,All Population,1,Deaths,164,Nepal,3,Both,22,All ages,656,Cellulitis,1,Number,2014,0.45142511260476914,1.0191223643484686,0.13043007464678205
1,All Population,1,Deaths,164,Nepal,3,Both,22,All ages,657,Pyoderma,1,Number,2014,1.119760009339379,2.0402573379811435,0.5402005424108668
1,All Population,1,Deaths,164,Nepal,3,Both,22,All ages,665,Decubitus ulcer,1,Number,2014,1.8759464201471467,3.045089141657296,1.0601136731868066
1,All Population,1,Deaths,164,Nepal,3,Both,22,All ages,668,Other skin and subcutaneous diseases,1,Number,2014,1.451422337656002,2.4736980760312313,0.6883111640491897
1,All Population,1,Deaths,164,Nepal,3,Both,22,All ages,686,Sudden infant death syndrome,1,Number,2014,137.47732479749948,227.70995701550444,75.28476987067302
1,All Population,1,Deaths,164,Nepal,3,Both,22,All ages,690,Pedestrian road injuries,1,Number,2014,880.7802130634525,1316.0888010157519,555.0252320389075
1,All Population,1,Deaths,164,Nepal,3,Both,22,All ages,691,Cyclist road injuries,1,Number,2014,120.59206812961443,233.9851473943615,58.217233141608766
1,All Population,1,Deaths,164,Nepal,3,Both,22,All ages,692,Motorcyclist road injuries,1,Number,2014,687.9645697600365,1078.6986035628113,406.9131031934228
1,All Population,1,Deaths,164,Nepal,3,Both,22,All ages,418,Liver cancer due to hepatitis B,1,Number,2013,85.03621297303303,141.20759722724785,48.416848646256014
1,All Population,1,Deaths,164,Nepal,3,Both,22,All ages,419,Liver cancer due to hepatitis C,1,Number,2013,89.29488228971103,136.19641411023335,54.29446935098642
1,All Population,1,Deaths,164,Nepal,3,Both,22,All ages,420,Liver cancer due to alcohol use,1,Number,2013,79.0328422576029,133.060365597318,43.88842102362798
1,All Population,1,Deaths,164,Nepal,3,Both,22,All ages,421,Liver cancer due to other causes,1,Number,2013,10.817450890088512,17.451327072284187,6.021385637118296
1,All Population,1,Deaths,164,Nepal,3,Both,22,All ages,423,Larynx cancer,1,Number,2013,304.56638773955973,501.59814326750933,160.7602207729559
1,All Population,1,Deaths,164,Nepal,3,Both,22,All ages,426,"Tracheal, bronchus, and lung cancer",1,Number,2013,983.7259192265811,1331.4948235015077,717.7902697984483
1,All Population,1,Deaths,164,Nepal,3,Both,22,All ages,429,Breast cancer,1,Number,2013,766.3405233800233,1086.4747369510146,527.8676720580532
1,All Population,1,Deaths,164,Nepal,3,Both,22,All ages,432,Cervical cancer,1,Number,2013,834.2280851852031,1287.8402665373912,444.14158843740023
1,All Population,1,Deaths,164,Nepal,3,Both,22,All ages,435,Uterine cancer,1,Number,2013,65.62323399233034,119.27241740128173,28.87454383367264
1,All Population,1,Deaths,164,Nepal,3,Both,22,All ages,438,Prostate cancer,1,Number,2013,307.98211357882485,481.7572769353902,190.40654529000466
1,All Population,1,Deaths,164,Nepal,3,Both,22,All ages,441,Colon and rectum cancer,1,Number,2013,529.5148718394336,712.7769912322015,403.0273480768206
1,All Population,1,Deaths,164,Nepal,3,Both,22,All ages,444,Lip and oral cavity cancer,1,Number,2013,683.1449408022658,990.5018078300365,491.67112711884766
1,All Population,1,Deaths,164,Nepal,3,Both,22,All ages,447,Nasopharynx cancer,1,Number,2013,149.5645029200143,194.17828279326258,109.93709516976313
1,All Population,1,Deaths,164,Nepal,3,Both,22,All ages,450,Other pharynx cancer,1,Number,2013,416.737969748997,588.3500152465853,283.3646217152198
1,All Population,1,Deaths,164,Nepal,3,Both,22,All ages,453,Gallbladder and biliary tract cancer,1,Number,2013,300.1405570055966,401.66480850476626,214.16951997936465
1,All Population,1,Deaths,164,Nepal,3,Both,22,All ages,456,Pancreatic cancer,1,Number,2013,171.33815367359054,231.5363772172626,129.78255831851695
1,All Population,1,Deaths,164,Nepal,3,Both,22,All ages,459,Malignant skin melanoma,1,Number,2013,14.161122894397225,23.61681213147148,8.47452309745598
1,All Population,1,Deaths,164,Nepal,3,Both,22,All ages,465,Ovarian cancer,1,Number,2013,285.7774421959449,537.6932615371068,176.29679250635115
1,All Population,1,Deaths,164,Nepal,3,Both,22,All ages,592,Chronic kidney disease due to glomerulonephritis,1,Number,2013,288.29116161529566,435.3285991415332,184.76572031880056
1,All Population,1,Deaths,164,Nepal,3,Both,22,All ages,593,Chronic kidney disease due to other and unspecified causes,1,Number,2013,870.5307806773952,1244.2328192877317,556.6023100987314
1,All Population,1,Deaths,164,Nepal,3,Both,22,All ages,595,Urinary tract infections and interstitial nephritis,1,Number,2013,410.3822299449204,579.7403515130935,269.48036874729905
1,All Population,1,Deaths,164,Nepal,3,Both,22,All ages,418,Liver cancer due to hepatitis B,1,Number,2012,83.2519421385156,136.57498218265889,46.20273861436636
1,All Population,1,Deaths,164,Nepal,3,Both,22,All ages,419,Liver cancer due to hepatitis C,1,Number,2012,85.04347810433983,135.54435953778633,50.62869284129476
1,All Population,1,Deaths,164,Nepal,3,Both,22,All ages,420,Liver cancer due to alcohol use,1,Number,2012,75.44915286433428,129.42896967127436,42.48350914959434
1,All Population,1,Deaths,164,Nepal,3,Both,22,All ages,421,Liver cancer due to other causes,1,Number,2012,10.235997998036154,16.48389786782824,5.711437998339244
1,All Population,1,Deaths,164,Nepal,3,Both,22,All ages,423,Larynx cancer,1,Number,2012,297.35730447196613,471.5597827476762,159.66941604893898
1,All Population,1,Deaths,164,Nepal,3,Both,22,All ages,426,"Tracheal, bronchus, and lung cancer",1,Number,2012,953.0356578526989,1258.751893144326,697.3518414156209
1,All Population,1,Deaths,164,Nepal,3,Both,22,All ages,429,Breast cancer,1,Number,2012,735.2578809330133,1050.1136334813636,508.5809340737009
1,All Population,1,Deaths,164,Nepal,3,Both,22,All ages,432,Cervical cancer,1,Number,2012,813.3623843325139,1287.3190023795967,441.60904348568056
1,All Population,1,Deaths,164,Nepal,3,Both,22,All ages,435,Uterine cancer,1,Number,2012,63.27263673586698,112.5654605716263,27.22966864838783
1,All Population,1,Deaths,164,Nepal,3,Both,22,All ages,438,Prostate cancer,1,Number,2012,300.91704798293887,464.9720406603949,189.94268357208833
1,All Population,1,Deaths,164,Nepal,3,Both,22,All ages,441,Colon and rectum cancer,1,Number,2012,509.8522420083987,697.3371165671966,380.4969379931839
1,All Population,1,Deaths,164,Nepal,3,Both,22,All ages,444,Lip and oral cavity cancer,1,Number,2012,663.1260928007385,952.4044440947453,477.7716941920162
1,All Population,1,Deaths,164,Nepal,3,Both,22,All ages,447,Nasopharynx cancer,1,Number,2012,144.94593564591727,190.21970602830007,107.40153997663798
1,All Population,1,Deaths,164,Nepal,3,Both,22,All ages,450,Other pharynx cancer,1,Number,2012,404.1791935217846,571.8597206966028,278.5066024491688
1,All Population,1,Deaths,164,Nepal,3,Both,22,All ages,453,Gallbladder and biliary tract cancer,1,Number,2012,290.6689441002897,387.63389071968857,204.72490768577518
1,All Population,1,Deaths,164,Nepal,3,Both,22,All ages,456,Pancreatic cancer,1,Number,2012,164.26530443249803,223.50533873221653,121.50007785468568
1,All Population,1,Deaths,164,Nepal,3,Both,22,All ages,459,Malignant skin melanoma,1,Number,2012,13.601710570836456,22.546121062940305,8.12250524038407
1,All Population,1,Deaths,164,Nepal,3,Both,22,All ages,465,Ovarian cancer,1,Number,2012,272.264420180879,523.0485913905851,161.19019316279653
1,All Population,1,Deaths,164,Nepal,3,Both,22,All ages,592,Chronic kidney disease due to glomerulonephritis,1,Number,2012,279.0549855194612,414.7261773617198,173.201831183244
1,All Population,1,Deaths,164,Nepal,3,Both,22,All ages,593,Chronic kidney disease due to other and unspecified causes,1,Number,2012,846.4430756978049,1202.2843360920674,543.2976963413834
1,All Population,1,Deaths,164,Nepal,3,Both,22,All ages,595,Urinary tract infections and interstitial nephritis,1,Number,2012,392.6388232737216,560.5450799803804,270.146939275294
1,All Population,1,Deaths,164,Nepal,3,Both,22,All ages,693,Motor vehicle road injuries,1,Number,2014,683.7336544147374,1064.8427597802688,362.2553659141438
1,All Population,1,Deaths,164,Nepal,3,Both,22,All ages,694,Other road injuries,1,Number,2014,16.1889082313113,45.95781859544501,4.802593869271444
1,All Population,1,Deaths,164,Nepal,3,Both,22,All ages,695,Other transport injuries,1,Number,2014,292.72943275403554,441.17665526244053,196.39954996464306
1,All Population,1,Deaths,164,Nepal,3,Both,22,All ages,995,Maternal abortion and miscarriage,1,Number,2014,45.02505422862485,72.85593469686555,25.72416481692887
1,All Population,1,Deaths,164,Nepal,3,Both,22,All ages,996,Liver cancer due to NASH,1,Number,2014,26.73991214309307,43.48815603749797,15.601635218341812
1,All Population,1,Deaths,164,Nepal,3,Both,22,All ages,997,Chronic kidney disease due to diabetes mellitus type 1,1,Number,2014,144.74931610361324,228.08687434600995,85.7564801657522
1,All Population,1,Deaths,164,Nepal,3,Both,22,All ages,998,Chronic kidney disease due to diabetes mellitus type 2,1,Number,2014,450.23525186822275,662.3507503435073,280.4779466567047
1,All Population,1,Deaths,164,Nepal,3,Both,22,All ages,1004,Pulmonary Arterial Hypertension,1,Number,2014,81.23503010283719,135.2442935573625,43.269426788707065
1,All Population,1,Deaths,164,Nepal,3,Both,22,All ages,1005,Hepatoblastoma,1,Number,2014,3.4029346348917557,5.253097594648304,2.0315970782391775
1,All Population,1,Deaths,164,Nepal,3,Both,22,All ages,1006,Burkitt lymphoma,1,Number,2014,8.576660119045842,15.52761558965111,4.141527721220905
1,All Population,1,Deaths,164,Nepal,3,Both,22,All ages,1007,Other non-Hodgkin lymphoma,1,Number,2014,381.9051720010844,523.9496596586423,280.93338809692
1,All Population,1,Deaths,164,Nepal,3,Both,22,All ages,1009,Retinoblastoma,1,Number,2014,15.100069553528707,38.27067550249965,4.311498466555358
1,All Population,1,Deaths,164,Nepal,3,Both,22,All ages,1010,Other eye cancers,1,Number,2014,6.074915572539297,13.585174686075664,2.751399078436529
1,All Population,1,Deaths,164,Nepal,3,Both,22,All ages,1011,Soft tissue and other extraosseous sarcomas,1,Number,2014,113.8376078110041,220.15430038047788,65.68515768952118
1,All Population,1,Deaths,164,Nepal,3,Both,22,All ages,1012,Malignant neoplasm of bone and articular cartilage,1,Number,2014,195.09778250480113,324.548182647394,114.24623825193117
1,All Population,1,Deaths,164,Nepal,3,Both,22,All ages,1013,Neuroblastoma and other peripheral nervous cell tumors,1,Number,2014,9.90830338956735,14.60279435590258,6.161837687172982
1,All Population,1,Deaths,164,Nepal,3,Both,22,All ages,300,HIV/AIDS resulting in other diseases,1,Number,2015,1153.4643204115575,1773.925894566656,678.2834305523438
1,All Population,1,Deaths,164,Nepal,3,Both,22,All ages,468,Testicular cancer,1,Number,2015,22.483948323973557,36.58434114976858,12.715742049116177
1,All Population,1,Deaths,164,Nepal,3,Both,22,All ages,471,Kidney cancer,1,Number,2015,111.80333057299141,185.57843947242526,69.43825330268328
1,All Population,1,Deaths,164,Nepal,3,Both,22,All ages,474,Bladder cancer,1,Number,2015,138.949464593294,222.67002629238496,86.39899462091415
1,All Population,1,Deaths,164,Nepal,3,Both,22,All ages,477,Brain and central nervous system cancer,1,Number,2015,327.99703683569265,440.6139904027115,241.42969732925047
1,All Population,1,Deaths,164,Nepal,3,Both,22,All ages,480,Thyroid cancer,1,Number,2015,97.22101367977372,129.20297128750926,68.97279898595202
1,All Population,1,Deaths,164,Nepal,3,Both,22,All ages,596,Urolithiasis,1,Number,2013,54.49059199454874,75.1556065121458,38.611150998075715
1,All Population,1,Deaths,164,Nepal,3,Both,22,All ages,602,Other urinary diseases,1,Number,2013,402.7681026534451,533.5272163865964,284.7014924497603
1,All Population,1,Deaths,164,Nepal,3,Both,22,All ages,604,Uterine fibroids,1,Number,2013,11.627734746814026,28.051169320462986,3.614039927438849
1,All Population,1,Deaths,164,Nepal,3,Both,22,All ages,607,Endometriosis,1,Number,2013,0.13712509971073994,0.6532385785087907,0.0047064206990474035
1,All Population,1,Deaths,164,Nepal,3,Both,22,All ages,608,Genital prolapse,1,Number,2013,1.813462518194896,5.6659655222176655,0.37890379148538617
1,All Population,1,Deaths,164,Nepal,3,Both,22,All ages,612,Other gynecological diseases,1,Number,2013,21.28889671202895,43.152175566059924,8.9639660071599
1,All Population,1,Deaths,164,Nepal,3,Both,22,All ages,614,Thalassemias,1,Number,2013,68.13839374422844,104.38981353341876,46.037749959720294
1,All Population,1,Deaths,164,Nepal,3,Both,22,All ages,615,Sickle cell disorders,1,Number,2013,10.448260280281273,16.35953308088518,6.780313376336406
1,All Population,1,Deaths,164,Nepal,3,Both,22,All ages,616,G6PD deficiency,1,Number,2013,26.74400796328086,40.44758925858687,16.039197197120014
1,All Population,1,Deaths,164,Nepal,3,Both,22,All ages,618,Other hemoglobinopathies and hemolytic anemias,1,Number,2013,167.47071512687603,243.77986531317515,116.71765148119734
1,All Population,1,Deaths,164,Nepal,3,Both,22,All ages,625,"Other endocrine, metabolic, blood, and immune disorders",1,Number,2013,43.4495812472595,69.0387659252053,22.678468029713358
1,All Population,1,Deaths,164,Nepal,3,Both,22,All ages,627,Rheumatoid arthritis,1,Number,2013,108.20609377294919,183.80184895521734,46.01238565028521
1,All Population,1,Deaths,164,Nepal,3,Both,22,All ages,639,Other musculoskeletal disorders,1,Number,2013,169.05559932806707,271.60601032642245,95.67187893910865
1,All Population,1,Deaths,164,Nepal,3,Both,22,All ages,642,Neural tube defects,1,Number,2013,170.96987899879542,333.3385192448207,66.84700878279081
1,All Population,1,Deaths,164,Nepal,3,Both,22,All ages,1024,Ulcerative colitis,1,Number,2014,76.43508825753867,121.29206460123234,46.4979473734327
1,All Population,1,Deaths,164,Nepal,3,Both,22,All ages,1025,Crohn's disease,1,Number,2014,14.797623892102367,31.368369259172244,5.746326308284407
1,All Population,1,Deaths,164,Nepal,3,Both,22,All ages,1026,Total burden related to hepatitis B,1,Number,2014,2166.195331856012,3276.3869202001365,1374.8731331091262
1,All Population,1,Deaths,164,Nepal,3,Both,22,All ages,1027,Total burden related to hepatitis C,1,Number,2014,696.2476679221886,1067.8355518039687,425.82859449881806
1,All Population,1,Deaths,164,Nepal,3,Both,22,All ages,1028,Total burden related to Non-alcoholic fatty liver disease (NAFLD),1,Number,2014,147.31274592121255,221.03221753966852,85.82801072771713
1,All Population,1,Deaths,164,Nepal,3,Both,22,All ages,1029,Total cancers,1,Number,2014,11013.782679395765,12365.249589273442,9848.239435467669
1,All Population,1,Deaths,164,Nepal,3,Both,22,All ages,1032,Thyroid diseases,1,Number,2014,13.391103768376748,23.198554153785665,6.4045680743856845
1,All Population,1,Deaths,164,Nepal,3,Both,22,All ages,1048,COVID-19,1,Number,2014,0.0,0.0,0.0
1,All Population,1,Deaths,164,Nepal,3,Both,22,All ages,596,Urolithiasis,1,Number,2012,52.121772527403344,71.56168669172835,37.552875421145814
1,All Population,1,Deaths,164,Nepal,3,Both,22,All ages,602,Other urinary diseases,1,Number,2012,387.9046092098404,531.8447800748455,270.9471670244598
1,All Population,1,Deaths,164,Nepal,3,Both,22,All ages,604,Uterine fibroids,1,Number,2012,10.89480079216192,26.40358071227192,3.7225521849946066
1,All Population,1,Deaths,164,Nepal,3,Both,22,All ages,607,Endometriosis,1,Number,2012,0.12256190278340055,0.6300838027654969,0.0035549690902661308
1,All Population,1,Deaths,164,Nepal,3,Both,22,All ages,608,Genital prolapse,1,Number,2012,1.680648233056612,5.113636084709264,0.3508156277813709
1,All Population,1,Deaths,164,Nepal,3,Both,22,All ages,612,Other gynecological diseases,1,Number,2012,20.232897915997274,40.49518136120677,8.640369338376448
1,All Population,1,Deaths,164,Nepal,3,Both,22,All ages,614,Thalassemias,1,Number,2012,67.06610518352483,101.22797743729029,44.63281166063601
1,All Population,1,Deaths,164,Nepal,3,Both,22,All ages,615,Sickle cell disorders,1,Number,2012,10.259738844306073,16.382533775326948,6.634122514080021
1,All Population,1,Deaths,164,Nepal,3,Both,22,All ages,616,G6PD deficiency,1,Number,2012,26.564832874198334,41.198357532734285,16.217585276553663
1,All Population,1,Deaths,164,Nepal,3,Both,22,All ages,618,Other hemoglobinopathies and hemolytic anemias,1,Number,2012,164.90964137757504,240.80917852892838,113.08969673577357
1,All Population,1,Deaths,164,Nepal,3,Both,22,All ages,625,"Other endocrine, metabolic, blood, and immune disorders",1,Number,2012,41.27912067395506,65.87607023737411,20.886686170927714
1,All Population,1,Deaths,164,Nepal,3,Both,22,All ages,627,Rheumatoid arthritis,1,Number,2012,103.52002983491997,177.31714532443158,43.474363536566266
1,All Population,1,Deaths,164,Nepal,3,Both,22,All ages,639,Other musculoskeletal disorders,1,Number,2012,161.54280613199558,260.59464178625075,91.96932527076547
1,All Population,1,Deaths,164,Nepal,3,Both,22,All ages,642,Neural tube defects,1,Number,2012,176.20649864726838,347.9288684014853,70.81363833655028
1,All Population,1,Deaths,164,Nepal,3,Both,22,All ages,483,Mesothelioma,1,Number,2015,12.105984253076885,16.475028486951054,8.42631208692255
1,All Population,1,Deaths,164,Nepal,3,Both,22,All ages,484,Hodgkin lymphoma,1,Number,2015,103.13757665360424,179.031419476176,59.29685051513967
1,All Population,1,Deaths,164,Nepal,3,Both,22,All ages,486,Multiple myeloma,1,Number,2015,116.73611642535947,175.6993014227222,71.31121803805426
1,All Population,1,Deaths,164,Nepal,3,Both,22,All ages,489,Other malignant neoplasms,1,Number,2015,548.6195780096882,810.5353904837264,352.3027755591694
1,All Population,1,Deaths,164,Nepal,3,Both,22,All ages,492,Rheumatic heart disease,1,Number,2015,3808.3228702705214,6026.776238702978,2091.168434754327
1,All Population,1,Deaths,164,Nepal,3,Both,22,All ages,493,Ischemic heart disease,1,Number,2015,16491.079357310402,21160.779901459864,11583.535992100165
1,All Population,1,Deaths,164,Nepal,3,Both,22,All ages,495,Ischemic stroke,1,Number,2015,5978.925854180999,8870.680884998252,3740.9144815774016
1,All Population,1,Deaths,164,Nepal,3,Both,22,All ages,496,Intracerebral hemorrhage,1,Number,2015,7110.080986419028,10010.255005581645,4257.522324435613
1,All Population,1,Deaths,164,Nepal,3,Both,22,All ages,497,Subarachnoid hemorrhage,1,Number,2015,589.5693804207885,1189.006981731642,277.8236232802066
1,All Population,1,Deaths,164,Nepal,3,Both,22,All ages,498,Hypertensive heart disease,1,Number,2015,2480.6174352970716,3870.1393641394443,1549.3994768964722
1,All Population,1,Deaths,164,Nepal,3,Both,22,All ages,500,Atrial fibrillation and flutter,1,Number,2015,362.13743783191813,524.9218084881949,258.0283320733477
1,All Population,1,Deaths,164,Nepal,3,Both,22,All ages,501,Aortic aneurysm,1,Number,2015,118.90032327607602,233.04261045612665,69.86203988919071
1,All Population,1,Deaths,164,Nepal,3,Both,22,All ages,502,Lower extremity peripheral arterial disease,1,Number,2015,38.29407087373062,60.34284685348055,21.82960392963193
1,All Population,1,Deaths,164,Nepal,3,Both,22,All ages,503,Endocarditis,1,Number,2015,125.70714795452604,211.8654689134667,73.1087412811622
1,All Population,1,Deaths,164,Nepal,3,Both,22,All ages,945,Conflict and terrorism,1,Number,2013,3.999771424466911,4.397037908915129,3.6419753942750694
1,All Population,1,Deaths,164,Nepal,3,Both,22,All ages,946,Multidrug-resistant tuberculosis without extensive drug resistance,1,Number,2013,572.6007415928391,1182.4077533548452,218.67036689808555
1,All Population,1,Deaths,164,Nepal,3,Both,22,All ages,947,Extensively drug-resistant tuberculosis,1,Number,2013,19.676326295820108,42.17020563166141,7.119911487314972
1,All Population,1,Deaths,164,Nepal,3,Both,22,All ages,948,HIV/AIDS - Drug-susceptible Tuberculosis,1,Number,2013,330.4452968533921,527.4803886668078,188.19862995936262
1,All Population,1,Deaths,164,Nepal,3,Both,22,All ages,949,HIV/AIDS - Multidrug-resistant Tuberculosis without extensive drug resistance,1,Number,2013,37.823348474857696,87.6482357115288,12.237490365465167
1,All Population,1,Deaths,164,Nepal,3,Both,22,All ages,950,HIV/AIDS - Extensively drug-resistant Tuberculosis,1,Number,2013,1.2979877749487942,3.1377514430687174,0.4415098798417351
1,All Population,1,Deaths,164,Nepal,3,Both,22,All ages,959,Invasive Non-typhoidal Salmonella (iNTS),1,Number,2013,94.75344823690291,129.92090722721844,64.26527968716552
1,All Population,1,Deaths,164,Nepal,3,Both,22,All ages,964,"Myelodysplastic, myeloproliferative, and other hematopoietic neoplasms",1,Number,2013,14.492773618624827,26.605386110111255,6.216544042614704
1,All Population,1,Deaths,164,Nepal,3,Both,22,All ages,968,Non-rheumatic calcific aortic valve disease,1,Number,2013,94.45881183189479,139.66055804911406,55.83636063212341
1,All Population,1,Deaths,164,Nepal,3,Both,22,All ages,969,Non-rheumatic degenerative mitral valve disease,1,Number,2013,54.12411149846377,93.47215951844377,29.241809634658406
1,All Population,1,Deaths,164,Nepal,3,Both,22,All ages,970,Other non-rheumatic valve diseases,1,Number,2013,1.4599091861952223,2.817995768685444,0.5782394770366813
1,All Population,1,Deaths,164,Nepal,3,Both,22,All ages,971,Nonalcoholic fatty liver disease including cirrhosis,1,Number,2013,115.52816820660962,182.77380780896868,59.558895961373636
1,All Population,1,Deaths,164,Nepal,3,Both,22,All ages,945,Conflict and terrorism,1,Number,2012,10.999371417284012,12.091854249516603,10.01543233425644
1,All Population,1,Deaths,164,Nepal,3,Both,22,All ages,946,Multidrug-resistant tuberculosis without extensive drug resistance,1,Number,2012,569.0035443575541,1081.6066398081102,228.56700647913047
1,All Population,1,Deaths,164,Nepal,3,Both,22,All ages,947,Extensively drug-resistant tuberculosis,1,Number,2012,18.59921494586437,38.897147772735494,7.070375393977593
1,All Population,1,Deaths,164,Nepal,3,Both,22,All ages,948,HIV/AIDS - Drug-susceptible Tuberculosis,1,Number,2012,351.3089132366187,549.6108623885282,197.89110017833693
1,All Population,1,Deaths,164,Nepal,3,Both,22,All ages,949,HIV/AIDS - Multidrug-resistant Tuberculosis without extensive drug resistance,1,Number,2012,39.090137791018904,85.86259750042835,14.090432390253916
1,All Population,1,Deaths,164,Nepal,3,Both,22,All ages,950,HIV/AIDS - Extensively drug-resistant Tuberculosis,1,Number,2012,1.2758087307470256,2.8631676512930087,0.41992294139167496
1,All Population,1,Deaths,164,Nepal,3,Both,22,All ages,959,Invasive Non-typhoidal Salmonella (iNTS),1,Number,2012,90.28533787681518,123.09365690384753,60.70923654978945
1,All Population,1,Deaths,164,Nepal,3,Both,22,All ages,964,"Myelodysplastic, myeloproliferative, and other hematopoietic neoplasms",1,Number,2012,13.55246603327221,24.103926549119482,5.570454342355088
1,All Population,1,Deaths,164,Nepal,3,Both,22,All ages,968,Non-rheumatic calcific aortic valve disease,1,Number,2012,91.15860454448521,135.1431593982919,53.28350432291211
1,All Population,1,Deaths,164,Nepal,3,Both,22,All ages,969,Non-rheumatic degenerative mitral valve disease,1,Number,2012,52.66629406093,88.77622349782436,29.691905248521426
1,All Population,1,Deaths,164,Nepal,3,Both,22,All ages,970,Other non-rheumatic valve diseases,1,Number,2012,1.3946889954484885,2.753122697662515,0.5207109167692057
1,All Population,1,Deaths,164,Nepal,3,Both,22,All ages,971,Nonalcoholic fatty liver disease including cirrhosis,1,Number,2012,109.61130577775579,173.07749086535532,55.36110450336038
1,All Population,1,Deaths,164,Nepal,3,Both,22,All ages,975,Diabetes mellitus type 1,1,Number,2012,231.2636189393631,349.11517322397015,141.5363125439721
1,All Population,1,Deaths,164,Nepal,3,Both,22,All ages,976,Diabetes mellitus type 2,1,Number,2012,4810.554620836039,6437.941019829531,3451.0365211900767
1,All Population,1,Deaths,164,Nepal,3,Both,22,All ages,975,Diabetes mellitus type 1,1,Number,2013,235.78887312038088,368.8007699933996,144.6246191112325
1,All Population,1,Deaths,164,Nepal,3,Both,22,All ages,976,Diabetes mellitus type 2,1,Number,2013,5085.164209499094,6849.643339003515,3687.4320195032165
1,All Population,1,Deaths,164,Nepal,3,Both,22,All ages,353,Cystic echinococcosis,1,Number,2013,26.90704750599595,35.273160423070976,19.8929557444717
1,All Population,1,Deaths,164,Nepal,3,Both,22,All ages,357,Dengue,1,Number,2013,387.6330994765793,924.3678139109363,117.95318739785823
1,All Population,1,Deaths,164,Nepal,3,Both,22,All ages,358,Yellow fever,1,Number,2013,0.0,0.0,0.0
1,All Population,1,Deaths,164,Nepal,3,Both,22,All ages,359,Rabies,1,Number,2013,399.48556238420593,787.6036894212872,151.05981586144927
1,All Population,1,Deaths,164,Nepal,3,Both,22,All ages,361,Ascariasis,1,Number,2013,2.9854142598190343,4.727919940473903,1.411936862344955
1,All Population,1,Deaths,164,Nepal,3,Both,22,All ages,365,Other neglected tropical diseases,1,Number,2013,38.55320687524699,70.3390297610887,19.036220434788262
1,All Population,1,Deaths,164,Nepal,3,Both,22,All ages,302,Diarrheal diseases,1,Number,2014,4310.914975403499,6782.612377183262,2575.108176232189
1,All Population,1,Deaths,164,Nepal,3,Both,22,All ages,319,Typhoid fever,1,Number,2014,1332.8013939534703,2181.9879803013273,736.9337652588235
1,All Population,1,Deaths,164,Nepal,3,Both,22,All ages,320,Paratyphoid fever,1,Number,2014,289.2300970138492,550.4800029129888,134.39827812984305
1,All Population,1,Deaths,164,Nepal,3,Both,22,All ages,321,Other intestinal infectious diseases,1,Number,2014,3.190477762034469,4.872144296706182,2.039330956819767
1,All Population,1,Deaths,164,Nepal,3,Both,22,All ages,322,Lower respiratory infections,1,Number,2014,9316.00246805888,12079.630651870093,6868.172700998849
1,All Population,1,Deaths,164,Nepal,3,Both,22,All ages,328,Upper respiratory infections,1,Number,2014,65.68277661463316,179.09182355168977,3.3780541721657054
1,All Population,1,Deaths,164,Nepal,3,Both,22,All ages,329,Otitis media,1,Number,2014,3.684156436222187,11.069618521832663,1.007146291527814
1,All Population,1,Deaths,164,Nepal,3,Both,22,All ages,643,Congenital heart anomalies,1,Number,2015,1071.6670463993114,1544.6624351531464,701.4140788706428
1,All Population,1,Deaths,164,Nepal,3,Both,22,All ages,644,Orofacial clefts,1,Number,2015,14.976259161621623,47.196228451799044,2.521005044344475
1,All Population,1,Deaths,164,Nepal,3,Both,22,All ages,645,Down syndrome,1,Number,2015,41.40838110212129,71.77180357389075,18.027255527733544
1,All Population,1,Deaths,164,Nepal,3,Both,22,All ages,648,Other chromosomal abnormalities,1,Number,2015,36.30519480537293,64.67958493857552,15.335867356358138
1,All Population,1,Deaths,164,Nepal,3,Both,22,All ages,649,Congenital musculoskeletal and limb anomalies,1,Number,2015,28.31514345938772,53.06381180985589,13.26617246653509
1,All Population,1,Deaths,164,Nepal,3,Both,22,All ages,650,Urogenital congenital anomalies,1,Number,2015,37.76984963786259,88.38861798797213,13.177161410140233
1,All Population,1,Deaths,164,Nepal,3,Both,22,All ages,651,Digestive congenital anomalies,1,Number,2015,201.87294680927994,392.46131047383443,87.98182781899978
1,All Population,1,Deaths,164,Nepal,3,Both,22,All ages,652,Other congenital birth defects,1,Number,2015,2.6320589226661757,8.380092575452492,0.5823497116945068
1,All Population,1,Deaths,164,Nepal,3,Both,22,All ages,656,Cellulitis,1,Number,2015,0.46671073843126226,1.0794477280116774,0.1407453052702668
1,All Population,1,Deaths,164,Nepal,3,Both,22,All ages,657,Pyoderma,1,Number,2015,1.1374530584613418,2.0742371459572753,0.5359119388352648
1,All Population,1,Deaths,164,Nepal,3,Both,22,All ages,665,Decubitus ulcer,1,Number,2015,1.9197022461553854,3.128651508593264,1.0921597047908242
1,All Population,1,Deaths,164,Nepal,3,Both,22,All ages,668,Other skin and subcutaneous diseases,1,Number,2015,1.4505991736172816,2.470859999029616,0.7218172521682158
1,All Population,1,Deaths,164,Nepal,3,Both,22,All ages,686,Sudden infant death syndrome,1,Number,2015,123.60484002245688,204.35915423357181,68.35795723694834
1,All Population,1,Deaths,164,Nepal,3,Both,22,All ages,690,Pedestrian road injuries,1,Number,2015,885.0268174789555,1360.438464043088,546.621203121183
1,All Population,1,Deaths,164,Nepal,3,Both,22,All ages,691,Cyclist road injuries,1,Number,2015,124.12395784599902,253.94026047738097,60.132794868502025
1,All Population,1,Deaths,164,Nepal,3,Both,22,All ages,692,Motorcyclist road injuries,1,Number,2015,723.3544433370198,1138.0623055828207,428.4745210780996
1,All Population,1,Deaths,164,Nepal,3,Both,22,All ages,332,Meningitis,1,Number,2014,1080.9297081394307,1535.1349184644664,743.4864533960432
1,All Population,1,Deaths,164,Nepal,3,Both,22,All ages,337,Encephalitis,1,Number,2014,499.24403606215367,1019.9190482752659,178.21171685353755
1,All Population,1,Deaths,164,Nepal,3,Both,22,All ages,338,Diphtheria,1,Number,2014,6.691119639421824,11.221985872211354,3.9685741804053016
1,All Population,1,Deaths,164,Nepal,3,Both,22,All ages,339,Pertussis,1,Number,2014,492.7325940541623,1440.2025461913709,49.71544797585096
1,All Population,1,Deaths,164,Nepal,3,Both,22,All ages,340,Tetanus,1,Number,2014,407.650754356952,664.5995166248579,202.62359315754284
1,All Population,1,Deaths,164,Nepal,3,Both,22,All ages,341,Measles,1,Number,2014,421.5672982949798,851.6411480058944,161.90687424954297
1,All Population,1,Deaths,164,Nepal,3,Both,22,All ages,342,Varicella and herpes zoster,1,Number,2014,75.4729555812257,98.18429791526346,56.5833884848794
1,All Population,1,Deaths,164,Nepal,3,Both,22,All ages,345,Malaria,1,Number,2014,7.876235284194715,15.290491548646578,3.4395316099967888
1,All Population,1,Deaths,164,Nepal,3,Both,22,All ages,346,Chagas disease,1,Number,2014,0.0,0.0,0.0
1,All Population,1,Deaths,164,Nepal,3,Both,22,All ages,348,Visceral leishmaniasis,1,Number,2014,45.05704306999682,145.58037529182783,0.011264787932088662
1,All Population,1,Deaths,164,Nepal,3,Both,22,All ages,350,African trypanosomiasis,1,Number,2014,0.0,0.0,0.0
1,All Population,1,Deaths,164,Nepal,3,Both,22,All ages,351,Schistosomiasis,1,Number,2014,0.0,0.0,0.0
1,All Population,1,Deaths,164,Nepal,3,Both,22,All ages,352,Cysticercosis,1,Number,2014,1.6003211318480546,2.452154840608045,0.8101551307055601
1,All Population,1,Deaths,164,Nepal,3,Both,22,All ages,507,Other cardiovascular and circulatory diseases,1,Number,2014,474.79076588779736,696.1955628576394,286.20975133194503
1,All Population,1,Deaths,164,Nepal,3,Both,22,All ages,509,Chronic obstructive pulmonary disease,1,Number,2014,18367.80477081763,23561.370261628108,13381.531612314986
1,All Population,1,Deaths,164,Nepal,3,Both,22,All ages,511,Silicosis,1,Number,2014,7.96824449630927,20.81716810270945,2.4400692469708223
1,All Population,1,Deaths,164,Nepal,3,Both,22,All ages,512,Asbestosis,1,Number,2014,2.1482830314047536,6.761162072442571,0.398773174248495
1,All Population,1,Deaths,164,Nepal,3,Both,22,All ages,513,Coal workers pneumoconiosis,1,Number,2014,2.350509353435152,9.874094648941394,0.26268539110988937
1,All Population,1,Deaths,164,Nepal,3,Both,22,All ages,514,Other pneumoconiosis,1,Number,2014,4.950777196275588,14.205539473813904,1.1153070629306925
1,All Population,1,Deaths,164,Nepal,3,Both,22,All ages,515,Asthma,1,Number,2014,3661.3841913285783,6556.348530562097,1791.3638743209588
1,All Population,1,Deaths,164,Nepal,3,Both,22,All ages,516,Interstitial lung disease and pulmonary sarcoidosis,1,Number,2014,502.05897683066024,1307.5893344486813,249.82607318775138
1,All Population,1,Deaths,164,Nepal,3,Both,22,All ages,520,Other chronic respiratory diseases,1,Number,2014,365.47551524103375,698.1730303124972,205.23220284602493
1,All Population,1,Deaths,164,Nepal,3,Both,22,All ages,522,Chronic hepatitis B including cirrhosis,1,Number,2014,1987.0829968597832,3100.4541933913556,1202.5752001515234
1,All Population,1,Deaths,164,Nepal,3,Both,22,All ages,523,Chronic hepatitis C including cirrhosis,1,Number,2014,581.4185349700721,952.2377637914806,320.1652538105268
1,All Population,1,Deaths,164,Nepal,3,Both,22,All ages,524,Cirrhosis due to alcohol,1,Number,2014,1842.143545377735,2769.4732463797677,1066.3803162307045
1,All Population,1,Deaths,164,Nepal,3,Both,22,All ages,525,Cirrhosis due to other causes,1,Number,2014,638.3222290909589,948.6272261449029,376.7237573976878
1,All Population,1,Deaths,164,Nepal,3,Both,22,All ages,527,Peptic ulcer disease,1,Number,2014,2169.502834060842,3530.3495873462393,1362.094421102059
1,All Population,1,Deaths,164,Nepal,3,Both,22,All ages,528,Gastritis and duodenitis,1,Number,2014,175.16675348073758,343.85345875324526,79.65326911135378
1,All Population,1,Deaths,164,Nepal,3,Both,22,All ages,529,Appendicitis,1,Number,2014,307.4687660202851,588.5149618869888,119.19018783767085
1,All Population,1,Deaths,164,Nepal,3,Both,22,All ages,530,Paralytic ileus and intestinal obstruction,1,Number,2014,1026.6107976230257,1576.1644766731838,619.8760456291708
1,All Population,1,Deaths,164,Nepal,3,Both,22,All ages,531,"Inguinal, femoral, and abdominal hernia",1,Number,2014,234.92121738638608,572.5333713944841,105.9603579020787
1,All Population,1,Deaths,164,Nepal,3,Both,22,All ages,693,Motor vehicle road injuries,1,Number,2015,691.3471945298082,1077.0596967374224,364.73498979650327
1,All Population,1,Deaths,164,Nepal,3,Both,22,All ages,694,Other road injuries,1,Number,2015,16.522482168847713,46.92966088131488,4.989995623200893
1,All Population,1,Deaths,164,Nepal,3,Both,22,All ages,695,Other transport injuries,1,Number,2015,220.93569231088813,367.5866184981803,125.9628243723025
1,All Population,1,Deaths,164,Nepal,3,Both,22,All ages,995,Maternal abortion and miscarriage,1,Number,2015,36.51104883783396,58.9980519874405,20.866098428224163
1,All Population,1,Deaths,164,Nepal,3,Both,22,All ages,996,Liver cancer due to NASH,1,Number,2015,27.840889662337418,44.39926008344792,16.036537545593724
1,All Population,1,Deaths,164,Nepal,3,Both,22,All ages,997,Chronic kidney disease due to diabetes mellitus type 1,1,Number,2015,147.54903313519347,232.91125246118142,86.47957965047394
1,All Population,1,Deaths,164,Nepal,3,Both,22,All ages,998,Chronic kidney disease due to diabetes mellitus type 2,1,Number,2015,460.23895626786486,675.5904881260395,291.04321444774075
1,All Population,1,Deaths,164,Nepal,3,Both,22,All ages,1004,Pulmonary Arterial Hypertension,1,Number,2015,80.05484611804565,136.79852215430614,43.297131983820925
1,All Population,1,Deaths,164,Nepal,3,Both,22,All ages,1005,Hepatoblastoma,1,Number,2015,3.2193878014451487,4.819594743681961,1.971332650972391
1,All Population,1,Deaths,164,Nepal,3,Both,22,All ages,1006,Burkitt lymphoma,1,Number,2015,8.548348846991274,15.591978985026682,4.16110476347782
1,All Population,1,Deaths,164,Nepal,3,Both,22,All ages,1007,Other non-Hodgkin lymphoma,1,Number,2015,394.0642601706436,529.096721868388,288.2055261575745
1,All Population,1,Deaths,164,Nepal,3,Both,22,All ages,1009,Retinoblastoma,1,Number,2015,14.190126996836618,38.05981799238551,4.014869667272649
1,All Population,1,Deaths,164,Nepal,3,Both,22,All ages,1010,Other eye cancers,1,Number,2015,6.204530223704939,13.794211736768366,2.8960138600306258
1,All Population,1,Deaths,164,Nepal,3,Both,22,All ages,1011,Soft tissue and other extraosseous sarcomas,1,Number,2015,116.69928292749016,224.240148908676,66.54808838139662
1,All Population,1,Deaths,164,Nepal,3,Both,22,All ages,1012,Malignant neoplasm of bone and articular cartilage,1,Number,2015,199.39433848430696,324.0549056736774,116.67698174786042
1,All Population,1,Deaths,164,Nepal,3,Both,22,All ages,1013,Neuroblastoma and other peripheral nervous cell tumors,1,Number,2015,9.913860147688721,14.631907761418384,6.2245755284246576
1,All Population,1,Deaths,164,Nepal,3,Both,22,All ages,353,Cystic echinococcosis,1,Number,2012,26.44345015850317,33.417053658893806,19.284867557143816
1,All Population,1,Deaths,164,Nepal,3,Both,22,All ages,357,Dengue,1,Number,2012,363.81703570311805,884.9022105303561,117.76164716028174
1,All Population,1,Deaths,164,Nepal,3,Both,22,All ages,358,Yellow fever,1,Number,2012,0.0,0.0,0.0
1,All Population,1,Deaths,164,Nepal,3,Both,22,All ages,359,Rabies,1,Number,2012,406.20019175702373,795.9362667927759,150.11144768303342
1,All Population,1,Deaths,164,Nepal,3,Both,22,All ages,361,Ascariasis,1,Number,2012,2.855456266051513,4.587467676177963,1.3271799527523722
1,All Population,1,Deaths,164,Nepal,3,Both,22,All ages,365,Other neglected tropical diseases,1,Number,2012,37.77612409121476,68.05882724224163,17.904867969827762
1,All Population,1,Deaths,164,Nepal,3,Both,22,All ages,367,Maternal hemorrhage,1,Number,2013,282.096951794312,399.894352587378,180.97808802304309
1,All Population,1,Deaths,164,Nepal,3,Both,22,All ages,368,Maternal sepsis and other maternal infections,1,Number,2013,38.733874704062714,59.189077875087015,23.789815746073174
1,All Population,1,Deaths,164,Nepal,3,Both,22,All ages,369,Maternal hypertensive disorders,1,Number,2013,115.09971003899238,165.5710350743712,73.93741472153822
1,All Population,1,Deaths,164,Nepal,3,Both,22,All ages,370,Maternal obstructed labor and uterine rupture,1,Number,2013,47.20697210665614,83.61320952356768,25.590390806891975
1,All Population,1,Deaths,164,Nepal,3,Both,22,All ages,374,Ectopic pregnancy,1,Number,2013,0.32728392594152617,0.5082249031396965,0.20223589328841077
1,All Population,1,Deaths,164,Nepal,3,Both,22,All ages,375,Indirect maternal deaths,1,Number,2013,153.1140549796508,231.60945673232177,98.83071662077646
1,All Population,1,Deaths,164,Nepal,3,Both,22,All ages,376,Late maternal deaths,1,Number,2013,17.967011350973177,25.36187353810112,11.92198090023895
1,All Population,1,Deaths,164,Nepal,3,Both,22,All ages,381,Neonatal preterm birth,1,Number,2013,3899.629903853347,4992.622909411269,3007.2067579764703
1,All Population,1,Deaths,164,Nepal,3,Both,22,All ages,382,Neonatal encephalopathy due to birth asphyxia and trauma,1,Number,2013,4577.33934726547,5725.934477885067,3717.4618611332826
1,All Population,1,Deaths,164,Nepal,3,Both,22,All ages,383,Neonatal sepsis and other neonatal infections,1,Number,2013,1938.6501246057248,3223.8379249373284,979.4249447373942
1,All Population,1,Deaths,164,Nepal,3,Both,22,All ages,384,Hemolytic disease and other neonatal jaundice,1,Number,2013,822.9315540578183,1460.2815468002625,425.79058997622474
1,All Population,1,Deaths,164,Nepal,3,Both,22,All ages,385,Other neonatal disorders,1,Number,2013,1198.2751900940839,1858.2076900894863,735.0309584968287
1,All Population,1,Deaths,164,Nepal,3,Both,22,All ages,387,Protein-energy malnutrition,1,Number,2013,1362.236809546097,1718.889986772306,1042.2621829150653
1,All Population,1,Deaths,164,Nepal,3,Both,22,All ages,391,Other nutritional deficiencies,1,Number,2013,409.9678679765568,596.2079089726567,257.1976358096966
1,All Population,1,Deaths,164,Nepal,3,Both,22,All ages,394,Syphilis,1,Number,2013,350.85176721979985,725.7399295780667,131.1911966414502
1,All Population,1,Deaths,164,Nepal,3,Both,22,All ages,395,Chlamydial infection,1,Number,2013,6.311093155199667,14.274744104183279,1.969747381892606
1,All Population,1,Deaths,164,Nepal,3,Both,22,All ages,396,Gonococcal infection,1,Number,2013,2.0833238257863345,4.407472243966577,0.7373100006677779
1,All Population,1,Deaths,164,Nepal,3,Both,22,All ages,399,Other sexually transmitted infections,1,Number,2013,19.418277446931093,43.91385889817327,6.300945288243359
1,All Population,1,Deaths,164,Nepal,3,Both,22,All ages,401,Acute hepatitis A,1,Number,2013,803.0184105247614,1428.4155135338444,411.8716412600334
1,All Population,1,Deaths,164,Nepal,3,Both,22,All ages,533,Vascular intestinal disorders,1,Number,2013,143.113269519893,230.4702512589292,81.25818427903796
1,All Population,1,Deaths,164,Nepal,3,Both,22,All ages,534,Gallbladder and biliary diseases,1,Number,2013,106.32382234116565,174.57973327014867,61.917997200965985
1,All Population,1,Deaths,164,Nepal,3,Both,22,All ages,535,Pancreatitis,1,Number,2013,506.6392776275142,835.0796561957151,306.13142008402923
1,All Population,1,Deaths,164,Nepal,3,Both,22,All ages,697,Falls,1,Number,2014,2416.796701993219,3137.131418796545,1730.16759879614
1,All Population,1,Deaths,164,Nepal,3,Both,22,All ages,698,Drowning,1,Number,2014,1880.3936646571942,2658.6795960904433,1241.7936621610436
1,All Population,1,Deaths,164,Nepal,3,Both,22,All ages,699,"Fire, heat, and hot substances",1,Number,2014,564.6891415553189,874.5438586193532,344.0382709689957
1,All Population,1,Deaths,164,Nepal,3,Both,22,All ages,701,Poisoning by carbon monoxide,1,Number,2014,283.40654837080797,572.7620726384043,115.94048643838754
1,All Population,1,Deaths,164,Nepal,3,Both,22,All ages,703,Poisoning by other means,1,Number,2014,696.7823411024666,1186.52348022235,366.96609712096495
1,All Population,1,Deaths,164,Nepal,3,Both,22,All ages,705,Unintentional firearm injuries,1,Number,2014,3.171073852258952,10.51909709652322,0.5061698726265371
1,All Population,1,Deaths,164,Nepal,3,Both,22,All ages,707,Other exposure to mechanical forces,1,Number,2014,282.76584602561263,476.8644272023108,159.73693259702102
1,All Population,1,Deaths,164,Nepal,3,Both,22,All ages,708,Adverse effects of medical treatment,1,Number,2014,722.1275250632659,983.173582936363,522.2794889329033
1,All Population,1,Deaths,164,Nepal,3,Both,22,All ages,710,Venomous animal contact,1,Number,2014,669.8941769505366,1024.6552905471988,427.97570956762974
1,All Population,1,Deaths,164,Nepal,3,Both,22,All ages,711,Non-venomous animal contact,1,Number,2014,20.11631997798363,54.74183669318604,5.125435685985221
1,All Population,1,Deaths,164,Nepal,3,Both,22,All ages,713,Pulmonary aspiration and foreign body in airway,1,Number,2014,43.26202668179474,85.84517387584425,9.192763990202383
1,All Population,1,Deaths,164,Nepal,3,Both,22,All ages,715,Foreign body in other body part,1,Number,2014,2.9928638764065782,7.690270313863789,0.4547397841048837
1,All Population,1,Deaths,164,Nepal,3,Both,22,All ages,716,Other unintentional injuries,1,Number,2014,92.21281135036949,183.39154432366766,49.25605821040409
1,All Population,1,Deaths,164,Nepal,3,Both,22,All ages,1024,Ulcerative colitis,1,Number,2015,79.39606651883912,127.22637744982305,47.59995835078013
1,All Population,1,Deaths,164,Nepal,3,Both,22,All ages,1025,Crohn's disease,1,Number,2015,15.286640266801138,31.819086242397585,6.408877111365959
1,All Population,1,Deaths,164,Nepal,3,Both,22,All ages,1026,Total burden related to hepatitis B,1,Number,2015,2205.0138471546297,3194.8200877111217,1379.5352339465965
1,All Population,1,Deaths,164,Nepal,3,Both,22,All ages,1027,Total burden related to hepatitis C,1,Number,2015,711.0736909748478,1123.8303907425407,434.49821394635
1,All Population,1,Deaths,164,Nepal,3,Both,22,All ages,1028,Total burden related to Non-alcoholic fatty liver disease (NAFLD),1,Number,2015,154.09623722686558,233.40948828952844,92.2411528049371
1,All Population,1,Deaths,164,Nepal,3,Both,22,All ages,1029,Total cancers,1,Number,2015,11252.015234095268,12657.808687194152,10065.024072739034
1,All Population,1,Deaths,164,Nepal,3,Both,22,All ages,1032,Thyroid diseases,1,Number,2015,13.624811279084343,22.748505887322413,6.425437422411227
1,All Population,1,Deaths,164,Nepal,3,Both,22,All ages,1048,COVID-19,1,Number,2015,0.0,0.0,0.0
1,All Population,1,Deaths,164,Nepal,3,Both,22,All ages,367,Maternal hemorrhage,1,Number,2012,413.91602433261073,568.1608927013103,279.28535643143715
1,All Population,1,Deaths,164,Nepal,3,Both,22,All ages,368,Maternal sepsis and other maternal infections,1,Number,2012,52.05259653053336,79.34252926052008,31.199060957612545
1,All Population,1,Deaths,164,Nepal,3,Both,22,All ages,369,Maternal hypertensive disorders,1,Number,2012,163.14321197706388,231.8693899535168,103.78765692104535
1,All Population,1,Deaths,164,Nepal,3,Both,22,All ages,370,Maternal obstructed labor and uterine rupture,1,Number,2012,62.614563857992344,106.90900294499566,33.247263900167056
1,All Population,1,Deaths,164,Nepal,3,Both,22,All ages,374,Ectopic pregnancy,1,Number,2012,0.4094967023484786,0.6278771316343843,0.2538027468572382
1,All Population,1,Deaths,164,Nepal,3,Both,22,All ages,375,Indirect maternal deaths,1,Number,2012,11.556033805199455,17.997874007538687,6.881711729862282
1,All Population,1,Deaths,164,Nepal,3,Both,22,All ages,376,Late maternal deaths,1,Number,2012,20.28466181484582,28.19397771849245,13.237739929337298
1,All Population,1,Deaths,164,Nepal,3,Both,22,All ages,381,Neonatal preterm birth,1,Number,2012,3833.0717638591414,4897.82689347038,2896.3561621879085
1,All Population,1,Deaths,164,Nepal,3,Both,22,All ages,382,Neonatal encephalopathy due to birth asphyxia and trauma,1,Number,2012,4821.539135311094,6046.92706204769,3859.945224467916
1,All Population,1,Deaths,164,Nepal,3,Both,22,All ages,383,Neonatal sepsis and other neonatal infections,1,Number,2012,2004.1002514566337,3342.4865564077436,995.6413384131824
1,All Population,1,Deaths,164,Nepal,3,Both,22,All ages,384,Hemolytic disease and other neonatal jaundice,1,Number,2012,873.0989066957545,1525.4310450314647,431.05426516837497
1,All Population,1,Deaths,164,Nepal,3,Both,22,All ages,385,Other neonatal disorders,1,Number,2012,1298.596376411875,2016.9124164284028,787.6492768532378
1,All Population,1,Deaths,164,Nepal,3,Both,22,All ages,387,Protein-energy malnutrition,1,Number,2012,1350.6724437029086,1684.0707624065114,1036.833461441247
1,All Population,1,Deaths,164,Nepal,3,Both,22,All ages,391,Other nutritional deficiencies,1,Number,2012,404.6923730558947,566.8970672524935,247.18039139039988
1,All Population,1,Deaths,164,Nepal,3,Both,22,All ages,394,Syphilis,1,Number,2012,362.0661260782324,745.2027021688557,135.08359677142926
1,All Population,1,Deaths,164,Nepal,3,Both,22,All ages,395,Chlamydial infection,1,Number,2012,6.293695481199901,14.19125122976231,1.925522576550457
1,All Population,1,Deaths,164,Nepal,3,Both,22,All ages,396,Gonococcal infection,1,Number,2012,2.0828218093608806,4.3246663852857266,0.7382757369489584
1,All Population,1,Deaths,164,Nepal,3,Both,22,All ages,399,Other sexually transmitted infections,1,Number,2012,19.344133970026363,43.39729241382603,6.128590061926555
1,All Population,1,Deaths,164,Nepal,3,Both,22,All ages,401,Acute hepatitis A,1,Number,2012,801.5329508548804,1468.5819847373602,425.47791913725433
1,All Population,1,Deaths,164,Nepal,3,Both,22,All ages,533,Vascular intestinal disorders,1,Number,2012,139.0228229938393,230.5682660254114,76.49321516835106
1,All Population,1,Deaths,164,Nepal,3,Both,22,All ages,534,Gallbladder and biliary diseases,1,Number,2012,102.09302146918236,166.23020349047303,57.70253799212237
1,All Population,1,Deaths,164,Nepal,3,Both,22,All ages,535,Pancreatitis,1,Number,2012,493.034484520631,806.6501262245125,297.2058726876739
1,All Population,1,Deaths,164,Nepal,3,Both,22,All ages,543,Alzheimer's disease and other dementias,1,Number,2013,1619.8822654749558,4157.580489900093,387.8874535440875
1,All Population,1,Deaths,164,Nepal,3,Both,22,All ages,544,Parkinson's disease,1,Number,2013,455.92397648649285,568.5502104937866,362.6866239984532
1,All Population,1,Deaths,164,Nepal,3,Both,22,All ages,545,Idiopathic epilepsy,1,Number,2013,941.5513987521556,1291.998572775854,696.1193502385433
1,All Population,1,Deaths,164,Nepal,3,Both,22,All ages,546,Multiple sclerosis,1,Number,2013,3.628358301118161,7.865757449222116,1.4513561752445914
1,All Population,1,Deaths,164,Nepal,3,Both,22,All ages,554,Motor neuron disease,1,Number,2013,5.057071655018342,12.013146210471108,1.911783561145047
1,All Population,1,Deaths,164,Nepal,3,Both,22,All ages,557,Other neurological disorders,1,Number,2013,14.800683424722516,24.90379262343099,7.615107588093803
1,All Population,1,Deaths,164,Nepal,3,Both,22,All ages,560,Alcohol use disorders,1,Number,2013,188.3713611628331,318.9955664556225,99.95309113271317
1,All Population,1,Deaths,164,Nepal,3,Both,22,All ages,562,Opioid use disorders,1,Number,2013,40.55201038739167,71.87383556620945,23.310428485730277
1,All Population,1,Deaths,164,Nepal,3,Both,22,All ages,563,Cocaine use disorders,1,Number,2013,7.1273123322363725,14.212990476319597,2.5179301002343393
1,All Population,1,Deaths,164,Nepal,3,Both,22,All ages,564,Amphetamine use disorders,1,Number,2013,1.362807468919586,3.676262414631789,0.3864336045950842
1,All Population,1,Deaths,164,Nepal,3,Both,22,All ages,566,Other drug use disorders,1,Number,2013,9.861069971125614,18.25880302507726,4.7406549806786735
1,All Population,1,Deaths,164,Nepal,3,Both,22,All ages,573,Anorexia nervosa,1,Number,2013,0.03244334434614861,0.2131719881667728,0.004540616007902726
1,All Population,1,Deaths,164,Nepal,3,Both,22,All ages,588,Acute glomerulonephritis,1,Number,2013,5.260112406335902,11.546310692703122,1.348420919903099
1,All Population,1,Deaths,164,Nepal,3,Both,22,All ages,591,Chronic kidney disease due to hypertension,1,Number,2013,343.03056866367143,509.5325616352183,214.50534994496644
1,All Population,1,Deaths,164,Nepal,3,Both,22,All ages,721,Self-harm by firearm,1,Number,2014,391.88284765342513,955.186125244906,142.72172943506504
1,All Population,1,Deaths,164,Nepal,3,Both,22,All ages,1059,Total Cancers excluding Non-melanoma skin cancer,1,Number,2014,10962.041585057503,12318.077333331665,9789.723094793342
1,All Population,1,Deaths,164,Nepal,3,Both,22,All ages,1160,Other direct maternal disorders,1,Number,2014,130.28142453520874,207.88083064535252,77.08233454236442
1,All Population,1,Deaths,164,Nepal,3,Both,22,All ages,1161,Other digestive diseases,1,Number,2014,464.649017219072,742.1723351989007,236.9889149510342
1,All Population,1,Deaths,164,Nepal,3,Both,22,All ages,1163,Self-harm by other specified means,1,Number,2014,3843.025249501104,5184.03313678415,2690.999516114932
1,All Population,1,Deaths,164,Nepal,3,Both,22,All ages,1164,Other benign and in situ neoplasms,1,Number,2014,70.3643469983307,112.55182789863275,37.41789425606323
1,All Population,1,Deaths,164,Nepal,3,Both,22,All ages,725,Physical violence by firearm,1,Number,2013,52.74558757816592,101.08777643863186,26.61698114291195
1,All Population,1,Deaths,164,Nepal,3,Both,22,All ages,726,Physical violence by sharp object,1,Number,2013,42.2460743082974,73.92267278329722,15.791022598088556
1,All Population,1,Deaths,164,Nepal,3,Both,22,All ages,727,Physical violence by other means,1,Number,2013,537.8346543513095,676.0992660034082,410.4455549968329
1,All Population,1,Deaths,164,Nepal,3,Both,22,All ages,729,Exposure to forces of nature,1,Number,2013,194.98885694276208,214.35559805961262,177.54630047090976
1,All Population,1,Deaths,164,Nepal,3,Both,22,All ages,741,Maternal deaths aggravated by HIV/AIDS,1,Number,2013,0.4122837391393583,0.6560305058256841,0.2116308055702668
1,All Population,1,Deaths,164,Nepal,3,Both,22,All ages,842,Environmental heat and cold exposure,1,Number,2013,94.85988239276287,154.0803675024272,55.42683585798083
1,All Population,1,Deaths,164,Nepal,3,Both,22,All ages,843,Ebola,1,Number,2013,0.0,0.0,0.0
1,All Population,1,Deaths,164,Nepal,3,Both,22,All ages,845,Acute lymphoid leukemia,1,Number,2013,205.6399279487895,367.0356384537884,130.46002606253805
1,All Population,1,Deaths,164,Nepal,3,Both,22,All ages,846,Chronic lymphoid leukemia,1,Number,2013,16.02646830023233,27.827338310754744,6.25377396574912
1,All Population,1,Deaths,164,Nepal,3,Both,22,All ages,847,Acute myeloid leukemia,1,Number,2013,145.119161912075,262.8791077719556,75.8659072423556
1,All Population,1,Deaths,164,Nepal,3,Both,22,All ages,848,Chronic myeloid leukemia,1,Number,2013,96.15732878101299,158.2941639178857,41.071361077994794
1,All Population,1,Deaths,164,Nepal,3,Both,22,All ages,849,Non-melanoma skin cancer (squamous-cell carcinoma),1,Number,2013,49.719855298395856,73.61604815007978,32.46519237491729
1,All Population,1,Deaths,164,Nepal,3,Both,22,All ages,854,Police conflict and executions,1,Number,2013,2.0743171882794265,2.289681820344992,1.886991722010933
1,All Population,1,Deaths,164,Nepal,3,Both,22,All ages,934,Drug-susceptible tuberculosis,1,Number,2013,6170.13926086089,8313.332576917206,4326.358491008928
1,All Population,1,Deaths,164,Nepal,3,Both,22,All ages,935,Zika virus,1,Number,2013,0.0,0.0,0.0
1,All Population,1,Deaths,164,Nepal,3,Both,22,All ages,938,Alcoholic cardiomyopathy,1,Number,2013,35.647121860825884,108.01582549502483,7.244336498251818
1,All Population,1,Deaths,164,Nepal,3,Both,22,All ages,543,Alzheimer's disease and other dementias,1,Number,2012,1517.4522521691742,3903.745185112208,361.6339168451355
1,All Population,1,Deaths,164,Nepal,3,Both,22,All ages,544,Parkinson's disease,1,Number,2012,439.6279132981961,555.9532011167997,348.2484534715786
1,All Population,1,Deaths,164,Nepal,3,Both,22,All ages,545,Idiopathic epilepsy,1,Number,2012,907.1195172604706,1232.0247783463858,674.1046515942376
1,All Population,1,Deaths,164,Nepal,3,Both,22,All ages,546,Multiple sclerosis,1,Number,2012,3.4441969002475425,7.95215522895867,1.3909124015789196
1,All Population,1,Deaths,164,Nepal,3,Both,22,All ages,554,Motor neuron disease,1,Number,2012,4.643964557106441,11.002246513805737,1.7721959177741433
1,All Population,1,Deaths,164,Nepal,3,Both,22,All ages,557,Other neurological disorders,1,Number,2012,13.90602155323317,23.410527412910575,7.428371823999568
1,All Population,1,Deaths,164,Nepal,3,Both,22,All ages,560,Alcohol use disorders,1,Number,2012,185.3003700589512,300.6101638646005,99.66351896083447
1,All Population,1,Deaths,164,Nepal,3,Both,22,All ages,562,Opioid use disorders,1,Number,2012,38.66244973049886,66.03164703106532,21.94762467438711
1,All Population,1,Deaths,164,Nepal,3,Both,22,All ages,563,Cocaine use disorders,1,Number,2012,6.814302815965882,13.613444708695638,2.5231691006620736
1,All Population,1,Deaths,164,Nepal,3,Both,22,All ages,564,Amphetamine use disorders,1,Number,2012,1.2818363778207134,3.3683198362230966,0.3544047126930787
1,All Population,1,Deaths,164,Nepal,3,Both,22,All ages,566,Other drug use disorders,1,Number,2012,9.360436594555015,17.07488087179353,4.378973411193822
1,All Population,1,Deaths,164,Nepal,3,Both,22,All ages,573,Anorexia nervosa,1,Number,2012,0.028286079562450817,0.19276066383196433,0.003875857967824833
1,All Population,1,Deaths,164,Nepal,3,Both,22,All ages,588,Acute glomerulonephritis,1,Number,2012,5.376762841677701,12.219844540831154,1.36099168393029
1,All Population,1,Deaths,164,Nepal,3,Both,22,All ages,591,Chronic kidney disease due to hypertension,1,Number,2012,334.6550097829434,501.1203853253406,206.80480420342505
1,All Population,1,Deaths,164,Nepal,3,Both,22,All ages,725,Physical violence by firearm,1,Number,2012,52.26171583147092,97.87286687210258,26.52930925305211
1,All Population,1,Deaths,164,Nepal,3,Both,22,All ages,726,Physical violence by sharp object,1,Number,2012,41.7810158194561,71.68048134838955,16.242972424761852
1,All Population,1,Deaths,164,Nepal,3,Both,22,All ages,727,Physical violence by other means,1,Number,2012,536.4797687955617,656.7818838025036,422.74973446091104
1,All Population,1,Deaths,164,Nepal,3,Both,22,All ages,729,Exposure to forces of nature,1,Number,2012,82.99525705768846,91.238536609989,75.57098943120774
1,All Population,1,Deaths,164,Nepal,3,Both,22,All ages,741,Maternal deaths aggravated by HIV/AIDS,1,Number,2012,0.4798293109436848,0.7714231105671426,0.25992961299232314
1,All Population,1,Deaths,164,Nepal,3,Both,22,All ages,842,Environmental heat and cold exposure,1,Number,2012,46.46042252964017,106.80133988932553,6.490527448598832
1,All Population,1,Deaths,164,Nepal,3,Both,22,All ages,843,Ebola,1,Number,2012,0.0,0.0,0.0
1,All Population,1,Deaths,164,Nepal,3,Both,22,All ages,845,Acute lymphoid leukemia,1,Number,2012,198.4393873430448,344.52979142971833,126.70148515613894
1,All Population,1,Deaths,164,Nepal,3,Both,22,All ages,846,Chronic lymphoid leukemia,1,Number,2012,15.486899056778643,26.565357234377327,6.188850741566615
1,All Population,1,Deaths,164,Nepal,3,Both,22,All ages,847,Acute myeloid leukemia,1,Number,2012,139.17460166903246,255.01959368369856,70.09188694418606
1,All Population,1,Deaths,164,Nepal,3,Both,22,All ages,848,Chronic myeloid leukemia,1,Number,2012,94.85163862220749,156.4161942393988,40.733264549589585
1,All Population,1,Deaths,164,Nepal,3,Both,22,All ages,849,Non-melanoma skin cancer (squamous-cell carcinoma),1,Number,2012,47.9946486979442,69.80672642391899,31.011564701136
1,All Population,1,Deaths,164,Nepal,3,Both,22,All ages,854,Police conflict and executions,1,Number,2012,7.06993954359994,7.837167821354592,6.420651037469847
1,All Population,1,Deaths,164,Nepal,3,Both,22,All ages,934,Drug-susceptible tuberculosis,1,Number,2012,6305.454437399739,8255.558810054052,4524.514202236516
1,All Population,1,Deaths,164,Nepal,3,Both,22,All ages,935,Zika virus,1,Number,2012,0.0,0.0,0.0
1,All Population,1,Deaths,164,Nepal,3,Both,22,All ages,938,Alcoholic cardiomyopathy,1,Number,2012,35.30126347610698,102.37684053325263,7.064227608883697
1,All Population,1,Deaths,164,Nepal,3,Both,22,All ages,940,Electrocution,1,Number,2013,46.741024444523454,98.20469487315857,17.916111754338182
1,All Population,1,Deaths,164,Nepal,3,Both,22,All ages,942,Myocarditis,1,Number,2013,92.83583047070421,178.75558198876487,40.60925108310593
1,All Population,1,Deaths,164,Nepal,3,Both,22,All ages,943,Other leukemia,1,Number,2013,138.21928232930978,209.15849301981095,80.30176789085341
1,All Population,1,Deaths,164,Nepal,3,Both,22,All ages,944,Other cardiomyopathy,1,Number,2013,838.6061066740301,1455.9072588042877,415.0448935519676
1,All Population,1,Deaths,164,Nepal,3,Both,22,All ages,940,Electrocution,1,Number,2012,46.071897212139206,95.64702181731428,18.00396453302965
1,All Population,1,Deaths,164,Nepal,3,Both,22,All ages,942,Myocarditis,1,Number,2012,90.0944814352451,170.9032585162037,42.76726601439131
1,All Population,1,Deaths,164,Nepal,3,Both,22,All ages,943,Other leukemia,1,Number,2012,133.24190084105817,207.12764966530858,78.86829861541592
1,All Population,1,Deaths,164,Nepal,3,Both,22,All ages,944,Other cardiomyopathy,1,Number,2012,817.7032198706075,1426.5125381140278,400.6181300326242
1,All Population,1,Deaths,164,Nepal,3,Both,22,All ages,402,Acute hepatitis B,1,Number,2014,92.11639289146612,280.75173743034145,16.42133399124245
1,All Population,1,Deaths,164,Nepal,3,Both,22,All ages,403,Acute hepatitis C,1,Number,2014,20.866547968171844,61.03435687913606,1.2538225650396786
1,All Population,1,Deaths,164,Nepal,3,Both,22,All ages,404,Acute hepatitis E,1,Number,2014,12.083106743225025,41.09976064013813,2.457905633340515
1,All Population,1,Deaths,164,Nepal,3,Both,22,All ages,408,Other unspecified infectious diseases,1,Number,2014,956.6304660653468,1901.7644275917805,469.6461739178797
1,All Population,1,Deaths,164,Nepal,3,Both,22,All ages,411,Esophageal cancer,1,Number,2014,733.9202300702639,978.9780095824825,474.0810391441889
1,All Population,1,Deaths,164,Nepal,3,Both,22,All ages,414,Stomach cancer,1,Number,2014,1081.3922837657506,1581.627709083282,703.8301982974895
1,All Population,1,Deaths,164,Nepal,3,Both,22,All ages,418,Liver cancer due to hepatitis B,1,Number,2014,86.99594210476269,144.0905843732121,49.894931244073206
1,All Population,1,Deaths,164,Nepal,3,Both,22,All ages,419,Liver cancer due to hepatitis C,1,Number,2014,93.96258498394536,141.54293343138477,57.42258846075774
1,All Population,1,Deaths,164,Nepal,3,Both,22,All ages,420,Liver cancer due to alcohol use,1,Number,2014,82.81726595797973,135.31657433316693,45.253133425943965
1,All Population,1,Deaths,164,Nepal,3,Both,22,All ages,421,Liver cancer due to other causes,1,Number,2014,11.429738047583875,18.286148178374948,6.3035363358307475
1,All Population,1,Deaths,164,Nepal,3,Both,22,All ages,423,Larynx cancer,1,Number,2014,313.8506145167962,520.8297084060257,169.7391050226378
1,All Population,1,Deaths,164,Nepal,3,Both,22,All ages,426,"Tracheal, bronchus, and lung cancer",1,Number,2014,1033.803414401227,1400.6001365850295,779.2936204017572
1,All Population,1,Deaths,164,Nepal,3,Both,22,All ages,429,Breast cancer,1,Number,2014,804.7329849882625,1131.2610450357715,549.3820056344476
1,All Population,1,Deaths,164,Nepal,3,Both,22,All ages,432,Cervical cancer,1,Number,2014,859.0917927431648,1355.393295860114,451.60073296807093
1,All Population,1,Deaths,164,Nepal,3,Both,22,All ages,435,Uterine cancer,1,Number,2014,68.57399889159868,127.14576906411303,28.95503913431586
1,All Population,1,Deaths,164,Nepal,3,Both,22,All ages,438,Prostate cancer,1,Number,2014,317.01350070026746,492.4480157338208,190.723963362817
1,All Population,1,Deaths,164,Nepal,3,Both,22,All ages,441,Colon and rectum cancer,1,Number,2014,552.0458019981149,742.3383831182551,428.21225772177996
1,All Population,1,Deaths,164,Nepal,3,Both,22,All ages,444,Lip and oral cavity cancer,1,Number,2014,707.4017826112479,1027.7938570658519,513.6233567265726
1,All Population,1,Deaths,164,Nepal,3,Both,22,All ages,447,Nasopharynx cancer,1,Number,2014,154.87886523835786,204.47863968786595,113.62182770717715
1,All Population,1,Deaths,164,Nepal,3,Both,22,All ages,450,Other pharynx cancer,1,Number,2014,431.6150781250522,612.9811336154987,295.07238579927537
1,All Population,1,Deaths,164,Nepal,3,Both,22,All ages,453,Gallbladder and biliary tract cancer,1,Number,2014,312.02002049605346,424.0610484324495,217.562400424918
1,All Population,1,Deaths,164,Nepal,3,Both,22,All ages,456,Pancreatic cancer,1,Number,2014,179.7573018296754,237.31648673604548,139.32110628243902
1,All Population,1,Deaths,164,Nepal,3,Both,22,All ages,459,Malignant skin melanoma,1,Number,2014,14.818035327014472,24.618054044807497,9.08848539594485
1,All Population,1,Deaths,164,Nepal,3,Both,22,All ages,465,Ovarian cancer,1,Number,2014,302.17240205947206,559.6750477377185,188.06854240684612
1,All Population,1,Deaths,164,Nepal,3,Both,22,All ages,592,Chronic kidney disease due to glomerulonephritis,1,Number,2014,298.13601070593853,449.10037249112844,191.71665733643007
1,All Population,1,Deaths,164,Nepal,3,Both,22,All ages,593,Chronic kidney disease due to other and unspecified causes,1,Number,2014,897.7522111774313,1268.7583906724465,563.3221108381659
1,All Population,1,Deaths,164,Nepal,3,Both,22,All ages,595,Urinary tract infections and interstitial nephritis,1,Number,2014,426.9090535894674,597.7480413838291,276.18905261728764
1,All Population,1,Deaths,164,Nepal,3,Both,22,All ages,596,Urolithiasis,1,Number,2014,57.17659480891922,78.13103568624737,40.87443883215743
1,All Population,1,Deaths,164,Nepal,3,Both,22,All ages,602,Other urinary diseases,1,Number,2014,415.5122635968606,555.2064997964771,293.9310824516687
1,All Population,1,Deaths,164,Nepal,3,Both,22,All ages,604,Uterine fibroids,1,Number,2014,12.457979896851388,29.004191222185682,3.6185937464769746
1,All Population,1,Deaths,164,Nepal,3,Both,22,All ages,607,Endometriosis,1,Number,2014,0.15185363384084602,0.7059271984912633,0.004474402357035328
1,All Population,1,Deaths,164,Nepal,3,Both,22,All ages,608,Genital prolapse,1,Number,2014,1.9780499046641191,5.9803961116459465,0.39737674821634206
1,All Population,1,Deaths,164,Nepal,3,Both,22,All ages,612,Other gynecological diseases,1,Number,2014,22.470236450556524,44.9390166127526,9.604445616874212
1,All Population,1,Deaths,164,Nepal,3,Both,22,All ages,614,Thalassemias,1,Number,2014,67.04860459856171,106.08308166302443,45.1777497335193
1,All Population,1,Deaths,164,Nepal,3,Both,22,All ages,615,Sickle cell disorders,1,Number,2014,10.304149150965875,15.831590463646895,6.580000529149593
1,All Population,1,Deaths,164,Nepal,3,Both,22,All ages,616,G6PD deficiency,1,Number,2014,26.753213344165694,40.270405187791454,16.313497225673668
1,All Population,1,Deaths,164,Nepal,3,Both,22,All ages,618,Other hemoglobinopathies and hemolytic anemias,1,Number,2014,169.30362361583917,246.47553728007415,116.82594122838795
1,All Population,1,Deaths,164,Nepal,3,Both,22,All ages,625,"Other endocrine, metabolic, blood, and immune disorders",1,Number,2014,44.18168364739334,68.92884388171748,22.952703895268698
1,All Population,1,Deaths,164,Nepal,3,Both,22,All ages,627,Rheumatoid arthritis,1,Number,2014,112.3928898911884,190.55961245284152,49.75122600033227
1,All Population,1,Deaths,164,Nepal,3,Both,22,All ages,639,Other musculoskeletal disorders,1,Number,2014,176.0517027173803,282.2308800173106,99.29105049089688
1,All Population,1,Deaths,164,Nepal,3,Both,22,All ages,642,Neural tube defects,1,Number,2014,167.77804160243622,323.6483235560486,64.5913652094252
1,All Population,1,Deaths,164,Nepal,3,Both,22,All ages,945,Conflict and terrorism,1,Number,2014,5.2751965375580845,5.799141173601487,4.803308477136831
1,All Population,1,Deaths,164,Nepal,3,Both,22,All ages,946,Multidrug-resistant tuberculosis without extensive drug resistance,1,Number,2014,570.7417734522764,1189.9051800945274,205.33506082225554
1,All Population,1,Deaths,164,Nepal,3,Both,22,All ages,947,Extensively drug-resistant tuberculosis,1,Number,2014,20.56509660282585,47.6924676396524,6.956858111805635
1,All Population,1,Deaths,164,Nepal,3,Both,22,All ages,948,HIV/AIDS - Drug-susceptible Tuberculosis,1,Number,2014,307.29345359126637,491.06088327549264,168.69830496891936
1,All Population,1,Deaths,164,Nepal,3,Both,22,All ages,949,HIV/AIDS - Multidrug-resistant Tuberculosis without extensive drug resistance,1,Number,2014,35.97602218121835,83.68363919984779,11.515159591128763
1,All Population,1,Deaths,164,Nepal,3,Both,22,All ages,950,HIV/AIDS - Extensively drug-resistant Tuberculosis,1,Number,2014,1.2953481798775806,3.2154737753954326,0.3917387409357808
1,All Population,1,Deaths,164,Nepal,3,Both,22,All ages,959,Invasive Non-typhoidal Salmonella (iNTS),1,Number,2014,96.14373745841053,132.9283659064067,64.56011317065239
1,All Population,1,Deaths,164,Nepal,3,Both,22,All ages,964,"Myelodysplastic, myeloproliferative, and other hematopoietic neoplasms",1,Number,2014,15.368716056448935,28.10689980416433,6.540131512828221
1,All Population,1,Deaths,164,Nepal,3,Both,22,All ages,968,Non-rheumatic calcific aortic valve disease,1,Number,2014,98.58830490503414,147.02089272522352,58.33448120594075
1,All Population,1,Deaths,164,Nepal,3,Both,22,All ages,969,Non-rheumatic degenerative mitral valve disease,1,Number,2014,56.03715573741701,95.82820403577257,29.463561451963148
1,All Population,1,Deaths,164,Nepal,3,Both,22,All ages,970,Other non-rheumatic valve diseases,1,Number,2014,1.5367835613843568,3.2954304096963485,0.633155023438335
1,All Population,1,Deaths,164,Nepal,3,Both,22,All ages,971,Nonalcoholic fatty liver disease including cirrhosis,1,Number,2014,120.57283377811943,192.52789725505212,63.13790020719674
1,All Population,1,Deaths,164,Nepal,3,Both,22,All ages,302,Diarrheal diseases,1,Number,2015,4059.821737497792,6527.659910765548,2428.50599853162
1,All Population,1,Deaths,164,Nepal,3,Both,22,All ages,319,Typhoid fever,1,Number,2015,1230.7938626180169,1997.1051215047476,664.8110860275864
1,All Population,1,Deaths,164,Nepal,3,Both,22,All ages,320,Paratyphoid fever,1,Number,2015,270.4325277402734,516.3668483159786,126.57494385708986
1,All Population,1,Deaths,164,Nepal,3,Both,22,All ages,321,Other intestinal infectious diseases,1,Number,2015,3.175947953997503,4.600846074067004,1.9822736558055192
1,All Population,1,Deaths,164,Nepal,3,Both,22,All ages,322,Lower respiratory infections,1,Number,2015,9211.028438104673,12267.733140800383,6820.656358753606
1,All Population,1,Deaths,164,Nepal,3,Both,22,All ages,328,Upper respiratory infections,1,Number,2015,62.62465683243318,163.93864167697396,3.496194114148553
1,All Population,1,Deaths,164,Nepal,3,Both,22,All ages,329,Otitis media,1,Number,2015,3.678964534109694,10.663391822243973,1.1245039169251414
1,All Population,1,Deaths,164,Nepal,3,Both,22,All ages,975,Diabetes mellitus type 1,1,Number,2014,239.66403765650634,375.08421454594287,143.86618538461096
1,All Population,1,Deaths,164,Nepal,3,Both,22,All ages,976,Diabetes mellitus type 2,1,Number,2014,5333.898196864823,7260.41647852041,3880.547366400434
1,All Population,1,Deaths,164,Nepal,3,Both,22,All ages,332,Meningitis,1,Number,2015,1081.2377168074772,1547.0423318991768,731.4195668036176
1,All Population,1,Deaths,164,Nepal,3,Both,22,All ages,337,Encephalitis,1,Number,2015,492.1518879547051,993.043238106476,176.27629301006286
1,All Population,1,Deaths,164,Nepal,3,Both,22,All ages,338,Diphtheria,1,Number,2015,6.187503987566375,9.854619567591792,3.787839090829721
1,All Population,1,Deaths,164,Nepal,3,Both,22,All ages,339,Pertussis,1,Number,2015,503.2804269039305,1384.1976510288598,46.310311774232055
1,All Population,1,Deaths,164,Nepal,3,Both,22,All ages,340,Tetanus,1,Number,2015,399.72724075807423,674.0806199939822,201.88170126433957
1,All Population,1,Deaths,164,Nepal,3,Both,22,All ages,341,Measles,1,Number,2015,519.9037661922589,1049.8310152109848,198.3822662901003
1,All Population,1,Deaths,164,Nepal,3,Both,22,All ages,342,Varicella and herpes zoster,1,Number,2015,75.0900735367263,96.18818108474767,55.93090692875032
1,All Population,1,Deaths,164,Nepal,3,Both,22,All ages,345,Malaria,1,Number,2015,9.522102190412413,21.022661108250976,4.157787402053504
1,All Population,1,Deaths,164,Nepal,3,Both,22,All ages,346,Chagas disease,1,Number,2015,0.0,0.0,0.0
1,All Population,1,Deaths,164,Nepal,3,Both,22,All ages,348,Visceral leishmaniasis,1,Number,2015,35.54938463780122,115.04806696211375,0.008940405982788379
1,All Population,1,Deaths,164,Nepal,3,Both,22,All ages,350,African trypanosomiasis,1,Number,2015,0.0,0.0,0.0
1,All Population,1,Deaths,164,Nepal,3,Both,22,All ages,351,Schistosomiasis,1,Number,2015,0.0,0.0,0.0
1,All Population,1,Deaths,164,Nepal,3,Both,22,All ages,352,Cysticercosis,1,Number,2015,1.5621187257039575,2.230874000795471,0.9003407446778624
1,All Population,1,Deaths,164,Nepal,3,Both,22,All ages,507,Other cardiovascular and circulatory diseases,1,Number,2015,477.4002088204136,716.1094219278522,286.4274159740333
1,All Population,1,Deaths,164,Nepal,3,Both,22,All ages,509,Chronic obstructive pulmonary disease,1,Number,2015,19032.74141074592,24362.02340712814,14095.99665798849
1,All Population,1,Deaths,164,Nepal,3,Both,22,All ages,511,Silicosis,1,Number,2015,8.251704296731628,20.38660528723241,2.549112022827613
1,All Population,1,Deaths,164,Nepal,3,Both,22,All ages,512,Asbestosis,1,Number,2015,2.239843680985261,6.701964063730028,0.3907153414711147
1,All Population,1,Deaths,164,Nepal,3,Both,22,All ages,513,Coal workers pneumoconiosis,1,Number,2015,2.451191852376423,10.466144050257906,0.3114033135212661
1,All Population,1,Deaths,164,Nepal,3,Both,22,All ages,514,Other pneumoconiosis,1,Number,2015,5.0858560085659725,13.882939486126991,1.2426588782811898
1,All Population,1,Deaths,164,Nepal,3,Both,22,All ages,515,Asthma,1,Number,2015,3709.0768952384383,6712.142176379162,1847.021289875483
1,All Population,1,Deaths,164,Nepal,3,Both,22,All ages,516,Interstitial lung disease and pulmonary sarcoidosis,1,Number,2015,525.3450194482384,1286.8699055384586,255.75175990057105
1,All Population,1,Deaths,164,Nepal,3,Both,22,All ages,520,Other chronic respiratory diseases,1,Number,2015,367.7881690605793,684.6147065775506,208.11330869607715
1,All Population,1,Deaths,164,Nepal,3,Both,22,All ages,522,Chronic hepatitis B including cirrhosis,1,Number,2015,2023.9583943499529,3012.924189527503,1255.9952708729854
1,All Population,1,Deaths,164,Nepal,3,Both,22,All ages,523,Chronic hepatitis C including cirrhosis,1,Number,2015,592.3344200513636,992.6419049229463,325.3877679594325
1,All Population,1,Deaths,164,Nepal,3,Both,22,All ages,524,Cirrhosis due to alcohol,1,Number,2015,1888.164401421737,2837.207418058712,1120.6187014529512
1,All Population,1,Deaths,164,Nepal,3,Both,22,All ages,525,Cirrhosis due to other causes,1,Number,2015,637.6528996657627,957.9111715443166,381.3319036294314
1,All Population,1,Deaths,164,Nepal,3,Both,22,All ages,527,Peptic ulcer disease,1,Number,2015,2199.72406922724,3623.671807335329,1407.048723213315
1,All Population,1,Deaths,164,Nepal,3,Both,22,All ages,528,Gastritis and duodenitis,1,Number,2015,176.51941770046017,341.62742967133494,78.02060568303168
1,All Population,1,Deaths,164,Nepal,3,Both,22,All ages,529,Appendicitis,1,Number,2015,309.75310273928704,591.0720849685365,120.82913275404474
1,All Population,1,Deaths,164,Nepal,3,Both,22,All ages,530,Paralytic ileus and intestinal obstruction,1,Number,2015,1049.3550661825996,1641.0146115396992,644.7410949345378
1,All Population,1,Deaths,164,Nepal,3,Both,22,All ages,531,"Inguinal, femoral, and abdominal hernia",1,Number,2015,239.85042845148766,594.9398338599447,108.45943977603035
1,All Population,1,Deaths,164,Nepal,3,Both,22,All ages,697,Falls,1,Number,2015,2443.210676833045,3198.2838942971603,1717.33078953255
1,All Population,1,Deaths,164,Nepal,3,Both,22,All ages,698,Drowning,1,Number,2015,1955.770446157266,2725.3967811408143,1295.6619164464305
1,All Population,1,Deaths,164,Nepal,3,Both,22,All ages,699,"Fire, heat, and hot substances",1,Number,2015,563.06225688273,864.3722961181271,339.6743381987952
1,All Population,1,Deaths,164,Nepal,3,Both,22,All ages,701,Poisoning by carbon monoxide,1,Number,2015,280.31331122149675,579.5545690496905,112.27872640339237
1,All Population,1,Deaths,164,Nepal,3,Both,22,All ages,703,Poisoning by other means,1,Number,2015,672.9047719412215,1108.1046114843286,347.94286601618893
1,All Population,1,Deaths,164,Nepal,3,Both,22,All ages,705,Unintentional firearm injuries,1,Number,2015,2.950418854043876,10.08762655845889,0.46530386664105017
1,All Population,1,Deaths,164,Nepal,3,Both,22,All ages,707,Other exposure to mechanical forces,1,Number,2015,278.69675127160946,482.58342708494877,152.16388357961128
1,All Population,1,Deaths,164,Nepal,3,Both,22,All ages,708,Adverse effects of medical treatment,1,Number,2015,727.9746712634584,978.963612812714,524.1497150264584
1,All Population,1,Deaths,164,Nepal,3,Both,22,All ages,710,Venomous animal contact,1,Number,2015,667.4136322172482,1032.0032645474655,425.4714477436085
1,All Population,1,Deaths,164,Nepal,3,Both,22,All ages,711,Non-venomous animal contact,1,Number,2015,19.480268593430235,53.975609231647226,5.174232222538158
1,All Population,1,Deaths,164,Nepal,3,Both,22,All ages,713,Pulmonary aspiration and foreign body in airway,1,Number,2015,42.77026585966087,83.78162819199349,9.10962237459857
1,All Population,1,Deaths,164,Nepal,3,Both,22,All ages,715,Foreign body in other body part,1,Number,2015,2.919096035336457,7.316959024232295,0.44364962853179885
1,All Population,1,Deaths,164,Nepal,3,Both,22,All ages,716,Other unintentional injuries,1,Number,2015,90.5005553043797,176.4822073868931,49.23419508881987
1,All Population,1,Deaths,164,Nepal,3,Both,22,All ages,721,Self-harm by firearm,1,Number,2015,388.94077816489875,942.6661232574393,136.310266342891
1,All Population,1,Deaths,164,Nepal,3,Both,22,All ages,1059,Total Cancers excluding Non-melanoma skin cancer,1,Number,2015,11198.695880918598,12582.56873615253,10014.512570182256
1,All Population,1,Deaths,164,Nepal,3,Both,22,All ages,1160,Other direct maternal disorders,1,Number,2015,110.66330617927993,178.43474688761606,67.73290200852422
1,All Population,1,Deaths,164,Nepal,3,Both,22,All ages,1161,Other digestive diseases,1,Number,2015,475.63284949504583,753.4972398223646,248.15864203215472
1,All Population,1,Deaths,164,Nepal,3,Both,22,All ages,1163,Self-harm by other specified means,1,Number,2015,3909.0710875408918,5291.70640145736,2735.6746061313415
1,All Population,1,Deaths,164,Nepal,3,Both,22,All ages,1164,Other benign and in situ neoplasms,1,Number,2015,72.08117528121956,113.20821041152381,38.32451068552024
1,All Population,1,Deaths,164,Nepal,3,Both,22,All ages,300,HIV/AIDS resulting in other diseases,1,Number,2016,1087.238504707523,1677.5474764240764,666.7338245640615
1,All Population,1,Deaths,164,Nepal,3,Both,22,All ages,468,Testicular cancer,1,Number,2016,23.2429885310002,37.17121299213779,12.992417133850699
1,All Population,1,Deaths,164,Nepal,3,Both,22,All ages,471,Kidney cancer,1,Number,2016,115.19643931040328,188.1136850064351,72.30764209938124
1,All Population,1,Deaths,164,Nepal,3,Both,22,All ages,474,Bladder cancer,1,Number,2016,144.86001925884125,239.3809706635782,91.32264200547839
1,All Population,1,Deaths,164,Nepal,3,Both,22,All ages,477,Brain and central nervous system cancer,1,Number,2016,333.11572932519533,451.93100251934874,245.40915093099767
1,All Population,1,Deaths,164,Nepal,3,Both,22,All ages,480,Thyroid cancer,1,Number,2016,102.27324232115835,136.7566155750729,72.5604115267748
1,All Population,1,Deaths,164,Nepal,3,Both,22,All ages,483,Mesothelioma,1,Number,2016,12.673235901189868,17.116222290540417,8.719759301816909
1,All Population,1,Deaths,164,Nepal,3,Both,22,All ages,484,Hodgkin lymphoma,1,Number,2016,103.38145416163968,179.5692514686974,61.1428976055432
1,All Population,1,Deaths,164,Nepal,3,Both,22,All ages,486,Multiple myeloma,1,Number,2016,123.5650677850962,186.2772970615916,75.97718747444279
1,All Population,1,Deaths,164,Nepal,3,Both,22,All ages,489,Other malignant neoplasms,1,Number,2016,558.7968873763895,814.393699511013,366.04434354648197
1,All Population,1,Deaths,164,Nepal,3,Both,22,All ages,492,Rheumatic heart disease,1,Number,2016,3873.437129362646,6099.711471473557,2100.939025186582
1,All Population,1,Deaths,164,Nepal,3,Both,22,All ages,493,Ischemic heart disease,1,Number,2016,16905.339617681875,21875.608238079873,12094.518844941826
1,All Population,1,Deaths,164,Nepal,3,Both,22,All ages,495,Ischemic stroke,1,Number,2016,6082.579802052479,9118.05756407963,3673.819796235523
1,All Population,1,Deaths,164,Nepal,3,Both,22,All ages,496,Intracerebral hemorrhage,1,Number,2016,7302.947258113617,10406.919747511767,4210.787393915447
1,All Population,1,Deaths,164,Nepal,3,Both,22,All ages,497,Subarachnoid hemorrhage,1,Number,2016,609.8062964921475,1204.4455355093469,278.1927763083959
1,All Population,1,Deaths,164,Nepal,3,Both,22,All ages,498,Hypertensive heart disease,1,Number,2016,2580.7488812601327,3973.393949944773,1626.876470965568
1,All Population,1,Deaths,164,Nepal,3,Both,22,All ages,500,Atrial fibrillation and flutter,1,Number,2016,385.1662090029348,560.506875459009,278.90344093686514
1,All Population,1,Deaths,164,Nepal,3,Both,22,All ages,501,Aortic aneurysm,1,Number,2016,124.91937844808871,230.90131101824628,71.78181485073733
1,All Population,1,Deaths,164,Nepal,3,Both,22,All ages,502,Lower extremity peripheral arterial disease,1,Number,2016,40.52273925728451,61.721190435499345,23.400143932541663
1,All Population,1,Deaths,164,Nepal,3,Both,22,All ages,503,Endocarditis,1,Number,2016,128.72504933259054,213.08502926680393,73.55871868843893
1,All Population,1,Deaths,164,Nepal,3,Both,22,All ages,353,Cystic echinococcosis,1,Number,2014,26.92610978902211,34.57635678462838,20.17062903494944
1,All Population,1,Deaths,164,Nepal,3,Both,22,All ages,357,Dengue,1,Number,2014,418.81169476278365,995.18893327787,127.63421237041322
1,All Population,1,Deaths,164,Nepal,3,Both,22,All ages,358,Yellow fever,1,Number,2014,0.0,0.0,0.0
1,All Population,1,Deaths,164,Nepal,3,Both,22,All ages,359,Rabies,1,Number,2014,378.07096074680254,698.082375713798,155.66141507634242
1,All Population,1,Deaths,164,Nepal,3,Both,22,All ages,361,Ascariasis,1,Number,2014,2.8431061548217684,4.661712228227174,1.1865251174020022
1,All Population,1,Deaths,164,Nepal,3,Both,22,All ages,365,Other neglected tropical diseases,1,Number,2014,38.43267952754241,70.26652475413705,19.3286081379058
1,All Population,1,Deaths,164,Nepal,3,Both,22,All ages,643,Congenital heart anomalies,1,Number,2016,1051.0159722477858,1510.3159607566695,677.3809905584
1,All Population,1,Deaths,164,Nepal,3,Both,22,All ages,644,Orofacial clefts,1,Number,2016,14.488758544569349,44.27370908718146,2.4678985979273205
1,All Population,1,Deaths,164,Nepal,3,Both,22,All ages,645,Down syndrome,1,Number,2016,41.83366703706515,74.84795835161275,18.587772907063144
1,All Population,1,Deaths,164,Nepal,3,Both,22,All ages,648,Other chromosomal abnormalities,1,Number,2016,37.18486236466272,67.4285202298832,16.129365490242332
1,All Population,1,Deaths,164,Nepal,3,Both,22,All ages,649,Congenital musculoskeletal and limb anomalies,1,Number,2016,28.326414353143154,51.62687794812665,13.921597403251456
1,All Population,1,Deaths,164,Nepal,3,Both,22,All ages,650,Urogenital congenital anomalies,1,Number,2016,38.01088855978539,89.22448234350175,13.822594709374682
1,All Population,1,Deaths,164,Nepal,3,Both,22,All ages,651,Digestive congenital anomalies,1,Number,2016,201.62604794326734,390.588888327902,89.27169007219698
1,All Population,1,Deaths,164,Nepal,3,Both,22,All ages,652,Other congenital birth defects,1,Number,2016,2.621881157828827,7.9955539055705,0.6024596400205664
1,All Population,1,Deaths,164,Nepal,3,Both,22,All ages,656,Cellulitis,1,Number,2016,0.49051618281812376,1.1165729696551812,0.14633039836066733
1,All Population,1,Deaths,164,Nepal,3,Both,22,All ages,657,Pyoderma,1,Number,2016,1.1602563477621626,2.1298746546202496,0.5688135519639839
1,All Population,1,Deaths,164,Nepal,3,Both,22,All ages,665,Decubitus ulcer,1,Number,2016,2.00125355435286,3.298997349343157,1.1461895877120845
1,All Population,1,Deaths,164,Nepal,3,Both,22,All ages,668,Other skin and subcutaneous diseases,1,Number,2016,1.4712223424552628,2.495676998026744,0.7178500798814632
1,All Population,1,Deaths,164,Nepal,3,Both,22,All ages,686,Sudden infant death syndrome,1,Number,2016,114.74764651144788,194.93642713896537,63.87328991696147
1,All Population,1,Deaths,164,Nepal,3,Both,22,All ages,690,Pedestrian road injuries,1,Number,2016,889.6119172061258,1365.4617252991509,547.8308347182793
1,All Population,1,Deaths,164,Nepal,3,Both,22,All ages,691,Cyclist road injuries,1,Number,2016,128.78512273477114,258.7995440540035,60.379605396445015
1,All Population,1,Deaths,164,Nepal,3,Both,22,All ages,692,Motorcyclist road injuries,1,Number,2016,763.3353665851969,1213.4542254074304,468.5355702473772
1,All Population,1,Deaths,164,Nepal,3,Both,22,All ages,367,Maternal hemorrhage,1,Number,2014,235.76605420005134,336.89311337351194,148.98325451773516
1,All Population,1,Deaths,164,Nepal,3,Both,22,All ages,368,Maternal sepsis and other maternal infections,1,Number,2014,35.650727432389736,55.37104602810082,22.035392169091587
1,All Population,1,Deaths,164,Nepal,3,Both,22,All ages,369,Maternal hypertensive disorders,1,Number,2014,102.33512248709941,144.9266705208683,67.58026731095022
1,All Population,1,Deaths,164,Nepal,3,Both,22,All ages,370,Maternal obstructed labor and uterine rupture,1,Number,2014,43.827178022434,74.55408355166136,23.31596115039348
1,All Population,1,Deaths,164,Nepal,3,Both,22,All ages,374,Ectopic pregnancy,1,Number,2014,0.3299100059743028,0.5032520058622426,0.2000193940392239
1,All Population,1,Deaths,164,Nepal,3,Both,22,All ages,375,Indirect maternal deaths,1,Number,2014,76.14696049977624,118.37496619029996,47.27187743464983
1,All Population,1,Deaths,164,Nepal,3,Both,22,All ages,376,Late maternal deaths,1,Number,2014,14.933171645454307,21.178411970962088,9.804879163824166
1,All Population,1,Deaths,164,Nepal,3,Both,22,All ages,381,Neonatal preterm birth,1,Number,2014,3726.5135963230878,4749.411922408248,2863.420823213319
1,All Population,1,Deaths,164,Nepal,3,Both,22,All ages,382,Neonatal encephalopathy due to birth asphyxia and trauma,1,Number,2014,4421.181247595712,5564.071052800075,3534.4911787629435
1,All Population,1,Deaths,164,Nepal,3,Both,22,All ages,383,Neonatal sepsis and other neonatal infections,1,Number,2014,1840.5357376155746,3077.9887173518377,900.3862123693287
1,All Population,1,Deaths,164,Nepal,3,Both,22,All ages,384,Hemolytic disease and other neonatal jaundice,1,Number,2014,745.267283591752,1262.9485448536145,418.3952846271383
1,All Population,1,Deaths,164,Nepal,3,Both,22,All ages,385,Other neonatal disorders,1,Number,2014,1104.7522630197823,1675.975600190689,687.3090244969438
1,All Population,1,Deaths,164,Nepal,3,Both,22,All ages,387,Protein-energy malnutrition,1,Number,2014,1322.2343344081821,1670.3364873511182,1012.1872022591194
1,All Population,1,Deaths,164,Nepal,3,Both,22,All ages,391,Other nutritional deficiencies,1,Number,2014,409.6706527420084,600.5196901154324,250.32401628270253
1,All Population,1,Deaths,164,Nepal,3,Both,22,All ages,394,Syphilis,1,Number,2014,344.53129697961174,695.1399590928936,128.07488767009207
1,All Population,1,Deaths,164,Nepal,3,Both,22,All ages,395,Chlamydial infection,1,Number,2014,6.3321518820166744,15.124845872073438,1.9941349105701884
1,All Population,1,Deaths,164,Nepal,3,Both,22,All ages,396,Gonococcal infection,1,Number,2014,2.0823636471677784,4.659604146756312,0.7077807265152133
1,All Population,1,Deaths,164,Nepal,3,Both,22,All ages,399,Other sexually transmitted infections,1,Number,2014,19.48528476978859,46.855814922482885,6.242548405955603
1,All Population,1,Deaths,164,Nepal,3,Both,22,All ages,401,Acute hepatitis A,1,Number,2014,754.5471707887613,1424.9632028254905,370.8156367795376
1,All Population,1,Deaths,164,Nepal,3,Both,22,All ages,533,Vascular intestinal disorders,1,Number,2014,145.9271553378079,240.33196241609292,83.54517446192601
1,All Population,1,Deaths,164,Nepal,3,Both,22,All ages,534,Gallbladder and biliary diseases,1,Number,2014,109.8101137395577,174.6259781072752,62.55120836651441
1,All Population,1,Deaths,164,Nepal,3,Both,22,All ages,535,Pancreatitis,1,Number,2014,519.275861482609,850.0801776285405,326.46106899206063
1,All Population,1,Deaths,164,Nepal,3,Both,22,All ages,543,Alzheimer's disease and other dementias,1,Number,2014,1715.525734374932,4413.002551987318,407.3673303432803
1,All Population,1,Deaths,164,Nepal,3,Both,22,All ages,544,Parkinson's disease,1,Number,2014,475.94811071150076,596.7665103059089,381.20935993803374
1,All Population,1,Deaths,164,Nepal,3,Both,22,All ages,545,Idiopathic epilepsy,1,Number,2014,960.6993757466993,1316.9828708034843,705.8075209184859
1,All Population,1,Deaths,164,Nepal,3,Both,22,All ages,546,Multiple sclerosis,1,Number,2014,3.84115014401363,8.567299118173445,1.5458626885992384
1,All Population,1,Deaths,164,Nepal,3,Both,22,All ages,554,Motor neuron disease,1,Number,2014,5.42624881403447,12.500817037098424,2.0818608758385477
1,All Population,1,Deaths,164,Nepal,3,Both,22,All ages,557,Other neurological disorders,1,Number,2014,15.392705362580111,25.705720192295704,7.646736117929701
1,All Population,1,Deaths,164,Nepal,3,Both,22,All ages,560,Alcohol use disorders,1,Number,2014,192.10211825258284,326.5491337458444,104.89828003068047
1,All Population,1,Deaths,164,Nepal,3,Both,22,All ages,562,Opioid use disorders,1,Number,2014,42.5370400133743,73.0054042409427,24.47524247309367
1,All Population,1,Deaths,164,Nepal,3,Both,22,All ages,563,Cocaine use disorders,1,Number,2014,7.471142120380327,15.031725991393076,2.568027209807067
1,All Population,1,Deaths,164,Nepal,3,Both,22,All ages,564,Amphetamine use disorders,1,Number,2014,1.4485992568579011,3.796936948052304,0.4224302550601023
1,All Population,1,Deaths,164,Nepal,3,Both,22,All ages,566,Other drug use disorders,1,Number,2014,10.400687345009118,19.505943576401982,5.150821499381855
1,All Population,1,Deaths,164,Nepal,3,Both,22,All ages,573,Anorexia nervosa,1,Number,2014,0.037106464306899206,0.2318397409300745,0.00488897915526877
1,All Population,1,Deaths,164,Nepal,3,Both,22,All ages,588,Acute glomerulonephritis,1,Number,2014,5.111243074798942,11.249618468072278,1.2954145468173555
1,All Population,1,Deaths,164,Nepal,3,Both,22,All ages,591,Chronic kidney disease due to hypertension,1,Number,2014,354.4625762102167,532.406697141621,216.66734666284765
1,All Population,1,Deaths,164,Nepal,3,Both,22,All ages,693,Motor vehicle road injuries,1,Number,2016,695.9204680693593,1094.9409956052054,347.79036376563846
1,All Population,1,Deaths,164,Nepal,3,Both,22,All ages,694,Other road injuries,1,Number,2016,17.093157696330614,48.625926560511346,5.109502411029742
1,All Population,1,Deaths,164,Nepal,3,Both,22,All ages,695,Other transport injuries,1,Number,2016,264.5837801658932,414.60055442651117,167.20485200972027
1,All Population,1,Deaths,164,Nepal,3,Both,22,All ages,995,Maternal abortion and miscarriage,1,Number,2016,27.54318829648483,44.24612689409666,15.736416765602659
1,All Population,1,Deaths,164,Nepal,3,Both,22,All ages,996,Liver cancer due to NASH,1,Number,2016,29.45582845102163,47.316212300787285,17.146543535993686
1,All Population,1,Deaths,164,Nepal,3,Both,22,All ages,997,Chronic kidney disease due to diabetes mellitus type 1,1,Number,2016,153.6472563021943,238.46805632986832,92.28143544302681
1,All Population,1,Deaths,164,Nepal,3,Both,22,All ages,998,Chronic kidney disease due to diabetes mellitus type 2,1,Number,2016,482.09790648164136,693.9645733500873,303.2810912794947
1,All Population,1,Deaths,164,Nepal,3,Both,22,All ages,1004,Pulmonary Arterial Hypertension,1,Number,2016,80.74059890753988,139.80180299536505,43.93971453677829
1,All Population,1,Deaths,164,Nepal,3,Both,22,All ages,1005,Hepatoblastoma,1,Number,2016,3.021164547555042,4.576348188630233,1.8314344321187974
1,All Population,1,Deaths,164,Nepal,3,Both,22,All ages,1006,Burkitt lymphoma,1,Number,2016,8.486021764438402,15.642264542812523,4.065657810449766
1,All Population,1,Deaths,164,Nepal,3,Both,22,All ages,1007,Other non-Hodgkin lymphoma,1,Number,2016,405.8289235601809,552.04691866156,298.26538566173235
1,All Population,1,Deaths,164,Nepal,3,Both,22,All ages,1009,Retinoblastoma,1,Number,2016,13.814667711019652,37.90811333277939,3.8120438665839753
1,All Population,1,Deaths,164,Nepal,3,Both,22,All ages,1010,Other eye cancers,1,Number,2016,6.463306735596943,14.079311953301906,2.799238428773633
1,All Population,1,Deaths,164,Nepal,3,Both,22,All ages,1011,Soft tissue and other extraosseous sarcomas,1,Number,2016,119.62831759507357,228.19725352990554,67.80586339680517
1,All Population,1,Deaths,164,Nepal,3,Both,22,All ages,1012,Malignant neoplasm of bone and articular cartilage,1,Number,2016,204.25261910178256,334.96450209904157,121.350101750429
1,All Population,1,Deaths,164,Nepal,3,Both,22,All ages,1013,Neuroblastoma and other peripheral nervous cell tumors,1,Number,2016,10.037388277499698,14.733875868448463,6.489274788389926
1,All Population,1,Deaths,164,Nepal,3,Both,22,All ages,725,Physical violence by firearm,1,Number,2014,52.599808774735294,103.4960723904819,25.59187172962328
1,All Population,1,Deaths,164,Nepal,3,Both,22,All ages,726,Physical violence by sharp object,1,Number,2014,42.43043945216648,77.83819363673443,15.731889212852876
1,All Population,1,Deaths,164,Nepal,3,Both,22,All ages,727,Physical violence by other means,1,Number,2014,533.5659862537838,695.6333036669164,403.9109683862441
1,All Population,1,Deaths,164,Nepal,3,Both,22,All ages,729,Exposure to forces of nature,1,Number,2014,572.9672565548854,629.8756804520928,521.7129752299039
1,All Population,1,Deaths,164,Nepal,3,Both,22,All ages,741,Maternal deaths aggravated by HIV/AIDS,1,Number,2014,0.33226371563037527,0.5162600291364458,0.1699834116996274
1,All Population,1,Deaths,164,Nepal,3,Both,22,All ages,842,Environmental heat and cold exposure,1,Number,2014,44.61207770980596,99.72169425045527,6.116422177985061
1,All Population,1,Deaths,164,Nepal,3,Both,22,All ages,843,Ebola,1,Number,2014,0.0,0.0,0.0
1,All Population,1,Deaths,164,Nepal,3,Both,22,All ages,845,Acute lymphoid leukemia,1,Number,2014,205.4871921016237,371.8665211746705,129.7402821060148
1,All Population,1,Deaths,164,Nepal,3,Both,22,All ages,846,Chronic lymphoid leukemia,1,Number,2014,16.508475838291222,28.124173518444184,6.628833224164875
1,All Population,1,Deaths,164,Nepal,3,Both,22,All ages,847,Acute myeloid leukemia,1,Number,2014,149.15511457031556,271.15698985978474,79.88618293720741
1,All Population,1,Deaths,164,Nepal,3,Both,22,All ages,848,Chronic myeloid leukemia,1,Number,2014,97.03859498534621,162.89159455768234,42.49948243952769
1,All Population,1,Deaths,164,Nepal,3,Both,22,All ages,849,Non-melanoma skin cancer (squamous-cell carcinoma),1,Number,2014,51.74109433827194,78.26740437528952,34.33527418641001
1,All Population,1,Deaths,164,Nepal,3,Both,22,All ages,854,Police conflict and executions,1,Number,2014,1.0760791777665992,1.1990748277381784,0.9690366702464871
1,All Population,1,Deaths,164,Nepal,3,Both,22,All ages,934,Drug-susceptible tuberculosis,1,Number,2014,6008.071575992934,8301.055509527889,4224.023465769286
1,All Population,1,Deaths,164,Nepal,3,Both,22,All ages,935,Zika virus,1,Number,2014,0.0,0.0,0.0
1,All Population,1,Deaths,164,Nepal,3,Both,22,All ages,938,Alcoholic cardiomyopathy,1,Number,2014,37.316087406239895,112.82222623549853,7.953729155956224
1,All Population,1,Deaths,164,Nepal,3,Both,22,All ages,302,Diarrheal diseases,1,Number,2016,3824.915933611378,6599.982905294448,2237.0123295233298
1,All Population,1,Deaths,164,Nepal,3,Both,22,All ages,319,Typhoid fever,1,Number,2016,1158.666127313481,1874.6891234397158,621.2202392260032
1,All Population,1,Deaths,164,Nepal,3,Both,22,All ages,320,Paratyphoid fever,1,Number,2016,255.5795349022517,493.17335059127043,118.89983172560822
1,All Population,1,Deaths,164,Nepal,3,Both,22,All ages,321,Other intestinal infectious diseases,1,Number,2016,3.2733997526841003,4.924919002640465,1.9635991910455053
1,All Population,1,Deaths,164,Nepal,3,Both,22,All ages,322,Lower respiratory infections,1,Number,2016,9185.749389000623,12221.265094280143,6740.569717183284
1,All Population,1,Deaths,164,Nepal,3,Both,22,All ages,328,Upper respiratory infections,1,Number,2016,62.11605191257863,172.20630565486394,3.691805895734015
1,All Population,1,Deaths,164,Nepal,3,Both,22,All ages,329,Otitis media,1,Number,2016,3.6976666737986896,9.538479855230044,1.1291524717152963
1,All Population,1,Deaths,164,Nepal,3,Both,22,All ages,402,Acute hepatitis B,1,Number,2015,92.43949751001315,270.2750191558314,17.27957748942988
1,All Population,1,Deaths,164,Nepal,3,Both,22,All ages,403,Acute hepatitis C,1,Number,2015,21.482168752464712,63.44136765684103,1.539622024536457
1,All Population,1,Deaths,164,Nepal,3,Both,22,All ages,404,Acute hepatitis E,1,Number,2015,12.105949596704928,42.989028581405336,2.4465789387663173
1,All Population,1,Deaths,164,Nepal,3,Both,22,All ages,408,Other unspecified infectious diseases,1,Number,2015,1000.8888172708728,2067.2982059955975,489.7367296389483
1,All Population,1,Deaths,164,Nepal,3,Both,22,All ages,411,Esophageal cancer,1,Number,2015,757.9266194291935,1034.6743205290518,496.87298488232096
1,All Population,1,Deaths,164,Nepal,3,Both,22,All ages,414,Stomach cancer,1,Number,2015,1094.840097958505,1615.0442222904135,706.1169922819012
1,All Population,1,Deaths,164,Nepal,3,Both,22,All ages,940,Electrocution,1,Number,2014,46.273837308741726,97.61902969949863,18.15751876398196
1,All Population,1,Deaths,164,Nepal,3,Both,22,All ages,942,Myocarditis,1,Number,2014,93.843800252365,180.17829390236085,39.123697023959366
1,All Population,1,Deaths,164,Nepal,3,Both,22,All ages,943,Other leukemia,1,Number,2014,141.99715645770036,217.12605145112718,82.00971206237072
1,All Population,1,Deaths,164,Nepal,3,Both,22,All ages,944,Other cardiomyopathy,1,Number,2014,861.5230469756655,1452.9073194321052,422.4825933149284
1,All Population,1,Deaths,164,Nepal,3,Both,22,All ages,418,Liver cancer due to hepatitis B,1,Number,2015,88.61595529466423,144.057422820339,50.785009109272465
1,All Population,1,Deaths,164,Nepal,3,Both,22,All ages,419,Liver cancer due to hepatitis C,1,Number,2015,97.25710217101974,150.7770979502131,58.60047569132499
1,All Population,1,Deaths,164,Nepal,3,Both,22,All ages,420,Liver cancer due to alcohol use,1,Number,2015,85.63547365557707,135.314824653544,46.3219642749538
1,All Population,1,Deaths,164,Nepal,3,Both,22,All ages,421,Liver cancer due to other causes,1,Number,2015,11.846385867013897,18.765009513752286,6.438690787315394
1,All Population,1,Deaths,164,Nepal,3,Both,22,All ages,423,Larynx cancer,1,Number,2015,321.65948557071835,531.13583354232,170.40165882944666
1,All Population,1,Deaths,164,Nepal,3,Both,22,All ages,426,"Tracheal, bronchus, and lung cancer",1,Number,2015,1052.2090769226984,1422.8153107329215,783.8851103648134
1,All Population,1,Deaths,164,Nepal,3,Both,22,All ages,429,Breast cancer,1,Number,2015,826.8187010923124,1172.6730243203049,572.0779634887507
1,All Population,1,Deaths,164,Nepal,3,Both,22,All ages,432,Cervical cancer,1,Number,2015,862.5111659388926,1397.7208336287972,456.01778352722135
1,All Population,1,Deaths,164,Nepal,3,Both,22,All ages,435,Uterine cancer,1,Number,2015,70.40821195272011,129.44090980624725,29.882204543866145
1,All Population,1,Deaths,164,Nepal,3,Both,22,All ages,438,Prostate cancer,1,Number,2015,325.0321756547259,507.1242466244101,199.6396919272864
1,All Population,1,Deaths,164,Nepal,3,Both,22,All ages,441,Colon and rectum cancer,1,Number,2015,567.5504173899328,759.7977021777986,430.32517115803984
1,All Population,1,Deaths,164,Nepal,3,Both,22,All ages,444,Lip and oral cavity cancer,1,Number,2015,725.3907922858338,1026.7261361980495,526.9237901872032
1,All Population,1,Deaths,164,Nepal,3,Both,22,All ages,447,Nasopharynx cancer,1,Number,2015,158.10852966310682,207.8642899397059,116.37672793221462
1,All Population,1,Deaths,164,Nepal,3,Both,22,All ages,450,Other pharynx cancer,1,Number,2015,442.9965665302756,628.7272668214314,295.3737192839973
1,All Population,1,Deaths,164,Nepal,3,Both,22,All ages,453,Gallbladder and biliary tract cancer,1,Number,2015,320.0984474736321,432.5913842051391,227.8430706796662
1,All Population,1,Deaths,164,Nepal,3,Both,22,All ages,456,Pancreatic cancer,1,Number,2015,186.68979751524475,248.29146572587027,143.41478582850044
1,All Population,1,Deaths,164,Nepal,3,Both,22,All ages,459,Malignant skin melanoma,1,Number,2015,15.283441091619308,25.593032233100597,9.368374597674746
1,All Population,1,Deaths,164,Nepal,3,Both,22,All ages,465,Ovarian cancer,1,Number,2015,312.58206613456883,588.6493230578467,199.08952294806906
1,All Population,1,Deaths,164,Nepal,3,Both,22,All ages,592,Chronic kidney disease due to glomerulonephritis,1,Number,2015,305.0281223478236,448.1453150908705,199.8735845645273
1,All Population,1,Deaths,164,Nepal,3,Both,22,All ages,593,Chronic kidney disease due to other and unspecified causes,1,Number,2015,917.6362223937721,1269.1893480176018,579.760176362193
1,All Population,1,Deaths,164,Nepal,3,Both,22,All ages,595,Urinary tract infections and interstitial nephritis,1,Number,2015,446.1797816527785,621.4127915248225,290.8253991649723
1,All Population,1,Deaths,164,Nepal,3,Both,22,All ages,1024,Ulcerative colitis,1,Number,2016,82.00790142054896,132.2073056830278,48.04476553923778
1,All Population,1,Deaths,164,Nepal,3,Both,22,All ages,1025,Crohn's disease,1,Number,2016,15.752505526333863,32.37782438321535,6.940241459643762
1,All Population,1,Deaths,164,Nepal,3,Both,22,All ages,1026,Total burden related to hepatitis B,1,Number,2016,2253.2533464164712,3206.0413493267215,1407.4386793987185
1,All Population,1,Deaths,164,Nepal,3,Both,22,All ages,1027,Total burden related to hepatitis C,1,Number,2016,727.0253714398001,1136.676686553695,432.5487361031894
1,All Population,1,Deaths,164,Nepal,3,Both,22,All ages,1028,Total burden related to Non-alcoholic fatty liver disease (NAFLD),1,Number,2016,160.8358805921557,239.5861879520788,96.54184688238581
1,All Population,1,Deaths,164,Nepal,3,Both,22,All ages,1029,Total cancers,1,Number,2016,11718.28806110001,13189.411602243787,10444.508149162246
1,All Population,1,Deaths,164,Nepal,3,Both,22,All ages,1032,Thyroid diseases,1,Number,2016,14.195052607334816,23.544175754242325,6.406831233864205
1,All Population,1,Deaths,164,Nepal,3,Both,22,All ages,1048,COVID-19,1,Number,2016,0.0,0.0,0.0
1,All Population,1,Deaths,164,Nepal,3,Both,22,All ages,332,Meningitis,1,Number,2016,1074.4512466698736,1506.564322826019,709.2554798892533
1,All Population,1,Deaths,164,Nepal,3,Both,22,All ages,337,Encephalitis,1,Number,2016,489.11551498410074,989.9482838471372,179.604227732183
1,All Population,1,Deaths,164,Nepal,3,Both,22,All ages,338,Diphtheria,1,Number,2016,6.133397008802228,9.351697137121507,3.708750065758092
1,All Population,1,Deaths,164,Nepal,3,Both,22,All ages,339,Pertussis,1,Number,2016,518.5167485548462,1422.7854683222438,55.0965350321014
1,All Population,1,Deaths,164,Nepal,3,Both,22,All ages,340,Tetanus,1,Number,2016,406.5774584459324,693.7063826208207,196.39904156609353
1,All Population,1,Deaths,164,Nepal,3,Both,22,All ages,341,Measles,1,Number,2016,608.496994448453,1293.3283004045045,234.5967435824598
1,All Population,1,Deaths,164,Nepal,3,Both,22,All ages,342,Varicella and herpes zoster,1,Number,2016,75.61734802783826,99.3036833546069,56.098387600736146
1,All Population,1,Deaths,164,Nepal,3,Both,22,All ages,345,Malaria,1,Number,2016,6.322810652138024,13.73955993284082,3.024299179777079
1,All Population,1,Deaths,164,Nepal,3,Both,22,All ages,346,Chagas disease,1,Number,2016,0.0,0.0,0.0
1,All Population,1,Deaths,164,Nepal,3,Both,22,All ages,348,Visceral leishmaniasis,1,Number,2016,30.867334867168555,98.25825960668436,0.007864284426321876
1,All Population,1,Deaths,164,Nepal,3,Both,22,All ages,350,African trypanosomiasis,1,Number,2016,0.0,0.0,0.0
1,All Population,1,Deaths,164,Nepal,3,Both,22,All ages,351,Schistosomiasis,1,Number,2016,0.0,0.0,0.0
1,All Population,1,Deaths,164,Nepal,3,Both,22,All ages,352,Cysticercosis,1,Number,2016,1.5434621352651212,2.2769938056568377,0.8487511409809594
1,All Population,1,Deaths,164,Nepal,3,Both,22,All ages,507,Other cardiovascular and circulatory diseases,1,Number,2016,490.1508563239926,736.436504672578,301.02569387438217
1,All Population,1,Deaths,164,Nepal,3,Both,22,All ages,509,Chronic obstructive pulmonary disease,1,Number,2016,19868.111310851113,25904.35259121762,14583.65933816914
1,All Population,1,Deaths,164,Nepal,3,Both,22,All ages,596,Urolithiasis,1,Number,2015,59.23394363949205,78.98988789362856,41.78171138366626
1,All Population,1,Deaths,164,Nepal,3,Both,22,All ages,602,Other urinary diseases,1,Number,2015,433.5922758727488,577.456168747703,314.7563493710881
1,All Population,1,Deaths,164,Nepal,3,Both,22,All ages,604,Uterine fibroids,1,Number,2015,12.924739665436482,30.492657249533192,4.127764498640096
1,All Population,1,Deaths,164,Nepal,3,Both,22,All ages,607,Endometriosis,1,Number,2015,0.16017800781179412,0.7704203747905809,0.004682506336363764
1,All Population,1,Deaths,164,Nepal,3,Both,22,All ages,608,Genital prolapse,1,Number,2015,2.114574993032982,6.127499961632898,0.45883661993705915
1,All Population,1,Deaths,164,Nepal,3,Both,22,All ages,612,Other gynecological diseases,1,Number,2015,23.151515134857913,48.921887396916645,9.455240090552405
1,All Population,1,Deaths,164,Nepal,3,Both,22,All ages,614,Thalassemias,1,Number,2015,64.87645240181213,104.74704545971623,42.34427020893479
1,All Population,1,Deaths,164,Nepal,3,Both,22,All ages,615,Sickle cell disorders,1,Number,2015,9.976444235268467,15.277255623224955,6.264347876690866
1,All Population,1,Deaths,164,Nepal,3,Both,22,All ages,616,G6PD deficiency,1,Number,2015,26.700209835663987,40.793197770451314,16.904408109533048
1,All Population,1,Deaths,164,Nepal,3,Both,22,All ages,618,Other hemoglobinopathies and hemolytic anemias,1,Number,2015,172.51849480008235,251.9372323910839,120.7707152465618
1,All Population,1,Deaths,164,Nepal,3,Both,22,All ages,625,"Other endocrine, metabolic, blood, and immune disorders",1,Number,2015,44.02242875313393,69.18108584092937,22.962604476119086
1,All Population,1,Deaths,164,Nepal,3,Both,22,All ages,627,Rheumatoid arthritis,1,Number,2015,118.05865623716981,198.98971442234503,53.62038524810057
1,All Population,1,Deaths,164,Nepal,3,Both,22,All ages,639,Other musculoskeletal disorders,1,Number,2015,184.10813722743853,294.11320615520225,102.03044316588017
1,All Population,1,Deaths,164,Nepal,3,Both,22,All ages,642,Neural tube defects,1,Number,2015,161.7424679546431,321.3305132040938,64.39515788106141
1,All Population,1,Deaths,164,Nepal,3,Both,22,All ages,511,Silicosis,1,Number,2016,8.577274477157674,21.516572650671357,2.6220525928610776
1,All Population,1,Deaths,164,Nepal,3,Both,22,All ages,512,Asbestosis,1,Number,2016,2.358720609884375,7.091429654937925,0.424952642878654
1,All Population,1,Deaths,164,Nepal,3,Both,22,All ages,513,Coal workers pneumoconiosis,1,Number,2016,2.543801138864315,10.599680610303524,0.3016559906793245
1,All Population,1,Deaths,164,Nepal,3,Both,22,All ages,514,Other pneumoconiosis,1,Number,2016,5.361749450981228,13.749215022897985,1.3634404660845947
1,All Population,1,Deaths,164,Nepal,3,Both,22,All ages,515,Asthma,1,Number,2016,3839.517149835945,7081.376479906569,1936.6684808277587
1,All Population,1,Deaths,164,Nepal,3,Both,22,All ages,516,Interstitial lung disease and pulmonary sarcoidosis,1,Number,2016,553.1173646006591,1289.3619348818502,280.17749169608624
1,All Population,1,Deaths,164,Nepal,3,Both,22,All ages,520,Other chronic respiratory diseases,1,Number,2016,374.94524068622337,699.5398569451056,210.65149990656954
1,All Population,1,Deaths,164,Nepal,3,Both,22,All ages,522,Chronic hepatitis B including cirrhosis,1,Number,2016,2069.815420147165,3013.2889107802057,1250.0362752446092
1,All Population,1,Deaths,164,Nepal,3,Both,22,All ages,523,Chronic hepatitis C including cirrhosis,1,Number,2016,602.3651326462151,1010.5104202810285,324.91052874782446
1,All Population,1,Deaths,164,Nepal,3,Both,22,All ages,524,Cirrhosis due to alcohol,1,Number,2016,1911.8539817338806,2842.692734947731,1154.7080861540176
1,All Population,1,Deaths,164,Nepal,3,Both,22,All ages,525,Cirrhosis due to other causes,1,Number,2016,641.3729188873693,949.2226653643086,378.5415692551071
1,All Population,1,Deaths,164,Nepal,3,Both,22,All ages,527,Peptic ulcer disease,1,Number,2016,2224.2735715899576,3728.537900823478,1415.5662579968605
1,All Population,1,Deaths,164,Nepal,3,Both,22,All ages,528,Gastritis and duodenitis,1,Number,2016,176.97481205863696,321.45789548747865,75.92014970700316
1,All Population,1,Deaths,164,Nepal,3,Both,22,All ages,529,Appendicitis,1,Number,2016,312.14627310301455,580.2508607794699,123.35759290178092
1,All Population,1,Deaths,164,Nepal,3,Both,22,All ages,530,Paralytic ileus and intestinal obstruction,1,Number,2016,1072.1051446181546,1666.1959276370783,686.1676638089722
1,All Population,1,Deaths,164,Nepal,3,Both,22,All ages,531,"Inguinal, femoral, and abdominal hernia",1,Number,2016,244.32912128266602,587.881516405539,114.69205106095815
1,All Population,1,Deaths,164,Nepal,3,Both,22,All ages,945,Conflict and terrorism,1,Number,2015,7.999542848933821,8.794075817830265,7.283950788550132
1,All Population,1,Deaths,164,Nepal,3,Both,22,All ages,946,Multidrug-resistant tuberculosis without extensive drug resistance,1,Number,2015,575.8015102818572,1298.0896399937449,196.19618269131482
1,All Population,1,Deaths,164,Nepal,3,Both,22,All ages,947,Extensively drug-resistant tuberculosis,1,Number,2015,21.719360065097238,51.312517100906526,7.10026990731318
1,All Population,1,Deaths,164,Nepal,3,Both,22,All ages,948,HIV/AIDS - Drug-susceptible Tuberculosis,1,Number,2015,285.69862338614195,458.1739072086394,151.1584539549139
1,All Population,1,Deaths,164,Nepal,3,Both,22,All ages,949,HIV/AIDS - Multidrug-resistant Tuberculosis without extensive drug resistance,1,Number,2015,34.24221826220182,81.37656963147062,10.109178400449153
1,All Population,1,Deaths,164,Nepal,3,Both,22,All ages,950,HIV/AIDS - Extensively drug-resistant Tuberculosis,1,Number,2015,1.2913234702884455,3.257109589781194,0.37971470490385567
1,All Population,1,Deaths,164,Nepal,3,Both,22,All ages,959,Invasive Non-typhoidal Salmonella (iNTS),1,Number,2015,95.61111964709717,129.8910687656686,64.66146951765938
1,All Population,1,Deaths,164,Nepal,3,Both,22,All ages,964,"Myelodysplastic, myeloproliferative, and other hematopoietic neoplasms",1,Number,2015,16.379759450731196,31.197895918647806,6.919418021072936
1,All Population,1,Deaths,164,Nepal,3,Both,22,All ages,968,Non-rheumatic calcific aortic valve disease,1,Number,2015,101.26021906345028,154.93054091172283,60.11116590295451
1,All Population,1,Deaths,164,Nepal,3,Both,22,All ages,969,Non-rheumatic degenerative mitral valve disease,1,Number,2015,57.0051799252786,95.98269881144819,29.829968759305242
1,All Population,1,Deaths,164,Nepal,3,Both,22,All ages,970,Other non-rheumatic valve diseases,1,Number,2015,1.586637605056473,3.3504591847420695,0.662232008713885
1,All Population,1,Deaths,164,Nepal,3,Both,22,All ages,971,Nonalcoholic fatty liver disease including cirrhosis,1,Number,2015,126.25534756452821,199.2522324765962,67.05349256810925
1,All Population,1,Deaths,164,Nepal,3,Both,22,All ages,975,Diabetes mellitus type 1,1,Number,2015,242.91786371077654,375.61970470515064,143.69731368570595
1,All Population,1,Deaths,164,Nepal,3,Both,22,All ages,976,Diabetes mellitus type 2,1,Number,2015,5628.772563144944,7512.295152437924,4070.6383613073535
1,All Population,1,Deaths,164,Nepal,3,Both,22,All ages,300,HIV/AIDS resulting in other diseases,1,Number,2017,1008.5059205459953,1537.0707524009713,616.5636456672391
1,All Population,1,Deaths,164,Nepal,3,Both,22,All ages,468,Testicular cancer,1,Number,2017,24.45298390651033,38.973373052905025,13.834289104528942
1,All Population,1,Deaths,164,Nepal,3,Both,22,All ages,471,Kidney cancer,1,Number,2017,120.29303852071253,195.4521596630199,77.68551871883797
1,All Population,1,Deaths,164,Nepal,3,Both,22,All ages,474,Bladder cancer,1,Number,2017,150.37941979336907,251.1357478635621,94.64600690559863
1,All Population,1,Deaths,164,Nepal,3,Both,22,All ages,477,Brain and central nervous system cancer,1,Number,2017,336.9917843185676,451.7775668897086,250.42684812432924
1,All Population,1,Deaths,164,Nepal,3,Both,22,All ages,480,Thyroid cancer,1,Number,2017,107.48221901422285,145.06505263721553,74.88390459980522
1,All Population,1,Deaths,164,Nepal,3,Both,22,All ages,697,Falls,1,Number,2016,2498.0045261087157,3247.186386483222,1736.0519209762056
1,All Population,1,Deaths,164,Nepal,3,Both,22,All ages,698,Drowning,1,Number,2016,1912.1292899265745,2617.2153257806517,1299.9036758429993
1,All Population,1,Deaths,164,Nepal,3,Both,22,All ages,699,"Fire, heat, and hot substances",1,Number,2016,575.3527639998782,888.0263274269187,349.4438318286601
1,All Population,1,Deaths,164,Nepal,3,Both,22,All ages,701,Poisoning by carbon monoxide,1,Number,2016,276.0371011802091,573.0769754202344,104.00912118374333
1,All Population,1,Deaths,164,Nepal,3,Both,22,All ages,703,Poisoning by other means,1,Number,2016,652.1638186371291,1051.0023078461145,320.92999798605587
1,All Population,1,Deaths,164,Nepal,3,Both,22,All ages,705,Unintentional firearm injuries,1,Number,2016,2.778395727772852,8.273428220297257,0.41806350234432604
1,All Population,1,Deaths,164,Nepal,3,Both,22,All ages,707,Other exposure to mechanical forces,1,Number,2016,276.4359900203103,472.72137505526734,157.2046617314904
1,All Population,1,Deaths,164,Nepal,3,Both,22,All ages,708,Adverse effects of medical treatment,1,Number,2016,736.0422970273547,991.7886530763392,531.5121449886667
1,All Population,1,Deaths,164,Nepal,3,Both,22,All ages,710,Venomous animal contact,1,Number,2016,669.9614581407156,1007.5944960840628,437.87283986064756
1,All Population,1,Deaths,164,Nepal,3,Both,22,All ages,711,Non-venomous animal contact,1,Number,2016,19.357183864270766,55.21524267190189,5.027790999837663
1,All Population,1,Deaths,164,Nepal,3,Both,22,All ages,713,Pulmonary aspiration and foreign body in airway,1,Number,2016,42.18627264606164,83.30765728340225,8.872987877090614
1,All Population,1,Deaths,164,Nepal,3,Both,22,All ages,715,Foreign body in other body part,1,Number,2016,2.8802943951904796,7.822846093318012,0.43960815287514465
1,All Population,1,Deaths,164,Nepal,3,Both,22,All ages,716,Other unintentional injuries,1,Number,2016,89.43826383991627,169.3162255813532,48.92083398529719
1,All Population,1,Deaths,164,Nepal,3,Both,22,All ages,483,Mesothelioma,1,Number,2017,13.241544856477754,17.81326765577371,9.297542533729136
1,All Population,1,Deaths,164,Nepal,3,Both,22,All ages,484,Hodgkin lymphoma,1,Number,2017,102.62517145285106,181.81913398905866,58.42370569269723
1,All Population,1,Deaths,164,Nepal,3,Both,22,All ages,486,Multiple myeloma,1,Number,2017,130.2185519177147,196.1618722336238,79.86709564473271
1,All Population,1,Deaths,164,Nepal,3,Both,22,All ages,489,Other malignant neoplasms,1,Number,2017,569.8962784384147,836.5895175933729,366.3368766077929
1,All Population,1,Deaths,164,Nepal,3,Both,22,All ages,492,Rheumatic heart disease,1,Number,2017,3893.8620772765094,6140.755813016534,2161.8311147187524
1,All Population,1,Deaths,164,Nepal,3,Both,22,All ages,493,Ischemic heart disease,1,Number,2017,16688.535667565342,21385.61256012979,12160.199426645371
1,All Population,1,Deaths,164,Nepal,3,Both,22,All ages,495,Ischemic stroke,1,Number,2017,6034.222432077486,9100.733728761983,3740.623456784654
1,All Population,1,Deaths,164,Nepal,3,Both,22,All ages,496,Intracerebral hemorrhage,1,Number,2017,7405.796984988194,10430.199863464988,4258.222667657204
1,All Population,1,Deaths,164,Nepal,3,Both,22,All ages,497,Subarachnoid hemorrhage,1,Number,2017,634.8359633003904,1243.6778965259093,290.9318192657847
1,All Population,1,Deaths,164,Nepal,3,Both,22,All ages,498,Hypertensive heart disease,1,Number,2017,2657.684381682638,4042.5079747825034,1676.7329672487635
1,All Population,1,Deaths,164,Nepal,3,Both,22,All ages,500,Atrial fibrillation and flutter,1,Number,2017,402.811262729604,569.746726348204,285.76785532512247
1,All Population,1,Deaths,164,Nepal,3,Both,22,All ages,501,Aortic aneurysm,1,Number,2017,129.7129750227672,246.23872551619098,75.05309857346438
1,All Population,1,Deaths,164,Nepal,3,Both,22,All ages,502,Lower extremity peripheral arterial disease,1,Number,2017,42.549071662028624,66.78206849065461,23.586159679923767
1,All Population,1,Deaths,164,Nepal,3,Both,22,All ages,503,Endocarditis,1,Number,2017,131.0359505948286,209.71503232066786,74.47084091494231
1,All Population,1,Deaths,164,Nepal,3,Both,22,All ages,353,Cystic echinococcosis,1,Number,2015,26.544089533883742,33.697459312162295,19.460254107593418
1,All Population,1,Deaths,164,Nepal,3,Both,22,All ages,357,Dengue,1,Number,2015,420.6677829007164,963.9797084667927,131.40768743804918
1,All Population,1,Deaths,164,Nepal,3,Both,22,All ages,358,Yellow fever,1,Number,2015,0.0,0.0,0.0
1,All Population,1,Deaths,164,Nepal,3,Both,22,All ages,359,Rabies,1,Number,2015,356.87827486946657,673.5874614670239,133.80403054218246
1,All Population,1,Deaths,164,Nepal,3,Both,22,All ages,361,Ascariasis,1,Number,2015,2.6314232516800824,4.145238051451226,1.1164391003730412
1,All Population,1,Deaths,164,Nepal,3,Both,22,All ages,365,Other neglected tropical diseases,1,Number,2015,38.2323809739622,68.17484811183186,19.036659362596968
1,All Population,1,Deaths,164,Nepal,3,Both,22,All ages,721,Self-harm by firearm,1,Number,2016,390.7176775481747,944.2568573305963,135.88585325925953
1,All Population,1,Deaths,164,Nepal,3,Both,22,All ages,1059,Total Cancers excluding Non-melanoma skin cancer,1,Number,2016,11662.165970592456,13131.673541320375,10395.686498990397
1,All Population,1,Deaths,164,Nepal,3,Both,22,All ages,1160,Other direct maternal disorders,1,Number,2016,86.6840880670971,139.88027177239874,51.03783385095616
1,All Population,1,Deaths,164,Nepal,3,Both,22,All ages,1161,Other digestive diseases,1,Number,2016,484.17581288020295,766.9013190538515,258.53634975862946
1,All Population,1,Deaths,164,Nepal,3,Both,22,All ages,1163,Self-harm by other specified means,1,Number,2016,4013.521403291747,5386.13079439315,2867.195891508516
1,All Population,1,Deaths,164,Nepal,3,Both,22,All ages,1164,Other benign and in situ neoplasms,1,Number,2016,73.77743764067783,115.26047562885805,40.82514966803808
1,All Population,1,Deaths,164,Nepal,3,Both,22,All ages,402,Acute hepatitis B,1,Number,2016,91.2201391165476,248.5331337277639,16.68476806080503
1,All Population,1,Deaths,164,Nepal,3,Both,22,All ages,403,Acute hepatitis C,1,Number,2016,22.08029214429311,61.900190574965215,1.7176207045404017
1,All Population,1,Deaths,164,Nepal,3,Both,22,All ages,404,Acute hepatitis E,1,Number,2016,12.02263840712057,43.10243552314164,2.4766759976013684
1,All Population,1,Deaths,164,Nepal,3,Both,22,All ages,408,Other unspecified infectious diseases,1,Number,2016,1046.8024933947474,2170.0472247637717,500.83562109384303
1,All Population,1,Deaths,164,Nepal,3,Both,22,All ages,411,Esophageal cancer,1,Number,2016,798.067503640576,1117.685008049768,528.6132947212907
1,All Population,1,Deaths,164,Nepal,3,Both,22,All ages,414,Stomach cancer,1,Number,2016,1132.649125674119,1676.7758443451778,731.1070363907595
1,All Population,1,Deaths,164,Nepal,3,Both,22,All ages,643,Congenital heart anomalies,1,Number,2017,1021.9688784378794,1425.355799306086,658.431809306213
1,All Population,1,Deaths,164,Nepal,3,Both,22,All ages,644,Orofacial clefts,1,Number,2017,14.09384036517674,43.47507517446179,2.470960112416768
1,All Population,1,Deaths,164,Nepal,3,Both,22,All ages,645,Down syndrome,1,Number,2017,41.60836756501087,75.47134514371413,18.632177513216984
1,All Population,1,Deaths,164,Nepal,3,Both,22,All ages,648,Other chromosomal abnormalities,1,Number,2017,37.639741719952674,67.90589342485038,16.81024362019648
1,All Population,1,Deaths,164,Nepal,3,Both,22,All ages,649,Congenital musculoskeletal and limb anomalies,1,Number,2017,27.926735235521402,49.7509063009592,13.799567522184054
1,All Population,1,Deaths,164,Nepal,3,Both,22,All ages,650,Urogenital congenital anomalies,1,Number,2017,37.875663500652294,85.5469204917424,12.733280858365887
1,All Population,1,Deaths,164,Nepal,3,Both,22,All ages,651,Digestive congenital anomalies,1,Number,2017,198.68182842335742,384.5419607485602,91.4559315765013
1,All Population,1,Deaths,164,Nepal,3,Both,22,All ages,652,Other congenital birth defects,1,Number,2017,2.596640272837861,8.204089261877055,0.5887093217398286
1,All Population,1,Deaths,164,Nepal,3,Both,22,All ages,656,Cellulitis,1,Number,2017,0.5137464631272195,1.2124128688103422,0.14791789498309466
1,All Population,1,Deaths,164,Nepal,3,Both,22,All ages,657,Pyoderma,1,Number,2017,1.2035368421221755,2.2941172422074567,0.550986216202828
1,All Population,1,Deaths,164,Nepal,3,Both,22,All ages,665,Decubitus ulcer,1,Number,2017,2.0983979984475543,3.454543354629384,1.1652343717518328
1,All Population,1,Deaths,164,Nepal,3,Both,22,All ages,668,Other skin and subcutaneous diseases,1,Number,2017,1.5443282435878605,2.64720943854027,0.7289530889190805
1,All Population,1,Deaths,164,Nepal,3,Both,22,All ages,686,Sudden infant death syndrome,1,Number,2017,106.74221051692449,182.6026189270489,60.32061552688036
1,All Population,1,Deaths,164,Nepal,3,Both,22,All ages,690,Pedestrian road injuries,1,Number,2017,907.4179084169359,1386.8129325037519,564.2981102642976
1,All Population,1,Deaths,164,Nepal,3,Both,22,All ages,691,Cyclist road injuries,1,Number,2017,134.92680990499062,282.46010353337743,66.45812659726107
1,All Population,1,Deaths,164,Nepal,3,Both,22,All ages,692,Motorcyclist road injuries,1,Number,2017,810.4095021112138,1256.9121666075232,485.33560838008395
1,All Population,1,Deaths,164,Nepal,3,Both,22,All ages,693,Motor vehicle road injuries,1,Number,2017,714.9904775895167,1123.721327056993,356.087830419871
1,All Population,1,Deaths,164,Nepal,3,Both,22,All ages,694,Other road injuries,1,Number,2017,17.920345722821693,50.67152215252113,5.412970496394604
1,All Population,1,Deaths,164,Nepal,3,Both,22,All ages,695,Other transport injuries,1,Number,2017,290.18619519348124,441.97004183840096,194.11153536580923
1,All Population,1,Deaths,164,Nepal,3,Both,22,All ages,995,Maternal abortion and miscarriage,1,Number,2017,34.28996697436176,55.48833076588219,19.875203139928544
1,All Population,1,Deaths,164,Nepal,3,Both,22,All ages,996,Liver cancer due to NASH,1,Number,2017,31.06672788255984,48.013851550524386,17.86639589260596
1,All Population,1,Deaths,164,Nepal,3,Both,22,All ages,997,Chronic kidney disease due to diabetes mellitus type 1,1,Number,2017,159.43237203540627,247.0085462711723,95.17464573552081
1,All Population,1,Deaths,164,Nepal,3,Both,22,All ages,998,Chronic kidney disease due to diabetes mellitus type 2,1,Number,2017,500.7184274461694,735.4956396731828,315.1160745608855
1,All Population,1,Deaths,164,Nepal,3,Both,22,All ages,1004,Pulmonary Arterial Hypertension,1,Number,2017,81.24798760262998,140.79054244536155,43.866153377380954
1,All Population,1,Deaths,164,Nepal,3,Both,22,All ages,1005,Hepatoblastoma,1,Number,2017,3.078280073612696,4.662933278327239,1.8857211770484021
1,All Population,1,Deaths,164,Nepal,3,Both,22,All ages,1006,Burkitt lymphoma,1,Number,2017,8.669477358102094,15.728053381975148,4.049563154878228
1,All Population,1,Deaths,164,Nepal,3,Both,22,All ages,1007,Other non-Hodgkin lymphoma,1,Number,2017,418.05706958646874,583.917412322378,311.53091621878366
1,All Population,1,Deaths,164,Nepal,3,Both,22,All ages,1009,Retinoblastoma,1,Number,2017,13.17836720650448,40.02701867865178,3.7270804383756433
1,All Population,1,Deaths,164,Nepal,3,Both,22,All ages,1010,Other eye cancers,1,Number,2017,6.716626499446866,14.718030845924666,2.9727435639163113
1,All Population,1,Deaths,164,Nepal,3,Both,22,All ages,1011,Soft tissue and other extraosseous sarcomas,1,Number,2017,122.77370874967521,234.77431365290786,68.56352405195092
1,All Population,1,Deaths,164,Nepal,3,Both,22,All ages,1012,Malignant neoplasm of bone and articular cartilage,1,Number,2017,207.52940184653784,334.1209712739826,122.97826487614375
1,All Population,1,Deaths,164,Nepal,3,Both,22,All ages,1013,Neuroblastoma and other peripheral nervous cell tumors,1,Number,2017,10.09274115184157,15.048408236383366,6.596310170224295
1,All Population,1,Deaths,164,Nepal,3,Both,22,All ages,1024,Ulcerative colitis,1,Number,2017,85.6531112327292,137.91427660545716,48.67713878574698
1,All Population,1,Deaths,164,Nepal,3,Both,22,All ages,1025,Crohn's disease,1,Number,2017,16.27409594953866,33.06397639100083,7.048196697938619
1,All Population,1,Deaths,164,Nepal,3,Both,22,All ages,1026,Total burden related to hepatitis B,1,Number,2017,2326.944533624087,3371.588570012991,1441.1112209290593
1,All Population,1,Deaths,164,Nepal,3,Both,22,All ages,1027,Total burden related to hepatitis C,1,Number,2017,746.2134185576704,1128.9064560895592,444.0025441942256
1,All Population,1,Deaths,164,Nepal,3,Both,22,All ages,1028,Total burden related to Non-alcoholic fatty liver disease (NAFLD),1,Number,2017,168.2591123389541,246.69550737387334,101.88449239833268
1,All Population,1,Deaths,164,Nepal,3,Both,22,All ages,1029,Total cancers,1,Number,2017,12131.527993813692,13703.73424204734,10793.314613169858
1,All Population,1,Deaths,164,Nepal,3,Both,22,All ages,1032,Thyroid diseases,1,Number,2017,14.77705257819659,25.684947679382244,6.312157430138968
1,All Population,1,Deaths,164,Nepal,3,Both,22,All ages,1048,COVID-19,1,Number,2017,0.0,0.0,0.0
1,All Population,1,Deaths,164,Nepal,3,Both,22,All ages,367,Maternal hemorrhage,1,Number,2015,185.64240669011363,258.5231575794898,116.06988200882448
1,All Population,1,Deaths,164,Nepal,3,Both,22,All ages,368,Maternal sepsis and other maternal infections,1,Number,2015,30.527651587229933,47.911156050722354,18.641176242514987
1,All Population,1,Deaths,164,Nepal,3,Both,22,All ages,369,Maternal hypertensive disorders,1,Number,2015,85.9088759675891,122.45253821211492,58.26169415780977
1,All Population,1,Deaths,164,Nepal,3,Both,22,All ages,370,Maternal obstructed labor and uterine rupture,1,Number,2015,37.18455653172086,67.99431009820884,18.38078053803376
1,All Population,1,Deaths,164,Nepal,3,Both,22,All ages,374,Ectopic pregnancy,1,Number,2015,0.3041867176133898,0.4613188766260133,0.18604907358918663
1,All Population,1,Deaths,164,Nepal,3,Both,22,All ages,375,Indirect maternal deaths,1,Number,2015,130.00186721028004,192.25679529304864,80.4394607237408
1,All Population,1,Deaths,164,Nepal,3,Both,22,All ages,376,Late maternal deaths,1,Number,2015,14.123500123662588,19.532882212502766,9.689636384698405
1,All Population,1,Deaths,164,Nepal,3,Both,22,All ages,381,Neonatal preterm birth,1,Number,2015,3534.7863024157314,4544.355099198771,2773.31354592168
1,All Population,1,Deaths,164,Nepal,3,Both,22,All ages,382,Neonatal encephalopathy due to birth asphyxia and trauma,1,Number,2015,4240.353357155585,5251.235243595397,3351.8815084196176
1,All Population,1,Deaths,164,Nepal,3,Both,22,All ages,383,Neonatal sepsis and other neonatal infections,1,Number,2015,1730.7231999652831,2996.481900919194,838.9610380243562
1,All Population,1,Deaths,164,Nepal,3,Both,22,All ages,384,Hemolytic disease and other neonatal jaundice,1,Number,2015,671.2930183426928,1098.477091915571,389.3308870143119
1,All Population,1,Deaths,164,Nepal,3,Both,22,All ages,385,Other neonatal disorders,1,Number,2015,1023.7802198672725,1548.5513500785878,642.0088195543634
1,All Population,1,Deaths,164,Nepal,3,Both,22,All ages,387,Protein-energy malnutrition,1,Number,2015,1246.4872744831348,1561.5846214397616,929.0995091172606
1,All Population,1,Deaths,164,Nepal,3,Both,22,All ages,391,Other nutritional deficiencies,1,Number,2015,404.7204155553197,606.5506908154499,247.15936920527616
1,All Population,1,Deaths,164,Nepal,3,Both,22,All ages,394,Syphilis,1,Number,2015,334.9398089147103,666.680949087968,123.6831995440864
1,All Population,1,Deaths,164,Nepal,3,Both,22,All ages,395,Chlamydial infection,1,Number,2015,6.341067050290602,14.993809887160204,2.0045378260821503
1,All Population,1,Deaths,164,Nepal,3,Both,22,All ages,396,Gonococcal infection,1,Number,2015,2.0751397953053354,4.487286911081731,0.7172953205803562
1,All Population,1,Deaths,164,Nepal,3,Both,22,All ages,399,Other sexually transmitted infections,1,Number,2015,19.56916642883967,46.646175611750735,6.285155140360799
1,All Population,1,Deaths,164,Nepal,3,Both,22,All ages,401,Acute hepatitis A,1,Number,2015,704.8448317038853,1305.8115394744725,356.27398606395076
1,All Population,1,Deaths,164,Nepal,3,Both,22,All ages,533,Vascular intestinal disorders,1,Number,2015,150.78246795412326,238.607986862605,87.23156512949262
1,All Population,1,Deaths,164,Nepal,3,Both,22,All ages,534,Gallbladder and biliary diseases,1,Number,2015,114.15407286341869,178.93102187953212,63.01614714465511
1,All Population,1,Deaths,164,Nepal,3,Both,22,All ages,535,Pancreatitis,1,Number,2015,537.8527555131216,874.7459593343348,343.84513247118156
1,All Population,1,Deaths,164,Nepal,3,Both,22,All ages,418,Liver cancer due to hepatitis B,1,Number,2016,92.21778715275704,150.45554031915867,53.305098301467844
1,All Population,1,Deaths,164,Nepal,3,Both,22,All ages,419,Liver cancer due to hepatitis C,1,Number,2016,102.57994664929211,155.9339621589204,60.84211743902964
1,All Population,1,Deaths,164,Nepal,3,Both,22,All ages,420,Liver cancer due to alcohol use,1,Number,2016,89.81109819211837,143.61247583404676,48.3771447860935
1,All Population,1,Deaths,164,Nepal,3,Both,22,All ages,421,Liver cancer due to other causes,1,Number,2016,12.458934273351918,19.725735188014763,6.696860996300907
1,All Population,1,Deaths,164,Nepal,3,Both,22,All ages,423,Larynx cancer,1,Number,2016,336.0086797801368,550.0537265762292,171.13609954389935
1,All Population,1,Deaths,164,Nepal,3,Both,22,All ages,426,"Tracheal, bronchus, and lung cancer",1,Number,2016,1111.410553483887,1485.4270569744651,832.060971479101
1,All Population,1,Deaths,164,Nepal,3,Both,22,All ages,429,Breast cancer,1,Number,2016,874.2042891433651,1229.566467243453,603.9402362962235
1,All Population,1,Deaths,164,Nepal,3,Both,22,All ages,432,Cervical cancer,1,Number,2016,893.306030564773,1409.9238676268224,459.0826742324338
1,All Population,1,Deaths,164,Nepal,3,Both,22,All ages,435,Uterine cancer,1,Number,2016,74.66680693785794,139.14991544782634,31.00186604138397
1,All Population,1,Deaths,164,Nepal,3,Both,22,All ages,438,Prostate cancer,1,Number,2016,338.893440102733,522.921469386562,205.79236483764592
1,All Population,1,Deaths,164,Nepal,3,Both,22,All ages,441,Colon and rectum cancer,1,Number,2016,595.4377953659565,789.8675726362713,455.8958816694017
1,All Population,1,Deaths,164,Nepal,3,Both,22,All ages,444,Lip and oral cavity cancer,1,Number,2016,757.7793770535652,1077.6209660015713,546.4216627084435
1,All Population,1,Deaths,164,Nepal,3,Both,22,All ages,447,Nasopharynx cancer,1,Number,2016,164.0885454623848,221.5554541084493,116.50339524599849
1,All Population,1,Deaths,164,Nepal,3,Both,22,All ages,450,Other pharynx cancer,1,Number,2016,461.841546520749,667.4562160192243,302.94190207894405
1,All Population,1,Deaths,164,Nepal,3,Both,22,All ages,453,Gallbladder and biliary tract cancer,1,Number,2016,336.71283584800443,454.28307991662183,241.22438356172933
1,All Population,1,Deaths,164,Nepal,3,Both,22,All ages,456,Pancreatic cancer,1,Number,2016,198.1924887605741,264.7508237061459,149.40473992265714
1,All Population,1,Deaths,164,Nepal,3,Both,22,All ages,459,Malignant skin melanoma,1,Number,2016,16.04413633352512,26.81431683410454,9.995741387528348
1,All Population,1,Deaths,164,Nepal,3,Both,22,All ages,465,Ovarian cancer,1,Number,2016,333.1493586347996,623.990984008024,212.48013863504147
1,All Population,1,Deaths,164,Nepal,3,Both,22,All ages,592,Chronic kidney disease due to glomerulonephritis,1,Number,2016,316.8381022017129,464.5464925067906,207.2035274100579
1,All Population,1,Deaths,164,Nepal,3,Both,22,All ages,593,Chronic kidney disease due to other and unspecified causes,1,Number,2016,955.1450331035167,1298.0612436950241,608.2217325859302
1,All Population,1,Deaths,164,Nepal,3,Both,22,All ages,595,Urinary tract infections and interstitial nephritis,1,Number,2016,466.1221405981971,651.6179751307569,309.3223208780465
1,All Population,1,Deaths,164,Nepal,3,Both,22,All ages,596,Urolithiasis,1,Number,2016,61.35061294635597,80.59812075676396,42.252697139273984
1,All Population,1,Deaths,164,Nepal,3,Both,22,All ages,602,Other urinary diseases,1,Number,2016,450.71429084531997,603.2015929778979,322.51157737158263
1,All Population,1,Deaths,164,Nepal,3,Both,22,All ages,604,Uterine fibroids,1,Number,2016,13.624775376875021,32.493290742027185,4.394935137882552
1,All Population,1,Deaths,164,Nepal,3,Both,22,All ages,607,Endometriosis,1,Number,2016,0.1798969034941911,0.8438314392867763,0.005195780587224242
1,All Population,1,Deaths,164,Nepal,3,Both,22,All ages,608,Genital prolapse,1,Number,2016,2.3149370487287086,6.68259410303876,0.4924860160574516
1,All Population,1,Deaths,164,Nepal,3,Both,22,All ages,612,Other gynecological diseases,1,Number,2016,24.39771853104386,52.08445432176249,9.75828215570316
1,All Population,1,Deaths,164,Nepal,3,Both,22,All ages,614,Thalassemias,1,Number,2016,63.87685071981086,99.15478730222567,42.71843038473865
1,All Population,1,Deaths,164,Nepal,3,Both,22,All ages,615,Sickle cell disorders,1,Number,2016,9.789064261979632,15.014807062035274,6.132725611244102
1,All Population,1,Deaths,164,Nepal,3,Both,22,All ages,616,G6PD deficiency,1,Number,2016,27.10893433822212,41.3332208166327,17.251331231970276
1,All Population,1,Deaths,164,Nepal,3,Both,22,All ages,618,Other hemoglobinopathies and hemolytic anemias,1,Number,2016,175.61124032865575,254.9019780040397,122.15433040074835
1,All Population,1,Deaths,164,Nepal,3,Both,22,All ages,625,"Other endocrine, metabolic, blood, and immune disorders",1,Number,2016,44.39065630264187,70.44726253761128,23.569037955534792
1,All Population,1,Deaths,164,Nepal,3,Both,22,All ages,627,Rheumatoid arthritis,1,Number,2016,123.95958185220061,208.4728966477289,58.41734697521591
1,All Population,1,Deaths,164,Nepal,3,Both,22,All ages,639,Other musculoskeletal disorders,1,Number,2016,193.03074017266047,310.68625215487555,108.09275041755207
1,All Population,1,Deaths,164,Nepal,3,Both,22,All ages,642,Neural tube defects,1,Number,2016,157.53468801249556,316.21921410961374,63.79769297407307
1,All Population,1,Deaths,164,Nepal,3,Both,22,All ages,543,Alzheimer's disease and other dementias,1,Number,2015,1834.8686702463606,4823.084343727504,438.50047465142177
1,All Population,1,Deaths,164,Nepal,3,Both,22,All ages,544,Parkinson's disease,1,Number,2015,493.25873813956235,612.3002739005029,399.2489053682946
1,All Population,1,Deaths,164,Nepal,3,Both,22,All ages,545,Idiopathic epilepsy,1,Number,2015,964.1895624950606,1368.2777382497545,684.5919391481349
1,All Population,1,Deaths,164,Nepal,3,Both,22,All ages,546,Multiple sclerosis,1,Number,2015,4.000480621193134,8.671440672543005,1.4572648464618578
1,All Population,1,Deaths,164,Nepal,3,Both,22,All ages,554,Motor neuron disease,1,Number,2015,5.712064996517043,13.054992242647199,2.2474463373810134
1,All Population,1,Deaths,164,Nepal,3,Both,22,All ages,557,Other neurological disorders,1,Number,2015,15.716130975419961,27.80122502075355,7.6443703125102695
1,All Population,1,Deaths,164,Nepal,3,Both,22,All ages,560,Alcohol use disorders,1,Number,2015,195.45438033815253,332.3952863079195,105.7202476508271
1,All Population,1,Deaths,164,Nepal,3,Both,22,All ages,562,Opioid use disorders,1,Number,2015,44.19036512230256,75.16799790827069,24.793244119722132
1,All Population,1,Deaths,164,Nepal,3,Both,22,All ages,563,Cocaine use disorders,1,Number,2015,7.6830396208392315,15.823066944239013,2.6625917843606226
1,All Population,1,Deaths,164,Nepal,3,Both,22,All ages,564,Amphetamine use disorders,1,Number,2015,1.516613424765877,3.904555942633983,0.4440040028499229
1,All Population,1,Deaths,164,Nepal,3,Both,22,All ages,566,Other drug use disorders,1,Number,2015,10.783081696987395,20.25252086281684,5.412018690855393
1,All Population,1,Deaths,164,Nepal,3,Both,22,All ages,573,Anorexia nervosa,1,Number,2015,0.041085756579954225,0.2470118522019369,0.005277922666217595
1,All Population,1,Deaths,164,Nepal,3,Both,22,All ages,588,Acute glomerulonephritis,1,Number,2015,4.987516458388091,10.960124762820461,1.2897174997872969
1,All Population,1,Deaths,164,Nepal,3,Both,22,All ages,591,Chronic kidney disease due to hypertension,1,Number,2015,364.2473548908944,550.7546780697717,220.60064824735653
1,All Population,1,Deaths,164,Nepal,3,Both,22,All ages,725,Physical violence by firearm,1,Number,2015,52.215768315904185,103.27320110698061,24.145934843590243
1,All Population,1,Deaths,164,Nepal,3,Both,22,All ages,726,Physical violence by sharp object,1,Number,2015,42.844825034269384,78.7523928327996,16.543846420929682
1,All Population,1,Deaths,164,Nepal,3,Both,22,All ages,727,Physical violence by other means,1,Number,2015,527.0227747841018,677.1490726893954,396.29057253869036
1,All Population,1,Deaths,164,Nepal,3,Both,22,All ages,729,Exposure to forces of nature,1,Number,2015,9033.48376215853,9930.710117284827,8225.401427970248
1,All Population,1,Deaths,164,Nepal,3,Both,22,All ages,741,Maternal deaths aggravated by HIV/AIDS,1,Number,2015,0.30641752466171485,0.4818188862872059,0.15882035777127745
1,All Population,1,Deaths,164,Nepal,3,Both,22,All ages,842,Environmental heat and cold exposure,1,Number,2015,44.17669073555102,99.29949863334879,6.059429607459233
1,All Population,1,Deaths,164,Nepal,3,Both,22,All ages,843,Ebola,1,Number,2015,0.0,0.0,0.0
1,All Population,1,Deaths,164,Nepal,3,Both,22,All ages,845,Acute lymphoid leukemia,1,Number,2015,201.46788009262343,357.61055927757207,127.3130415631865
1,All Population,1,Deaths,164,Nepal,3,Both,22,All ages,846,Chronic lymphoid leukemia,1,Number,2015,17.223852165046566,29.13348656991894,7.20308233217542
1,All Population,1,Deaths,164,Nepal,3,Both,22,All ages,847,Acute myeloid leukemia,1,Number,2015,152.76289550773512,276.93108302646965,80.26920122055132
1,All Population,1,Deaths,164,Nepal,3,Both,22,All ages,848,Chronic myeloid leukemia,1,Number,2015,98.7886716935205,162.95520752917304,43.5051647058233
1,All Population,1,Deaths,164,Nepal,3,Both,22,All ages,849,Non-melanoma skin cancer (squamous-cell carcinoma),1,Number,2015,53.319353176669345,79.16789043629907,35.33052998771149
1,All Population,1,Deaths,164,Nepal,3,Both,22,All ages,854,Police conflict and executions,1,Number,2015,42.096156214729234,46.25938952331585,38.31693268238094
1,All Population,1,Deaths,164,Nepal,3,Both,22,All ages,934,Drug-susceptible tuberculosis,1,Number,2015,5919.404325792423,8474.544204209973,3964.4197637916072
1,All Population,1,Deaths,164,Nepal,3,Both,22,All ages,935,Zika virus,1,Number,2015,0.0,0.0,0.0
1,All Population,1,Deaths,164,Nepal,3,Both,22,All ages,938,Alcoholic cardiomyopathy,1,Number,2015,38.247427304826125,118.3353875152069,8.557629846596834
1,All Population,1,Deaths,164,Nepal,3,Both,22,All ages,945,Conflict and terrorism,1,Number,2016,8.384140870253448,9.216872997962,7.634144932586651
1,All Population,1,Deaths,164,Nepal,3,Both,22,All ages,946,Multidrug-resistant tuberculosis without extensive drug resistance,1,Number,2016,583.277851829833,1326.618102501052,192.14833384905492
1,All Population,1,Deaths,164,Nepal,3,Both,22,All ages,947,Extensively drug-resistant tuberculosis,1,Number,2016,22.995134698866902,54.27368915837814,6.845701435884723
1,All Population,1,Deaths,164,Nepal,3,Both,22,All ages,948,HIV/AIDS - Drug-susceptible Tuberculosis,1,Number,2016,267.6464179893417,443.0963027241289,140.56630778099122
1,All Population,1,Deaths,164,Nepal,3,Both,22,All ages,949,HIV/AIDS - Multidrug-resistant Tuberculosis without extensive drug resistance,1,Number,2016,32.887296060659374,81.69925246953194,9.31863738598878
1,All Population,1,Deaths,164,Nepal,3,Both,22,All ages,950,HIV/AIDS - Extensively drug-resistant Tuberculosis,1,Number,2016,1.2960503562754309,3.324869873401651,0.3382019037626985
1,All Population,1,Deaths,164,Nepal,3,Both,22,All ages,959,Invasive Non-typhoidal Salmonella (iNTS),1,Number,2016,93.20525801801637,124.7018389433725,63.17135014890418
1,All Population,1,Deaths,164,Nepal,3,Both,22,All ages,964,"Myelodysplastic, myeloproliferative, and other hematopoietic neoplasms",1,Number,2016,17.331641049850216,33.06323044548034,7.420087566580808
1,All Population,1,Deaths,164,Nepal,3,Both,22,All ages,968,Non-rheumatic calcific aortic valve disease,1,Number,2016,106.24926115220859,165.9295346523507,62.583511889443834
1,All Population,1,Deaths,164,Nepal,3,Both,22,All ages,969,Non-rheumatic degenerative mitral valve disease,1,Number,2016,59.349482601037586,104.3286365890059,31.213265993186845
1,All Population,1,Deaths,164,Nepal,3,Both,22,All ages,970,Other non-rheumatic valve diseases,1,Number,2016,1.6717630870743938,3.517437315477671,0.6549241251401531
1,All Population,1,Deaths,164,Nepal,3,Both,22,All ages,971,Nonalcoholic fatty liver disease including cirrhosis,1,Number,2016,131.38005214113406,210.28737986544243,69.71248437872043
1,All Population,1,Deaths,164,Nepal,3,Both,22,All ages,940,Electrocution,1,Number,2015,45.93133809666375,96.1788050611588,18.237490800200288
1,All Population,1,Deaths,164,Nepal,3,Both,22,All ages,942,Myocarditis,1,Number,2015,91.79805389505782,176.75779681785284,39.80280197867724
1,All Population,1,Deaths,164,Nepal,3,Both,22,All ages,943,Other leukemia,1,Number,2015,145.86299725851845,219.12376880253316,85.79494026713645
1,All Population,1,Deaths,164,Nepal,3,Both,22,All ages,944,Other cardiomyopathy,1,Number,2015,866.1443692103991,1418.1400733545788,435.7133324987465
1,All Population,1,Deaths,164,Nepal,3,Both,22,All ages,975,Diabetes mellitus type 1,1,Number,2016,246.36390696976983,374.0805684054116,146.44879480076546
1,All Population,1,Deaths,164,Nepal,3,Both,22,All ages,976,Diabetes mellitus type 2,1,Number,2016,5895.136676556314,8051.1360778268145,4132.047101795382
1,All Population,1,Deaths,164,Nepal,3,Both,22,All ages,302,Diarrheal diseases,1,Number,2017,3693.3398562732477,6585.696728901485,2139.535866310382
1,All Population,1,Deaths,164,Nepal,3,Both,22,All ages,319,Typhoid fever,1,Number,2017,1073.8637572708676,1729.7462650313512,558.9280226743365
1,All Population,1,Deaths,164,Nepal,3,Both,22,All ages,320,Paratyphoid fever,1,Number,2017,238.1541782713041,458.00407557965036,108.61680747934244
1,All Population,1,Deaths,164,Nepal,3,Both,22,All ages,321,Other intestinal infectious diseases,1,Number,2017,3.3195351527916994,5.250278571382627,2.155727140531668
1,All Population,1,Deaths,164,Nepal,3,Both,22,All ages,322,Lower respiratory infections,1,Number,2017,9137.825198923076,12244.872900239472,6572.153890643841
1,All Population,1,Deaths,164,Nepal,3,Both,22,All ages,328,Upper respiratory infections,1,Number,2017,58.60895303082623,166.03778783193837,3.7559488787944164
1,All Population,1,Deaths,164,Nepal,3,Both,22,All ages,329,Otitis media,1,Number,2017,3.6703464835949338,9.660808070750267,1.1386699203736173
1,All Population,1,Deaths,164,Nepal,3,Both,22,All ages,332,Meningitis,1,Number,2017,1002.0544994032309,1404.2265655954664,659.5593773938898
1,All Population,1,Deaths,164,Nepal,3,Both,22,All ages,337,Encephalitis,1,Number,2017,484.75487783429753,995.595117860523,180.60146340236992
1,All Population,1,Deaths,164,Nepal,3,Both,22,All ages,338,Diphtheria,1,Number,2017,5.8852886685600785,9.128593750336183,3.596526486421488
1,All Population,1,Deaths,164,Nepal,3,Both,22,All ages,339,Pertussis,1,Number,2017,518.403986063396,1574.746868320305,51.73452043520255
1,All Population,1,Deaths,164,Nepal,3,Both,22,All ages,340,Tetanus,1,Number,2017,354.9542486190995,612.6638371265628,165.07980361135392
1,All Population,1,Deaths,164,Nepal,3,Both,22,All ages,341,Measles,1,Number,2017,579.977492778297,1143.9295967176247,238.14640745187083
1,All Population,1,Deaths,164,Nepal,3,Both,22,All ages,342,Varicella and herpes zoster,1,Number,2017,75.49312653965616,102.56517995450486,55.28357965775603
1,All Population,1,Deaths,164,Nepal,3,Both,22,All ages,345,Malaria,1,Number,2017,2.268718416001024,4.614683141601328,0.9136527237683513
1,All Population,1,Deaths,164,Nepal,3,Both,22,All ages,346,Chagas disease,1,Number,2017,0.0,0.0,0.0
1,All Population,1,Deaths,164,Nepal,3,Both,22,All ages,348,Visceral leishmaniasis,1,Number,2017,27.580979781743643,88.42490625109252,0.007327518555012726
1,All Population,1,Deaths,164,Nepal,3,Both,22,All ages,350,African trypanosomiasis,1,Number,2017,0.0,0.0,0.0
1,All Population,1,Deaths,164,Nepal,3,Both,22,All ages,351,Schistosomiasis,1,Number,2017,0.0,0.0,0.0
1,All Population,1,Deaths,164,Nepal,3,Both,22,All ages,352,Cysticercosis,1,Number,2017,1.50211818004615,2.211282423335671,0.8979077733830828
1,All Population,1,Deaths,164,Nepal,3,Both,22,All ages,507,Other cardiovascular and circulatory diseases,1,Number,2017,504.1107704954767,756.6910815617564,310.1955186512825
1,All Population,1,Deaths,164,Nepal,3,Both,22,All ages,509,Chronic obstructive pulmonary disease,1,Number,2017,20544.023455574767,26904.037582636898,14991.280783511913
1,All Population,1,Deaths,164,Nepal,3,Both,22,All ages,511,Silicosis,1,Number,2017,8.758093915027825,21.104229501654842,2.68656494573007
1,All Population,1,Deaths,164,Nepal,3,Both,22,All ages,512,Asbestosis,1,Number,2017,2.363002505334969,6.799845815949714,0.4914036894413578
1,All Population,1,Deaths,164,Nepal,3,Both,22,All ages,513,Coal workers pneumoconiosis,1,Number,2017,2.576802124062018,11.352907595088087,0.33919845844882013
1,All Population,1,Deaths,164,Nepal,3,Both,22,All ages,514,Other pneumoconiosis,1,Number,2017,5.421035519468741,13.450130358186485,1.356165734752311
1,All Population,1,Deaths,164,Nepal,3,Both,22,All ages,515,Asthma,1,Number,2017,3818.4167865788972,6979.359606959595,1974.080978043898
1,All Population,1,Deaths,164,Nepal,3,Both,22,All ages,516,Interstitial lung disease and pulmonary sarcoidosis,1,Number,2017,576.1304944862733,1348.8338479002273,290.3552201901839
1,All Population,1,Deaths,164,Nepal,3,Both,22,All ages,520,Other chronic respiratory diseases,1,Number,2017,375.43200916245377,688.7995316276528,214.66570414772295
1,All Population,1,Deaths,164,Nepal,3,Both,22,All ages,522,Chronic hepatitis B including cirrhosis,1,Number,2017,2131.5038642192194,3126.12889356623,1266.0123628200224
1,All Population,1,Deaths,164,Nepal,3,Both,22,All ages,523,Chronic hepatitis C including cirrhosis,1,Number,2017,614.4428145056089,976.4578299212347,345.33836789868417
1,All Population,1,Deaths,164,Nepal,3,Both,22,All ages,524,Cirrhosis due to alcohol,1,Number,2017,1934.4348496308303,2813.6593149961736,1172.7249904709292
1,All Population,1,Deaths,164,Nepal,3,Both,22,All ages,525,Cirrhosis due to other causes,1,Number,2017,642.5574623978232,969.9726507392907,385.6306694839853
1,All Population,1,Deaths,164,Nepal,3,Both,22,All ages,527,Peptic ulcer disease,1,Number,2017,2264.808453456835,3864.245993693833,1450.4981665446142
1,All Population,1,Deaths,164,Nepal,3,Both,22,All ages,528,Gastritis and duodenitis,1,Number,2017,178.32696353976738,324.14698951074735,74.66092829475718
1,All Population,1,Deaths,164,Nepal,3,Both,22,All ages,529,Appendicitis,1,Number,2017,313.97830177839023,577.0406350304738,124.16497957360738
1,All Population,1,Deaths,164,Nepal,3,Both,22,All ages,530,Paralytic ileus and intestinal obstruction,1,Number,2017,1099.1614853336127,1698.0262579050202,698.7104381604
1,All Population,1,Deaths,164,Nepal,3,Both,22,All ages,531,"Inguinal, femoral, and abdominal hernia",1,Number,2017,251.3948249813771,555.1020498656994,117.17647782338577
1,All Population,1,Deaths,164,Nepal,3,Both,22,All ages,697,Falls,1,Number,2017,2582.812622515337,3395.7577695239065,1775.095412965049
1,All Population,1,Deaths,164,Nepal,3,Both,22,All ages,698,Drowning,1,Number,2017,1915.1710656062587,2615.4394479111947,1279.8178108196682
1,All Population,1,Deaths,164,Nepal,3,Both,22,All ages,699,"Fire, heat, and hot substances",1,Number,2017,558.247705531157,840.483029057219,334.4902725222374
1,All Population,1,Deaths,164,Nepal,3,Both,22,All ages,701,Poisoning by carbon monoxide,1,Number,2017,284.53776065977013,582.1305219771486,105.89082733416485
1,All Population,1,Deaths,164,Nepal,3,Both,22,All ages,703,Poisoning by other means,1,Number,2017,653.2006537601394,1051.2750337074788,314.06926934236964
1,All Population,1,Deaths,164,Nepal,3,Both,22,All ages,705,Unintentional firearm injuries,1,Number,2017,2.6572861946592954,8.393257580469996,0.4109913060710201
1,All Population,1,Deaths,164,Nepal,3,Both,22,All ages,707,Other exposure to mechanical forces,1,Number,2017,278.6790863699183,471.108028573845,158.99465559665987
1,All Population,1,Deaths,164,Nepal,3,Both,22,All ages,708,Adverse effects of medical treatment,1,Number,2017,745.2669050127728,1002.4032784218784,554.3189637234296
1,All Population,1,Deaths,164,Nepal,3,Both,22,All ages,710,Venomous animal contact,1,Number,2017,676.7552600786881,1015.7606837752878,443.7281944432384
1,All Population,1,Deaths,164,Nepal,3,Both,22,All ages,711,Non-venomous animal contact,1,Number,2017,20.13274981849877,52.922028165574496,5.655882693468407
1,All Population,1,Deaths,164,Nepal,3,Both,22,All ages,713,Pulmonary aspiration and foreign body in airway,1,Number,2017,43.825373096417195,87.3217261909545,9.468880576111825
1,All Population,1,Deaths,164,Nepal,3,Both,22,All ages,715,Foreign body in other body part,1,Number,2017,2.901211180149566,7.804925588438317,0.43392301350244006
1,All Population,1,Deaths,164,Nepal,3,Both,22,All ages,716,Other unintentional injuries,1,Number,2017,89.68860385024189,168.05269059056556,48.65689893660254
1,All Population,1,Deaths,164,Nepal,3,Both,22,All ages,721,Self-harm by firearm,1,Number,2017,390.6332534218808,984.1267657113551,141.1486000778251
1,All Population,1,Deaths,164,Nepal,3,Both,22,All ages,1059,Total Cancers excluding Non-melanoma skin cancer,1,Number,2017,12072.58188999585,13647.362285149053,10748.05383559711
1,All Population,1,Deaths,164,Nepal,3,Both,22,All ages,1160,Other direct maternal disorders,1,Number,2017,109.07342269671999,164.158075560811,67.8678992403151
1,All Population,1,Deaths,164,Nepal,3,Both,22,All ages,1161,Other digestive diseases,1,Number,2017,497.9369911871485,776.5042888233645,274.30604555733316
1,All Population,1,Deaths,164,Nepal,3,Both,22,All ages,1163,Self-harm by other specified means,1,Number,2017,4093.7360829831314,5573.654000311894,2924.313807760285
1,All Population,1,Deaths,164,Nepal,3,Both,22,All ages,1164,Other benign and in situ neoplasms,1,Number,2017,75.71756606668824,117.27526044803047,41.604570907757136
1,All Population,1,Deaths,164,Nepal,3,Both,22,All ages,302,Diarrheal diseases,1,Number,2018,3510.3195493596713,6560.52448840871,1996.8023380835132
1,All Population,1,Deaths,164,Nepal,3,Both,22,All ages,319,Typhoid fever,1,Number,2018,968.1054682969274,1552.1997398873561,498.5305514841384
1,All Population,1,Deaths,164,Nepal,3,Both,22,All ages,320,Paratyphoid fever,1,Number,2018,216.27270261422592,418.6115184683162,98.8305340248312
1,All Population,1,Deaths,164,Nepal,3,Both,22,All ages,321,Other intestinal infectious diseases,1,Number,2018,3.3040344001246913,4.835730626253377,2.0150451414249058
1,All Population,1,Deaths,164,Nepal,3,Both,22,All ages,322,Lower respiratory infections,1,Number,2018,8965.577969855807,12133.62702803175,6465.116299719516
1,All Population,1,Deaths,164,Nepal,3,Both,22,All ages,328,Upper respiratory infections,1,Number,2018,56.20039344863789,157.89845671050097,3.8625940420307616
1,All Population,1,Deaths,164,Nepal,3,Both,22,All ages,329,Otitis media,1,Number,2018,3.6361383920110875,9.564216410135767,1.0894996282954508
1,All Population,1,Deaths,164,Nepal,3,Both,22,All ages,353,Cystic echinococcosis,1,Number,2016,26.91752264515414,34.61717126718487,20.196156965027374
1,All Population,1,Deaths,164,Nepal,3,Both,22,All ages,357,Dengue,1,Number,2016,437.2238480625872,1029.4696093256991,138.59187315089738
1,All Population,1,Deaths,164,Nepal,3,Both,22,All ages,358,Yellow fever,1,Number,2016,0.0,0.0,0.0
1,All Population,1,Deaths,164,Nepal,3,Both,22,All ages,359,Rabies,1,Number,2016,341.8340231462574,685.1442543513161,114.08664985540875
1,All Population,1,Deaths,164,Nepal,3,Both,22,All ages,361,Ascariasis,1,Number,2016,2.549700104661588,4.12960968853903,1.3223977007210577
1,All Population,1,Deaths,164,Nepal,3,Both,22,All ages,365,Other neglected tropical diseases,1,Number,2016,38.14562153464289,64.4686934867297,19.024694001912465
1,All Population,1,Deaths,164,Nepal,3,Both,22,All ages,332,Meningitis,1,Number,2018,923.0855331429716,1278.148781362545,602.5242875247294
1,All Population,1,Deaths,164,Nepal,3,Both,22,All ages,337,Encephalitis,1,Number,2018,471.2244324187464,968.8774641139712,175.33690883209195
1,All Population,1,Deaths,164,Nepal,3,Both,22,All ages,338,Diphtheria,1,Number,2018,5.555478243006794,8.95558854399935,3.50418253475449
1,All Population,1,Deaths,164,Nepal,3,Both,22,All ages,339,Pertussis,1,Number,2018,487.12275180552143,1446.7575654350715,43.97193961793957
1,All Population,1,Deaths,164,Nepal,3,Both,22,All ages,340,Tetanus,1,Number,2018,314.9198059419845,552.9655487739584,146.16226482361537
1,All Population,1,Deaths,164,Nepal,3,Both,22,All ages,341,Measles,1,Number,2018,997.7465811137805,1788.8545502276395,419.92189288976186
1,All Population,1,Deaths,164,Nepal,3,Both,22,All ages,342,Varicella and herpes zoster,1,Number,2018,74.18801841923579,97.04372348207228,54.98340697260422
1,All Population,1,Deaths,164,Nepal,3,Both,22,All ages,345,Malaria,1,Number,2018,0.687369301990383,1.9273173927740037,0.1337646491090279
1,All Population,1,Deaths,164,Nepal,3,Both,22,All ages,346,Chagas disease,1,Number,2018,0.0,0.0,0.0
1,All Population,1,Deaths,164,Nepal,3,Both,22,All ages,348,Visceral leishmaniasis,1,Number,2018,24.703261874153405,78.98284284886655,0.006591154091443284
1,All Population,1,Deaths,164,Nepal,3,Both,22,All ages,350,African trypanosomiasis,1,Number,2018,0.0,0.0,0.0
1,All Population,1,Deaths,164,Nepal,3,Both,22,All ages,351,Schistosomiasis,1,Number,2018,0.0,0.0,0.0
1,All Population,1,Deaths,164,Nepal,3,Both,22,All ages,352,Cysticercosis,1,Number,2018,1.4553857586713408,2.169555462128558,0.8168434778537719
1,All Population,1,Deaths,164,Nepal,3,Both,22,All ages,507,Other cardiovascular and circulatory diseases,1,Number,2018,519.0571829658054,770.6032039229883,313.48658713043926
1,All Population,1,Deaths,164,Nepal,3,Both,22,All ages,509,Chronic obstructive pulmonary disease,1,Number,2018,21261.46927605272,27762.241367068615,15567.923163677891
1,All Population,1,Deaths,164,Nepal,3,Both,22,All ages,367,Maternal hemorrhage,1,Number,2016,134.16529079148384,192.8989239010063,83.46147955683271
1,All Population,1,Deaths,164,Nepal,3,Both,22,All ages,368,Maternal sepsis and other maternal infections,1,Number,2016,24.57568545657701,38.01733760465104,15.173613041054407
1,All Population,1,Deaths,164,Nepal,3,Both,22,All ages,369,Maternal hypertensive disorders,1,Number,2016,64.81506341167552,94.43957164030309,45.30302582920102
1,All Population,1,Deaths,164,Nepal,3,Both,22,All ages,370,Maternal obstructed labor and uterine rupture,1,Number,2016,30.04369001341943,54.507578854782885,15.812834621551696
1,All Population,1,Deaths,164,Nepal,3,Both,22,All ages,374,Ectopic pregnancy,1,Number,2016,0.25204372488576626,0.37988476227078083,0.15342558567580447
1,All Population,1,Deaths,164,Nepal,3,Both,22,All ages,375,Indirect maternal deaths,1,Number,2016,193.65249452057523,282.8244118154832,124.43374840779711
1,All Population,1,Deaths,164,Nepal,3,Both,22,All ages,376,Late maternal deaths,1,Number,2016,13.16642273347355,18.862667918449056,8.933446369253087
1,All Population,1,Deaths,164,Nepal,3,Both,22,All ages,381,Neonatal preterm birth,1,Number,2016,3364.8755950509844,4262.560466855407,2635.8707922250674
1,All Population,1,Deaths,164,Nepal,3,Both,22,All ages,382,Neonatal encephalopathy due to birth asphyxia and trauma,1,Number,2016,4142.031165515361,5089.945757698195,3308.0006502100237
1,All Population,1,Deaths,164,Nepal,3,Both,22,All ages,383,Neonatal sepsis and other neonatal infections,1,Number,2016,1649.0409781365324,2964.546320231329,795.9948566879378
1,All Population,1,Deaths,164,Nepal,3,Both,22,All ages,384,Hemolytic disease and other neonatal jaundice,1,Number,2016,618.1686951080791,1009.3351723278544,351.80833283926137
1,All Population,1,Deaths,164,Nepal,3,Both,22,All ages,385,Other neonatal disorders,1,Number,2016,975.2903650336198,1451.5392180015049,578.9895997184907
1,All Population,1,Deaths,164,Nepal,3,Both,22,All ages,387,Protein-energy malnutrition,1,Number,2016,1204.8479674307182,1510.534692100441,903.671774916529
1,All Population,1,Deaths,164,Nepal,3,Both,22,All ages,391,Other nutritional deficiencies,1,Number,2016,405.72085960185973,615.892129937526,250.41789351334378
1,All Population,1,Deaths,164,Nepal,3,Both,22,All ages,394,Syphilis,1,Number,2016,328.63869636049105,642.9368005504173,117.67937532154141
1,All Population,1,Deaths,164,Nepal,3,Both,22,All ages,395,Chlamydial infection,1,Number,2016,6.404963191469497,15.388724215326258,1.9880650142434777
1,All Population,1,Deaths,164,Nepal,3,Both,22,All ages,396,Gonococcal infection,1,Number,2016,2.086584482911982,4.7110805856051226,0.7231168930785659
1,All Population,1,Deaths,164,Nepal,3,Both,22,All ages,399,Other sexually transmitted infections,1,Number,2016,19.798635347684368,48.30618129318751,6.166070457972779
1,All Population,1,Deaths,164,Nepal,3,Both,22,All ages,401,Acute hepatitis A,1,Number,2016,654.2582289147389,1210.2224227739594,319.92149796884814
1,All Population,1,Deaths,164,Nepal,3,Both,22,All ages,533,Vascular intestinal disorders,1,Number,2016,154.8454944191649,242.43436193450395,90.63497357514812
1,All Population,1,Deaths,164,Nepal,3,Both,22,All ages,534,Gallbladder and biliary diseases,1,Number,2016,118.18090363243984,193.8136892271384,66.14080449197527
1,All Population,1,Deaths,164,Nepal,3,Both,22,All ages,535,Pancreatitis,1,Number,2016,555.5798775474807,888.9908324272387,345.56566054347775
1,All Population,1,Deaths,164,Nepal,3,Both,22,All ages,300,HIV/AIDS resulting in other diseases,1,Number,2018,891.4864646710938,1341.1230042713898,551.9790481721674
1,All Population,1,Deaths,164,Nepal,3,Both,22,All ages,468,Testicular cancer,1,Number,2018,25.55218223918965,39.951281011743966,14.534826325833816
1,All Population,1,Deaths,164,Nepal,3,Both,22,All ages,471,Kidney cancer,1,Number,2018,123.873297575559,202.83990714831202,79.11330852714357
1,All Population,1,Deaths,164,Nepal,3,Both,22,All ages,474,Bladder cancer,1,Number,2018,155.36858673981632,261.16572555013136,97.54242089627985
1,All Population,1,Deaths,164,Nepal,3,Both,22,All ages,477,Brain and central nervous system cancer,1,Number,2018,335.3544403432105,452.1914376828038,249.19773826160613
1,All Population,1,Deaths,164,Nepal,3,Both,22,All ages,480,Thyroid cancer,1,Number,2018,112.1304663711128,151.66674687882323,76.83400231967991
1,All Population,1,Deaths,164,Nepal,3,Both,22,All ages,402,Acute hepatitis B,1,Number,2017,99.13932451146299,256.12760995228143,19.23187316201134
1,All Population,1,Deaths,164,Nepal,3,Both,22,All ages,403,Acute hepatitis C,1,Number,2017,24.186373971825528,69.54945090770116,2.091158133187252
1,All Population,1,Deaths,164,Nepal,3,Both,22,All ages,404,Acute hepatitis E,1,Number,2017,12.57880518290856,42.60990685708588,2.509829633257944
1,All Population,1,Deaths,164,Nepal,3,Both,22,All ages,408,Other unspecified infectious diseases,1,Number,2017,1084.8035459881098,2169.7581275656594,504.91140225155897
1,All Population,1,Deaths,164,Nepal,3,Both,22,All ages,411,Esophageal cancer,1,Number,2017,835.8732720534496,1181.179168113767,551.6297453800403
1,All Population,1,Deaths,164,Nepal,3,Both,22,All ages,414,Stomach cancer,1,Number,2017,1169.8654605374766,1722.5222802237731,756.3801314910905
1,All Population,1,Deaths,164,Nepal,3,Both,22,All ages,511,Silicosis,1,Number,2018,9.019116696511514,19.951078862487314,2.7064063842189614
1,All Population,1,Deaths,164,Nepal,3,Both,22,All ages,512,Asbestosis,1,Number,2018,2.4352988892942484,6.625982983729213,0.5110600386939194
1,All Population,1,Deaths,164,Nepal,3,Both,22,All ages,513,Coal workers pneumoconiosis,1,Number,2018,2.663396991018566,10.956698327825396,0.33626837716075386
1,All Population,1,Deaths,164,Nepal,3,Both,22,All ages,514,Other pneumoconiosis,1,Number,2018,5.695169706556158,14.977676769234042,1.4052711122046142
1,All Population,1,Deaths,164,Nepal,3,Both,22,All ages,515,Asthma,1,Number,2018,3908.2400257699824,7350.911855619234,2039.4819362221187
1,All Population,1,Deaths,164,Nepal,3,Both,22,All ages,516,Interstitial lung disease and pulmonary sarcoidosis,1,Number,2018,604.414540909364,1476.604698361611,303.8603969253057
1,All Population,1,Deaths,164,Nepal,3,Both,22,All ages,520,Other chronic respiratory diseases,1,Number,2018,375.37634079777564,688.3756726095622,216.7613596626385
1,All Population,1,Deaths,164,Nepal,3,Both,22,All ages,522,Chronic hepatitis B including cirrhosis,1,Number,2018,2168.438627097209,3236.919963196075,1278.6954057935545
1,All Population,1,Deaths,164,Nepal,3,Both,22,All ages,523,Chronic hepatitis C including cirrhosis,1,Number,2018,618.6171502862541,982.0372463358468,351.29992947104955
1,All Population,1,Deaths,164,Nepal,3,Both,22,All ages,524,Cirrhosis due to alcohol,1,Number,2018,1924.9631189110394,2863.510013816856,1173.7520349525191
1,All Population,1,Deaths,164,Nepal,3,Both,22,All ages,525,Cirrhosis due to other causes,1,Number,2018,633.9303414624382,937.4920602596017,380.2338013706545
1,All Population,1,Deaths,164,Nepal,3,Both,22,All ages,527,Peptic ulcer disease,1,Number,2018,2292.819564544571,3859.132220553217,1469.3587893281806
1,All Population,1,Deaths,164,Nepal,3,Both,22,All ages,528,Gastritis and duodenitis,1,Number,2018,177.95637326842314,328.8869595304822,76.49005497030387
1,All Population,1,Deaths,164,Nepal,3,Both,22,All ages,529,Appendicitis,1,Number,2018,312.81376955026894,591.2337012691047,126.28750077664247
1,All Population,1,Deaths,164,Nepal,3,Both,22,All ages,530,Paralytic ileus and intestinal obstruction,1,Number,2018,1118.302151163342,1739.4417714403207,684.4414818294575
1,All Population,1,Deaths,164,Nepal,3,Both,22,All ages,531,"Inguinal, femoral, and abdominal hernia",1,Number,2018,256.56435245244353,567.7002514555959,117.32424089559788
1,All Population,1,Deaths,164,Nepal,3,Both,22,All ages,418,Liver cancer due to hepatitis B,1,Number,2017,96.30134489340313,152.25676021782135,56.13295273451653
1,All Population,1,Deaths,164,Nepal,3,Both,22,All ages,419,Liver cancer due to hepatitis C,1,Number,2017,107.58423008023583,163.3775837688786,65.81612157295604
1,All Population,1,Deaths,164,Nepal,3,Both,22,All ages,420,Liver cancer due to alcohol use,1,Number,2017,94.14213681236521,151.70855150563366,51.916106089232805
1,All Population,1,Deaths,164,Nepal,3,Both,22,All ages,421,Liver cancer due to other causes,1,Number,2017,13.108248695790353,20.82734814816789,7.0684329536630575
1,All Population,1,Deaths,164,Nepal,3,Both,22,All ages,423,Larynx cancer,1,Number,2017,350.8741439952682,564.4729758873892,174.80085723608696
1,All Population,1,Deaths,164,Nepal,3,Both,22,All ages,426,"Tracheal, bronchus, and lung cancer",1,Number,2017,1141.5327028753834,1544.9383504804007,856.0790369459003
1,All Population,1,Deaths,164,Nepal,3,Both,22,All ages,429,Breast cancer,1,Number,2017,915.4304121705671,1263.5209731654547,604.244499248077
1,All Population,1,Deaths,164,Nepal,3,Both,22,All ages,432,Cervical cancer,1,Number,2017,915.1605311218096,1429.0339500810749,472.67611413289956
1,All Population,1,Deaths,164,Nepal,3,Both,22,All ages,435,Uterine cancer,1,Number,2017,78.1219756760613,147.87953933556,33.714000437042
1,All Population,1,Deaths,164,Nepal,3,Both,22,All ages,438,Prostate cancer,1,Number,2017,352.32820421339943,550.9167914046506,208.52408599393536
1,All Population,1,Deaths,164,Nepal,3,Both,22,All ages,441,Colon and rectum cancer,1,Number,2017,622.4089880585881,829.564359812024,475.1850991697835
1,All Population,1,Deaths,164,Nepal,3,Both,22,All ages,444,Lip and oral cavity cancer,1,Number,2017,791.4254502430168,1139.4036802472835,571.6523145227204
1,All Population,1,Deaths,164,Nepal,3,Both,22,All ages,447,Nasopharynx cancer,1,Number,2017,170.58569392670043,230.73928271428525,120.1782709620783
1,All Population,1,Deaths,164,Nepal,3,Both,22,All ages,450,Other pharynx cancer,1,Number,2017,481.22748693406305,702.0597682710222,318.99845317299116
1,All Population,1,Deaths,164,Nepal,3,Both,22,All ages,453,Gallbladder and biliary tract cancer,1,Number,2017,351.6606218006802,466.84318575480233,249.7955282409098
1,All Population,1,Deaths,164,Nepal,3,Both,22,All ages,456,Pancreatic cancer,1,Number,2017,209.74511668325118,289.37318739880766,155.21616532895172
1,All Population,1,Deaths,164,Nepal,3,Both,22,All ages,459,Malignant skin melanoma,1,Number,2017,16.848980359362706,28.262429509866827,10.545853846797806
1,All Population,1,Deaths,164,Nepal,3,Both,22,All ages,465,Ovarian cancer,1,Number,2017,351.16477084148556,638.1848828095428,220.87387498983173
1,All Population,1,Deaths,164,Nepal,3,Both,22,All ages,592,Chronic kidney disease due to glomerulonephritis,1,Number,2017,330.8914264431475,480.1478408490329,214.47163656500857
1,All Population,1,Deaths,164,Nepal,3,Both,22,All ages,593,Chronic kidney disease due to other and unspecified causes,1,Number,2017,993.7090525952949,1355.7317940427224,634.4393389383282
1,All Population,1,Deaths,164,Nepal,3,Both,22,All ages,595,Urinary tract infections and interstitial nephritis,1,Number,2017,486.2400058722905,675.8819038924522,333.45807555087254
1,All Population,1,Deaths,164,Nepal,3,Both,22,All ages,543,Alzheimer's disease and other dementias,1,Number,2016,1940.6015441396469,5012.733569107017,466.8987482808318
1,All Population,1,Deaths,164,Nepal,3,Both,22,All ages,544,Parkinson's disease,1,Number,2016,521.972655812249,643.723084709951,421.67101435480924
1,All Population,1,Deaths,164,Nepal,3,Both,22,All ages,545,Idiopathic epilepsy,1,Number,2016,976.5121723944667,1423.798460243315,686.5041612802186
1,All Population,1,Deaths,164,Nepal,3,Both,22,All ages,546,Multiple sclerosis,1,Number,2016,4.239385279053914,9.178423416558047,1.5540340629625513
1,All Population,1,Deaths,164,Nepal,3,Both,22,All ages,554,Motor neuron disease,1,Number,2016,6.085625496608808,13.979955074501223,2.3805093472191534
1,All Population,1,Deaths,164,Nepal,3,Both,22,All ages,557,Other neurological disorders,1,Number,2016,16.147610343030223,28.511399882884913,7.70547931671318
1,All Population,1,Deaths,164,Nepal,3,Both,22,All ages,560,Alcohol use disorders,1,Number,2016,200.9963920531177,330.70117817386074,112.5251029260609
1,All Population,1,Deaths,164,Nepal,3,Both,22,All ages,562,Opioid use disorders,1,Number,2016,46.30514537411675,73.61316974073345,24.611572180162078
1,All Population,1,Deaths,164,Nepal,3,Both,22,All ages,563,Cocaine use disorders,1,Number,2016,7.977456787598763,16.05909558618979,2.9133912016751666
1,All Population,1,Deaths,164,Nepal,3,Both,22,All ages,564,Amphetamine use disorders,1,Number,2016,1.583238820316117,4.059739143075502,0.4854670628983538
1,All Population,1,Deaths,164,Nepal,3,Both,22,All ages,566,Other drug use disorders,1,Number,2016,11.310021119075927,21.0224441947833,5.573386676207934
1,All Population,1,Deaths,164,Nepal,3,Both,22,All ages,573,Anorexia nervosa,1,Number,2016,0.04478372900877229,0.270503878760902,0.00599072683245845
1,All Population,1,Deaths,164,Nepal,3,Both,22,All ages,588,Acute glomerulonephritis,1,Number,2016,4.938850955710918,11.322427377196734,1.2658584452415969
1,All Population,1,Deaths,164,Nepal,3,Both,22,All ages,591,Chronic kidney disease due to hypertension,1,Number,2016,382.6439640345501,582.3042671785479,236.84930984306774
1,All Population,1,Deaths,164,Nepal,3,Both,22,All ages,697,Falls,1,Number,2018,2640.054658678221,3526.3896864720386,1832.5451091240104
1,All Population,1,Deaths,164,Nepal,3,Both,22,All ages,698,Drowning,1,Number,2018,1864.4031768469001,2610.3972044751717,1245.1997651306253
1,All Population,1,Deaths,164,Nepal,3,Both,22,All ages,699,"Fire, heat, and hot substances",1,Number,2018,544.1751760553371,839.9426045016966,325.7031212180263
1,All Population,1,Deaths,164,Nepal,3,Both,22,All ages,701,Poisoning by carbon monoxide,1,Number,2018,294.2578063413206,574.6446581276653,109.14583224432641
1,All Population,1,Deaths,164,Nepal,3,Both,22,All ages,703,Poisoning by other means,1,Number,2018,655.3293057539572,1044.5594158459614,318.4875740795308
1,All Population,1,Deaths,164,Nepal,3,Both,22,All ages,705,Unintentional firearm injuries,1,Number,2018,2.5284362784389196,7.9729085844091,0.4213875897557342
1,All Population,1,Deaths,164,Nepal,3,Both,22,All ages,707,Other exposure to mechanical forces,1,Number,2018,276.69706048103023,474.51313031776886,162.1168991319286
1,All Population,1,Deaths,164,Nepal,3,Both,22,All ages,708,Adverse effects of medical treatment,1,Number,2018,744.6483779888272,996.7898984940725,554.9921404165538
1,All Population,1,Deaths,164,Nepal,3,Both,22,All ages,710,Venomous animal contact,1,Number,2018,667.6538292832606,1047.8807844182832,423.1811177115629
1,All Population,1,Deaths,164,Nepal,3,Both,22,All ages,711,Non-venomous animal contact,1,Number,2018,19.712836527172037,48.336370768018,5.4188394587086925
1,All Population,1,Deaths,164,Nepal,3,Both,22,All ages,713,Pulmonary aspiration and foreign body in airway,1,Number,2018,44.34402494612821,90.72974968166916,9.766839062614814
1,All Population,1,Deaths,164,Nepal,3,Both,22,All ages,715,Foreign body in other body part,1,Number,2018,2.8778095522656235,7.507464085083384,0.4395645193996674
1,All Population,1,Deaths,164,Nepal,3,Both,22,All ages,716,Other unintentional injuries,1,Number,2018,88.72723358621907,160.69206992366514,47.018243116599535
1,All Population,1,Deaths,164,Nepal,3,Both,22,All ages,483,Mesothelioma,1,Number,2018,13.68821680541494,18.038329475618774,9.185164793325084
1,All Population,1,Deaths,164,Nepal,3,Both,22,All ages,484,Hodgkin lymphoma,1,Number,2018,101.00392680962429,180.28779162515724,57.437437471561644
1,All Population,1,Deaths,164,Nepal,3,Both,22,All ages,486,Multiple myeloma,1,Number,2018,136.24230148320592,202.42893595913628,82.98810172931115
1,All Population,1,Deaths,164,Nepal,3,Both,22,All ages,489,Other malignant neoplasms,1,Number,2018,573.9496350072958,850.1821360062274,360.8969339936749
1,All Population,1,Deaths,164,Nepal,3,Both,22,All ages,492,Rheumatic heart disease,1,Number,2018,3920.8793314637223,6118.7697375507905,2168.117760075076
1,All Population,1,Deaths,164,Nepal,3,Both,22,All ages,493,Ischemic heart disease,1,Number,2018,17212.391253527545,21945.533692232246,12349.11746945628
1,All Population,1,Deaths,164,Nepal,3,Both,22,All ages,495,Ischemic stroke,1,Number,2018,6254.126653047283,9133.5729637421,3970.079605751108
1,All Population,1,Deaths,164,Nepal,3,Both,22,All ages,496,Intracerebral hemorrhage,1,Number,2018,7620.908663796089,10673.325764389856,4336.943651573612
1,All Population,1,Deaths,164,Nepal,3,Both,22,All ages,497,Subarachnoid hemorrhage,1,Number,2018,657.1448375033582,1259.357011046096,301.7361200796553
1,All Population,1,Deaths,164,Nepal,3,Both,22,All ages,498,Hypertensive heart disease,1,Number,2018,2742.84583045603,4127.369842576239,1747.0975846339013
1,All Population,1,Deaths,164,Nepal,3,Both,22,All ages,500,Atrial fibrillation and flutter,1,Number,2018,421.39758363637486,592.3785115646324,296.75927327011533
1,All Population,1,Deaths,164,Nepal,3,Both,22,All ages,501,Aortic aneurysm,1,Number,2018,134.7678228199204,252.1086316089968,79.73008779809713
1,All Population,1,Deaths,164,Nepal,3,Both,22,All ages,502,Lower extremity peripheral arterial disease,1,Number,2018,44.762055928282614,72.11784838992058,24.558314239632388
1,All Population,1,Deaths,164,Nepal,3,Both,22,All ages,503,Endocarditis,1,Number,2018,133.2985734197427,207.6672053560792,76.06449424796976
1,All Population,1,Deaths,164,Nepal,3,Both,22,All ages,721,Self-harm by firearm,1,Number,2018,386.33120290008634,990.0890012402122,146.92057902417991
1,All Population,1,Deaths,164,Nepal,3,Both,22,All ages,1059,Total Cancers excluding Non-melanoma skin cancer,1,Number,2018,12435.996395769942,14044.87348170668,11060.975731429906
1,All Population,1,Deaths,164,Nepal,3,Both,22,All ages,1160,Other direct maternal disorders,1,Number,2018,101.51551149160898,162.09150391035755,60.86316015432798
1,All Population,1,Deaths,164,Nepal,3,Both,22,All ages,1161,Other digestive diseases,1,Number,2018,506.42538124428904,771.088363535603,285.6119498383123
1,All Population,1,Deaths,164,Nepal,3,Both,22,All ages,1163,Self-harm by other specified means,1,Number,2018,4142.2336103426,5616.723893736836,2929.5983221685674
1,All Population,1,Deaths,164,Nepal,3,Both,22,All ages,1164,Other benign and in situ neoplasms,1,Number,2018,76.73081292153056,118.99289483288936,43.31333625577695
1,All Population,1,Deaths,164,Nepal,3,Both,22,All ages,596,Urolithiasis,1,Number,2017,62.477593943081054,84.31572473039286,44.006938284838505
1,All Population,1,Deaths,164,Nepal,3,Both,22,All ages,602,Other urinary diseases,1,Number,2017,473.7902723104033,631.1050494011891,338.0102864256798
1,All Population,1,Deaths,164,Nepal,3,Both,22,All ages,604,Uterine fibroids,1,Number,2017,14.273768174042306,34.169165192595464,4.960295464003769
1,All Population,1,Deaths,164,Nepal,3,Both,22,All ages,607,Endometriosis,1,Number,2017,0.19763515615111185,0.9300931703341956,0.006502513490771852
1,All Population,1,Deaths,164,Nepal,3,Both,22,All ages,608,Genital prolapse,1,Number,2017,2.4737498809704133,7.005832837020453,0.5376375843319131
1,All Population,1,Deaths,164,Nepal,3,Both,22,All ages,612,Other gynecological diseases,1,Number,2017,25.402412061557474,54.737324167886115,10.492753185775728
1,All Population,1,Deaths,164,Nepal,3,Both,22,All ages,614,Thalassemias,1,Number,2017,61.61484032855781,92.55884274805956,42.21672094376954
1,All Population,1,Deaths,164,Nepal,3,Both,22,All ages,615,Sickle cell disorders,1,Number,2017,9.387743292112868,14.443498585274899,5.728903931433527
1,All Population,1,Deaths,164,Nepal,3,Both,22,All ages,616,G6PD deficiency,1,Number,2017,27.598246041347064,42.93188847581724,17.372257374073108
1,All Population,1,Deaths,164,Nepal,3,Both,22,All ages,618,Other hemoglobinopathies and hemolytic anemias,1,Number,2017,180.03062808580793,258.86189897098484,125.72230750482997
1,All Population,1,Deaths,164,Nepal,3,Both,22,All ages,625,"Other endocrine, metabolic, blood, and immune disorders",1,Number,2017,45.95064521560292,71.85367261418382,24.68936319376916
1,All Population,1,Deaths,164,Nepal,3,Both,22,All ages,627,Rheumatoid arthritis,1,Number,2017,130.5073633197538,220.15570497597798,62.29428641080648
1,All Population,1,Deaths,164,Nepal,3,Both,22,All ages,639,Other musculoskeletal disorders,1,Number,2017,202.1420570609734,324.62975546322093,112.40477200679108
1,All Population,1,Deaths,164,Nepal,3,Both,22,All ages,642,Neural tube defects,1,Number,2017,151.22429066023287,313.76084472564617,62.77975554142551
1,All Population,1,Deaths,164,Nepal,3,Both,22,All ages,643,Congenital heart anomalies,1,Number,2018,980.853500497343,1401.4544842070934,632.026645537044
1,All Population,1,Deaths,164,Nepal,3,Both,22,All ages,644,Orofacial clefts,1,Number,2018,13.823366250208615,39.19409478841847,2.175078129567899
1,All Population,1,Deaths,164,Nepal,3,Both,22,All ages,645,Down syndrome,1,Number,2018,40.27131091797549,73.46088698753344,18.427099609291254
1,All Population,1,Deaths,164,Nepal,3,Both,22,All ages,648,Other chromosomal abnormalities,1,Number,2018,37.90932433928117,66.16007121252606,17.462512821378763
1,All Population,1,Deaths,164,Nepal,3,Both,22,All ages,649,Congenital musculoskeletal and limb anomalies,1,Number,2018,27.22610612593502,47.59841517169344,13.11107040538101
1,All Population,1,Deaths,164,Nepal,3,Both,22,All ages,650,Urogenital congenital anomalies,1,Number,2018,37.47101102082231,83.39469467574622,12.802372011213679
1,All Population,1,Deaths,164,Nepal,3,Both,22,All ages,651,Digestive congenital anomalies,1,Number,2018,193.76867495966874,373.1930455618072,89.98919143295339
1,All Population,1,Deaths,164,Nepal,3,Both,22,All ages,652,Other congenital birth defects,1,Number,2018,2.58676859429432,8.506618951606752,0.5981709959566831
1,All Population,1,Deaths,164,Nepal,3,Both,22,All ages,656,Cellulitis,1,Number,2018,0.525698115538769,1.2378111682881332,0.14316767755607906
1,All Population,1,Deaths,164,Nepal,3,Both,22,All ages,657,Pyoderma,1,Number,2018,1.2174658001729133,2.350637273305438,0.5165493182871951
1,All Population,1,Deaths,164,Nepal,3,Both,22,All ages,665,Decubitus ulcer,1,Number,2018,2.1765180360439516,3.5629168718834743,1.2062438580673915
1,All Population,1,Deaths,164,Nepal,3,Both,22,All ages,668,Other skin and subcutaneous diseases,1,Number,2018,1.5977277177964941,2.873308297571771,0.7739110928314638
1,All Population,1,Deaths,164,Nepal,3,Both,22,All ages,686,Sudden infant death syndrome,1,Number,2018,98.92922172920026,171.0643001070344,55.34814606905705
1,All Population,1,Deaths,164,Nepal,3,Both,22,All ages,690,Pedestrian road injuries,1,Number,2018,912.8805699758581,1371.6342645731554,560.8310984985552
1,All Population,1,Deaths,164,Nepal,3,Both,22,All ages,691,Cyclist road injuries,1,Number,2018,140.64203488038925,292.7723220236365,68.44132481896034
1,All Population,1,Deaths,164,Nepal,3,Both,22,All ages,692,Motorcyclist road injuries,1,Number,2018,851.4968090289835,1325.4206021817665,513.8576229282656
1,All Population,1,Deaths,164,Nepal,3,Both,22,All ages,945,Conflict and terrorism,1,Number,2017,14.041732555019118,15.436389683066887,12.785641735811629
1,All Population,1,Deaths,164,Nepal,3,Both,22,All ages,946,Multidrug-resistant tuberculosis without extensive drug resistance,1,Number,2017,593.5804200867085,1432.9652188259074,182.75449584796883
1,All Population,1,Deaths,164,Nepal,3,Both,22,All ages,947,Extensively drug-resistant tuberculosis,1,Number,2017,24.410914819712293,60.152766256514546,7.299913856510453
1,All Population,1,Deaths,164,Nepal,3,Both,22,All ages,948,HIV/AIDS - Drug-susceptible Tuberculosis,1,Number,2017,246.21489556162717,401.95438105469617,127.34717324219987
1,All Population,1,Deaths,164,Nepal,3,Both,22,All ages,949,HIV/AIDS - Multidrug-resistant Tuberculosis without extensive drug resistance,1,Number,2017,31.219768746773617,82.14384966813643,8.023046792400065
1,All Population,1,Deaths,164,Nepal,3,Both,22,All ages,950,HIV/AIDS - Extensively drug-resistant Tuberculosis,1,Number,2017,1.2829914192029903,3.3634683065723614,0.3131808715566127
1,All Population,1,Deaths,164,Nepal,3,Both,22,All ages,959,Invasive Non-typhoidal Salmonella (iNTS),1,Number,2017,89.51956248470103,121.28074288059152,60.88008618650735
1,All Population,1,Deaths,164,Nepal,3,Both,22,All ages,964,"Myelodysplastic, myeloproliferative, and other hematopoietic neoplasms",1,Number,2017,18.48935327737693,34.80481206137839,7.940783361961983
1,All Population,1,Deaths,164,Nepal,3,Both,22,All ages,968,Non-rheumatic calcific aortic valve disease,1,Number,2017,110.90718621721645,172.1360773966652,64.42861235593313
1,All Population,1,Deaths,164,Nepal,3,Both,22,All ages,969,Non-rheumatic degenerative mitral valve disease,1,Number,2017,61.13467350495486,104.40641576258804,32.51118232457572
1,All Population,1,Deaths,164,Nepal,3,Both,22,All ages,970,Other non-rheumatic valve diseases,1,Number,2017,1.7464728354342696,3.5961157981989516,0.6522612937510673
1,All Population,1,Deaths,164,Nepal,3,Both,22,All ages,971,Nonalcoholic fatty liver disease including cirrhosis,1,Number,2017,137.1923844563943,221.4280018048749,74.84147389265767
1,All Population,1,Deaths,164,Nepal,3,Both,22,All ages,975,Diabetes mellitus type 1,1,Number,2017,247.3884226434193,376.07675780760286,149.77445993249526
1,All Population,1,Deaths,164,Nepal,3,Both,22,All ages,976,Diabetes mellitus type 2,1,Number,2017,6214.987230132047,8374.755985795251,4348.195779332258
1,All Population,1,Deaths,164,Nepal,3,Both,22,All ages,725,Physical violence by firearm,1,Number,2016,52.279045574873344,102.84092889427403,23.068837109240075
1,All Population,1,Deaths,164,Nepal,3,Both,22,All ages,726,Physical violence by sharp object,1,Number,2016,43.35332677864798,78.54005608575547,17.19673473825657
1,All Population,1,Deaths,164,Nepal,3,Both,22,All ages,727,Physical violence by other means,1,Number,2016,528.2170096797796,682.0404902178301,395.76843551935747
1,All Population,1,Deaths,164,Nepal,3,Both,22,All ages,729,Exposure to forces of nature,1,Number,2016,162.99068554702677,179.17929478829166,148.41049731670915
1,All Population,1,Deaths,164,Nepal,3,Both,22,All ages,741,Maternal deaths aggravated by HIV/AIDS,1,Number,2016,0.27686530150325395,0.4245795531283928,0.1470505967749109
1,All Population,1,Deaths,164,Nepal,3,Both,22,All ages,842,Environmental heat and cold exposure,1,Number,2016,43.7525730654431,98.17317981187122,6.063119073603673
1,All Population,1,Deaths,164,Nepal,3,Both,22,All ages,843,Ebola,1,Number,2016,0.0,0.0,0.0
1,All Population,1,Deaths,164,Nepal,3,Both,22,All ages,845,Acute lymphoid leukemia,1,Number,2016,200.0164999357657,345.7518428279338,124.61317800915499
1,All Population,1,Deaths,164,Nepal,3,Both,22,All ages,846,Chronic lymphoid leukemia,1,Number,2016,17.87594820551521,31.040791325672142,7.572011873205521
1,All Population,1,Deaths,164,Nepal,3,Both,22,All ages,847,Acute myeloid leukemia,1,Number,2016,156.58140735337483,291.8084031294771,79.34370800773378
1,All Population,1,Deaths,164,Nepal,3,Both,22,All ages,848,Chronic myeloid leukemia,1,Number,2016,100.67922930945761,163.74811882495408,44.004843978083386
1,All Population,1,Deaths,164,Nepal,3,Both,22,All ages,849,Non-melanoma skin cancer (squamous-cell carcinoma),1,Number,2016,56.122090507545344,81.86899596894993,36.981048409754244
1,All Population,1,Deaths,164,Nepal,3,Both,22,All ages,854,Police conflict and executions,1,Number,2016,1.0788278276614225,1.2067492006647995,0.9704076137478459
1,All Population,1,Deaths,164,Nepal,3,Both,22,All ages,934,Drug-susceptible tuberculosis,1,Number,2016,5852.231849293791,8724.9146812794,3855.499652295874
1,All Population,1,Deaths,164,Nepal,3,Both,22,All ages,935,Zika virus,1,Number,2016,0.0,0.0,0.0
1,All Population,1,Deaths,164,Nepal,3,Both,22,All ages,938,Alcoholic cardiomyopathy,1,Number,2016,39.50666607668031,121.67786375754234,9.538777584321078
1,All Population,1,Deaths,164,Nepal,3,Both,22,All ages,940,Electrocution,1,Number,2016,45.63998831327813,91.67128573564669,17.427553483343367
1,All Population,1,Deaths,164,Nepal,3,Both,22,All ages,942,Myocarditis,1,Number,2016,91.48041698926554,169.00459613795542,40.84769089910086
1,All Population,1,Deaths,164,Nepal,3,Both,22,All ages,943,Other leukemia,1,Number,2016,149.3993044987397,227.15773883285277,86.87614427423819
1,All Population,1,Deaths,164,Nepal,3,Both,22,All ages,944,Other cardiomyopathy,1,Number,2016,888.9364850637539,1405.7245784436318,450.3981877516915
1,All Population,1,Deaths,164,Nepal,3,Both,22,All ages,693,Motor vehicle road injuries,1,Number,2018,726.7665901576125,1124.7767457132084,344.3615792530065
1,All Population,1,Deaths,164,Nepal,3,Both,22,All ages,694,Other road injuries,1,Number,2018,18.622039596320178,53.98217535854449,5.730702295638755
1,All Population,1,Deaths,164,Nepal,3,Both,22,All ages,695,Other transport injuries,1,Number,2018,282.2976167057127,435.86285528950157,189.05947823028876
1,All Population,1,Deaths,164,Nepal,3,Both,22,All ages,995,Maternal abortion and miscarriage,1,Number,2018,29.249394891368617,48.775966430996654,16.735148082641942
1,All Population,1,Deaths,164,Nepal,3,Both,22,All ages,996,Liver cancer due to NASH,1,Number,2018,32.61997063291993,52.53020205128273,18.219834206664185
1,All Population,1,Deaths,164,Nepal,3,Both,22,All ages,997,Chronic kidney disease due to diabetes mellitus type 1,1,Number,2018,164.92057405834183,255.05643513668852,97.5262927801625
1,All Population,1,Deaths,164,Nepal,3,Both,22,All ages,998,Chronic kidney disease due to diabetes mellitus type 2,1,Number,2018,518.6994801337069,750.6261259237644,317.7517241941982
1,All Population,1,Deaths,164,Nepal,3,Both,22,All ages,1004,Pulmonary Arterial Hypertension,1,Number,2018,81.31325901307578,140.22341898453607,44.28364594965117
1,All Population,1,Deaths,164,Nepal,3,Both,22,All ages,1005,Hepatoblastoma,1,Number,2018,2.9458866938733617,4.389447435106057,1.7233382650096427
1,All Population,1,Deaths,164,Nepal,3,Both,22,All ages,1006,Burkitt lymphoma,1,Number,2018,8.599883265727543,15.362484835597163,4.272553047695167
1,All Population,1,Deaths,164,Nepal,3,Both,22,All ages,1007,Other non-Hodgkin lymphoma,1,Number,2018,424.92359321170176,595.1612465987077,316.11436090101495
1,All Population,1,Deaths,164,Nepal,3,Both,22,All ages,1009,Retinoblastoma,1,Number,2018,11.91063161177804,33.98441463839074,3.238991756288534
1,All Population,1,Deaths,164,Nepal,3,Both,22,All ages,1010,Other eye cancers,1,Number,2018,6.918424856368264,15.675868855190188,3.1119290808266613
1,All Population,1,Deaths,164,Nepal,3,Both,22,All ages,1011,Soft tissue and other extraosseous sarcomas,1,Number,2018,124.07501252171129,236.72934337096044,70.88710229450723
1,All Population,1,Deaths,164,Nepal,3,Both,22,All ages,1012,Malignant neoplasm of bone and articular cartilage,1,Number,2018,208.13293938331407,347.2843044213627,123.98417006551908
1,All Population,1,Deaths,164,Nepal,3,Both,22,All ages,1013,Neuroblastoma and other peripheral nervous cell tumors,1,Number,2018,9.886663594244641,14.50140954520382,6.443369894861069
1,All Population,1,Deaths,164,Nepal,3,Both,22,All ages,1024,Ulcerative colitis,1,Number,2018,88.72023577306919,146.00490216783305,47.812722484016305
1,All Population,1,Deaths,164,Nepal,3,Both,22,All ages,1025,Crohn's disease,1,Number,2018,16.715791395431985,34.036463643843476,7.290414772202685
1,All Population,1,Deaths,164,Nepal,3,Both,22,All ages,1026,Total burden related to hepatitis B,1,Number,2018,2372.062700385506,3426.230738025518,1450.4096728010095
1,All Population,1,Deaths,164,Nepal,3,Both,22,All ages,1027,Total burden related to hepatitis C,1,Number,2018,756.6580073996872,1140.3401178423571,451.66969744389723
1,All Population,1,Deaths,164,Nepal,3,Both,22,All ages,1028,Total burden related to Non-alcoholic fatty liver disease (NAFLD),1,Number,2018,173.87401488407681,252.78615477967173,105.36306125211625
1,All Population,1,Deaths,164,Nepal,3,Both,22,All ages,1029,Total cancers,1,Number,2018,12497.544631248746,14112.319264722466,11113.933384167103
1,All Population,1,Deaths,164,Nepal,3,Both,22,All ages,1032,Thyroid diseases,1,Number,2018,15.291254009789172,26.707080703077867,6.477188602344441
1,All Population,1,Deaths,164,Nepal,3,Both,22,All ages,1048,COVID-19,1,Number,2018,0.0,0.0,0.0
1,All Population,1,Deaths,164,Nepal,3,Both,22,All ages,353,Cystic echinococcosis,1,Number,2017,26.819246346991022,34.645935039565884,18.90375663818095
1,All Population,1,Deaths,164,Nepal,3,Both,22,All ages,357,Dengue,1,Number,2017,451.5826010473054,1051.4703997193876,149.59929172162958
1,All Population,1,Deaths,164,Nepal,3,Both,22,All ages,358,Yellow fever,1,Number,2017,0.0,0.0,0.0
1,All Population,1,Deaths,164,Nepal,3,Both,22,All ages,359,Rabies,1,Number,2017,327.20712503656836,640.6764441086477,102.58269678348918
1,All Population,1,Deaths,164,Nepal,3,Both,22,All ages,361,Ascariasis,1,Number,2017,2.323147455572511,3.586662407666879,0.8996921700093609
1,All Population,1,Deaths,164,Nepal,3,Both,22,All ages,365,Other neglected tropical diseases,1,Number,2017,38.05060482723851,67.50334190303504,18.672650309806414
1,All Population,1,Deaths,164,Nepal,3,Both,22,All ages,367,Maternal hemorrhage,1,Number,2017,159.93900791500025,221.7693908952763,107.12995891083509
1,All Population,1,Deaths,164,Nepal,3,Both,22,All ages,368,Maternal sepsis and other maternal infections,1,Number,2017,33.26623577985121,50.771023433752006,20.774689589294653
1,All Population,1,Deaths,164,Nepal,3,Both,22,All ages,369,Maternal hypertensive disorders,1,Number,2017,84.00719476945663,115.2921630034102,58.76752012491193
1,All Population,1,Deaths,164,Nepal,3,Both,22,All ages,370,Maternal obstructed labor and uterine rupture,1,Number,2017,40.09302728022085,69.76016520807187,21.449974372922497
1,All Population,1,Deaths,164,Nepal,3,Both,22,All ages,374,Ectopic pregnancy,1,Number,2017,0.3545022657895615,0.5270876351847041,0.21103206012361359
1,All Population,1,Deaths,164,Nepal,3,Both,22,All ages,375,Indirect maternal deaths,1,Number,2017,38.72834423799183,59.68056642834016,23.355977924968006
1,All Population,1,Deaths,164,Nepal,3,Both,22,All ages,376,Late maternal deaths,1,Number,2017,11.955843401849084,16.80045824273568,8.465670432203867
1,All Population,1,Deaths,164,Nepal,3,Both,22,All ages,381,Neonatal preterm birth,1,Number,2017,3306.7758183083806,4157.94077497605,2577.305349746441
1,All Population,1,Deaths,164,Nepal,3,Both,22,All ages,382,Neonatal encephalopathy due to birth asphyxia and trauma,1,Number,2017,3943.184081826147,4833.357058288315,3129.218670550173
1,All Population,1,Deaths,164,Nepal,3,Both,22,All ages,383,Neonatal sepsis and other neonatal infections,1,Number,2017,1553.5360600127099,2816.621251594364,738.9005051392099
1,All Population,1,Deaths,164,Nepal,3,Both,22,All ages,384,Hemolytic disease and other neonatal jaundice,1,Number,2017,569.3081632908936,930.575737986139,314.35736068922114
1,All Population,1,Deaths,164,Nepal,3,Both,22,All ages,385,Other neonatal disorders,1,Number,2017,920.4219564021818,1436.3264384182805,541.0207469796862
1,All Population,1,Deaths,164,Nepal,3,Both,22,All ages,387,Protein-energy malnutrition,1,Number,2017,1154.5771823309658,1481.5057045630135,882.0840002992916
1,All Population,1,Deaths,164,Nepal,3,Both,22,All ages,391,Other nutritional deficiencies,1,Number,2017,404.0447332574653,619.9309010114009,251.0905155789733
1,All Population,1,Deaths,164,Nepal,3,Both,22,All ages,394,Syphilis,1,Number,2017,321.47002558503203,626.8300468704716,113.44373831106864
1,All Population,1,Deaths,164,Nepal,3,Both,22,All ages,395,Chlamydial infection,1,Number,2017,6.416883909818919,15.627825143975263,1.9606184493522882
1,All Population,1,Deaths,164,Nepal,3,Both,22,All ages,396,Gonococcal infection,1,Number,2017,2.0842978128219367,4.769693935034578,0.732591972990912
1,All Population,1,Deaths,164,Nepal,3,Both,22,All ages,399,Other sexually transmitted infections,1,Number,2017,19.933226324232496,48.401007518374996,6.1013935288403145
1,All Population,1,Deaths,164,Nepal,3,Both,22,All ages,401,Acute hepatitis A,1,Number,2017,638.7344728944381,1159.740731478007,309.8302798412127
1,All Population,1,Deaths,164,Nepal,3,Both,22,All ages,533,Vascular intestinal disorders,1,Number,2017,163.005922941201,252.18791047638464,98.31515092057866
1,All Population,1,Deaths,164,Nepal,3,Both,22,All ages,534,Gallbladder and biliary diseases,1,Number,2017,123.25463379076045,204.5498327558494,69.76056228396132
1,All Population,1,Deaths,164,Nepal,3,Both,22,All ages,535,Pancreatitis,1,Number,2017,574.8989115749198,904.3172605787136,354.11867507045025
1,All Population,1,Deaths,164,Nepal,3,Both,22,All ages,543,Alzheimer's disease and other dementias,1,Number,2017,2082.6395165101826,5541.597544725533,497.7158622278914
1,All Population,1,Deaths,164,Nepal,3,Both,22,All ages,544,Parkinson's disease,1,Number,2017,548.4434912271827,672.3414737498314,443.52256210598165
1,All Population,1,Deaths,164,Nepal,3,Both,22,All ages,545,Idiopathic epilepsy,1,Number,2017,1014.9804969143985,1514.5918759877734,712.0101096473535
1,All Population,1,Deaths,164,Nepal,3,Both,22,All ages,546,Multiple sclerosis,1,Number,2017,4.511202672629384,10.61964702358997,1.742880538922184
1,All Population,1,Deaths,164,Nepal,3,Both,22,All ages,554,Motor neuron disease,1,Number,2017,6.576834519983251,15.172316283574087,2.635944977537615
1,All Population,1,Deaths,164,Nepal,3,Both,22,All ages,557,Other neurological disorders,1,Number,2017,17.263594140121366,30.882441267981218,8.188511088140784
1,All Population,1,Deaths,164,Nepal,3,Both,22,All ages,560,Alcohol use disorders,1,Number,2017,208.1331946613231,347.8070085501294,113.85445154302255
1,All Population,1,Deaths,164,Nepal,3,Both,22,All ages,562,Opioid use disorders,1,Number,2017,49.167073848511706,78.79535301139025,25.55485438882694
1,All Population,1,Deaths,164,Nepal,3,Both,22,All ages,563,Cocaine use disorders,1,Number,2017,8.360689290998945,16.95081405356567,3.0154754953714775
1,All Population,1,Deaths,164,Nepal,3,Both,22,All ages,564,Amphetamine use disorders,1,Number,2017,1.635698146539198,4.152156711649422,0.48912962558949263
1,All Population,1,Deaths,164,Nepal,3,Both,22,All ages,566,Other drug use disorders,1,Number,2017,11.986259561560697,21.91247578159149,5.5432158561298435
1,All Population,1,Deaths,164,Nepal,3,Both,22,All ages,573,Anorexia nervosa,1,Number,2017,0.04657108181967502,0.2746828291979064,0.006421359389232439
1,All Population,1,Deaths,164,Nepal,3,Both,22,All ages,588,Acute glomerulonephritis,1,Number,2017,5.016939123111958,11.482566653779124,1.3270297833457485
1,All Population,1,Deaths,164,Nepal,3,Both,22,All ages,591,Chronic kidney disease due to hypertension,1,Number,2017,398.6771060057896,591.8508568793201,256.83472480963565
1,All Population,1,Deaths,164,Nepal,3,Both,22,All ages,402,Acute hepatitis B,1,Number,2018,103.51309531088873,259.73240879794247,22.862011798319738
1,All Population,1,Deaths,164,Nepal,3,Both,22,All ages,403,Acute hepatitis C,1,Number,2018,25.677851431396082,70.70984237903528,2.4288320152057183
1,All Population,1,Deaths,164,Nepal,3,Both,22,All ages,404,Acute hepatitis E,1,Number,2018,12.633488358388247,41.6852061859709,2.6043947671402665
1,All Population,1,Deaths,164,Nepal,3,Both,22,All ages,408,Other unspecified infectious diseases,1,Number,2018,1098.4503301279135,2190.5697646873673,512.910293560858
1,All Population,1,Deaths,164,Nepal,3,Both,22,All ages,411,Esophageal cancer,1,Number,2018,869.5783175674302,1226.027506105125,581.5057486890215
1,All Population,1,Deaths,164,Nepal,3,Both,22,All ages,414,Stomach cancer,1,Number,2018,1202.3985822828886,1736.941518496006,783.8369254732823
1,All Population,1,Deaths,164,Nepal,3,Both,22,All ages,725,Physical violence by firearm,1,Number,2017,51.34207128010907,102.37464945940097,22.782181677527028
1,All Population,1,Deaths,164,Nepal,3,Both,22,All ages,726,Physical violence by sharp object,1,Number,2017,42.62380845037638,76.0672863904573,16.97580796077959
1,All Population,1,Deaths,164,Nepal,3,Both,22,All ages,727,Physical violence by other means,1,Number,2017,515.1483428789551,693.6894736014757,373.38925157295563
1,All Population,1,Deaths,164,Nepal,3,Both,22,All ages,729,Exposure to forces of nature,1,Number,2017,153.99119984197614,169.28595949323264,140.21605267959026
1,All Population,1,Deaths,164,Nepal,3,Both,22,All ages,741,Maternal deaths aggravated by HIV/AIDS,1,Number,2017,0.24579509025519694,0.3886081207860535,0.12472617292396235
1,All Population,1,Deaths,164,Nepal,3,Both,22,All ages,842,Environmental heat and cold exposure,1,Number,2017,43.550520705574996,101.23939474331537,6.022737777280773
1,All Population,1,Deaths,164,Nepal,3,Both,22,All ages,843,Ebola,1,Number,2017,0.0,0.0,0.0
1,All Population,1,Deaths,164,Nepal,3,Both,22,All ages,845,Acute lymphoid leukemia,1,Number,2017,195.6597417872015,335.34281969063824,123.76376566208177
1,All Population,1,Deaths,164,Nepal,3,Both,22,All ages,846,Chronic lymphoid leukemia,1,Number,2017,18.687531605292257,32.23051742596384,8.225137286274355
1,All Population,1,Deaths,164,Nepal,3,Both,22,All ages,847,Acute myeloid leukemia,1,Number,2017,160.02647122223567,297.47046194324554,81.61654013989663
1,All Population,1,Deaths,164,Nepal,3,Both,22,All ages,848,Chronic myeloid leukemia,1,Number,2017,102.7936432352763,165.71237626707264,43.89745859712671
1,All Population,1,Deaths,164,Nepal,3,Both,22,All ages,849,Non-melanoma skin cancer (squamous-cell carcinoma),1,Number,2017,58.946103817846016,86.44051371195607,38.44888172608127
1,All Population,1,Deaths,164,Nepal,3,Both,22,All ages,854,Police conflict and executions,1,Number,2017,3.0822418994768936,3.3986307564642155,2.802568341456261
1,All Population,1,Deaths,164,Nepal,3,Both,22,All ages,934,Drug-susceptible tuberculosis,1,Number,2017,5778.452982277685,8874.967934784774,3665.058727693736
1,All Population,1,Deaths,164,Nepal,3,Both,22,All ages,935,Zika virus,1,Number,2017,0.0,0.0,0.0
1,All Population,1,Deaths,164,Nepal,3,Both,22,All ages,938,Alcoholic cardiomyopathy,1,Number,2017,40.09062512664438,122.13623694275634,8.870717434738284
1,All Population,1,Deaths,164,Nepal,3,Both,22,All ages,940,Electrocution,1,Number,2017,45.45167673749631,89.57063434647132,17.932036502534057
1,All Population,1,Deaths,164,Nepal,3,Both,22,All ages,942,Myocarditis,1,Number,2017,90.43889200363238,168.91106514833692,41.44578359332698
1,All Population,1,Deaths,164,Nepal,3,Both,22,All ages,943,Other leukemia,1,Number,2017,153.28133759989703,232.77672119749377,89.17719476438903
1,All Population,1,Deaths,164,Nepal,3,Both,22,All ages,944,Other cardiomyopathy,1,Number,2017,913.5574913069646,1415.0463980163038,460.89177799386715
1,All Population,1,Deaths,164,Nepal,3,Both,22,All ages,418,Liver cancer due to hepatitis B,1,Number,2018,100.1109779774052,151.50443403163513,58.39747661625116
1,All Population,1,Deaths,164,Nepal,3,Both,22,All ages,419,Liver cancer due to hepatitis C,1,Number,2018,112.36300568203717,168.81577240590215,69.77774320185306
1,All Population,1,Deaths,164,Nepal,3,Both,22,All ages,420,Liver cancer due to alcohol use,1,Number,2018,98.1815801961387,157.61481157414545,54.53255118899689
1,All Population,1,Deaths,164,Nepal,3,Both,22,All ages,421,Liver cancer due to other causes,1,Number,2018,13.722099563291541,22.135638749609708,7.1940524185628885
1,All Population,1,Deaths,164,Nepal,3,Both,22,All ages,423,Larynx cancer,1,Number,2018,363.7670009133711,597.9917089390053,184.31973949463168
1,All Population,1,Deaths,164,Nepal,3,Both,22,All ages,426,"Tracheal, bronchus, and lung cancer",1,Number,2018,1190.61310944688,1595.9146928163846,885.9531830112903
1,All Population,1,Deaths,164,Nepal,3,Both,22,All ages,429,Breast cancer,1,Number,2018,957.7876832299455,1328.475147512669,636.3650397255938
1,All Population,1,Deaths,164,Nepal,3,Both,22,All ages,432,Cervical cancer,1,Number,2018,934.1780181054793,1447.5512439347563,485.514471411359
1,All Population,1,Deaths,164,Nepal,3,Both,22,All ages,435,Uterine cancer,1,Number,2018,81.53792568151468,153.3449745264482,36.744885061656205
1,All Population,1,Deaths,164,Nepal,3,Both,22,All ages,438,Prostate cancer,1,Number,2018,363.09200155429204,566.9613854930299,218.25980216784723
1,All Population,1,Deaths,164,Nepal,3,Both,22,All ages,441,Colon and rectum cancer,1,Number,2018,646.9331848208157,870.8286067628319,486.05049216904183
1,All Population,1,Deaths,164,Nepal,3,Both,22,All ages,444,Lip and oral cavity cancer,1,Number,2018,821.402575996139,1163.7618989917296,589.4741806125177
1,All Population,1,Deaths,164,Nepal,3,Both,22,All ages,447,Nasopharynx cancer,1,Number,2018,176.01152958267062,238.82086977563714,125.35750149437337
1,All Population,1,Deaths,164,Nepal,3,Both,22,All ages,450,Other pharynx cancer,1,Number,2018,498.2393126152532,714.3670275095235,333.67411273232216
1,All Population,1,Deaths,164,Nepal,3,Both,22,All ages,453,Gallbladder and biliary tract cancer,1,Number,2018,365.53905478644384,491.52717955265143,264.3216850540701
1,All Population,1,Deaths,164,Nepal,3,Both,22,All ages,456,Pancreatic cancer,1,Number,2018,220.24736343847383,297.99079562402983,161.65185253768487
1,All Population,1,Deaths,164,Nepal,3,Both,22,All ages,459,Malignant skin melanoma,1,Number,2018,17.582890373160826,29.674449737392408,10.818797318010034
1,All Population,1,Deaths,164,Nepal,3,Both,22,All ages,465,Ovarian cancer,1,Number,2018,368.26229075980416,682.0923198977109,227.85047577851137
1,All Population,1,Deaths,164,Nepal,3,Both,22,All ages,592,Chronic kidney disease due to glomerulonephritis,1,Number,2018,343.3819800636451,500.63995102650364,217.78794945612907
1,All Population,1,Deaths,164,Nepal,3,Both,22,All ages,593,Chronic kidney disease due to other and unspecified causes,1,Number,2018,1028.6246312170604,1414.744369743502,654.0375144886004
1,All Population,1,Deaths,164,Nepal,3,Both,22,All ages,595,Urinary tract infections and interstitial nephritis,1,Number,2018,502.09268880068936,682.9253462629902,351.0112841740283
1,All Population,1,Deaths,164,Nepal,3,Both,22,All ages,596,Urolithiasis,1,Number,2018,63.19076989533139,84.0458848740646,45.492775275263725
1,All Population,1,Deaths,164,Nepal,3,Both,22,All ages,602,Other urinary diseases,1,Number,2018,492.80758616184914,654.3467024882951,348.2363170938972
1,All Population,1,Deaths,164,Nepal,3,Both,22,All ages,604,Uterine fibroids,1,Number,2018,14.85857323027805,32.71720032731608,5.585129614374819
1,All Population,1,Deaths,164,Nepal,3,Both,22,All ages,607,Endometriosis,1,Number,2018,0.213518445416993,1.024349927423826,0.006548666788818755
1,All Population,1,Deaths,164,Nepal,3,Both,22,All ages,608,Genital prolapse,1,Number,2018,2.6272637999677486,6.915525840985119,0.6114816685095881
1,All Population,1,Deaths,164,Nepal,3,Both,22,All ages,612,Other gynecological diseases,1,Number,2018,26.23303232059064,55.18315527434636,10.877589793218215
1,All Population,1,Deaths,164,Nepal,3,Both,22,All ages,614,Thalassemias,1,Number,2018,58.11636514072263,84.69769792673334,40.40410252016774
1,All Population,1,Deaths,164,Nepal,3,Both,22,All ages,615,Sickle cell disorders,1,Number,2018,8.831711032504847,13.670819592227742,5.377856165373661
1,All Population,1,Deaths,164,Nepal,3,Both,22,All ages,616,G6PD deficiency,1,Number,2018,27.631099761834307,43.78290758329468,17.09211194303935
1,All Population,1,Deaths,164,Nepal,3,Both,22,All ages,618,Other hemoglobinopathies and hemolytic anemias,1,Number,2018,182.49396744201792,262.7061630055409,125.33960424796912
1,All Population,1,Deaths,164,Nepal,3,Both,22,All ages,625,"Other endocrine, metabolic, blood, and immune disorders",1,Number,2018,46.61114487051527,71.76323533814185,25.335619915594073
1,All Population,1,Deaths,164,Nepal,3,Both,22,All ages,627,Rheumatoid arthritis,1,Number,2018,135.94796959717638,232.01213093805225,63.312024630816644
1,All Population,1,Deaths,164,Nepal,3,Both,22,All ages,639,Other musculoskeletal disorders,1,Number,2018,209.30959772520944,339.6756247105749,111.68281358955426
1,All Population,1,Deaths,164,Nepal,3,Both,22,All ages,642,Neural tube defects,1,Number,2018,144.39772093784885,294.47117194887466,60.49736230202236
1,All Population,1,Deaths,164,Nepal,3,Both,22,All ages,945,Conflict and terrorism,1,Number,2018,20.989012537775633,23.07368947004133,19.111458906154347
1,All Population,1,Deaths,164,Nepal,3,Both,22,All ages,946,Multidrug-resistant tuberculosis without extensive drug resistance,1,Number,2018,600.7242111477642,1456.3003215215153,172.9044882385105
1,All Population,1,Deaths,164,Nepal,3,Both,22,All ages,947,Extensively drug-resistant tuberculosis,1,Number,2018,25.754351849458818,67.58822901409663,7.360014060001275
1,All Population,1,Deaths,164,Nepal,3,Both,22,All ages,948,HIV/AIDS - Drug-susceptible Tuberculosis,1,Number,2018,221.12842303153965,361.93614272889334,114.73281572519998
1,All Population,1,Deaths,164,Nepal,3,Both,22,All ages,949,HIV/AIDS - Multidrug-resistant Tuberculosis without extensive drug resistance,1,Number,2018,28.986030003122426,80.03378744101268,7.056177498145021
1,All Population,1,Deaths,164,Nepal,3,Both,22,All ages,950,HIV/AIDS - Extensively drug-resistant Tuberculosis,1,Number,2018,1.2416236174269897,3.2503310752415095,0.2879412580133458
1,All Population,1,Deaths,164,Nepal,3,Both,22,All ages,959,Invasive Non-typhoidal Salmonella (iNTS),1,Number,2018,84.59546628718348,114.08897432227505,56.47537677308107
1,All Population,1,Deaths,164,Nepal,3,Both,22,All ages,964,"Myelodysplastic, myeloproliferative, and other hematopoietic neoplasms",1,Number,2018,19.457256254583832,35.73506012106275,8.353176806508085
1,All Population,1,Deaths,164,Nepal,3,Both,22,All ages,968,Non-rheumatic calcific aortic valve disease,1,Number,2018,115.89600887308009,174.1954741774582,64.81098042039943
1,All Population,1,Deaths,164,Nepal,3,Both,22,All ages,969,Non-rheumatic degenerative mitral valve disease,1,Number,2018,63.08650864486612,108.12187369901814,33.033104674798544
1,All Population,1,Deaths,164,Nepal,3,Both,22,All ages,970,Other non-rheumatic valve diseases,1,Number,2018,1.8271419060804357,3.6672208387060072,0.6620750711426342
1,All Population,1,Deaths,164,Nepal,3,Both,22,All ages,971,Nonalcoholic fatty liver disease including cirrhosis,1,Number,2018,141.25404425115687,220.6123071125822,76.10488844028787
1,All Population,1,Deaths,164,Nepal,3,Both,22,All ages,300,HIV/AIDS resulting in other diseases,1,Number,2019,779.8981158594248,1195.860150026653,471.4282403030603
1,All Population,1,Deaths,164,Nepal,3,Both,22,All ages,468,Testicular cancer,1,Number,2019,26.84599793496941,42.76045533765332,15.498119499003977
1,All Population,1,Deaths,164,Nepal,3,Both,22,All ages,471,Kidney cancer,1,Number,2019,129.52422698776485,210.1223225818465,81.99467847490483
1,All Population,1,Deaths,164,Nepal,3,Both,22,All ages,474,Bladder cancer,1,Number,2019,162.82986286379722,278.02021976263234,102.74631619573609
1,All Population,1,Deaths,164,Nepal,3,Both,22,All ages,477,Brain and central nervous system cancer,1,Number,2019,340.3595766981066,458.93193756288514,250.68215859163058
1,All Population,1,Deaths,164,Nepal,3,Both,22,All ages,480,Thyroid cancer,1,Number,2019,117.72791128857395,160.00530517996538,81.77199232321406
1,All Population,1,Deaths,164,Nepal,3,Both,22,All ages,975,Diabetes mellitus type 1,1,Number,2018,246.20031054796192,386.21661522562704,148.1720095467547
1,All Population,1,Deaths,164,Nepal,3,Both,22,All ages,976,Diabetes mellitus type 2,1,Number,2018,6469.1377632162,8604.824031561999,4563.298032580658
1,All Population,1,Deaths,164,Nepal,3,Both,22,All ages,483,Mesothelioma,1,Number,2019,14.321719464777262,19.061985564521528,9.626365620983993
1,All Population,1,Deaths,164,Nepal,3,Both,22,All ages,484,Hodgkin lymphoma,1,Number,2019,100.26564734026127,179.8881099406242,55.6451107757836
1,All Population,1,Deaths,164,Nepal,3,Both,22,All ages,486,Multiple myeloma,1,Number,2019,144.35236112203083,216.30501211658876,89.04144436796571
1,All Population,1,Deaths,164,Nepal,3,Both,22,All ages,489,Other malignant neoplasms,1,Number,2019,587.8338261089411,867.4610628752488,370.8210429790588
1,All Population,1,Deaths,164,Nepal,3,Both,22,All ages,492,Rheumatic heart disease,1,Number,2019,3949.2756189302804,6266.976483398323,2202.1444539060863
1,All Population,1,Deaths,164,Nepal,3,Both,22,All ages,493,Ischemic heart disease,1,Number,2019,17202.115635972532,22038.09827358426,12547.275066916578
1,All Population,1,Deaths,164,Nepal,3,Both,22,All ages,495,Ischemic stroke,1,Number,2019,6309.701451401346,8990.223398867114,4064.7587944515526
1,All Population,1,Deaths,164,Nepal,3,Both,22,All ages,496,Intracerebral hemorrhage,1,Number,2019,7800.886373081668,10485.43505734463,4501.871385750501
1,All Population,1,Deaths,164,Nepal,3,Both,22,All ages,497,Subarachnoid hemorrhage,1,Number,2019,688.490368903325,1322.8596040157493,328.70500959288324
1,All Population,1,Deaths,164,Nepal,3,Both,22,All ages,498,Hypertensive heart disease,1,Number,2019,2855.500345191657,4341.472167835889,1764.0137322244116
1,All Population,1,Deaths,164,Nepal,3,Both,22,All ages,500,Atrial fibrillation and flutter,1,Number,2019,443.33417646153725,633.5439390159395,311.83798282998976
1,All Population,1,Deaths,164,Nepal,3,Both,22,All ages,501,Aortic aneurysm,1,Number,2019,141.0972768069045,270.8736424049325,83.06897524579082
1,All Population,1,Deaths,164,Nepal,3,Both,22,All ages,502,Lower extremity peripheral arterial disease,1,Number,2019,47.13752903017884,76.39152512281936,26.842117781913718
1,All Population,1,Deaths,164,Nepal,3,Both,22,All ages,503,Endocarditis,1,Number,2019,136.32966763795505,210.29768047129272,76.59008186218125
1,All Population,1,Deaths,164,Nepal,3,Both,22,All ages,643,Congenital heart anomalies,1,Number,2019,960.1009565700152,1356.6047192530364,647.8428480119816
1,All Population,1,Deaths,164,Nepal,3,Both,22,All ages,644,Orofacial clefts,1,Number,2019,14.032269008206942,42.680319537213585,2.0974559319576995
1,All Population,1,Deaths,164,Nepal,3,Both,22,All ages,645,Down syndrome,1,Number,2019,39.915260139472785,71.31092818628751,17.845399211847717
1,All Population,1,Deaths,164,Nepal,3,Both,22,All ages,648,Other chromosomal abnormalities,1,Number,2019,39.04123826450993,68.87471482393936,18.74880832892067
1,All Population,1,Deaths,164,Nepal,3,Both,22,All ages,649,Congenital musculoskeletal and limb anomalies,1,Number,2019,26.744340689856262,47.90989609189584,12.520494556371155
1,All Population,1,Deaths,164,Nepal,3,Both,22,All ages,650,Urogenital congenital anomalies,1,Number,2019,37.46705186148449,87.53814987533748,13.063812925077402
1,All Population,1,Deaths,164,Nepal,3,Both,22,All ages,651,Digestive congenital anomalies,1,Number,2019,191.42013088153504,367.66460809793927,90.69811616743289
1,All Population,1,Deaths,164,Nepal,3,Both,22,All ages,652,Other congenital birth defects,1,Number,2019,2.57096913192006,8.567495040061171,0.5902057583580107
1,All Population,1,Deaths,164,Nepal,3,Both,22,All ages,656,Cellulitis,1,Number,2019,0.5441998075518335,1.3221595969370898,0.1432584221695878
1,All Population,1,Deaths,164,Nepal,3,Both,22,All ages,657,Pyoderma,1,Number,2019,1.2500467624939,2.3912072927026955,0.5006143585290235
1,All Population,1,Deaths,164,Nepal,3,Both,22,All ages,665,Decubitus ulcer,1,Number,2019,2.2812393935089963,3.828786236171654,1.3037354459099557
1,All Population,1,Deaths,164,Nepal,3,Both,22,All ages,668,Other skin and subcutaneous diseases,1,Number,2019,1.6849760046332845,2.975987367727342,0.8334810773345448
1,All Population,1,Deaths,164,Nepal,3,Both,22,All ages,686,Sudden infant death syndrome,1,Number,2019,93.86758907761468,153.83957581323716,50.93271489086544
1,All Population,1,Deaths,164,Nepal,3,Both,22,All ages,690,Pedestrian road injuries,1,Number,2019,925.9738318315364,1362.8555989094782,560.1812352204008
1,All Population,1,Deaths,164,Nepal,3,Both,22,All ages,691,Cyclist road injuries,1,Number,2019,147.1719856455,312.100975657802,70.72573909098455
1,All Population,1,Deaths,164,Nepal,3,Both,22,All ages,692,Motorcyclist road injuries,1,Number,2019,895.7185229779209,1370.4413492457666,536.3793605316087
1,All Population,1,Deaths,164,Nepal,3,Both,22,All ages,693,Motor vehicle road injuries,1,Number,2019,742.9617459062619,1170.6738232175926,353.1794989985627
1,All Population,1,Deaths,164,Nepal,3,Both,22,All ages,694,Other road injuries,1,Number,2019,19.434122430244987,56.31483526493978,5.94181998613469
1,All Population,1,Deaths,164,Nepal,3,Both,22,All ages,695,Other transport injuries,1,Number,2019,231.47712797449273,383.62320691100297,136.45464254479384
1,All Population,1,Deaths,164,Nepal,3,Both,22,All ages,995,Maternal abortion and miscarriage,1,Number,2019,27.5709130598141,45.36347257721505,16.03817972278685
1,All Population,1,Deaths,164,Nepal,3,Both,22,All ages,996,Liver cancer due to NASH,1,Number,2019,34.62957819224536,55.06801369308198,19.468018443414376
1,All Population,1,Deaths,164,Nepal,3,Both,22,All ages,997,Chronic kidney disease due to diabetes mellitus type 1,1,Number,2019,171.5165879061399,262.62778963403684,101.46725760094023
1,All Population,1,Deaths,164,Nepal,3,Both,22,All ages,998,Chronic kidney disease due to diabetes mellitus type 2,1,Number,2019,541.8498147745784,787.0627306047974,319.8225636969339
1,All Population,1,Deaths,164,Nepal,3,Both,22,All ages,1004,Pulmonary Arterial Hypertension,1,Number,2019,81.83473633630284,133.05763048605047,44.89352206990609
1,All Population,1,Deaths,164,Nepal,3,Both,22,All ages,1005,Hepatoblastoma,1,Number,2019,3.0101805783475,4.674241411734403,1.7766447954925468
1,All Population,1,Deaths,164,Nepal,3,Both,22,All ages,1006,Burkitt lymphoma,1,Number,2019,8.768088124763404,15.157555293624739,4.390832463360882
1,All Population,1,Deaths,164,Nepal,3,Both,22,All ages,1007,Other non-Hodgkin lymphoma,1,Number,2019,438.85373969338127,616.9783780998939,325.8885664753399
1,All Population,1,Deaths,164,Nepal,3,Both,22,All ages,1009,Retinoblastoma,1,Number,2019,11.458101183026946,32.61730025940892,3.177657972181976
1,All Population,1,Deaths,164,Nepal,3,Both,22,All ages,1010,Other eye cancers,1,Number,2019,7.1807251309671996,16.82398780076316,3.226454748509844
1,All Population,1,Deaths,164,Nepal,3,Both,22,All ages,1011,Soft tissue and other extraosseous sarcomas,1,Number,2019,127.58275381754464,244.17946552746702,72.74686239056815
1,All Population,1,Deaths,164,Nepal,3,Both,22,All ages,1012,Malignant neoplasm of bone and articular cartilage,1,Number,2019,210.9975128556352,351.12545353402504,126.44083476220938
1,All Population,1,Deaths,164,Nepal,3,Both,22,All ages,1013,Neuroblastoma and other peripheral nervous cell tumors,1,Number,2019,10.033754184013768,14.925901949115348,6.563014247599477
1,All Population,1,Deaths,164,Nepal,3,Both,22,All ages,1024,Ulcerative colitis,1,Number,2019,93.1324007015659,153.02078735536415,51.10122675244453
1,All Population,1,Deaths,164,Nepal,3,Both,22,All ages,1025,Crohn's disease,1,Number,2019,17.36679317140598,35.09809065147119,7.471895194873733
1,All Population,1,Deaths,164,Nepal,3,Both,22,All ages,1026,Total burden related to hepatitis B,1,Number,2019,2439.8774545993665,3412.6606668195577,1484.5523180392754
1,All Population,1,Deaths,164,Nepal,3,Both,22,All ages,1027,Total burden related to hepatitis C,1,Number,2019,775.2512810013449,1148.8027553438421,459.2745111478994
1,All Population,1,Deaths,164,Nepal,3,Both,22,All ages,1028,Total burden related to Non-alcoholic fatty liver disease (NAFLD),1,Number,2019,181.34065835619393,267.91173284572244,111.74133905934448
1,All Population,1,Deaths,164,Nepal,3,Both,22,All ages,1029,Total cancers,1,Number,2019,13007.064491847723,14646.236646306797,11486.807725424444
1,All Population,1,Deaths,164,Nepal,3,Both,22,All ages,1032,Thyroid diseases,1,Number,2019,15.964592131919831,27.47191516166378,7.075841873770633
1,All Population,1,Deaths,164,Nepal,3,Both,22,All ages,1048,COVID-19,1,Number,2019,0.0,0.0,0.0
1,All Population,1,Deaths,164,Nepal,3,Both,22,All ages,353,Cystic echinococcosis,1,Number,2018,25.91653488572952,32.68442674974139,19.225541037718457
1,All Population,1,Deaths,164,Nepal,3,Both,22,All ages,357,Dengue,1,Number,2018,458.6373218451402,1140.113454285798,152.47695718820574
1,All Population,1,Deaths,164,Nepal,3,Both,22,All ages,358,Yellow fever,1,Number,2018,0.0,0.0,0.0
1,All Population,1,Deaths,164,Nepal,3,Both,22,All ages,359,Rabies,1,Number,2018,308.7524633468006,603.4594898017879,83.66262754681632
1,All Population,1,Deaths,164,Nepal,3,Both,22,All ages,361,Ascariasis,1,Number,2018,2.039203926289882,3.25951619331588,0.8971885149742586
1,All Population,1,Deaths,164,Nepal,3,Both,22,All ages,365,Other neglected tropical diseases,1,Number,2018,37.370779496994224,68.03355212134062,18.06320193521368
1,All Population,1,Deaths,164,Nepal,3,Both,22,All ages,367,Maternal hemorrhage,1,Number,2018,132.91811743531179,192.90040296248154,83.14107172056187
1,All Population,1,Deaths,164,Nepal,3,Both,22,All ages,368,Maternal sepsis and other maternal infections,1,Number,2018,27.000362380814316,42.127674750041905,17.470898962290725
1,All Population,1,Deaths,164,Nepal,3,Both,22,All ages,369,Maternal hypertensive disorders,1,Number,2018,71.56629734429504,97.00290231978244,48.27820779239159
1,All Population,1,Deaths,164,Nepal,3,Both,22,All ages,370,Maternal obstructed labor and uterine rupture,1,Number,2018,32.807511760646726,56.91860986490462,17.410967050241826
1,All Population,1,Deaths,164,Nepal,3,Both,22,All ages,374,Ectopic pregnancy,1,Number,2018,0.30425616310303905,0.460635861658975,0.1860233842029396
1,All Population,1,Deaths,164,Nepal,3,Both,22,All ages,375,Indirect maternal deaths,1,Number,2018,82.86587806347045,126.31810655218668,51.591109690675374
1,All Population,1,Deaths,164,Nepal,3,Both,22,All ages,376,Late maternal deaths,1,Number,2018,11.662141010717752,16.545346328170062,8.084066833660728
1,All Population,1,Deaths,164,Nepal,3,Both,22,All ages,381,Neonatal preterm birth,1,Number,2018,3226.201082262349,4138.700200137797,2484.2642182584614
1,All Population,1,Deaths,164,Nepal,3,Both,22,All ages,382,Neonatal encephalopathy due to birth asphyxia and trauma,1,Number,2018,3751.8134914942116,4589.912346816821,2940.5838190278077
1,All Population,1,Deaths,164,Nepal,3,Both,22,All ages,383,Neonatal sepsis and other neonatal infections,1,Number,2018,1459.657659148394,2453.355064652645,677.8772719335609
1,All Population,1,Deaths,164,Nepal,3,Both,22,All ages,384,Hemolytic disease and other neonatal jaundice,1,Number,2018,522.9073732369975,872.3135605307726,282.85868883647436
1,All Population,1,Deaths,164,Nepal,3,Both,22,All ages,385,Other neonatal disorders,1,Number,2018,869.2300490648041,1327.2853828265618,498.9176352321807
1,All Population,1,Deaths,164,Nepal,3,Both,22,All ages,387,Protein-energy malnutrition,1,Number,2018,1081.5179264486108,1383.6003502193762,832.1140108651022
1,All Population,1,Deaths,164,Nepal,3,Both,22,All ages,391,Other nutritional deficiencies,1,Number,2018,397.73675807307603,618.0670723689113,250.56188509648058
1,All Population,1,Deaths,164,Nepal,3,Both,22,All ages,394,Syphilis,1,Number,2018,313.9480749541194,625.7815736695536,111.46142684587136
1,All Population,1,Deaths,164,Nepal,3,Both,22,All ages,395,Chlamydial infection,1,Number,2018,6.367663029879797,15.438783982724892,1.8812428853477616
1,All Population,1,Deaths,164,Nepal,3,Both,22,All ages,396,Gonococcal infection,1,Number,2018,2.064755910331776,4.7904419176285264,0.7067740970001819
1,All Population,1,Deaths,164,Nepal,3,Both,22,All ages,399,Other sexually transmitted infections,1,Number,2018,19.86870145458258,47.932490955637924,5.906700761068735
1,All Population,1,Deaths,164,Nepal,3,Both,22,All ages,401,Acute hepatitis A,1,Number,2018,601.6547497928889,1020.689384770843,282.21703296517114
1,All Population,1,Deaths,164,Nepal,3,Both,22,All ages,533,Vascular intestinal disorders,1,Number,2018,169.9551261720594,267.4473221748974,101.82479627195362
1,All Population,1,Deaths,164,Nepal,3,Both,22,All ages,534,Gallbladder and biliary diseases,1,Number,2018,127.23943911973879,206.9919040411982,69.87013611467884
1,All Population,1,Deaths,164,Nepal,3,Both,22,All ages,535,Pancreatitis,1,Number,2018,590.8152859591996,930.1683512314798,364.33503822036374
1,All Population,1,Deaths,164,Nepal,3,Both,22,All ages,543,Alzheimer's disease and other dementias,1,Number,2018,2200.4584080486675,5830.258235396383,517.8722584738038
1,All Population,1,Deaths,164,Nepal,3,Both,22,All ages,544,Parkinson's disease,1,Number,2018,573.4894489192325,696.013312951132,463.8730828480183
1,All Population,1,Deaths,164,Nepal,3,Both,22,All ages,545,Idiopathic epilepsy,1,Number,2018,1040.0190189750128,1556.8916010529072,728.5500632234395
1,All Population,1,Deaths,164,Nepal,3,Both,22,All ages,546,Multiple sclerosis,1,Number,2018,4.744127537935433,10.71215810296697,1.6887921686808505
1,All Population,1,Deaths,164,Nepal,3,Both,22,All ages,554,Motor neuron disease,1,Number,2018,6.9851207278456915,15.801984723655243,2.7726512165904498
1,All Population,1,Deaths,164,Nepal,3,Both,22,All ages,557,Other neurological disorders,1,Number,2018,18.194317802590575,32.900674722378014,8.685960096276524
1,All Population,1,Deaths,164,Nepal,3,Both,22,All ages,560,Alcohol use disorders,1,Number,2018,213.84223129000628,354.7542325200367,114.09104402361017
1,All Population,1,Deaths,164,Nepal,3,Both,22,All ages,562,Opioid use disorders,1,Number,2018,51.68725364482051,85.45415498054986,28.615360793567277
1,All Population,1,Deaths,164,Nepal,3,Both,22,All ages,563,Cocaine use disorders,1,Number,2018,8.683678418805785,17.299128722556002,3.079280019083811
1,All Population,1,Deaths,164,Nepal,3,Both,22,All ages,564,Amphetamine use disorders,1,Number,2018,1.6737600681232139,3.958503129453759,0.48234701420746073
1,All Population,1,Deaths,164,Nepal,3,Both,22,All ages,566,Other drug use disorders,1,Number,2018,12.533791320468762,23.866722438575305,5.806193417437784
1,All Population,1,Deaths,164,Nepal,3,Both,22,All ages,573,Anorexia nervosa,1,Number,2018,0.04724235050902266,0.2831739414203492,0.006114182483495485
1,All Population,1,Deaths,164,Nepal,3,Both,22,All ages,588,Acute glomerulonephritis,1,Number,2018,5.060533698872712,11.407277240561399,1.3836700516681932
1,All Population,1,Deaths,164,Nepal,3,Both,22,All ages,591,Chronic kidney disease due to hypertension,1,Number,2018,413.7495861131825,632.3304869066852,268.0378800270596
1,All Population,1,Deaths,164,Nepal,3,Both,22,All ages,725,Physical violence by firearm,1,Number,2018,49.66561925556149,99.91649349656434,23.10663505377779
1,All Population,1,Deaths,164,Nepal,3,Both,22,All ages,726,Physical violence by sharp object,1,Number,2018,40.89139594719994,74.2628165647216,15.53463296296086
1,All Population,1,Deaths,164,Nepal,3,Both,22,All ages,727,Physical violence by other means,1,Number,2018,499.8332215243241,699.5125242204267,358.9467765781673
1,All Population,1,Deaths,164,Nepal,3,Both,22,All ages,729,Exposure to forces of nature,1,Number,2018,14.999142841750945,16.488892158431742,13.657407728531519
1,All Population,1,Deaths,164,Nepal,3,Both,22,All ages,741,Maternal deaths aggravated by HIV/AIDS,1,Number,2018,0.2379499457517517,0.38602716631738115,0.12171542344523521
1,All Population,1,Deaths,164,Nepal,3,Both,22,All ages,842,Environmental heat and cold exposure,1,Number,2018,92.61857739988055,151.1057884059119,55.84577388693174
1,All Population,1,Deaths,164,Nepal,3,Both,22,All ages,843,Ebola,1,Number,2018,0.0,0.0,0.0
1,All Population,1,Deaths,164,Nepal,3,Both,22,All ages,845,Acute lymphoid leukemia,1,Number,2018,187.46277957057907,315.93571293323885,118.27241898770923
1,All Population,1,Deaths,164,Nepal,3,Both,22,All ages,846,Chronic lymphoid leukemia,1,Number,2018,19.256035594638004,33.96681246439206,8.48075976200574
1,All Population,1,Deaths,164,Nepal,3,Both,22,All ages,847,Acute myeloid leukemia,1,Number,2018,161.2228990301457,292.8472795154147,87.80161392106896
1,All Population,1,Deaths,164,Nepal,3,Both,22,All ages,848,Chronic myeloid leukemia,1,Number,2018,104.11658289858978,165.00200601703037,45.769249339709944
1,All Population,1,Deaths,164,Nepal,3,Both,22,All ages,849,Non-melanoma skin cancer (squamous-cell carcinoma),1,Number,2018,61.54823547881513,90.47016534666656,40.44000202729276
1,All Population,1,Deaths,164,Nepal,3,Both,22,All ages,854,Police conflict and executions,1,Number,2018,2.1049960970675605,2.318619641819836,1.9150883798067888
1,All Population,1,Deaths,164,Nepal,3,Both,22,All ages,934,Drug-susceptible tuberculosis,1,Number,2018,5664.46332566762,8635.328745144841,3549.4363479693347
1,All Population,1,Deaths,164,Nepal,3,Both,22,All ages,935,Zika virus,1,Number,2018,0.0,0.0,0.0
1,All Population,1,Deaths,164,Nepal,3,Both,22,All ages,938,Alcoholic cardiomyopathy,1,Number,2018,40.610539924531814,119.9276629722008,9.262919584535942
1,All Population,1,Deaths,164,Nepal,3,Both,22,All ages,940,Electrocution,1,Number,2018,44.646801255327205,88.66794487665719,18.78985996447101
1,All Population,1,Deaths,164,Nepal,3,Both,22,All ages,942,Myocarditis,1,Number,2018,88.97550326734427,160.6179404499253,39.522532868281985
1,All Population,1,Deaths,164,Nepal,3,Both,22,All ages,943,Other leukemia,1,Number,2018,155.21353495648637,229.43775054982814,92.29236696899927
1,All Population,1,Deaths,164,Nepal,3,Both,22,All ages,944,Other cardiomyopathy,1,Number,2018,939.760662081238,1437.2885184195986,489.9116039355042
1,All Population,1,Deaths,164,Nepal,3,Both,22,All ages,302,Diarrheal diseases,1,Number,2019,3393.546050142559,6374.363710675417,1895.6158163143696
1,All Population,1,Deaths,164,Nepal,3,Both,22,All ages,319,Typhoid fever,1,Number,2019,904.7386935238253,1452.592541059506,471.3315881209935
1,All Population,1,Deaths,164,Nepal,3,Both,22,All ages,320,Paratyphoid fever,1,Number,2019,202.89966052827265,388.1272178043842,92.34169062715065
1,All Population,1,Deaths,164,Nepal,3,Both,22,All ages,321,Other intestinal infectious diseases,1,Number,2019,3.3757615482195398,4.832252714224557,2.2146959131343533
1,All Population,1,Deaths,164,Nepal,3,Both,22,All ages,322,Lower respiratory infections,1,Number,2019,8931.383388628476,12194.825504142795,6500.251734474452
1,All Population,1,Deaths,164,Nepal,3,Both,22,All ages,328,Upper respiratory infections,1,Number,2019,53.372808780587185,145.79118119162777,3.858380213692404
1,All Population,1,Deaths,164,Nepal,3,Both,22,All ages,329,Otitis media,1,Number,2019,3.580106668766487,9.250030682497362,1.122293310509426
1,All Population,1,Deaths,164,Nepal,3,Both,22,All ages,332,Meningitis,1,Number,2019,871.6963814048202,1257.2627336377395,557.2469939139745
1,All Population,1,Deaths,164,Nepal,3,Both,22,All ages,337,Encephalitis,1,Number,2019,469.86388127269686,940.3336017925647,177.58118060874773
1,All Population,1,Deaths,164,Nepal,3,Both,22,All ages,338,Diphtheria,1,Number,2019,5.139719451653817,8.160210605579485,3.101510334755055
1,All Population,1,Deaths,164,Nepal,3,Both,22,All ages,339,Pertussis,1,Number,2019,471.8278751376697,1326.117021908423,62.15315777422534
1,All Population,1,Deaths,164,Nepal,3,Both,22,All ages,340,Tetanus,1,Number,2019,280.1599707528561,516.6649246779286,126.00795420724569
1,All Population,1,Deaths,164,Nepal,3,Both,22,All ages,341,Measles,1,Number,2019,902.6321909396374,1579.2869210597014,391.4408021139835
1,All Population,1,Deaths,164,Nepal,3,Both,22,All ages,342,Varicella and herpes zoster,1,Number,2019,73.94382031016059,99.02960520803063,54.31097950719116
1,All Population,1,Deaths,164,Nepal,3,Both,22,All ages,345,Malaria,1,Number,2019,0.5334036166129327,1.4656734796464255,0.1350194573171537
1,All Population,1,Deaths,164,Nepal,3,Both,22,All ages,346,Chagas disease,1,Number,2019,0.0,0.0,0.0
1,All Population,1,Deaths,164,Nepal,3,Both,22,All ages,348,Visceral leishmaniasis,1,Number,2019,23.785934013129115,76.55283041118129,0.006646861146053824
1,All Population,1,Deaths,164,Nepal,3,Both,22,All ages,350,African trypanosomiasis,1,Number,2019,0.0,0.0,0.0
1,All Population,1,Deaths,164,Nepal,3,Both,22,All ages,351,Schistosomiasis,1,Number,2019,0.0,0.0,0.0
1,All Population,1,Deaths,164,Nepal,3,Both,22,All ages,352,Cysticercosis,1,Number,2019,1.4199994929546635,2.040162427020741,0.7567435247501666
1,All Population,1,Deaths,164,Nepal,3,Both,22,All ages,507,Other cardiovascular and circulatory diseases,1,Number,2019,538.2715167592977,808.6489727275698,327.68119999998925
1,All Population,1,Deaths,164,Nepal,3,Both,22,All ages,509,Chronic obstructive pulmonary disease,1,Number,2019,21984.603373132086,28364.106465395267,16176.685725930016
1,All Population,1,Deaths,164,Nepal,3,Both,22,All ages,511,Silicosis,1,Number,2019,9.30946831659554,20.135964772692965,2.7180833748648574
1,All Population,1,Deaths,164,Nepal,3,Both,22,All ages,512,Asbestosis,1,Number,2019,2.4583037856162946,6.696836545919589,0.592873706829943
1,All Population,1,Deaths,164,Nepal,3,Both,22,All ages,513,Coal workers pneumoconiosis,1,Number,2019,2.6555700678421306,9.406630311202607,0.3489185181035751
1,All Population,1,Deaths,164,Nepal,3,Both,22,All ages,514,Other pneumoconiosis,1,Number,2019,5.846014818501155,14.311294278581858,1.4557622975966444
1,All Population,1,Deaths,164,Nepal,3,Both,22,All ages,515,Asthma,1,Number,2019,3918.622304135309,7272.926614203717,2131.6135910677785
1,All Population,1,Deaths,164,Nepal,3,Both,22,All ages,516,Interstitial lung disease and pulmonary sarcoidosis,1,Number,2019,632.5441216662299,1507.9361813096946,324.6221714928817
1,All Population,1,Deaths,164,Nepal,3,Both,22,All ages,520,Other chronic respiratory diseases,1,Number,2019,379.2072145079883,701.8223495916054,213.14530131068148
1,All Population,1,Deaths,164,Nepal,3,Both,22,All ages,522,Chronic hepatitis B including cirrhosis,1,Number,2019,2225.420297551513,3194.1168553507136,1304.978207032536
1,All Population,1,Deaths,164,Nepal,3,Both,22,All ages,523,Chronic hepatitis C including cirrhosis,1,Number,2019,629.1863546567914,972.7146721198206,352.93846258473303
1,All Population,1,Deaths,164,Nepal,3,Both,22,All ages,524,Cirrhosis due to alcohol,1,Number,2019,1941.4667561555846,2942.2268243818075,1155.6182842111643
1,All Population,1,Deaths,164,Nepal,3,Both,22,All ages,525,Cirrhosis due to other causes,1,Number,2019,631.395725176792,936.0924793520369,376.1051128907896
1,All Population,1,Deaths,164,Nepal,3,Both,22,All ages,527,Peptic ulcer disease,1,Number,2019,2341.258844416702,4080.7579766550784,1525.5225586234053
1,All Population,1,Deaths,164,Nepal,3,Both,22,All ages,528,Gastritis and duodenitis,1,Number,2019,178.85247605005412,336.86286950499874,76.64812423354859
1,All Population,1,Deaths,164,Nepal,3,Both,22,All ages,529,Appendicitis,1,Number,2019,315.9930450291847,599.8638182769087,133.94605424982942
1,All Population,1,Deaths,164,Nepal,3,Both,22,All ages,530,Paralytic ileus and intestinal obstruction,1,Number,2019,1151.2174372402508,1790.9196616564127,707.4438248096634
1,All Population,1,Deaths,164,Nepal,3,Both,22,All ages,531,"Inguinal, femoral, and abdominal hernia",1,Number,2019,265.59138474563116,583.6989129325369,122.21724695997722
1,All Population,1,Deaths,164,Nepal,3,Both,22,All ages,697,Falls,1,Number,2019,2731.978392681512,3642.1806836633837,1906.5547598926623
1,All Population,1,Deaths,164,Nepal,3,Both,22,All ages,698,Drowning,1,Number,2019,1874.7124037060235,2629.3506163962907,1260.1791225026755
1,All Population,1,Deaths,164,Nepal,3,Both,22,All ages,699,"Fire, heat, and hot substances",1,Number,2019,539.8715196556602,843.5640161266754,319.7111188483319
1,All Population,1,Deaths,164,Nepal,3,Both,22,All ages,701,Poisoning by carbon monoxide,1,Number,2019,302.48554578719654,570.1970073613925,121.39398349429709
1,All Population,1,Deaths,164,Nepal,3,Both,22,All ages,703,Poisoning by other means,1,Number,2019,663.3252957156102,1075.142766949792,333.1814116746416
1,All Population,1,Deaths,164,Nepal,3,Both,22,All ages,705,Unintentional firearm injuries,1,Number,2019,2.443189915610953,8.180819252205163,0.4067507926221866
1,All Population,1,Deaths,164,Nepal,3,Both,22,All ages,707,Other exposure to mechanical forces,1,Number,2019,277.2186855391331,459.5793049833078,163.63122699245483
1,All Population,1,Deaths,164,Nepal,3,Both,22,All ages,708,Adverse effects of medical treatment,1,Number,2019,752.1217068381093,998.0361999204811,542.9835229683912
1,All Population,1,Deaths,164,Nepal,3,Both,22,All ages,710,Venomous animal contact,1,Number,2019,675.5256688150296,1096.5174110577404,417.0766311513857
1,All Population,1,Deaths,164,Nepal,3,Both,22,All ages,711,Non-venomous animal contact,1,Number,2019,19.991189364920224,47.33208437514057,5.820883764582073
1,All Population,1,Deaths,164,Nepal,3,Both,22,All ages,713,Pulmonary aspiration and foreign body in airway,1,Number,2019,45.93149270704105,91.04098742783864,10.050871943422178
1,All Population,1,Deaths,164,Nepal,3,Both,22,All ages,715,Foreign body in other body part,1,Number,2019,2.917640486555317,7.509175724597529,0.4500258774738747
1,All Population,1,Deaths,164,Nepal,3,Both,22,All ages,716,Other unintentional injuries,1,Number,2019,88.15076765775497,164.20099722836588,45.203727786854735
1,All Population,1,Deaths,164,Nepal,3,Both,22,All ages,721,Self-harm by firearm,1,Number,2019,383.41544783768376,926.8797389799734,152.1402240125377
1,All Population,1,Deaths,164,Nepal,3,Both,22,All ages,1059,Total Cancers excluding Non-melanoma skin cancer,1,Number,2019,12942.158290370264,14561.279204597304,11444.18865363217
1,All Population,1,Deaths,164,Nepal,3,Both,22,All ages,1160,Other direct maternal disorders,1,Number,2019,100.81741428989537,164.57310290273503,62.08244663807251
1,All Population,1,Deaths,164,Nepal,3,Both,22,All ages,1161,Other digestive diseases,1,Number,2019,523.7074721170821,798.1112222402659,300.674025023679
1,All Population,1,Deaths,164,Nepal,3,Both,22,All ages,1163,Self-harm by other specified means,1,Number,2019,4218.494903579975,5717.300027707582,2953.3153596674415
1,All Population,1,Deaths,164,Nepal,3,Both,22,All ages,1164,Other benign and in situ neoplasms,1,Number,2019,79.22286765909725,124.06529799705933,45.53431941009925
1,All Population,1,Deaths,164,Nepal,3,Both,22,All ages,300,HIV/AIDS resulting in other diseases,1,Number,2020,670.545650289196,1017.8710393038812,394.49139540852724
1,All Population,1,Deaths,164,Nepal,3,Both,22,All ages,468,Testicular cancer,1,Number,2020,27.934854483082585,45.153385005440995,15.625394528534525
1,All Population,1,Deaths,164,Nepal,3,Both,22,All ages,471,Kidney cancer,1,Number,2020,135.79909783958144,222.17783732290775,85.6347916992217
1,All Population,1,Deaths,164,Nepal,3,Both,22,All ages,474,Bladder cancer,1,Number,2020,171.29965259238048,299.8717947552535,109.62250304721448
1,All Population,1,Deaths,164,Nepal,3,Both,22,All ages,477,Brain and central nervous system cancer,1,Number,2020,361.0819556010618,492.75788906618067,264.36088588675483
1,All Population,1,Deaths,164,Nepal,3,Both,22,All ages,480,Thyroid cancer,1,Number,2020,122.02421469797488,164.41887544204377,86.35688055762495
1,All Population,1,Deaths,164,Nepal,3,Both,22,All ages,402,Acute hepatitis B,1,Number,2019,109.3189235671558,269.85568182235835,23.62215173483207
1,All Population,1,Deaths,164,Nepal,3,Both,22,All ages,403,Acute hepatitis C,1,Number,2019,27.328952647474157,69.2646725754752,3.01870979609356
1,All Population,1,Deaths,164,Nepal,3,Both,22,All ages,404,Acute hepatitis E,1,Number,2019,12.973209204936788,42.598829764970574,2.616179919414467
1,All Population,1,Deaths,164,Nepal,3,Both,22,All ages,408,Other unspecified infectious diseases,1,Number,2019,1129.056542203765,2180.8343093285457,531.89620822262
1,All Population,1,Deaths,164,Nepal,3,Both,22,All ages,411,Esophageal cancer,1,Number,2019,914.3160698481411,1287.7069712626947,610.4266475512037
1,All Population,1,Deaths,164,Nepal,3,Both,22,All ages,414,Stomach cancer,1,Number,2019,1246.1315389057881,1850.1239897874407,769.4026900278262
1,All Population,1,Deaths,164,Nepal,3,Both,22,All ages,483,Mesothelioma,1,Number,2020,15.101756811487762,19.90373148173544,9.973570394131999
1,All Population,1,Deaths,164,Nepal,3,Both,22,All ages,484,Hodgkin lymphoma,1,Number,2020,103.55825526480943,187.6978085753815,55.60204906228623
1,All Population,1,Deaths,164,Nepal,3,Both,22,All ages,486,Multiple myeloma,1,Number,2020,154.30854969696938,231.69405030671066,91.48651430434703
1,All Population,1,Deaths,164,Nepal,3,Both,22,All ages,489,Other malignant neoplasms,1,Number,2020,614.4814006815619,897.1113874409837,398.79810024663607
1,All Population,1,Deaths,164,Nepal,3,Both,22,All ages,492,Rheumatic heart disease,1,Number,2020,3944.2314603701975,6395.735827994967,2212.215311268135
1,All Population,1,Deaths,164,Nepal,3,Both,22,All ages,493,Ischemic heart disease,1,Number,2020,16547.76493841389,20961.626431263732,12117.367134975868
1,All Population,1,Deaths,164,Nepal,3,Both,22,All ages,495,Ischemic stroke,1,Number,2020,6096.100107313818,8644.653351957375,3966.3365891565923
1,All Population,1,Deaths,164,Nepal,3,Both,22,All ages,496,Intracerebral hemorrhage,1,Number,2020,7860.161025995805,10703.655217675025,4730.532544943777
1,All Population,1,Deaths,164,Nepal,3,Both,22,All ages,497,Subarachnoid hemorrhage,1,Number,2020,717.9243136703492,1386.5111097355707,323.9803731792802
1,All Population,1,Deaths,164,Nepal,3,Both,22,All ages,498,Hypertensive heart disease,1,Number,2020,2956.494295225988,4490.502899356744,1835.3161256058208
1,All Population,1,Deaths,164,Nepal,3,Both,22,All ages,500,Atrial fibrillation and flutter,1,Number,2020,465.99161038851025,657.0448975869419,318.95375814433936
1,All Population,1,Deaths,164,Nepal,3,Both,22,All ages,501,Aortic aneurysm,1,Number,2020,149.22248078063305,289.37927504106807,87.12736402554644
1,All Population,1,Deaths,164,Nepal,3,Both,22,All ages,502,Lower extremity peripheral arterial disease,1,Number,2020,49.18446957375948,78.78781860146553,28.567026648375087
1,All Population,1,Deaths,164,Nepal,3,Both,22,All ages,503,Endocarditis,1,Number,2020,139.76682561068856,207.65778099151655,79.72849624801823
1,All Population,1,Deaths,164,Nepal,3,Both,22,All ages,418,Liver cancer due to hepatitis B,1,Number,2019,105.13823348069583,162.11370409206017,62.36001355606707
1,All Population,1,Deaths,164,Nepal,3,Both,22,All ages,419,Liver cancer due to hepatitis C,1,Number,2019,118.73597369708037,178.93477040306382,75.6222068380419
1,All Population,1,Deaths,164,Nepal,3,Both,22,All ages,420,Liver cancer due to alcohol use,1,Number,2019,103.52787240714999,171.6573034336121,57.648796831110026
1,All Population,1,Deaths,164,Nepal,3,Both,22,All ages,421,Liver cancer due to other causes,1,Number,2019,14.499477780578127,22.93233679242117,7.658951948204549
1,All Population,1,Deaths,164,Nepal,3,Both,22,All ages,423,Larynx cancer,1,Number,2019,381.52207012362044,631.4169879149292,192.36935212304837
1,All Population,1,Deaths,164,Nepal,3,Both,22,All ages,426,"Tracheal, bronchus, and lung cancer",1,Number,2019,1235.8531424828727,1672.6536539709705,918.7523458498672
1,All Population,1,Deaths,164,Nepal,3,Both,22,All ages,429,Breast cancer,1,Number,2019,1011.3135266575874,1405.2622818759567,689.1095990425233
1,All Population,1,Deaths,164,Nepal,3,Both,22,All ages,432,Cervical cancer,1,Number,2019,962.2507994262068,1510.3517213533269,511.2625501434405
1,All Population,1,Deaths,164,Nepal,3,Both,22,All ages,435,Uterine cancer,1,Number,2019,85.87344510413553,157.65624018089193,39.20645056362021
1,All Population,1,Deaths,164,Nepal,3,Both,22,All ages,438,Prostate cancer,1,Number,2019,379.37524935455826,604.7222954276269,225.7636687565579
1,All Population,1,Deaths,164,Nepal,3,Both,22,All ages,441,Colon and rectum cancer,1,Number,2019,679.5328937518386,919.0143516875747,505.1267804835167
1,All Population,1,Deaths,164,Nepal,3,Both,22,All ages,444,Lip and oral cavity cancer,1,Number,2019,860.0030839217269,1211.831773538604,623.9992014807093
1,All Population,1,Deaths,164,Nepal,3,Both,22,All ages,447,Nasopharynx cancer,1,Number,2019,182.8548623567891,246.1915675694313,133.92778855807487
1,All Population,1,Deaths,164,Nepal,3,Both,22,All ages,450,Other pharynx cancer,1,Number,2019,522.1485679000821,756.6717205036257,351.67499094789514
1,All Population,1,Deaths,164,Nepal,3,Both,22,All ages,453,Gallbladder and biliary tract cancer,1,Number,2019,384.36775194370256,522.1573672530433,276.8366493911997
1,All Population,1,Deaths,164,Nepal,3,Both,22,All ages,456,Pancreatic cancer,1,Number,2019,233.7148241564871,309.1394018561981,170.2391607338222
1,All Population,1,Deaths,164,Nepal,3,Both,22,All ages,459,Malignant skin melanoma,1,Number,2019,18.514434873969506,30.777289040775525,11.1000284380387
1,All Population,1,Deaths,164,Nepal,3,Both,22,All ages,465,Ovarian cancer,1,Number,2019,389.43079335670495,718.8799747659482,238.2441917998941
1,All Population,1,Deaths,164,Nepal,3,Both,22,All ages,592,Chronic kidney disease due to glomerulonephritis,1,Number,2019,357.7272645795813,525.5283786395574,224.6990971824168
1,All Population,1,Deaths,164,Nepal,3,Both,22,All ages,593,Chronic kidney disease due to other and unspecified causes,1,Number,2019,1072.4743318029243,1461.0562834339833,678.2221469834399
1,All Population,1,Deaths,164,Nepal,3,Both,22,All ages,595,Urinary tract infections and interstitial nephritis,1,Number,2019,521.826931362418,715.7962044590276,367.5483414493059
1,All Population,1,Deaths,164,Nepal,3,Both,22,All ages,643,Congenital heart anomalies,1,Number,2020,1002.7656299871326,1434.4209718694995,682.9548616673555
1,All Population,1,Deaths,164,Nepal,3,Both,22,All ages,644,Orofacial clefts,1,Number,2020,15.233898477896341,46.32447725777333,2.136742248494013
1,All Population,1,Deaths,164,Nepal,3,Both,22,All ages,645,Down syndrome,1,Number,2020,42.494798777764544,75.80536345893016,19.372382271192944
1,All Population,1,Deaths,164,Nepal,3,Both,22,All ages,648,Other chromosomal abnormalities,1,Number,2020,42.58881665677474,75.36076991111528,21.095816467579805
1,All Population,1,Deaths,164,Nepal,3,Both,22,All ages,649,Congenital musculoskeletal and limb anomalies,1,Number,2020,27.33759221046918,48.21534416363582,12.712571609760243
1,All Population,1,Deaths,164,Nepal,3,Both,22,All ages,650,Urogenital congenital anomalies,1,Number,2020,38.602602028983476,94.16972113898866,12.700471471368814
1,All Population,1,Deaths,164,Nepal,3,Both,22,All ages,651,Digestive congenital anomalies,1,Number,2020,199.12690024137254,372.1160760861032,94.97955682970395
1,All Population,1,Deaths,164,Nepal,3,Both,22,All ages,652,Other congenital birth defects,1,Number,2020,2.6077052895585404,8.787465516020653,0.6218361540973798
1,All Population,1,Deaths,164,Nepal,3,Both,22,All ages,656,Cellulitis,1,Number,2020,0.5690022011561167,1.30005172712636,0.13048703529234598
1,All Population,1,Deaths,164,Nepal,3,Both,22,All ages,657,Pyoderma,1,Number,2020,1.331661054781497,2.4968952413473833,0.5499813224995886
1,All Population,1,Deaths,164,Nepal,3,Both,22,All ages,665,Decubitus ulcer,1,Number,2020,2.4008912677021743,4.082195232377039,1.3669524590836328
1,All Population,1,Deaths,164,Nepal,3,Both,22,All ages,668,Other skin and subcutaneous diseases,1,Number,2020,1.797444236639953,3.157229951760965,0.8590265776703412
1,All Population,1,Deaths,164,Nepal,3,Both,22,All ages,686,Sudden infant death syndrome,1,Number,2020,98.95183524651183,159.41216686898431,53.04842891908492
1,All Population,1,Deaths,164,Nepal,3,Both,22,All ages,690,Pedestrian road injuries,1,Number,2020,941.3109513250118,1395.6164359311392,550.2318139339042
1,All Population,1,Deaths,164,Nepal,3,Both,22,All ages,691,Cyclist road injuries,1,Number,2020,152.81799433715102,327.53990223332386,74.6487686600311
1,All Population,1,Deaths,164,Nepal,3,Both,22,All ages,692,Motorcyclist road injuries,1,Number,2020,921.5679220692853,1376.6109165026467,550.6247587648536
1,All Population,1,Deaths,164,Nepal,3,Both,22,All ages,596,Urolithiasis,1,Number,2019,64.19284216239167,84.47177364011489,46.692246299896965
1,All Population,1,Deaths,164,Nepal,3,Both,22,All ages,602,Other urinary diseases,1,Number,2019,516.7055238825817,684.0580192011902,361.0010427509002
1,All Population,1,Deaths,164,Nepal,3,Both,22,All ages,604,Uterine fibroids,1,Number,2019,15.504147401616946,35.00624176954585,5.984911284786782
1,All Population,1,Deaths,164,Nepal,3,Both,22,All ages,607,Endometriosis,1,Number,2019,0.22542718710291515,0.9618143536330954,0.007304771068959825
1,All Population,1,Deaths,164,Nepal,3,Both,22,All ages,608,Genital prolapse,1,Number,2019,2.8002896816730054,7.757369649950258,0.6625561922462274
1,All Population,1,Deaths,164,Nepal,3,Both,22,All ages,612,Other gynecological diseases,1,Number,2019,27.259748449351296,55.87205825575316,11.362745040460744
1,All Population,1,Deaths,164,Nepal,3,Both,22,All ages,614,Thalassemias,1,Number,2019,56.31360798149211,81.16245432597837,39.06804011912462
1,All Population,1,Deaths,164,Nepal,3,Both,22,All ages,615,Sickle cell disorders,1,Number,2019,8.544764862290265,13.603984987969856,5.272299129059924
1,All Population,1,Deaths,164,Nepal,3,Both,22,All ages,616,G6PD deficiency,1,Number,2019,27.733186667634985,43.761625751534936,16.94292307538986
1,All Population,1,Deaths,164,Nepal,3,Both,22,All ages,618,Other hemoglobinopathies and hemolytic anemias,1,Number,2019,186.42478398076645,263.970606256325,129.49775298123154
1,All Population,1,Deaths,164,Nepal,3,Both,22,All ages,625,"Other endocrine, metabolic, blood, and immune disorders",1,Number,2019,48.28076076134699,75.21425747220242,26.290662320743426
1,All Population,1,Deaths,164,Nepal,3,Both,22,All ages,627,Rheumatoid arthritis,1,Number,2019,143.6552251128844,246.71754682043166,68.17668298192245
1,All Population,1,Deaths,164,Nepal,3,Both,22,All ages,639,Other musculoskeletal disorders,1,Number,2019,219.63205382400233,353.0108468030975,115.75723423006394
1,All Population,1,Deaths,164,Nepal,3,Both,22,All ages,642,Neural tube defects,1,Number,2019,139.3655152482342,294.22295490355214,61.41836715076366
1,All Population,1,Deaths,164,Nepal,3,Both,22,All ages,945,Conflict and terrorism,1,Number,2019,13.98941154501567,15.378872030180368,12.738001055679101
1,All Population,1,Deaths,164,Nepal,3,Both,22,All ages,946,Multidrug-resistant tuberculosis without extensive drug resistance,1,Number,2019,612.1149265100208,1446.298429909121,156.47312601830626
1,All Population,1,Deaths,164,Nepal,3,Both,22,All ages,947,Extensively drug-resistant tuberculosis,1,Number,2019,27.300216989687314,72.85636494918353,6.777687116768516
1,All Population,1,Deaths,164,Nepal,3,Both,22,All ages,948,HIV/AIDS - Drug-susceptible Tuberculosis,1,Number,2019,201.8915665817872,328.8873673805215,103.64629351170042
1,All Population,1,Deaths,164,Nepal,3,Both,22,All ages,949,HIV/AIDS - Multidrug-resistant Tuberculosis without extensive drug resistance,1,Number,2019,27.36559747827994,70.80430256600683,6.168270615213684
1,All Population,1,Deaths,164,Nepal,3,Both,22,All ages,950,HIV/AIDS - Extensively drug-resistant Tuberculosis,1,Number,2019,1.2186219654201005,3.107686939080921,0.259897046996396
1,All Population,1,Deaths,164,Nepal,3,Both,22,All ages,959,Invasive Non-typhoidal Salmonella (iNTS),1,Number,2019,82.14245070597792,111.13744037957763,55.37111435730735
1,All Population,1,Deaths,164,Nepal,3,Both,22,All ages,964,"Myelodysplastic, myeloproliferative, and other hematopoietic neoplasms",1,Number,2019,20.69813350152599,38.33883823042447,9.331761049645673
1,All Population,1,Deaths,164,Nepal,3,Both,22,All ages,968,Non-rheumatic calcific aortic valve disease,1,Number,2019,121.99691914530464,189.78745274803583,65.19782616641062
1,All Population,1,Deaths,164,Nepal,3,Both,22,All ages,969,Non-rheumatic degenerative mitral valve disease,1,Number,2019,65.44754249824828,116.74798475651005,34.758399754330775
1,All Population,1,Deaths,164,Nepal,3,Both,22,All ages,970,Other non-rheumatic valve diseases,1,Number,2019,1.9223251633092393,3.9337253037276425,0.7267677429330768
1,All Population,1,Deaths,164,Nepal,3,Both,22,All ages,971,Nonalcoholic fatty liver disease including cirrhosis,1,Number,2019,146.71108016394854,234.34057632414235,76.60932418717069
1,All Population,1,Deaths,164,Nepal,3,Both,22,All ages,975,Diabetes mellitus type 1,1,Number,2019,247.58183714981183,393.5800589310549,148.93290314480976
1,All Population,1,Deaths,164,Nepal,3,Both,22,All ages,976,Diabetes mellitus type 2,1,Number,2019,6819.012274691804,9245.75799517938,4943.584802679776
1,All Population,1,Deaths,164,Nepal,3,Both,22,All ages,693,Motor vehicle road injuries,1,Number,2020,747.4394487292986,1257.9914351491166,345.14715284217624
1,All Population,1,Deaths,164,Nepal,3,Both,22,All ages,694,Other road injuries,1,Number,2020,20.2859684300446,58.82336364749991,6.037349704586955
1,All Population,1,Deaths,164,Nepal,3,Both,22,All ages,695,Other transport injuries,1,Number,2020,216.82050947911,367.23425007761693,117.55707095987215
1,All Population,1,Deaths,164,Nepal,3,Both,22,All ages,995,Maternal abortion and miscarriage,1,Number,2020,26.208836211687505,45.08693737098919,15.012053777729603
1,All Population,1,Deaths,164,Nepal,3,Both,22,All ages,996,Liver cancer due to NASH,1,Number,2020,36.89920854454331,59.44547583645498,20.855111840150535
1,All Population,1,Deaths,164,Nepal,3,Both,22,All ages,997,Chronic kidney disease due to diabetes mellitus type 1,1,Number,2020,178.43011808095397,271.96414391561376,106.42852558841086
1,All Population,1,Deaths,164,Nepal,3,Both,22,All ages,998,Chronic kidney disease due to diabetes mellitus type 2,1,Number,2020,567.0647331500339,807.1217333055072,323.1920240712243
1,All Population,1,Deaths,164,Nepal,3,Both,22,All ages,1004,Pulmonary Arterial Hypertension,1,Number,2020,82.84030030815931,131.22849118016035,45.53568892510576
1,All Population,1,Deaths,164,Nepal,3,Both,22,All ages,1005,Hepatoblastoma,1,Number,2020,3.427829579070071,5.293876197350876,2.0481536795604254
1,All Population,1,Deaths,164,Nepal,3,Both,22,All ages,1006,Burkitt lymphoma,1,Number,2020,9.00896761896672,15.364213279898136,4.478185753924089
1,All Population,1,Deaths,164,Nepal,3,Both,22,All ages,1007,Other non-Hodgkin lymphoma,1,Number,2020,461.7789013563486,633.0728223673058,342.6954266428609
1,All Population,1,Deaths,164,Nepal,3,Both,22,All ages,1009,Retinoblastoma,1,Number,2020,12.195461063130123,34.80764762219814,3.5195267183381014
1,All Population,1,Deaths,164,Nepal,3,Both,22,All ages,1010,Other eye cancers,1,Number,2020,6.859326679292917,16.007956647643127,3.061275726007184
1,All Population,1,Deaths,164,Nepal,3,Both,22,All ages,1011,Soft tissue and other extraosseous sarcomas,1,Number,2020,134.64223490938656,263.2037185656297,76.34829565007416
1,All Population,1,Deaths,164,Nepal,3,Both,22,All ages,1012,Malignant neoplasm of bone and articular cartilage,1,Number,2020,222.9315999337572,355.17757198732403,133.49728599390568
1,All Population,1,Deaths,164,Nepal,3,Both,22,All ages,1013,Neuroblastoma and other peripheral nervous cell tumors,1,Number,2020,11.017038876906298,16.443215460168062,7.044838901473391
1,All Population,1,Deaths,164,Nepal,3,Both,22,All ages,1024,Ulcerative colitis,1,Number,2020,91.29892805657576,149.32735899556374,51.70725199494422
1,All Population,1,Deaths,164,Nepal,3,Both,22,All ages,1025,Crohn's disease,1,Number,2020,17.06171804041049,34.64720549969257,7.130647927025996
1,All Population,1,Deaths,164,Nepal,3,Both,22,All ages,1026,Total burden related to hepatitis B,1,Number,2020,2458.0678180431523,3438.569385128884,1506.4510321386535
1,All Population,1,Deaths,164,Nepal,3,Both,22,All ages,1027,Total burden related to hepatitis C,1,Number,2020,781.2433446290574,1135.7801224737727,469.31334586000344
1,All Population,1,Deaths,164,Nepal,3,Both,22,All ages,1028,Total burden related to Non-alcoholic fatty liver disease (NAFLD),1,Number,2020,187.4185652420038,277.91264694854175,112.65472396416679
1,All Population,1,Deaths,164,Nepal,3,Both,22,All ages,1029,Total cancers,1,Number,2020,13628.329195140439,15438.372085730258,12080.845602395031
1,All Population,1,Deaths,164,Nepal,3,Both,22,All ages,1032,Thyroid diseases,1,Number,2020,16.505861955963127,28.44493009244695,7.551248295591782
1,All Population,1,Deaths,164,Nepal,3,Both,22,All ages,1048,COVID-19,1,Number,2020,21168.825984759816,23150.113384286175,19017.128916322046
1,All Population,1,Deaths,164,Nepal,3,Both,22,All ages,300,HIV/AIDS resulting in other diseases,1,Number,2021,521.074168109347,830.8886853151718,297.6522588769904
1,All Population,1,Deaths,164,Nepal,3,Both,22,All ages,468,Testicular cancer,1,Number,2021,31.197687253548068,52.17433821939587,17.397225368833432
1,All Population,1,Deaths,164,Nepal,3,Both,22,All ages,471,Kidney cancer,1,Number,2021,130.49834872549218,217.10558268052867,82.29547921569963
1,All Population,1,Deaths,164,Nepal,3,Both,22,All ages,474,Bladder cancer,1,Number,2021,188.26741289625912,321.08680593829115,120.84198387767448
1,All Population,1,Deaths,164,Nepal,3,Both,22,All ages,477,Brain and central nervous system cancer,1,Number,2021,359.405386194398,492.9257701714707,262.1678836517975
1,All Population,1,Deaths,164,Nepal,3,Both,22,All ages,480,Thyroid cancer,1,Number,2021,135.48940614102872,183.1298681352794,98.71686380893786
1,All Population,1,Deaths,164,Nepal,3,Both,22,All ages,483,Mesothelioma,1,Number,2021,16.944953424851814,22.63459094014429,11.376975419934112
1,All Population,1,Deaths,164,Nepal,3,Both,22,All ages,484,Hodgkin lymphoma,1,Number,2021,100.92627862577565,179.733541619361,52.386263514411496
1,All Population,1,Deaths,164,Nepal,3,Both,22,All ages,486,Multiple myeloma,1,Number,2021,174.59370967539996,264.25074174566504,105.72573133939918
1,All Population,1,Deaths,164,Nepal,3,Both,22,All ages,489,Other malignant neoplasms,1,Number,2021,592.3005670196859,851.4110817990563,382.80248664516296
1,All Population,1,Deaths,164,Nepal,3,Both,22,All ages,492,Rheumatic heart disease,1,Number,2021,4298.935313715985,6947.350507284739,2392.9527876989755
1,All Population,1,Deaths,164,Nepal,3,Both,22,All ages,493,Ischemic heart disease,1,Number,2021,19517.524368844202,24637.11200020174,14508.721375710082
1,All Population,1,Deaths,164,Nepal,3,Both,22,All ages,495,Ischemic stroke,1,Number,2021,6876.331136159393,9749.54095970751,4488.381869577214
1,All Population,1,Deaths,164,Nepal,3,Both,22,All ages,496,Intracerebral hemorrhage,1,Number,2021,8651.757684658343,12084.831456222455,4973.253474109472
1,All Population,1,Deaths,164,Nepal,3,Both,22,All ages,497,Subarachnoid hemorrhage,1,Number,2021,798.32342403229,1559.46418508664,368.81240941813616
1,All Population,1,Deaths,164,Nepal,3,Both,22,All ages,498,Hypertensive heart disease,1,Number,2021,3227.3757358403304,5018.408264833874,1963.7379354661518
1,All Population,1,Deaths,164,Nepal,3,Both,22,All ages,500,Atrial fibrillation and flutter,1,Number,2021,504.4988762106569,701.5051304637391,347.4321996986575
1,All Population,1,Deaths,164,Nepal,3,Both,22,All ages,501,Aortic aneurysm,1,Number,2021,167.41558718732023,320.26630094710646,94.176228322451
1,All Population,1,Deaths,164,Nepal,3,Both,22,All ages,502,Lower extremity peripheral arterial disease,1,Number,2021,53.56579470357496,85.54075924873378,32.57455708781262
1,All Population,1,Deaths,164,Nepal,3,Both,22,All ages,503,Endocarditis,1,Number,2021,154.97297026272176,227.53288900705292,88.87554550139694
1,All Population,1,Deaths,164,Nepal,3,Both,22,All ages,353,Cystic echinococcosis,1,Number,2019,25.52362681644011,32.39616228715722,19.166811876963443
1,All Population,1,Deaths,164,Nepal,3,Both,22,All ages,357,Dengue,1,Number,2019,472.8787276854123,1238.149100478688,163.07439290146132
1,All Population,1,Deaths,164,Nepal,3,Both,22,All ages,358,Yellow fever,1,Number,2019,0.0,0.0,0.0
1,All Population,1,Deaths,164,Nepal,3,Both,22,All ages,359,Rabies,1,Number,2019,292.33193524221235,569.8582707402844,70.32668486928173
1,All Population,1,Deaths,164,Nepal,3,Both,22,All ages,361,Ascariasis,1,Number,2019,1.9169877010729803,3.0410690474671895,0.8664904669319029
1,All Population,1,Deaths,164,Nepal,3,Both,22,All ages,365,Other neglected tropical diseases,1,Number,2019,37.51682601223593,67.37075953704247,18.069779143285455
1,All Population,1,Deaths,164,Nepal,3,Both,22,All ages,367,Maternal hemorrhage,1,Number,2019,121.98692423310649,178.39234335444164,78.40457410266758
1,All Population,1,Deaths,164,Nepal,3,Both,22,All ages,368,Maternal sepsis and other maternal infections,1,Number,2019,24.74856992247681,38.500216769068544,15.803689695234631
1,All Population,1,Deaths,164,Nepal,3,Both,22,All ages,369,Maternal hypertensive disorders,1,Number,2019,67.69752761007891,93.760619019977,44.36623546792612
1,All Population,1,Deaths,164,Nepal,3,Both,22,All ages,370,Maternal obstructed labor and uterine rupture,1,Number,2019,30.101829140421028,51.57941109296672,15.485434143112064
1,All Population,1,Deaths,164,Nepal,3,Both,22,All ages,374,Ectopic pregnancy,1,Number,2019,0.2914270779434126,0.4492964000437709,0.17794213689120605
1,All Population,1,Deaths,164,Nepal,3,Both,22,All ages,375,Indirect maternal deaths,1,Number,2019,85.72559298384398,129.5988899557781,51.336062381527825
1,All Population,1,Deaths,164,Nepal,3,Both,22,All ages,376,Late maternal deaths,1,Number,2019,11.43669131249823,16.84195750961339,7.8702426344340655
1,All Population,1,Deaths,164,Nepal,3,Both,22,All ages,381,Neonatal preterm birth,1,Number,2019,3135.8624787220606,4038.026844860237,2372.7201144814694
1,All Population,1,Deaths,164,Nepal,3,Both,22,All ages,382,Neonatal encephalopathy due to birth asphyxia and trauma,1,Number,2019,3559.063274218455,4405.246628429349,2694.747633519341
1,All Population,1,Deaths,164,Nepal,3,Both,22,All ages,383,Neonatal sepsis and other neonatal infections,1,Number,2019,1379.3002220051903,2364.977303181047,620.6999996445395
1,All Population,1,Deaths,164,Nepal,3,Both,22,All ages,384,Hemolytic disease and other neonatal jaundice,1,Number,2019,484.2708577856956,816.4591262148438,258.3822199495601
1,All Population,1,Deaths,164,Nepal,3,Both,22,All ages,385,Other neonatal disorders,1,Number,2019,828.6597321078384,1263.0909048183828,479.5138315371754
1,All Population,1,Deaths,164,Nepal,3,Both,22,All ages,387,Protein-energy malnutrition,1,Number,2019,1044.4312575788906,1347.6310969100573,806.2926460505281
1,All Population,1,Deaths,164,Nepal,3,Both,22,All ages,391,Other nutritional deficiencies,1,Number,2019,398.8011075128422,619.6100403919581,246.04192429362584
1,All Population,1,Deaths,164,Nepal,3,Both,22,All ages,394,Syphilis,1,Number,2019,310.17856068127224,601.3563342111212,110.24659512072022
1,All Population,1,Deaths,164,Nepal,3,Both,22,All ages,395,Chlamydial infection,1,Number,2019,6.382362889096588,15.427263697747108,1.8933235879339432
1,All Population,1,Deaths,164,Nepal,3,Both,22,All ages,396,Gonococcal infection,1,Number,2019,2.066285513480926,4.56573216563408,0.7008725861090329
1,All Population,1,Deaths,164,Nepal,3,Both,22,All ages,399,Other sexually transmitted infections,1,Number,2019,20.025381476633807,48.630798291786505,6.098556855334866
1,All Population,1,Deaths,164,Nepal,3,Both,22,All ages,401,Acute hepatitis A,1,Number,2019,580.2472864208993,981.0316626913267,273.8550267724795
1,All Population,1,Deaths,164,Nepal,3,Both,22,All ages,533,Vascular intestinal disorders,1,Number,2019,179.95110174597227,290.96481235269187,108.69367194597487
1,All Population,1,Deaths,164,Nepal,3,Both,22,All ages,534,Gallbladder and biliary diseases,1,Number,2019,133.24386233724616,212.55323460594911,70.81572338095958
1,All Population,1,Deaths,164,Nepal,3,Both,22,All ages,535,Pancreatitis,1,Number,2019,613.2661494980989,937.1761246213292,374.60926197909765
1,All Population,1,Deaths,164,Nepal,3,Both,22,All ages,302,Diarrheal diseases,1,Number,2020,3326.340308243477,6327.421165015122,1858.4961574377146
1,All Population,1,Deaths,164,Nepal,3,Both,22,All ages,319,Typhoid fever,1,Number,2020,896.881218974725,1449.6960953562766,467.9356575515306
1,All Population,1,Deaths,164,Nepal,3,Both,22,All ages,320,Paratyphoid fever,1,Number,2020,200.1744052605439,381.69945998419354,89.68198546087105
1,All Population,1,Deaths,164,Nepal,3,Both,22,All ages,321,Other intestinal infectious diseases,1,Number,2020,3.7536057923230377,5.895898270810581,2.397545980368397
1,All Population,1,Deaths,164,Nepal,3,Both,22,All ages,322,Lower respiratory infections,1,Number,2020,7791.813337074717,11267.908435394636,5321.635460507556
1,All Population,1,Deaths,164,Nepal,3,Both,22,All ages,328,Upper respiratory infections,1,Number,2020,51.05484569685851,135.6078380548172,3.884447821657413
1,All Population,1,Deaths,164,Nepal,3,Both,22,All ages,329,Otitis media,1,Number,2020,3.3847462920090816,8.554547363810652,1.0157528483074076
1,All Population,1,Deaths,164,Nepal,3,Both,22,All ages,543,Alzheimer's disease and other dementias,1,Number,2019,2345.5561751293835,6087.973720594584,542.2911926476472
1,All Population,1,Deaths,164,Nepal,3,Both,22,All ages,544,Parkinson's disease,1,Number,2019,606.6838798633532,750.9097037931638,486.9991294891658
1,All Population,1,Deaths,164,Nepal,3,Both,22,All ages,545,Idiopathic epilepsy,1,Number,2019,1076.4782134888883,1641.5585148247274,754.8615794126904
1,All Population,1,Deaths,164,Nepal,3,Both,22,All ages,546,Multiple sclerosis,1,Number,2019,5.0209342403651815,11.180108709193144,1.8064820990868304
1,All Population,1,Deaths,164,Nepal,3,Both,22,All ages,554,Motor neuron disease,1,Number,2019,7.522297222518492,16.57961087935282,3.10941787824247
1,All Population,1,Deaths,164,Nepal,3,Both,22,All ages,557,Other neurological disorders,1,Number,2019,19.467110820246774,33.55457433172779,9.320604512346133
1,All Population,1,Deaths,164,Nepal,3,Both,22,All ages,560,Alcohol use disorders,1,Number,2019,220.88517166382593,389.90771905230673,120.36187687223779
1,All Population,1,Deaths,164,Nepal,3,Both,22,All ages,562,Opioid use disorders,1,Number,2019,54.73977277900528,91.22968631360504,30.97059039986998
1,All Population,1,Deaths,164,Nepal,3,Both,22,All ages,563,Cocaine use disorders,1,Number,2019,9.09178112440101,18.587849274147572,3.3404811437017914
1,All Population,1,Deaths,164,Nepal,3,Both,22,All ages,564,Amphetamine use disorders,1,Number,2019,1.7258008321254144,4.166886970230447,0.5336300272227471
1,All Population,1,Deaths,164,Nepal,3,Both,22,All ages,566,Other drug use disorders,1,Number,2019,13.156366743306405,24.36543876681454,6.344487122492434
1,All Population,1,Deaths,164,Nepal,3,Both,22,All ages,573,Anorexia nervosa,1,Number,2019,0.04844295733062171,0.31301381285424745,0.0061225421731437085
1,All Population,1,Deaths,164,Nepal,3,Both,22,All ages,588,Acute glomerulonephritis,1,Number,2019,5.148646193967792,11.299719189119825,1.4282680165879114
1,All Population,1,Deaths,164,Nepal,3,Both,22,All ages,591,Chronic kidney disease due to hypertension,1,Number,2019,432.67034340671313,647.8263851253195,277.8965251475963
1,All Population,1,Deaths,164,Nepal,3,Both,22,All ages,643,Congenital heart anomalies,1,Number,2021,1026.2831249377805,1465.6156740034462,693.781828964951
1,All Population,1,Deaths,164,Nepal,3,Both,22,All ages,644,Orofacial clefts,1,Number,2021,15.80206385141631,56.08494490977161,2.106983975499407
1,All Population,1,Deaths,164,Nepal,3,Both,22,All ages,645,Down syndrome,1,Number,2021,43.58974377165115,78.75809153667397,19.750633549965286
1,All Population,1,Deaths,164,Nepal,3,Both,22,All ages,648,Other chromosomal abnormalities,1,Number,2021,45.27853781589502,83.07369593563548,21.9691613662779
1,All Population,1,Deaths,164,Nepal,3,Both,22,All ages,649,Congenital musculoskeletal and limb anomalies,1,Number,2021,27.033819573347294,47.95475583503952,12.77977813065882
1,All Population,1,Deaths,164,Nepal,3,Both,22,All ages,650,Urogenital congenital anomalies,1,Number,2021,39.44865520836948,95.32037508543964,13.165546251397902
1,All Population,1,Deaths,164,Nepal,3,Both,22,All ages,651,Digestive congenital anomalies,1,Number,2021,202.6934805841434,380.5086433591347,94.91141706071845
1,All Population,1,Deaths,164,Nepal,3,Both,22,All ages,652,Other congenital birth defects,1,Number,2021,2.654102634913474,9.122236730752093,0.6003924108442606
1,All Population,1,Deaths,164,Nepal,3,Both,22,All ages,656,Cellulitis,1,Number,2021,0.5990581169333768,1.3772480478437694,0.13514991430156106
1,All Population,1,Deaths,164,Nepal,3,Both,22,All ages,657,Pyoderma,1,Number,2021,1.367610563427774,2.669748224474476,0.5542868156938919
1,All Population,1,Deaths,164,Nepal,3,Both,22,All ages,665,Decubitus ulcer,1,Number,2021,2.702275013696807,4.461638570796721,1.5336634958125297
1,All Population,1,Deaths,164,Nepal,3,Both,22,All ages,668,Other skin and subcutaneous diseases,1,Number,2021,1.9941526888553025,3.4339618445397027,0.9114265135843903
1,All Population,1,Deaths,164,Nepal,3,Both,22,All ages,686,Sudden infant death syndrome,1,Number,2021,98.49544110005746,160.74749519199298,54.27919451770225
1,All Population,1,Deaths,164,Nepal,3,Both,22,All ages,690,Pedestrian road injuries,1,Number,2021,1015.3998121115387,1499.138582824506,579.5319994006259
1,All Population,1,Deaths,164,Nepal,3,Both,22,All ages,691,Cyclist road injuries,1,Number,2021,168.04725604594174,383.19988561378045,80.68784259458884
1,All Population,1,Deaths,164,Nepal,3,Both,22,All ages,692,Motorcyclist road injuries,1,Number,2021,1016.9934996617089,1466.97894644385,565.4713804508067
1,All Population,1,Deaths,164,Nepal,3,Both,22,All ages,725,Physical violence by firearm,1,Number,2019,49.3254122097763,97.32874951607376,21.84061768749723
1,All Population,1,Deaths,164,Nepal,3,Both,22,All ages,726,Physical violence by sharp object,1,Number,2019,40.17983488165453,79.48110858276239,15.160192277270093
1,All Population,1,Deaths,164,Nepal,3,Both,22,All ages,727,Physical violence by other means,1,Number,2019,508.1714889155562,706.0388645582971,362.3017713694685
1,All Population,1,Deaths,164,Nepal,3,Both,22,All ages,729,Exposure to forces of nature,1,Number,2019,146.99159984915912,161.59114315263108,133.84259573960887
1,All Population,1,Deaths,164,Nepal,3,Both,22,All ages,741,Maternal deaths aggravated by HIV/AIDS,1,Number,2019,0.22727452869607845,0.371971081683281,0.12050372296187599
1,All Population,1,Deaths,164,Nepal,3,Both,22,All ages,842,Environmental heat and cold exposure,1,Number,2019,42.26046483687611,104.41808080400172,5.876894957997329
1,All Population,1,Deaths,164,Nepal,3,Both,22,All ages,843,Ebola,1,Number,2019,0.0,0.0,0.0
1,All Population,1,Deaths,164,Nepal,3,Both,22,All ages,845,Acute lymphoid leukemia,1,Number,2019,184.48764166599142,309.9223415340623,117.9398733583961
1,All Population,1,Deaths,164,Nepal,3,Both,22,All ages,846,Chronic lymphoid leukemia,1,Number,2019,20.137646988690765,35.7715005390964,8.876579010230065
1,All Population,1,Deaths,164,Nepal,3,Both,22,All ages,847,Acute myeloid leukemia,1,Number,2019,165.45597338697692,303.7501769036173,90.85992808243813
1,All Population,1,Deaths,164,Nepal,3,Both,22,All ages,848,Chronic myeloid leukemia,1,Number,2019,107.36013336050088,169.53317786189064,47.97508656804193
1,All Population,1,Deaths,164,Nepal,3,Both,22,All ages,849,Non-melanoma skin cancer (squamous-cell carcinoma),1,Number,2019,64.90620147746625,96.32774540597836,43.03551529224168
1,All Population,1,Deaths,164,Nepal,3,Both,22,All ages,854,Police conflict and executions,1,Number,2019,9.086936176928585,9.988086843221442,8.265722312181616
1,All Population,1,Deaths,164,Nepal,3,Both,22,All ages,934,Drug-susceptible tuberculosis,1,Number,2019,5586.044524086786,8426.702808678116,3419.8034538770103
1,All Population,1,Deaths,164,Nepal,3,Both,22,All ages,935,Zika virus,1,Number,2019,0.0,0.0,0.0
1,All Population,1,Deaths,164,Nepal,3,Both,22,All ages,938,Alcoholic cardiomyopathy,1,Number,2019,41.40402025093598,122.25341022173264,9.520451978657684
1,All Population,1,Deaths,164,Nepal,3,Both,22,All ages,332,Meningitis,1,Number,2020,838.8445532337078,1200.921530229261,541.7328474739608
1,All Population,1,Deaths,164,Nepal,3,Both,22,All ages,337,Encephalitis,1,Number,2020,494.09258043785456,1017.1194983000477,192.17927250675407
1,All Population,1,Deaths,164,Nepal,3,Both,22,All ages,338,Diphtheria,1,Number,2020,5.057408697990124,7.830902662798986,3.0796420060293097
1,All Population,1,Deaths,164,Nepal,3,Both,22,All ages,339,Pertussis,1,Number,2020,210.4274061576029,599.0128890316323,22.598767686347642
1,All Population,1,Deaths,164,Nepal,3,Both,22,All ages,340,Tetanus,1,Number,2020,259.414242610952,510.09521551873644,113.46264145573272
1,All Population,1,Deaths,164,Nepal,3,Both,22,All ages,341,Measles,1,Number,2020,462.43249994809435,889.5765388655683,183.9844475971579
1,All Population,1,Deaths,164,Nepal,3,Both,22,All ages,342,Varicella and herpes zoster,1,Number,2020,75.71710849575207,97.1420142170205,56.13049612574099
1,All Population,1,Deaths,164,Nepal,3,Both,22,All ages,345,Malaria,1,Number,2020,0.3245005574789545,1.0343358517115908,0.06968980611528404
1,All Population,1,Deaths,164,Nepal,3,Both,22,All ages,346,Chagas disease,1,Number,2020,0.0,0.0,0.0
1,All Population,1,Deaths,164,Nepal,3,Both,22,All ages,348,Visceral leishmaniasis,1,Number,2020,24.04638980459004,77.74768377874966,0.006705836616665641
1,All Population,1,Deaths,164,Nepal,3,Both,22,All ages,350,African trypanosomiasis,1,Number,2020,0.0,0.0,0.0
1,All Population,1,Deaths,164,Nepal,3,Both,22,All ages,351,Schistosomiasis,1,Number,2020,0.0,0.0,0.0
1,All Population,1,Deaths,164,Nepal,3,Both,22,All ages,352,Cysticercosis,1,Number,2020,1.5053419913854025,2.2366310558013467,0.9065706494452765
1,All Population,1,Deaths,164,Nepal,3,Both,22,All ages,507,Other cardiovascular and circulatory diseases,1,Number,2020,557.3715374946418,808.1430785627293,342.5171419889277
1,All Population,1,Deaths,164,Nepal,3,Both,22,All ages,509,Chronic obstructive pulmonary disease,1,Number,2020,20567.78690028423,27242.373956440708,13933.064192343534
1,All Population,1,Deaths,164,Nepal,3,Both,22,All ages,940,Electrocution,1,Number,2019,44.37349383450728,85.81389694695272,18.822344188217357
1,All Population,1,Deaths,164,Nepal,3,Both,22,All ages,942,Myocarditis,1,Number,2019,87.91303425581204,157.31806291480544,38.93634910427571
1,All Population,1,Deaths,164,Nepal,3,Both,22,All ages,943,Other leukemia,1,Number,2019,159.03671986923936,230.45084341132983,92.57659292201647
1,All Population,1,Deaths,164,Nepal,3,Both,22,All ages,944,Other cardiomyopathy,1,Number,2019,972.5732423250398,1499.414769126103,488.39305925220816
1,All Population,1,Deaths,164,Nepal,3,Both,22,All ages,511,Silicosis,1,Number,2020,8.73437126522026,19.58493475765786,2.9584188127627695
1,All Population,1,Deaths,164,Nepal,3,Both,22,All ages,512,Asbestosis,1,Number,2020,2.255768539474582,6.106491476346195,0.4950365743341037
1,All Population,1,Deaths,164,Nepal,3,Both,22,All ages,513,Coal workers pneumoconiosis,1,Number,2020,2.2277081281805295,6.283040379407317,0.38843295971074326
1,All Population,1,Deaths,164,Nepal,3,Both,22,All ages,514,Other pneumoconiosis,1,Number,2020,5.474433965888209,13.660573056765426,1.435681643919478
1,All Population,1,Deaths,164,Nepal,3,Both,22,All ages,515,Asthma,1,Number,2020,3676.413840960078,6745.8075728467575,1959.2143822632615
1,All Population,1,Deaths,164,Nepal,3,Both,22,All ages,516,Interstitial lung disease and pulmonary sarcoidosis,1,Number,2020,635.3867266095137,1526.815353406218,318.1450077903156
1,All Population,1,Deaths,164,Nepal,3,Both,22,All ages,520,Other chronic respiratory diseases,1,Number,2020,372.4504151731173,696.9663179228144,203.91516240418446
1,All Population,1,Deaths,164,Nepal,3,Both,22,All ages,522,Chronic hepatitis B including cirrhosis,1,Number,2020,2231.812928141257,3200.4942015707898,1234.288389881535
1,All Population,1,Deaths,164,Nepal,3,Both,22,All ages,523,Chronic hepatitis C including cirrhosis,1,Number,2020,627.5504878281401,963.348665825368,354.6566582929358
1,All Population,1,Deaths,164,Nepal,3,Both,22,All ages,524,Cirrhosis due to alcohol,1,Number,2020,1925.3777162658425,2978.5381141008475,1132.7345165012389
1,All Population,1,Deaths,164,Nepal,3,Both,22,All ages,525,Cirrhosis due to other causes,1,Number,2020,640.3921240813887,950.7002064691851,384.28674076506627
1,All Population,1,Deaths,164,Nepal,3,Both,22,All ages,527,Peptic ulcer disease,1,Number,2020,2258.1801206042896,4156.53767839042,1463.1647705034597
1,All Population,1,Deaths,164,Nepal,3,Both,22,All ages,528,Gastritis and duodenitis,1,Number,2020,173.33156421923425,322.2064050493306,69.83082593968369
1,All Population,1,Deaths,164,Nepal,3,Both,22,All ages,529,Appendicitis,1,Number,2020,305.0163589861508,570.9652417439806,129.52708467603102
1,All Population,1,Deaths,164,Nepal,3,Both,22,All ages,530,Paralytic ileus and intestinal obstruction,1,Number,2020,1123.70693065539,1758.3059007808486,686.4894829678137
1,All Population,1,Deaths,164,Nepal,3,Both,22,All ages,531,"Inguinal, femoral, and abdominal hernia",1,Number,2020,256.06356689275873,559.1758995961842,115.99012962344739
1,All Population,1,Deaths,164,Nepal,3,Both,22,All ages,693,Motor vehicle road injuries,1,Number,2021,856.1241759685205,1440.8319012237014,386.269020851626
1,All Population,1,Deaths,164,Nepal,3,Both,22,All ages,694,Other road injuries,1,Number,2021,21.289931711286933,62.648941404212486,6.129623633625399
1,All Population,1,Deaths,164,Nepal,3,Both,22,All ages,695,Other transport injuries,1,Number,2021,244.1400510074095,405.940908308334,132.71973240108568
1,All Population,1,Deaths,164,Nepal,3,Both,22,All ages,995,Maternal abortion and miscarriage,1,Number,2021,22.22175945633829,38.16292645067001,12.360231296287012
1,All Population,1,Deaths,164,Nepal,3,Both,22,All ages,996,Liver cancer due to NASH,1,Number,2021,41.830620738782855,66.59383863485878,23.910228563905708
1,All Population,1,Deaths,164,Nepal,3,Both,22,All ages,997,Chronic kidney disease due to diabetes mellitus type 1,1,Number,2021,202.38976075753754,309.9133108241215,117.1632967051159
1,All Population,1,Deaths,164,Nepal,3,Both,22,All ages,998,Chronic kidney disease due to diabetes mellitus type 2,1,Number,2021,622.9368348891409,922.1012829737979,347.59579901894944
1,All Population,1,Deaths,164,Nepal,3,Both,22,All ages,1004,Pulmonary Arterial Hypertension,1,Number,2021,89.01864622091108,144.66975290741246,49.69667986501012
1,All Population,1,Deaths,164,Nepal,3,Both,22,All ages,1005,Hepatoblastoma,1,Number,2021,3.5431155498972258,5.619626328476868,2.1033955951901624
1,All Population,1,Deaths,164,Nepal,3,Both,22,All ages,1006,Burkitt lymphoma,1,Number,2021,9.44065952555485,16.042721920544153,4.557782942411036
1,All Population,1,Deaths,164,Nepal,3,Both,22,All ages,1007,Other non-Hodgkin lymphoma,1,Number,2021,448.81155086058385,602.3481782039238,322.8953326713588
1,All Population,1,Deaths,164,Nepal,3,Both,22,All ages,1009,Retinoblastoma,1,Number,2021,12.098064473030478,32.31136155840389,3.5355558781169907
1,All Population,1,Deaths,164,Nepal,3,Both,22,All ages,1010,Other eye cancers,1,Number,2021,6.632689852236621,15.26523828926177,2.9015990210315783
1,All Population,1,Deaths,164,Nepal,3,Both,22,All ages,1011,Soft tissue and other extraosseous sarcomas,1,Number,2021,132.06494398945793,264.23410105494725,76.20318182509864
1,All Population,1,Deaths,164,Nepal,3,Both,22,All ages,1012,Malignant neoplasm of bone and articular cartilage,1,Number,2021,222.13849404977455,358.85681804269126,129.40053181153
1,All Population,1,Deaths,164,Nepal,3,Both,22,All ages,1013,Neuroblastoma and other peripheral nervous cell tumors,1,Number,2021,11.34875867573793,17.617679419308544,7.222544844357665
1,All Population,1,Deaths,164,Nepal,3,Both,22,All ages,1024,Ulcerative colitis,1,Number,2021,81.87202751838824,135.40684857966548,47.31074648008523
1,All Population,1,Deaths,164,Nepal,3,Both,22,All ages,1025,Crohn's disease,1,Number,2021,14.986458677695374,30.912559524692618,5.92257344514487
1,All Population,1,Deaths,164,Nepal,3,Both,22,All ages,1026,Total burden related to hepatitis B,1,Number,2021,2292.3543606987278,3195.5266161867826,1367.2694538109959
1,All Population,1,Deaths,164,Nepal,3,Both,22,All ages,1027,Total burden related to hepatitis C,1,Number,2021,748.2472636739742,1063.603412657827,455.11892356784534
1,All Population,1,Deaths,164,Nepal,3,Both,22,All ages,1028,Total burden related to Non-alcoholic fatty liver disease (NAFLD),1,Number,2021,181.9232755949671,265.737563379785,107.43799004565996
1,All Population,1,Deaths,164,Nepal,3,Both,22,All ages,1029,Total cancers,1,Number,2021,14996.02300818113,16933.55105930216,13272.86758972126
1,All Population,1,Deaths,164,Nepal,3,Both,22,All ages,1032,Thyroid diseases,1,Number,2021,18.19900159249848,31.194688621198495,8.6727466368373
1,All Population,1,Deaths,164,Nepal,3,Both,22,All ages,1048,COVID-19,1,Number,2021,53200.07025682596,57262.45528759011,48038.81540446163
1,All Population,1,Deaths,164,Nepal,3,Both,22,All ages,697,Falls,1,Number,2020,2832.9244292663907,3698.7920441814204,1931.7775895115353
1,All Population,1,Deaths,164,Nepal,3,Both,22,All ages,698,Drowning,1,Number,2020,1921.573703977824,2657.3755430732135,1262.5734885878687
1,All Population,1,Deaths,164,Nepal,3,Both,22,All ages,699,"Fire, heat, and hot substances",1,Number,2020,565.8808448489963,886.273743032445,333.6497871324591
1,All Population,1,Deaths,164,Nepal,3,Both,22,All ages,701,Poisoning by carbon monoxide,1,Number,2020,314.4461246887127,609.0101770360327,133.51695081397048
1,All Population,1,Deaths,164,Nepal,3,Both,22,All ages,703,Poisoning by other means,1,Number,2020,672.845061041264,1132.628051030724,327.947668832619
1,All Population,1,Deaths,164,Nepal,3,Both,22,All ages,705,Unintentional firearm injuries,1,Number,2020,2.3888694314675143,8.003421521562327,0.40774488348787247
1,All Population,1,Deaths,164,Nepal,3,Both,22,All ages,707,Other exposure to mechanical forces,1,Number,2020,277.3064328495713,454.6848153381736,168.85734907679557
1,All Population,1,Deaths,164,Nepal,3,Both,22,All ages,708,Adverse effects of medical treatment,1,Number,2020,739.4723276425902,983.3689201780668,524.4060138253128
1,All Population,1,Deaths,164,Nepal,3,Both,22,All ages,710,Venomous animal contact,1,Number,2020,670.3425534759806,1095.7729366065794,413.6244970069364
1,All Population,1,Deaths,164,Nepal,3,Both,22,All ages,711,Non-venomous animal contact,1,Number,2020,20.31513694246134,47.97474102765266,5.73080216906895
1,All Population,1,Deaths,164,Nepal,3,Both,22,All ages,713,Pulmonary aspiration and foreign body in airway,1,Number,2020,49.55641683526413,99.155497002103,10.846180093556788
1,All Population,1,Deaths,164,Nepal,3,Both,22,All ages,715,Foreign body in other body part,1,Number,2020,2.991682417112243,7.681131326968059,0.45975918886506895
1,All Population,1,Deaths,164,Nepal,3,Both,22,All ages,716,Other unintentional injuries,1,Number,2020,86.70077586181527,162.21843755494027,44.49577855390346
1,All Population,1,Deaths,164,Nepal,3,Both,22,All ages,721,Self-harm by firearm,1,Number,2020,367.3490655901056,835.5775731913658,154.3364377993971
1,All Population,1,Deaths,164,Nepal,3,Both,22,All ages,1059,Total Cancers excluding Non-melanoma skin cancer,1,Number,2020,13559.789624514146,15378.062618133812,12026.199074311851
1,All Population,1,Deaths,164,Nepal,3,Both,22,All ages,1160,Other direct maternal disorders,1,Number,2020,101.65877749371295,165.9157827548968,62.303013864829296
1,All Population,1,Deaths,164,Nepal,3,Both,22,All ages,1161,Other digestive diseases,1,Number,2020,515.8458016606822,793.3868403527191,287.2931494149671
1,All Population,1,Deaths,164,Nepal,3,Both,22,All ages,1163,Self-harm by other specified means,1,Number,2020,4238.246475512007,5714.307932532145,2995.1954315968997
1,All Population,1,Deaths,164,Nepal,3,Both,22,All ages,1164,Other benign and in situ neoplasms,1,Number,2020,84.20572899689776,129.04155840441854,46.86126659814137
1,All Population,1,Deaths,164,Nepal,3,Both,22,All ages,402,Acute hepatitis B,1,Number,2020,114.85861948858675,290.1162079496249,25.129836291180972
1,All Population,1,Deaths,164,Nepal,3,Both,22,All ages,403,Acute hepatitis C,1,Number,2020,27.235730458308353,68.77585918858266,3.077158347494441
1,All Population,1,Deaths,164,Nepal,3,Both,22,All ages,404,Acute hepatitis E,1,Number,2020,14.136904942191,46.05709048637842,2.9997437614537743
1,All Population,1,Deaths,164,Nepal,3,Both,22,All ages,408,Other unspecified infectious diseases,1,Number,2020,1216.2709658893532,2292.9057679907814,575.2761315819032
1,All Population,1,Deaths,164,Nepal,3,Both,22,All ages,411,Esophageal cancer,1,Number,2020,965.344764856735,1347.9381720972272,649.7096691499197
1,All Population,1,Deaths,164,Nepal,3,Both,22,All ages,414,Stomach cancer,1,Number,2020,1294.9112878632222,1895.0067625869685,813.5358828301027
1,All Population,1,Deaths,164,Nepal,3,Both,22,All ages,418,Liver cancer due to hepatitis B,1,Number,2020,111.3962704133096,177.12755676352515,64.7162535088462
1,All Population,1,Deaths,164,Nepal,3,Both,22,All ages,419,Liver cancer due to hepatitis C,1,Number,2020,126.45712634260869,201.2188518270505,78.75988091801426
1,All Population,1,Deaths,164,Nepal,3,Both,22,All ages,420,Liver cancer due to alcohol use,1,Number,2020,110.42503283551694,183.55396358048117,60.40417610467504
1,All Population,1,Deaths,164,Nepal,3,Both,22,All ages,421,Liver cancer due to other causes,1,Number,2020,15.298452960882633,24.395579572457542,7.704647220957351
1,All Population,1,Deaths,164,Nepal,3,Both,22,All ages,423,Larynx cancer,1,Number,2020,403.6664797249576,666.0350457550135,210.27319300472334
1,All Population,1,Deaths,164,Nepal,3,Both,22,All ages,426,"Tracheal, bronchus, and lung cancer",1,Number,2020,1275.2600828926268,1756.9292992825103,937.8550836423141
1,All Population,1,Deaths,164,Nepal,3,Both,22,All ages,429,Breast cancer,1,Number,2020,1060.9269477381483,1472.8158945932703,704.9236719543862
1,All Population,1,Deaths,164,Nepal,3,Both,22,All ages,432,Cervical cancer,1,Number,2020,985.440668919027,1530.8305141694357,538.2684159491445
1,All Population,1,Deaths,164,Nepal,3,Both,22,All ages,435,Uterine cancer,1,Number,2020,90.43970522768205,171.29647610145318,39.99085893082952
1,All Population,1,Deaths,164,Nepal,3,Both,22,All ages,438,Prostate cancer,1,Number,2020,398.7318214034954,631.5109221486175,234.96016576615415
1,All Population,1,Deaths,164,Nepal,3,Both,22,All ages,441,Colon and rectum cancer,1,Number,2020,716.3972723060884,967.0496409598225,519.020727430652
1,All Population,1,Deaths,164,Nepal,3,Both,22,All ages,444,Lip and oral cavity cancer,1,Number,2020,903.6148127668058,1272.1433787030933,657.580026591229
1,All Population,1,Deaths,164,Nepal,3,Both,22,All ages,447,Nasopharynx cancer,1,Number,2020,189.94570964786908,257.6781877158305,141.28952155865517
1,All Population,1,Deaths,164,Nepal,3,Both,22,All ages,450,Other pharynx cancer,1,Number,2020,553.488605919887,802.9331471954686,371.71456396906007
1,All Population,1,Deaths,164,Nepal,3,Both,22,All ages,453,Gallbladder and biliary tract cancer,1,Number,2020,406.004083400131,545.4703608941597,294.6017149555604
1,All Population,1,Deaths,164,Nepal,3,Both,22,All ages,456,Pancreatic cancer,1,Number,2020,249.86501887963675,331.98010659113316,186.2175714728402
1,All Population,1,Deaths,164,Nepal,3,Both,22,All ages,459,Malignant skin melanoma,1,Number,2020,19.46308235109729,32.78018392414946,11.89911751490308
1,All Population,1,Deaths,164,Nepal,3,Both,22,All ages,465,Ovarian cancer,1,Number,2020,410.14408343626417,752.8058652007405,244.40528770351355
1,All Population,1,Deaths,164,Nepal,3,Both,22,All ages,592,Chronic kidney disease due to glomerulonephritis,1,Number,2020,367.2075198182183,527.6720238906413,228.61896708176553
1,All Population,1,Deaths,164,Nepal,3,Both,22,All ages,593,Chronic kidney disease due to other and unspecified causes,1,Number,2020,1111.4312839302304,1519.9497230138272,682.2753664465672
1,All Population,1,Deaths,164,Nepal,3,Both,22,All ages,595,Urinary tract infections and interstitial nephritis,1,Number,2020,533.6184974961865,725.8598145435769,377.02453057310004
1,All Population,1,Deaths,164,Nepal,3,Both,22,All ages,596,Urolithiasis,1,Number,2020,65.15739855110306,87.21663525624895,46.47106670620731
1,All Population,1,Deaths,164,Nepal,3,Both,22,All ages,602,Other urinary diseases,1,Number,2020,507.5166133258954,668.0184123179197,349.798326377461
1,All Population,1,Deaths,164,Nepal,3,Both,22,All ages,604,Uterine fibroids,1,Number,2020,15.719654968061135,35.35860393414233,5.895775948134128
1,All Population,1,Deaths,164,Nepal,3,Both,22,All ages,607,Endometriosis,1,Number,2020,0.22107713323836636,1.032023177425544,0.007535285379657864
1,All Population,1,Deaths,164,Nepal,3,Both,22,All ages,608,Genital prolapse,1,Number,2020,2.9769964093894594,8.64205341204306,0.6619795855694802
1,All Population,1,Deaths,164,Nepal,3,Both,22,All ages,612,Other gynecological diseases,1,Number,2020,27.970752611463993,53.28350208049164,11.3690101451459
1,All Population,1,Deaths,164,Nepal,3,Both,22,All ages,614,Thalassemias,1,Number,2020,57.02918546781232,82.52259977112764,39.129507426429136
1,All Population,1,Deaths,164,Nepal,3,Both,22,All ages,615,Sickle cell disorders,1,Number,2020,8.768619352616298,13.090707437170952,5.428787233496373
1,All Population,1,Deaths,164,Nepal,3,Both,22,All ages,616,G6PD deficiency,1,Number,2020,27.32725140790212,42.341620166705844,17.06213312496018
1,All Population,1,Deaths,164,Nepal,3,Both,22,All ages,618,Other hemoglobinopathies and hemolytic anemias,1,Number,2020,185.9387941730468,260.37056716867096,130.2607660525008
1,All Population,1,Deaths,164,Nepal,3,Both,22,All ages,625,"Other endocrine, metabolic, blood, and immune disorders",1,Number,2020,51.160429491971556,80.78542431373688,28.31851234771426
1,All Population,1,Deaths,164,Nepal,3,Both,22,All ages,627,Rheumatoid arthritis,1,Number,2020,153.39753707193523,268.4280896105248,73.93362877563276
1,All Population,1,Deaths,164,Nepal,3,Both,22,All ages,639,Other musculoskeletal disorders,1,Number,2020,234.32948738685377,382.95084664200067,123.51693025487174
1,All Population,1,Deaths,164,Nepal,3,Both,22,All ages,642,Neural tube defects,1,Number,2020,140.8990563614542,298.00968994661946,64.17904872567698
1,All Population,1,Deaths,164,Nepal,3,Both,22,All ages,945,Conflict and terrorism,1,Number,2020,10.041601151124,11.03895604073995,9.143338563751058
1,All Population,1,Deaths,164,Nepal,3,Both,22,All ages,946,Multidrug-resistant tuberculosis without extensive drug resistance,1,Number,2020,590.3074361965243,1426.1127940084082,140.2226703443161
1,All Population,1,Deaths,164,Nepal,3,Both,22,All ages,947,Extensively drug-resistant tuberculosis,1,Number,2020,27.327026804276965,75.52047757507663,6.237100346484758
1,All Population,1,Deaths,164,Nepal,3,Both,22,All ages,948,HIV/AIDS - Drug-susceptible Tuberculosis,1,Number,2020,173.83791795438913,281.8293521088301,86.86345424421283
1,All Population,1,Deaths,164,Nepal,3,Both,22,All ages,949,HIV/AIDS - Multidrug-resistant Tuberculosis without extensive drug resistance,1,Number,2020,24.393275317744003,66.94462810248658,5.4980600071172265
1,All Population,1,Deaths,164,Nepal,3,Both,22,All ages,950,HIV/AIDS - Extensively drug-resistant Tuberculosis,1,Number,2020,1.125994559121788,3.007690693357311,0.23541583134622526
1,All Population,1,Deaths,164,Nepal,3,Both,22,All ages,959,Invasive Non-typhoidal Salmonella (iNTS),1,Number,2020,82.74924327468531,111.99753154615924,56.223511080282876
1,All Population,1,Deaths,164,Nepal,3,Both,22,All ages,964,"Myelodysplastic, myeloproliferative, and other hematopoietic neoplasms",1,Number,2020,22.029930348170353,38.87528455982853,10.22697393225593
1,All Population,1,Deaths,164,Nepal,3,Both,22,All ages,968,Non-rheumatic calcific aortic valve disease,1,Number,2020,127.9306695247948,208.52161555441975,68.64876497842228
1,All Population,1,Deaths,164,Nepal,3,Both,22,All ages,969,Non-rheumatic degenerative mitral valve disease,1,Number,2020,67.59457290381269,121.81339381117286,35.943985632705726
1,All Population,1,Deaths,164,Nepal,3,Both,22,All ages,970,Other non-rheumatic valve diseases,1,Number,2020,2.0032353213020198,4.094130226996333,0.791905453910217
1,All Population,1,Deaths,164,Nepal,3,Both,22,All ages,971,Nonalcoholic fatty liver disease including cirrhosis,1,Number,2020,150.51935669746055,238.21425618341954,78.80535243049623
1,All Population,1,Deaths,164,Nepal,3,Both,22,All ages,975,Diabetes mellitus type 1,1,Number,2020,258.28228906592113,406.7664969513693,156.3983909628467
1,All Population,1,Deaths,164,Nepal,3,Both,22,All ages,976,Diabetes mellitus type 2,1,Number,2020,7077.346423124231,9554.855584159508,5122.118147381765
1,All Population,1,Deaths,164,Nepal,3,Both,22,All ages,302,Diarrheal diseases,1,Number,2021,3015.0482419899367,5704.465676421413,1647.6785090547626
1,All Population,1,Deaths,164,Nepal,3,Both,22,All ages,319,Typhoid fever,1,Number,2021,842.7588866091165,1340.1888204529696,441.35650555957284
1,All Population,1,Deaths,164,Nepal,3,Both,22,All ages,320,Paratyphoid fever,1,Number,2021,187.25256224889142,354.94913156419057,84.95131696033037
1,All Population,1,Deaths,164,Nepal,3,Both,22,All ages,321,Other intestinal infectious diseases,1,Number,2021,4.035425287171295,5.986177183880699,2.5560411498653655
1,All Population,1,Deaths,164,Nepal,3,Both,22,All ages,322,Lower respiratory infections,1,Number,2021,6976.922335407393,9934.742160153348,4689.545085381399
1,All Population,1,Deaths,164,Nepal,3,Both,22,All ages,328,Upper respiratory infections,1,Number,2021,50.397880218770794,130.7737393329958,4.327959823547296
1,All Population,1,Deaths,164,Nepal,3,Both,22,All ages,329,Otitis media,1,Number,2021,3.0533932031327393,7.743487014815294,0.9259865684900828
1,All Population,1,Deaths,164,Nepal,3,Both,22,All ages,332,Meningitis,1,Number,2021,753.1094255374329,1062.3933688094066,482.0077647575694
1,All Population,1,Deaths,164,Nepal,3,Both,22,All ages,337,Encephalitis,1,Number,2021,477.11452116563277,951.4985856843139,190.02609352520116
1,All Population,1,Deaths,164,Nepal,3,Both,22,All ages,338,Diphtheria,1,Number,2021,4.517910910310243,7.19355304940902,2.756739268603935
1,All Population,1,Deaths,164,Nepal,3,Both,22,All ages,339,Pertussis,1,Number,2021,124.81689590145716,360.82408779006,13.278126453895277
1,All Population,1,Deaths,164,Nepal,3,Both,22,All ages,340,Tetanus,1,Number,2021,226.5268175306337,474.36708116512,97.57003980508456
1,All Population,1,Deaths,164,Nepal,3,Both,22,All ages,341,Measles,1,Number,2021,208.6632781665751,424.92004993266215,77.97560028619976
1,All Population,1,Deaths,164,Nepal,3,Both,22,All ages,342,Varicella and herpes zoster,1,Number,2021,69.56338264528371,92.98986624370342,53.31790476461803
1,All Population,1,Deaths,164,Nepal,3,Both,22,All ages,345,Malaria,1,Number,2021,0.23011899253411103,0.7661619692186645,0.04343261134354569
1,All Population,1,Deaths,164,Nepal,3,Both,22,All ages,346,Chagas disease,1,Number,2021,0.0,0.0,0.0
1,All Population,1,Deaths,164,Nepal,3,Both,22,All ages,348,Visceral leishmaniasis,1,Number,2021,22.417955051695998,71.45654231667835,0.006326067406974103
1,All Population,1,Deaths,164,Nepal,3,Both,22,All ages,350,African trypanosomiasis,1,Number,2021,0.0,0.0,0.0
1,All Population,1,Deaths,164,Nepal,3,Both,22,All ages,351,Schistosomiasis,1,Number,2021,0.0,0.0,0.0
1,All Population,1,Deaths,164,Nepal,3,Both,22,All ages,352,Cysticercosis,1,Number,2021,1.5884303175148362,2.295720340932428,0.866148430744509
1,All Population,1,Deaths,164,Nepal,3,Both,22,All ages,507,Other cardiovascular and circulatory diseases,1,Number,2021,615.4899867357302,881.7914575363602,401.539975431712
1,All Population,1,Deaths,164,Nepal,3,Both,22,All ages,509,Chronic obstructive pulmonary disease,1,Number,2021,19557.512812841676,27283.6583515672,12651.615468263648
1,All Population,1,Deaths,164,Nepal,3,Both,22,All ages,511,Silicosis,1,Number,2021,8.078140782559421,18.055766640918275,2.6059098156495533
1,All Population,1,Deaths,164,Nepal,3,Both,22,All ages,512,Asbestosis,1,Number,2021,2.1567110562470018,5.720373004387129,0.47857909023622996
1,All Population,1,Deaths,164,Nepal,3,Both,22,All ages,513,Coal workers pneumoconiosis,1,Number,2021,2.1873118760306287,6.4265841748939385,0.40101520021287407
1,All Population,1,Deaths,164,Nepal,3,Both,22,All ages,514,Other pneumoconiosis,1,Number,2021,5.271038705994213,13.58123122713593,1.263235102278539
1,All Population,1,Deaths,164,Nepal,3,Both,22,All ages,515,Asthma,1,Number,2021,3558.902973425201,6894.20526644874,1841.1957519531575
1,All Population,1,Deaths,164,Nepal,3,Both,22,All ages,516,Interstitial lung disease and pulmonary sarcoidosis,1,Number,2021,619.8329958503036,1417.4512425889232,292.0582553233603
1,All Population,1,Deaths,164,Nepal,3,Both,22,All ages,520,Other chronic respiratory diseases,1,Number,2021,353.7134299043109,710.6404656861981,189.7540732342572
1,All Population,1,Deaths,164,Nepal,3,Both,22,All ages,522,Chronic hepatitis B including cirrhosis,1,Number,2021,2039.6641842036058,2951.488328924632,1127.4527265541506
1,All Population,1,Deaths,164,Nepal,3,Both,22,All ages,523,Chronic hepatitis C including cirrhosis,1,Number,2021,574.6843122677449,876.4943099299014,318.4456455381292
1,All Population,1,Deaths,164,Nepal,3,Both,22,All ages,524,Cirrhosis due to alcohol,1,Number,2021,1768.3129932123154,2699.0626835557537,1030.1646019473171
1,All Population,1,Deaths,164,Nepal,3,Both,22,All ages,525,Cirrhosis due to other causes,1,Number,2021,598.0968216053019,892.5914623764679,357.6169342587766
1,All Population,1,Deaths,164,Nepal,3,Both,22,All ages,527,Peptic ulcer disease,1,Number,2021,1970.0134978747328,3711.392389528395,1205.8721859796206
1,All Population,1,Deaths,164,Nepal,3,Both,22,All ages,528,Gastritis and duodenitis,1,Number,2021,152.56314136475484,284.6945606145305,59.594105770178736
1,All Population,1,Deaths,164,Nepal,3,Both,22,All ages,529,Appendicitis,1,Number,2021,267.9314921355997,495.7737275346463,110.93318250600994
1,All Population,1,Deaths,164,Nepal,3,Both,22,All ages,530,Paralytic ileus and intestinal obstruction,1,Number,2021,995.000022738748,1531.488853209259,601.9318270910289
1,All Population,1,Deaths,164,Nepal,3,Both,22,All ages,531,"Inguinal, femoral, and abdominal hernia",1,Number,2021,227.11228020756602,494.6435592715962,95.28770715787317
1,All Population,1,Deaths,164,Nepal,3,Both,22,All ages,697,Falls,1,Number,2021,3063.5421029477625,3975.7285129720617,2046.4935421260843
1,All Population,1,Deaths,164,Nepal,3,Both,22,All ages,698,Drowning,1,Number,2021,2005.5939371625504,2777.750937954749,1306.1062135731115
1,All Population,1,Deaths,164,Nepal,3,Both,22,All ages,699,"Fire, heat, and hot substances",1,Number,2021,562.853040405465,910.3106032127445,326.19091583619667
1,All Population,1,Deaths,164,Nepal,3,Both,22,All ages,701,Poisoning by carbon monoxide,1,Number,2021,343.9553626588172,650.4611232251093,145.5082824664698
1,All Population,1,Deaths,164,Nepal,3,Both,22,All ages,703,Poisoning by other means,1,Number,2021,716.990023163371,1166.653208804722,355.11669414102795
1,All Population,1,Deaths,164,Nepal,3,Both,22,All ages,705,Unintentional firearm injuries,1,Number,2021,2.3048227670071455,8.525619099044201,0.37895728229897396
1,All Population,1,Deaths,164,Nepal,3,Both,22,All ages,707,Other exposure to mechanical forces,1,Number,2021,293.660836960013,469.04285348831496,180.1179083438768
1,All Population,1,Deaths,164,Nepal,3,Both,22,All ages,708,Adverse effects of medical treatment,1,Number,2021,667.4880460029431,882.8212378800771,472.3298295157613
1,All Population,1,Deaths,164,Nepal,3,Both,22,All ages,710,Venomous animal contact,1,Number,2021,728.5277816209534,1187.845376055034,457.57178917052494
1,All Population,1,Deaths,164,Nepal,3,Both,22,All ages,711,Non-venomous animal contact,1,Number,2021,27.099708449564254,60.03344813633548,7.95738784548061
1,All Population,1,Deaths,164,Nepal,3,Both,22,All ages,713,Pulmonary aspiration and foreign body in airway,1,Number,2021,51.41399854906499,98.71642994381183,11.131389696865243
1,All Population,1,Deaths,164,Nepal,3,Both,22,All ages,715,Foreign body in other body part,1,Number,2021,3.1562880191723814,8.327930327318091,0.4894534638014114
1,All Population,1,Deaths,164,Nepal,3,Both,22,All ages,716,Other unintentional injuries,1,Number,2021,92.34205448999037,179.2218144037332,46.84138897185641
1,All Population,1,Deaths,164,Nepal,3,Both,22,All ages,721,Self-harm by firearm,1,Number,2021,347.2972822937639,765.6903257222307,144.82741413632792
1,All Population,1,Deaths,164,Nepal,3,Both,22,All ages,1059,Total Cancers excluding Non-melanoma skin cancer,1,Number,2021,14920.439039790574,16852.48245072245,13210.614305955758
1,All Population,1,Deaths,164,Nepal,3,Both,22,All ages,1160,Other direct maternal disorders,1,Number,2021,91.39167929167145,151.48016861896738,54.54357593835925
1,All Population,1,Deaths,164,Nepal,3,Both,22,All ages,1161,Other digestive diseases,1,Number,2021,471.06694731853946,724.9159955555288,258.5846299346776
1,All Population,1,Deaths,164,Nepal,3,Both,22,All ages,1163,Self-harm by other specified means,1,Number,2021,3906.584831248681,5252.995300067939,2734.3778944878427
1,All Population,1,Deaths,164,Nepal,3,Both,22,All ages,1164,Other benign and in situ neoplasms,1,Number,2021,82.3629247036757,129.14534343275668,45.14130387841427
1,All Population,1,Deaths,164,Nepal,3,Both,22,All ages,353,Cystic echinococcosis,1,Number,2020,27.34278783897535,36.402943253557524,19.716974949171465
1,All Population,1,Deaths,164,Nepal,3,Both,22,All ages,357,Dengue,1,Number,2020,488.86766223178324,1318.5534364111288,159.19023390068185
1,All Population,1,Deaths,164,Nepal,3,Both,22,All ages,358,Yellow fever,1,Number,2020,0.0,0.0,0.0
1,All Population,1,Deaths,164,Nepal,3,Both,22,All ages,359,Rabies,1,Number,2020,285.86237247766326,593.3769056765389,71.73140741943782
1,All Population,1,Deaths,164,Nepal,3,Both,22,All ages,361,Ascariasis,1,Number,2020,2.0142616067512553,3.139926210052463,0.985958773491511
1,All Population,1,Deaths,164,Nepal,3,Both,22,All ages,365,Other neglected tropical diseases,1,Number,2020,39.224171182435136,70.58952075083114,18.2592801966496
1,All Population,1,Deaths,164,Nepal,3,Both,22,All ages,367,Maternal hemorrhage,1,Number,2020,113.2783965403509,173.49334981454243,70.94529753819678
1,All Population,1,Deaths,164,Nepal,3,Both,22,All ages,368,Maternal sepsis and other maternal infections,1,Number,2020,23.25660644298719,35.90652583393657,14.570011234819706
1,All Population,1,Deaths,164,Nepal,3,Both,22,All ages,369,Maternal hypertensive disorders,1,Number,2020,64.63329842255624,88.53766715822596,40.84323282380121
1,All Population,1,Deaths,164,Nepal,3,Both,22,All ages,370,Maternal obstructed labor and uterine rupture,1,Number,2020,28.291553645598686,47.573963733786584,14.296502204990748
1,All Population,1,Deaths,164,Nepal,3,Both,22,All ages,374,Ectopic pregnancy,1,Number,2020,0.2865203761938469,0.44594105925890953,0.16671119046618205
1,All Population,1,Deaths,164,Nepal,3,Both,22,All ages,375,Indirect maternal deaths,1,Number,2020,84.77409808365375,128.62612339523747,52.75667762184533
1,All Population,1,Deaths,164,Nepal,3,Both,22,All ages,376,Late maternal deaths,1,Number,2020,11.330994392116608,17.327767847826813,7.474485574241738
1,All Population,1,Deaths,164,Nepal,3,Both,22,All ages,381,Neonatal preterm birth,1,Number,2020,3082.9591288975457,3929.014658947189,2266.9394168364774
1,All Population,1,Deaths,164,Nepal,3,Both,22,All ages,382,Neonatal encephalopathy due to birth asphyxia and trauma,1,Number,2020,3460.2193594299624,4261.2689399151095,2674.237126603862
1,All Population,1,Deaths,164,Nepal,3,Both,22,All ages,383,Neonatal sepsis and other neonatal infections,1,Number,2020,1356.9998037444338,2323.1529552839197,616.3984909295656
1,All Population,1,Deaths,164,Nepal,3,Both,22,All ages,384,Hemolytic disease and other neonatal jaundice,1,Number,2020,472.76867420085097,818.7262857513501,240.85056137241088
1,All Population,1,Deaths,164,Nepal,3,Both,22,All ages,385,Other neonatal disorders,1,Number,2020,826.8293158975315,1283.967390032555,456.3529427021786
1,All Population,1,Deaths,164,Nepal,3,Both,22,All ages,387,Protein-energy malnutrition,1,Number,2020,1059.534377164745,1364.454814910422,826.9137108337464
1,All Population,1,Deaths,164,Nepal,3,Both,22,All ages,391,Other nutritional deficiencies,1,Number,2020,406.91245809323215,628.6912631438238,245.96988313646762
1,All Population,1,Deaths,164,Nepal,3,Both,22,All ages,394,Syphilis,1,Number,2020,321.4785417562253,633.1647235381038,117.39527107506929
1,All Population,1,Deaths,164,Nepal,3,Both,22,All ages,395,Chlamydial infection,1,Number,2020,6.690629585954872,16.500553914572293,2.097592890422381
1,All Population,1,Deaths,164,Nepal,3,Both,22,All ages,396,Gonococcal infection,1,Number,2020,2.148219146145329,4.829890338072666,0.7638026614820357
1,All Population,1,Deaths,164,Nepal,3,Both,22,All ages,399,Other sexually transmitted infections,1,Number,2020,21.04565795220517,51.50692389417076,6.522217206989419
1,All Population,1,Deaths,164,Nepal,3,Both,22,All ages,401,Acute hepatitis A,1,Number,2020,587.5651054092672,986.3480687081402,277.2232618204782
1,All Population,1,Deaths,164,Nepal,3,Both,22,All ages,533,Vascular intestinal disorders,1,Number,2020,179.33965151125483,284.08108850067424,109.20868357728096
1,All Population,1,Deaths,164,Nepal,3,Both,22,All ages,534,Gallbladder and biliary diseases,1,Number,2020,134.31107846917953,210.66107881085756,70.26390325991225
1,All Population,1,Deaths,164,Nepal,3,Both,22,All ages,535,Pancreatitis,1,Number,2020,589.4395559349352,937.1304336007313,346.99229588518153
1,All Population,1,Deaths,164,Nepal,3,Both,22,All ages,543,Alzheimer's disease and other dementias,1,Number,2020,2440.7627386461654,6457.789906436902,555.4846670540858
1,All Population,1,Deaths,164,Nepal,3,Both,22,All ages,544,Parkinson's disease,1,Number,2020,640.9044446974601,784.2526269678897,525.8942426149404
1,All Population,1,Deaths,164,Nepal,3,Both,22,All ages,545,Idiopathic epilepsy,1,Number,2020,1107.9361092193183,1702.107294476866,767.2733804679128
1,All Population,1,Deaths,164,Nepal,3,Both,22,All ages,546,Multiple sclerosis,1,Number,2020,5.2839990805759625,11.826364881222329,1.9085262098791334
1,All Population,1,Deaths,164,Nepal,3,Both,22,All ages,554,Motor neuron disease,1,Number,2020,8.196275206539177,17.94375523813415,3.4018573584448477
1,All Population,1,Deaths,164,Nepal,3,Both,22,All ages,557,Other neurological disorders,1,Number,2020,20.771123842454298,35.34319887569292,10.360089975726414
1,All Population,1,Deaths,164,Nepal,3,Both,22,All ages,560,Alcohol use disorders,1,Number,2020,229.47312378062844,399.82025564605715,121.81931914071737
1,All Population,1,Deaths,164,Nepal,3,Both,22,All ages,562,Opioid use disorders,1,Number,2020,56.97374738445599,96.06407338908359,32.044112300251214
1,All Population,1,Deaths,164,Nepal,3,Both,22,All ages,563,Cocaine use disorders,1,Number,2020,9.248421496352938,18.89251803798001,3.4360959820413846
1,All Population,1,Deaths,164,Nepal,3,Both,22,All ages,564,Amphetamine use disorders,1,Number,2020,1.8608565824987262,4.356383198423087,0.5772948333703671
1,All Population,1,Deaths,164,Nepal,3,Both,22,All ages,566,Other drug use disorders,1,Number,2020,13.356843944685734,24.62154498912363,6.716693430531269
1,All Population,1,Deaths,164,Nepal,3,Both,22,All ages,573,Anorexia nervosa,1,Number,2020,0.04979556947780939,0.34080133394245243,0.006305751191190757
1,All Population,1,Deaths,164,Nepal,3,Both,22,All ages,588,Acute glomerulonephritis,1,Number,2020,5.221355555556266,11.02239187650483,1.4670750461824298
1,All Population,1,Deaths,164,Nepal,3,Both,22,All ages,591,Chronic kidney disease due to hypertension,1,Number,2020,451.5936587608792,668.8304111459408,282.5791469169665
1,All Population,1,Deaths,164,Nepal,3,Both,22,All ages,725,Physical violence by firearm,1,Number,2020,51.57579048148605,104.38369394459504,24.185445330987704
1,All Population,1,Deaths,164,Nepal,3,Both,22,All ages,726,Physical violence by sharp object,1,Number,2020,40.916184489663365,79.56420722414151,15.329109905154253
1,All Population,1,Deaths,164,Nepal,3,Both,22,All ages,727,Physical violence by other means,1,Number,2020,513.1440353276108,706.9740695137131,362.8779230032323
1,All Population,1,Deaths,164,Nepal,3,Both,22,All ages,729,Exposure to forces of nature,1,Number,2020,447.9743995402943,492.46824579849476,407.901244158808
1,All Population,1,Deaths,164,Nepal,3,Both,22,All ages,741,Maternal deaths aggravated by HIV/AIDS,1,Number,2020,0.21492691424872867,0.3451341000604395,0.10983867848774757
1,All Population,1,Deaths,164,Nepal,3,Both,22,All ages,842,Environmental heat and cold exposure,1,Number,2020,42.167267514960756,97.40676822559439,6.248727192086416
1,All Population,1,Deaths,164,Nepal,3,Both,22,All ages,843,Ebola,1,Number,2020,0.0,0.0,0.0
1,All Population,1,Deaths,164,Nepal,3,Both,22,All ages,845,Acute lymphoid leukemia,1,Number,2020,194.27394139517935,316.55542036923106,124.1844207928533
1,All Population,1,Deaths,164,Nepal,3,Both,22,All ages,846,Chronic lymphoid leukemia,1,Number,2020,20.878298444083928,35.928939237634836,9.239974362803279
1,All Population,1,Deaths,164,Nepal,3,Both,22,All ages,847,Acute myeloid leukemia,1,Number,2020,175.68240957747474,327.39660403141073,96.86162795187062
1,All Population,1,Deaths,164,Nepal,3,Both,22,All ages,848,Chronic myeloid leukemia,1,Number,2020,112.42493686213675,183.5274241827439,49.54621433913076
1,All Population,1,Deaths,164,Nepal,3,Both,22,All ages,849,Non-melanoma skin cancer (squamous-cell carcinoma),1,Number,2020,68.53957062629458,99.67342684178632,45.924272646697744
1,All Population,1,Deaths,164,Nepal,3,Both,22,All ages,854,Police conflict and executions,1,Number,2020,7.432723429915394,8.17167627654427,6.780520681969801
1,All Population,1,Deaths,164,Nepal,3,Both,22,All ages,934,Drug-susceptible tuberculosis,1,Number,2020,5206.4757388850485,7530.091967986873,3212.517913065686
1,All Population,1,Deaths,164,Nepal,3,Both,22,All ages,935,Zika virus,1,Number,2020,0.0,0.0,0.0
1,All Population,1,Deaths,164,Nepal,3,Both,22,All ages,938,Alcoholic cardiomyopathy,1,Number,2020,41.724815503477714,124.52875295856654,9.456289115093922
1,All Population,1,Deaths,164,Nepal,3,Both,22,All ages,940,Electrocution,1,Number,2020,43.44554834677901,84.01101720862081,17.950855579642965
1,All Population,1,Deaths,164,Nepal,3,Both,22,All ages,942,Myocarditis,1,Number,2020,88.2785232446202,160.71201566719958,39.33001005265956
1,All Population,1,Deaths,164,Nepal,3,Both,22,All ages,943,Other leukemia,1,Number,2020,164.95842211896903,241.2369036417423,97.64133314713786
1,All Population,1,Deaths,164,Nepal,3,Both,22,All ages,944,Other cardiomyopathy,1,Number,2020,1005.0288965627246,1567.46730289286,484.9756712715416
1,All Population,1,Deaths,164,Nepal,3,Both,22,All ages,402,Acute hepatitis B,1,Number,2021,125.69764111738485,317.1286760158927,31.559608886848835
1,All Population,1,Deaths,164,Nepal,3,Both,22,All ages,403,Acute hepatitis C,1,Number,2021,31.136348782798738,80.14860237613362,3.848759767091791
1,All Population,1,Deaths,164,Nepal,3,Both,22,All ages,404,Acute hepatitis E,1,Number,2021,14.670880498164271,51.505928618068914,3.245653687465311
1,All Population,1,Deaths,164,Nepal,3,Both,22,All ages,408,Other unspecified infectious diseases,1,Number,2021,1179.2037144377214,2207.3028970757346,550.8123948391357
1,All Population,1,Deaths,164,Nepal,3,Both,22,All ages,411,Esophageal cancer,1,Number,2021,1087.1279329413733,1532.7483084202522,731.0896526316083
1,All Population,1,Deaths,164,Nepal,3,Both,22,All ages,414,Stomach cancer,1,Number,2021,1434.4423198364477,2085.9049236348137,897.4759365798703
1,All Population,1,Deaths,164,Nepal,3,Both,22,All ages,418,Liver cancer due to hepatitis B,1,Number,2021,126.99253537773647,200.58337048765011,74.20790560876594
1,All Population,1,Deaths,164,Nepal,3,Both,22,All ages,419,Liver cancer due to hepatitis C,1,Number,2021,142.4266026234303,224.00759070780987,87.7352172410546
1,All Population,1,Deaths,164,Nepal,3,Both,22,All ages,420,Liver cancer due to alcohol use,1,Number,2021,125.1179102172395,210.90907746405964,68.64915062234695
1,All Population,1,Deaths,164,Nepal,3,Both,22,All ages,421,Liver cancer due to other causes,1,Number,2021,17.312831818534242,28.349262070864356,8.868323697024858
1,All Population,1,Deaths,164,Nepal,3,Both,22,All ages,423,Larynx cancer,1,Number,2021,454.98160526053573,743.128918373752,242.75001870541527
1,All Population,1,Deaths,164,Nepal,3,Both,22,All ages,426,"Tracheal, bronchus, and lung cancer",1,Number,2021,1499.103532435396,2022.2594792531463,1131.6587220382344
1,All Population,1,Deaths,164,Nepal,3,Both,22,All ages,429,Breast cancer,1,Number,2021,1217.3434067304831,1696.562183483788,792.0644042854417
1,All Population,1,Deaths,164,Nepal,3,Both,22,All ages,432,Cervical cancer,1,Number,2021,1118.2282857443117,1731.64226201728,595.8941546212393
1,All Population,1,Deaths,164,Nepal,3,Both,22,All ages,435,Uterine cancer,1,Number,2021,102.0842079366867,190.29968921365077,43.8386749192632
1,All Population,1,Deaths,164,Nepal,3,Both,22,All ages,438,Prostate cancer,1,Number,2021,430.6861395802894,675.7852490077718,254.78751849862613
1,All Population,1,Deaths,164,Nepal,3,Both,22,All ages,441,Colon and rectum cancer,1,Number,2021,807.1617809043524,1062.436095576869,593.7429154237614
1,All Population,1,Deaths,164,Nepal,3,Both,22,All ages,444,Lip and oral cavity cancer,1,Number,2021,1014.6315665199373,1403.7189168512357,738.1001209294914
1,All Population,1,Deaths,164,Nepal,3,Both,22,All ages,447,Nasopharynx cancer,1,Number,2021,211.10048505414414,280.6375703963937,154.8528599114033
1,All Population,1,Deaths,164,Nepal,3,Both,22,All ages,450,Other pharynx cancer,1,Number,2021,629.0817465606362,886.15036315953,435.9383774571713
1,All Population,1,Deaths,164,Nepal,3,Both,22,All ages,453,Gallbladder and biliary tract cancer,1,Number,2021,455.6376468619716,608.4950002951952,324.9004403729556
1,All Population,1,Deaths,164,Nepal,3,Both,22,All ages,456,Pancreatic cancer,1,Number,2021,283.25526011759166,368.36531433218704,208.36689575023533
1,All Population,1,Deaths,164,Nepal,3,Both,22,All ages,459,Malignant skin melanoma,1,Number,2021,22.152644090208504,37.57905705896977,13.16448644313927
1,All Population,1,Deaths,164,Nepal,3,Both,22,All ages,465,Ovarian cancer,1,Number,2021,470.30824729357533,882.7607024809752,276.04937016205804
1,All Population,1,Deaths,164,Nepal,3,Both,22,All ages,592,Chronic kidney disease due to glomerulonephritis,1,Number,2021,403.6149634384466,579.7879623730664,247.15195279028427
1,All Population,1,Deaths,164,Nepal,3,Both,22,All ages,593,Chronic kidney disease due to other and unspecified causes,1,Number,2021,1219.0947130940854,1695.2569006076671,760.3640126587903
1,All Population,1,Deaths,164,Nepal,3,Both,22,All ages,595,Urinary tract infections and interstitial nephritis,1,Number,2021,495.5444174762404,674.9387484780576,341.35993287602366
1,All Population,1,Deaths,164,Nepal,3,Both,22,All ages,596,Urolithiasis,1,Number,2021,59.90776331605798,80.17848477402798,42.008556561559246
1,All Population,1,Deaths,164,Nepal,3,Both,22,All ages,602,Other urinary diseases,1,Number,2021,459.0217536501582,611.3034008690121,319.4495509211746
1,All Population,1,Deaths,164,Nepal,3,Both,22,All ages,604,Uterine fibroids,1,Number,2021,17.767618820037104,40.26610053404177,6.408209345035732
1,All Population,1,Deaths,164,Nepal,3,Both,22,All ages,607,Endometriosis,1,Number,2021,0.3143046107990843,1.5476288322119711,0.011770308606355003
1,All Population,1,Deaths,164,Nepal,3,Both,22,All ages,608,Genital prolapse,1,Number,2021,3.272521001913081,9.459336520268343,0.696873074134623
1,All Population,1,Deaths,164,Nepal,3,Both,22,All ages,612,Other gynecological diseases,1,Number,2021,31.16213155474712,61.377922459522786,12.167003687891219
1,All Population,1,Deaths,164,Nepal,3,Both,22,All ages,614,Thalassemias,1,Number,2021,54.57060591177429,78.84052507282533,37.7187615723128
1,All Population,1,Deaths,164,Nepal,3,Both,22,All ages,615,Sickle cell disorders,1,Number,2021,8.003934999188656,11.98846271718103,4.836919215964577
1,All Population,1,Deaths,164,Nepal,3,Both,22,All ages,616,G6PD deficiency,1,Number,2021,24.30494294727643,36.76805115251393,14.9804460493573
1,All Population,1,Deaths,164,Nepal,3,Both,22,All ages,618,Other hemoglobinopathies and hemolytic anemias,1,Number,2021,169.46202308979016,231.92785242256966,119.98129626175619
1,All Population,1,Deaths,164,Nepal,3,Both,22,All ages,625,"Other endocrine, metabolic, blood, and immune disorders",1,Number,2021,55.33531758942026,89.26797973686162,30.305474477633048
1,All Population,1,Deaths,164,Nepal,3,Both,22,All ages,627,Rheumatoid arthritis,1,Number,2021,146.78003560909252,244.54033437616098,71.43142020994453
1,All Population,1,Deaths,164,Nepal,3,Both,22,All ages,639,Other musculoskeletal disorders,1,Number,2021,230.48852539408657,364.7088831875845,125.49523194971628
1,All Population,1,Deaths,164,Nepal,3,Both,22,All ages,642,Neural tube defects,1,Number,2021,141.03956688681527,283.62409241658366,62.48814439205595
1,All Population,1,Deaths,164,Nepal,3,Both,22,All ages,945,Conflict and terrorism,1,Number,2021,0.9999428561167246,1.0992594772287803,0.9104938485687631
1,All Population,1,Deaths,164,Nepal,3,Both,22,All ages,946,Multidrug-resistant tuberculosis without extensive drug resistance,1,Number,2021,523.8788190054391,1396.1647026307885,124.62391469660365
1,All Population,1,Deaths,164,Nepal,3,Both,22,All ages,947,Extensively drug-resistant tuberculosis,1,Number,2021,25.12068993269756,70.62711957320415,5.747288731511861
1,All Population,1,Deaths,164,Nepal,3,Both,22,All ages,948,HIV/AIDS - Drug-susceptible Tuberculosis,1,Number,2021,129.73516005080396,209.46152601838017,66.19452516854588
1,All Population,1,Deaths,164,Nepal,3,Both,22,All ages,949,HIV/AIDS - Multidrug-resistant Tuberculosis without extensive drug resistance,1,Number,2021,18.85172965900572,52.80816684150868,4.197994605986477
1,All Population,1,Deaths,164,Nepal,3,Both,22,All ages,950,HIV/AIDS - Extensively drug-resistant Tuberculosis,1,Number,2021,0.9031933051316136,2.46190364796977,0.17654172446302172
1,All Population,1,Deaths,164,Nepal,3,Both,22,All ages,959,Invasive Non-typhoidal Salmonella (iNTS),1,Number,2021,77.74248344989792,104.18427166311814,52.37822106464525
1,All Population,1,Deaths,164,Nepal,3,Both,22,All ages,964,"Myelodysplastic, myeloproliferative, and other hematopoietic neoplasms",1,Number,2021,21.208861456768094,37.33878369892565,9.914034941699462
1,All Population,1,Deaths,164,Nepal,3,Both,22,All ages,968,Non-rheumatic calcific aortic valve disease,1,Number,2021,141.11772492493458,226.86084100981464,78.16727288768794
1,All Population,1,Deaths,164,Nepal,3,Both,22,All ages,969,Non-rheumatic degenerative mitral valve disease,1,Number,2021,74.33380257765806,132.58242088739604,37.646384003716385
1,All Population,1,Deaths,164,Nepal,3,Both,22,All ages,970,Other non-rheumatic valve diseases,1,Number,2021,2.2324115694754796,4.6333458288160365,0.9285400836021777
1,All Population,1,Deaths,164,Nepal,3,Both,22,All ages,971,Nonalcoholic fatty liver disease including cirrhosis,1,Number,2021,140.09265485618425,219.83210342547912,75.13559606861388
1,All Population,1,Deaths,164,Nepal,3,Both,22,All ages,975,Diabetes mellitus type 1,1,Number,2021,255.2312208242102,408.81970826521984,151.01091731223914
1,All Population,1,Deaths,164,Nepal,3,Both,22,All ages,976,Diabetes mellitus type 2,1,Number,2021,6664.213023344416,9204.752922340518,4645.130140902208
1,All Population,1,Deaths,164,Nepal,3,Both,22,All ages,353,Cystic echinococcosis,1,Number,2021,28.985881149576354,37.49652436171629,21.657690037625947
1,All Population,1,Deaths,164,Nepal,3,Both,22,All ages,357,Dengue,1,Number,2021,456.3504629717519,1226.7427841979857,154.61512039551133
1,All Population,1,Deaths,164,Nepal,3,Both,22,All ages,358,Yellow fever,1,Number,2021,0.0,0.0,0.0
1,All Population,1,Deaths,164,Nepal,3,Both,22,All ages,359,Rabies,1,Number,2021,282.3459631792398,634.0280268140382,76.7584926837241
1,All Population,1,Deaths,164,Nepal,3,Both,22,All ages,361,Ascariasis,1,Number,2021,1.9583591885415228,3.11230675633303,0.9556025510171864
1,All Population,1,Deaths,164,Nepal,3,Both,22,All ages,365,Other neglected tropical diseases,1,Number,2021,38.10495086833785,68.85913798315656,17.284172914735056
1,All Population,1,Deaths,164,Nepal,3,Both,22,All ages,367,Maternal hemorrhage,1,Number,2021,94.09151898293622,149.513359869642,57.02135634328093
1,All Population,1,Deaths,164,Nepal,3,Both,22,All ages,368,Maternal sepsis and other maternal infections,1,Number,2021,19.77869596006797,31.010919042273606,12.292260852323999
1,All Population,1,Deaths,164,Nepal,3,Both,22,All ages,369,Maternal hypertensive disorders,1,Number,2021,55.72907303276402,80.9085381369463,35.67220619795325
1,All Population,1,Deaths,164,Nepal,3,Both,22,All ages,370,Maternal obstructed labor and uterine rupture,1,Number,2021,24.109983247867532,42.49905221055196,12.057425934626282
1,All Population,1,Deaths,164,Nepal,3,Both,22,All ages,374,Ectopic pregnancy,1,Number,2021,0.25423803763997976,0.39876640468584584,0.14074273500856413
1,All Population,1,Deaths,164,Nepal,3,Both,22,All ages,375,Indirect maternal deaths,1,Number,2021,76.63444750226869,116.22646965862039,45.59715755767469
1,All Population,1,Deaths,164,Nepal,3,Both,22,All ages,376,Late maternal deaths,1,Number,2021,10.301460037824137,15.21455799685095,6.8608476695545875
1,All Population,1,Deaths,164,Nepal,3,Both,22,All ages,381,Neonatal preterm birth,1,Number,2021,3059.7371314885427,3928.703820115693,2261.671125354502
1,All Population,1,Deaths,164,Nepal,3,Both,22,All ages,382,Neonatal encephalopathy due to birth asphyxia and trauma,1,Number,2021,3316.1899887266673,4150.008650843661,2476.1978281005076
1,All Population,1,Deaths,164,Nepal,3,Both,22,All ages,383,Neonatal sepsis and other neonatal infections,1,Number,2021,1311.6681713846633,2200.6947036369097,611.2786773359537
1,All Population,1,Deaths,164,Nepal,3,Both,22,All ages,384,Hemolytic disease and other neonatal jaundice,1,Number,2021,442.6890028422517,749.9025360685781,228.6113158654675
1,All Population,1,Deaths,164,Nepal,3,Both,22,All ages,385,Other neonatal disorders,1,Number,2021,793.2069286146224,1274.5266612901494,414.45792551911603
1,All Population,1,Deaths,164,Nepal,3,Both,22,All ages,387,Protein-energy malnutrition,1,Number,2021,1039.1701071134169,1354.8122413933684,806.0480838281135
1,All Population,1,Deaths,164,Nepal,3,Both,22,All ages,391,Other nutritional deficiencies,1,Number,2021,399.1465339015464,621.4784391485773,227.0077844589928
1,All Population,1,Deaths,164,Nepal,3,Both,22,All ages,394,Syphilis,1,Number,2021,324.8411698105569,625.4005812606155,117.43706734200798
1,All Population,1,Deaths,164,Nepal,3,Both,22,All ages,395,Chlamydial infection,1,Number,2021,6.42629390034781,15.050086406691689,2.163242231488832
1,All Population,1,Deaths,164,Nepal,3,Both,22,All ages,396,Gonococcal infection,1,Number,2021,2.0678851224242494,4.534596755301488,0.761287447227281
1,All Population,1,Deaths,164,Nepal,3,Both,22,All ages,399,Other sexually transmitted infections,1,Number,2021,20.14233447508064,46.67829049391521,6.789560461842958
1,All Population,1,Deaths,164,Nepal,3,Both,22,All ages,401,Acute hepatitis A,1,Number,2021,582.0825772919095,942.0549659029653,289.67279773086057
1,All Population,1,Deaths,164,Nepal,3,Both,22,All ages,533,Vascular intestinal disorders,1,Number,2021,165.64769062616278,261.4263192672511,97.53383490157475
1,All Population,1,Deaths,164,Nepal,3,Both,22,All ages,534,Gallbladder and biliary diseases,1,Number,2021,122.91897047221653,194.12702291348114,65.06174203889242
1,All Population,1,Deaths,164,Nepal,3,Both,22,All ages,535,Pancreatitis,1,Number,2021,505.74643088974705,830.253524509268,293.0933132687196
1,All Population,1,Deaths,164,Nepal,3,Both,22,All ages,302,Diarrheal diseases,1,Number,2023,3067.376707634077,5922.013934819727,1624.4377983674474
1,All Population,1,Deaths,164,Nepal,3,Both,22,All ages,319,Typhoid fever,1,Number,2023,762.176281407202,1238.5698532525544,382.1360412581782
1,All Population,1,Deaths,164,Nepal,3,Both,22,All ages,320,Paratyphoid fever,1,Number,2023,168.95995302486472,316.28324396362984,75.23958268471038
1,All Population,1,Deaths,164,Nepal,3,Both,22,All ages,321,Other intestinal infectious diseases,1,Number,2023,3.700510953899939,5.630637217855147,2.1329760735611387
1,All Population,1,Deaths,164,Nepal,3,Both,22,All ages,322,Lower respiratory infections,1,Number,2023,8720.222662476037,11857.969919795858,6243.524758331651
1,All Population,1,Deaths,164,Nepal,3,Both,22,All ages,328,Upper respiratory infections,1,Number,2023,48.011347003385,127.62087624752368,4.430000660129496
1,All Population,1,Deaths,164,Nepal,3,Both,22,All ages,329,Otitis media,1,Number,2023,3.0469181399102094,7.837412815807073,0.9030696262688048
1,All Population,1,Deaths,164,Nepal,3,Both,22,All ages,543,Alzheimer's disease and other dementias,1,Number,2021,2342.5423036900306,6293.509682846948,550.4805713702974
1,All Population,1,Deaths,164,Nepal,3,Both,22,All ages,544,Parkinson's disease,1,Number,2021,691.8071345753335,834.9236433968243,575.5505324898116
1,All Population,1,Deaths,164,Nepal,3,Both,22,All ages,545,Idiopathic epilepsy,1,Number,2021,1200.9427221283863,1812.50471351227,836.6520914167049
1,All Population,1,Deaths,164,Nepal,3,Both,22,All ages,546,Multiple sclerosis,1,Number,2021,6.08470299013171,13.12861380250506,2.2711088509294983
1,All Population,1,Deaths,164,Nepal,3,Both,22,All ages,554,Motor neuron disease,1,Number,2021,9.352176347187863,20.53987484810964,3.910028881455188
1,All Population,1,Deaths,164,Nepal,3,Both,22,All ages,557,Other neurological disorders,1,Number,2021,23.191608380264483,39.281971077176806,12.286348417177546
1,All Population,1,Deaths,164,Nepal,3,Both,22,All ages,560,Alcohol use disorders,1,Number,2021,258.245918994005,430.6656818782872,141.3605810480005
1,All Population,1,Deaths,164,Nepal,3,Both,22,All ages,562,Opioid use disorders,1,Number,2021,64.13798046806598,107.36853802791487,36.944814977154785
1,All Population,1,Deaths,164,Nepal,3,Both,22,All ages,563,Cocaine use disorders,1,Number,2021,10.359115095819257,20.9969040346216,3.8844058154311245
1,All Population,1,Deaths,164,Nepal,3,Both,22,All ages,564,Amphetamine use disorders,1,Number,2021,1.9158685324204168,4.517745429183818,0.5837554930673433
1,All Population,1,Deaths,164,Nepal,3,Both,22,All ages,566,Other drug use disorders,1,Number,2021,14.86556073931646,26.58047870330362,7.63159404302652
1,All Population,1,Deaths,164,Nepal,3,Both,22,All ages,573,Anorexia nervosa,1,Number,2021,0.0457817677888592,0.3468599874215582,0.006914907434534736
1,All Population,1,Deaths,164,Nepal,3,Both,22,All ages,588,Acute glomerulonephritis,1,Number,2021,5.538372319537186,10.979609439794368,1.6480070444378951
1,All Population,1,Deaths,164,Nepal,3,Both,22,All ages,591,Chronic kidney disease due to hypertension,1,Number,2021,489.3071810790276,735.49373784552,306.5009212368604
1,All Population,1,Deaths,164,Nepal,3,Both,22,All ages,332,Meningitis,1,Number,2023,759.4002748211217,1093.0275577420214,469.93226062442653
1,All Population,1,Deaths,164,Nepal,3,Both,22,All ages,337,Encephalitis,1,Number,2023,480.6477149064217,965.6229910017512,179.61562349908178
1,All Population,1,Deaths,164,Nepal,3,Both,22,All ages,338,Diphtheria,1,Number,2023,3.7906969108625885,5.670949275450199,2.3990175416296755
1,All Population,1,Deaths,164,Nepal,3,Both,22,All ages,339,Pertussis,1,Number,2023,375.10274433326873,1134.4504894748713,44.223852031526654
1,All Population,1,Deaths,164,Nepal,3,Both,22,All ages,340,Tetanus,1,Number,2023,177.33170307725084,369.7180503432307,73.95219897553758
1,All Population,1,Deaths,164,Nepal,3,Both,22,All ages,341,Measles,1,Number,2023,583.0293224054482,1076.6661225968057,253.17751248122798
1,All Population,1,Deaths,164,Nepal,3,Both,22,All ages,342,Varicella and herpes zoster,1,Number,2023,69.35818752193927,90.22084684034674,52.21644978878179
1,All Population,1,Deaths,164,Nepal,3,Both,22,All ages,345,Malaria,1,Number,2023,0.22166571827162226,0.9678256555802986,0.028740281534860822
1,All Population,1,Deaths,164,Nepal,3,Both,22,All ages,346,Chagas disease,1,Number,2023,0.0,0.0,0.0
1,All Population,1,Deaths,164,Nepal,3,Both,22,All ages,348,Visceral leishmaniasis,1,Number,2023,22.67690405905697,73.24269393986324,0.006453624483165862
1,All Population,1,Deaths,164,Nepal,3,Both,22,All ages,350,African trypanosomiasis,1,Number,2023,0.0,0.0,0.0
1,All Population,1,Deaths,164,Nepal,3,Both,22,All ages,351,Schistosomiasis,1,Number,2023,0.0,0.0,0.0
1,All Population,1,Deaths,164,Nepal,3,Both,22,All ages,352,Cysticercosis,1,Number,2023,1.2969418199736877,2.0226725951475975,0.7139525889735362
1,All Population,1,Deaths,164,Nepal,3,Both,22,All ages,507,Other cardiovascular and circulatory diseases,1,Number,2023,689.3648277996525,1011.5187162417549,438.57943013925853
1,All Population,1,Deaths,164,Nepal,3,Both,22,All ages,509,Chronic obstructive pulmonary disease,1,Number,2023,23685.413745773618,31368.366282298244,17067.10135429618
1,All Population,1,Deaths,164,Nepal,3,Both,22,All ages,725,Physical violence by firearm,1,Number,2021,52.61769081450199,107.4671485515254,23.498488445934196
1,All Population,1,Deaths,164,Nepal,3,Both,22,All ages,726,Physical violence by sharp object,1,Number,2021,40.73921976003303,77.4029334923248,15.058624284746147
1,All Population,1,Deaths,164,Nepal,3,Both,22,All ages,727,Physical violence by other means,1,Number,2021,493.9294927127685,691.7243992178823,352.2054868248214
1,All Population,1,Deaths,164,Nepal,3,Both,22,All ages,729,Exposure to forces of nature,1,Number,2021,250.9856568852989,275.9141287844246,228.53395599076077
1,All Population,1,Deaths,164,Nepal,3,Both,22,All ages,741,Maternal deaths aggravated by HIV/AIDS,1,Number,2021,0.17829137145721818,0.2784249250895696,0.08873267320776214
1,All Population,1,Deaths,164,Nepal,3,Both,22,All ages,842,Environmental heat and cold exposure,1,Number,2021,38.88748406177193,89.39902269879128,5.996605242695626
1,All Population,1,Deaths,164,Nepal,3,Both,22,All ages,843,Ebola,1,Number,2021,0.0,0.0,0.0
1,All Population,1,Deaths,164,Nepal,3,Both,22,All ages,845,Acute lymphoid leukemia,1,Number,2021,193.97317985981144,312.6915431876814,120.5767780964366
1,All Population,1,Deaths,164,Nepal,3,Both,22,All ages,846,Chronic lymphoid leukemia,1,Number,2021,19.702301282197517,34.14959116496076,8.955216353472759
1,All Population,1,Deaths,164,Nepal,3,Both,22,All ages,847,Acute myeloid leukemia,1,Number,2021,173.4531802809457,320.16492371401733,93.97473318089595
1,All Population,1,Deaths,164,Nepal,3,Both,22,All ages,848,Chronic myeloid leukemia,1,Number,2021,108.7916204212986,178.54682761116607,47.547300547539976
1,All Population,1,Deaths,164,Nepal,3,Both,22,All ages,849,Non-melanoma skin cancer (squamous-cell carcinoma),1,Number,2021,75.58396839056482,109.75987468058094,50.5324530995165
1,All Population,1,Deaths,164,Nepal,3,Both,22,All ages,854,Police conflict and executions,1,Number,2021,6.098410188587007,6.713545934108318,5.561932326230837
1,All Population,1,Deaths,164,Nepal,3,Both,22,All ages,934,Drug-susceptible tuberculosis,1,Number,2021,4454.929883858883,6263.332717208341,2764.231280682315
1,All Population,1,Deaths,164,Nepal,3,Both,22,All ages,935,Zika virus,1,Number,2021,0.0,0.0,0.0
1,All Population,1,Deaths,164,Nepal,3,Both,22,All ages,938,Alcoholic cardiomyopathy,1,Number,2021,46.33918493985199,141.52978959023372,10.56574016519358
1,All Population,1,Deaths,164,Nepal,3,Both,22,All ages,940,Electrocution,1,Number,2021,41.84759123668574,84.39855359171574,16.43154596764348
1,All Population,1,Deaths,164,Nepal,3,Both,22,All ages,942,Myocarditis,1,Number,2021,94.53323482966934,172.50749585176817,42.291199110734055
1,All Population,1,Deaths,164,Nepal,3,Both,22,All ages,943,Other leukemia,1,Number,2021,157.80942236994895,230.31837021918696,93.79429917816798
1,All Population,1,Deaths,164,Nepal,3,Both,22,All ages,944,Other cardiomyopathy,1,Number,2021,1113.105882467079,1782.5160119897837,546.4377553426622
1,All Population,1,Deaths,164,Nepal,3,Both,22,All ages,511,Silicosis,1,Number,2023,10.01227423921119,21.473686913033497,3.1224350057282146
1,All Population,1,Deaths,164,Nepal,3,Both,22,All ages,512,Asbestosis,1,Number,2023,2.5730229409886927,7.30002277964543,0.5685346974263659
1,All Population,1,Deaths,164,Nepal,3,Both,22,All ages,513,Coal workers pneumoconiosis,1,Number,2023,2.399546954110802,6.985268751774039,0.4222098649167353
1,All Population,1,Deaths,164,Nepal,3,Both,22,All ages,514,Other pneumoconiosis,1,Number,2023,6.154734025270806,16.55107607440751,1.7663624903406507
1,All Population,1,Deaths,164,Nepal,3,Both,22,All ages,515,Asthma,1,Number,2023,3918.2549687646933,7227.909447663905,1875.298194749046
1,All Population,1,Deaths,164,Nepal,3,Both,22,All ages,516,Interstitial lung disease and pulmonary sarcoidosis,1,Number,2023,721.0264465242502,1525.0018147723686,365.89101645628034
1,All Population,1,Deaths,164,Nepal,3,Both,22,All ages,520,Other chronic respiratory diseases,1,Number,2023,400.8656556368978,732.678237466111,221.3412185464547
1,All Population,1,Deaths,164,Nepal,3,Both,22,All ages,522,Chronic hepatitis B including cirrhosis,1,Number,2023,2321.226657029923,3479.647929004129,1292.7313773023675
1,All Population,1,Deaths,164,Nepal,3,Both,22,All ages,523,Chronic hepatitis C including cirrhosis,1,Number,2023,606.7068017481165,976.5513241444961,330.3301037930594
1,All Population,1,Deaths,164,Nepal,3,Both,22,All ages,524,Cirrhosis due to alcohol,1,Number,2023,1884.9044190445504,2891.800638743742,1014.0616265529836
1,All Population,1,Deaths,164,Nepal,3,Both,22,All ages,525,Cirrhosis due to other causes,1,Number,2023,599.4082095645922,884.3445371334218,349.04230587107475
1,All Population,1,Deaths,164,Nepal,3,Both,22,All ages,527,Peptic ulcer disease,1,Number,2023,2203.931479023468,4368.488032566508,1308.9104715164133
1,All Population,1,Deaths,164,Nepal,3,Both,22,All ages,528,Gastritis and duodenitis,1,Number,2023,171.4395565939428,315.45329497991673,65.54974406887328
1,All Population,1,Deaths,164,Nepal,3,Both,22,All ages,529,Appendicitis,1,Number,2023,310.4461221461608,585.8558469925604,121.01473781872376
1,All Population,1,Deaths,164,Nepal,3,Both,22,All ages,530,Paralytic ileus and intestinal obstruction,1,Number,2023,1146.2129042506588,1782.0807889352093,673.7676780160713
1,All Population,1,Deaths,164,Nepal,3,Both,22,All ages,531,"Inguinal, femoral, and abdominal hernia",1,Number,2023,259.68601327357356,587.8134292846677,109.88168574344921
1,All Population,1,Deaths,164,Nepal,3,Both,22,All ages,302,Diarrheal diseases,1,Number,2022,3124.997971097402,6022.963892882589,1642.8889334617013
1,All Population,1,Deaths,164,Nepal,3,Both,22,All ages,319,Typhoid fever,1,Number,2022,808.6419727264699,1363.0396207230667,413.3706706378752
1,All Population,1,Deaths,164,Nepal,3,Both,22,All ages,320,Paratyphoid fever,1,Number,2022,181.75579894226223,357.6271072949261,83.40111924281146
1,All Population,1,Deaths,164,Nepal,3,Both,22,All ages,321,Other intestinal infectious diseases,1,Number,2022,3.6564809843832267,5.439922157926462,2.27074783883995
1,All Population,1,Deaths,164,Nepal,3,Both,22,All ages,322,Lower respiratory infections,1,Number,2022,8028.003520908612,11199.071419420658,5675.362383732814
1,All Population,1,Deaths,164,Nepal,3,Both,22,All ages,328,Upper respiratory infections,1,Number,2022,51.37017926204146,130.48613092139638,4.510171681892739
1,All Population,1,Deaths,164,Nepal,3,Both,22,All ages,329,Otitis media,1,Number,2022,3.1728437386324457,8.007967399907525,0.9671060496839128
1,All Population,1,Deaths,164,Nepal,3,Both,22,All ages,697,Falls,1,Number,2023,3331.2978095240915,4366.621133852522,2276.656502051039
1,All Population,1,Deaths,164,Nepal,3,Both,22,All ages,698,Drowning,1,Number,2023,1913.7513422450445,2905.4055659527203,1236.1785045214922
1,All Population,1,Deaths,164,Nepal,3,Both,22,All ages,699,"Fire, heat, and hot substances",1,Number,2023,558.0912692640849,909.2506583397121,332.9233560518957
1,All Population,1,Deaths,164,Nepal,3,Both,22,All ages,701,Poisoning by carbon monoxide,1,Number,2023,345.9099563617802,634.163356201056,148.6027654459484
1,All Population,1,Deaths,164,Nepal,3,Both,22,All ages,703,Poisoning by other means,1,Number,2023,706.0471443016511,1177.7454459154715,350.57803503136574
1,All Population,1,Deaths,164,Nepal,3,Both,22,All ages,705,Unintentional firearm injuries,1,Number,2023,2.1589482259887074,7.624657538976796,0.3891655983038792
1,All Population,1,Deaths,164,Nepal,3,Both,22,All ages,707,Other exposure to mechanical forces,1,Number,2023,290.4770612072129,488.52556014375824,181.1317109938652
1,All Population,1,Deaths,164,Nepal,3,Both,22,All ages,708,Adverse effects of medical treatment,1,Number,2023,732.7693949847366,980.4017019071372,544.3343543136988
1,All Population,1,Deaths,164,Nepal,3,Both,22,All ages,710,Venomous animal contact,1,Number,2023,724.9842718257013,1159.4994028965625,458.91002587124734
1,All Population,1,Deaths,164,Nepal,3,Both,22,All ages,711,Non-venomous animal contact,1,Number,2023,24.429010345914183,60.6048360389589,8.315548718354236
1,All Population,1,Deaths,164,Nepal,3,Both,22,All ages,713,Pulmonary aspiration and foreign body in airway,1,Number,2023,51.792336588056074,102.9399307791923,11.209932849512672
1,All Population,1,Deaths,164,Nepal,3,Both,22,All ages,715,Foreign body in other body part,1,Number,2023,3.173439536839836,7.563908052756928,0.5295943858155727
1,All Population,1,Deaths,164,Nepal,3,Both,22,All ages,716,Other unintentional injuries,1,Number,2023,86.72941174923538,167.74726441332055,43.2511829377267
1,All Population,1,Deaths,164,Nepal,3,Both,22,All ages,721,Self-harm by firearm,1,Number,2023,379.29581489634484,873.5224264661239,149.9909372066244
1,All Population,1,Deaths,164,Nepal,3,Both,22,All ages,1059,Total Cancers excluding Non-melanoma skin cancer,1,Number,2023,16830.681835117037,19616.496668977983,14611.19216385942
1,All Population,1,Deaths,164,Nepal,3,Both,22,All ages,1160,Other direct maternal disorders,1,Number,2023,104.12622618307068,171.1427205370858,60.75959196750561
1,All Population,1,Deaths,164,Nepal,3,Both,22,All ages,1161,Other digestive diseases,1,Number,2023,572.3673298025823,926.3798229467416,316.26788534215723
1,All Population,1,Deaths,164,Nepal,3,Both,22,All ages,1163,Self-harm by other specified means,1,Number,2023,4384.612985387081,5803.106240725257,2891.4672365805122
1,All Population,1,Deaths,164,Nepal,3,Both,22,All ages,1164,Other benign and in situ neoplasms,1,Number,2023,87.86627833780722,144.48447571596512,45.70049771108752
1,All Population,1,Deaths,164,Nepal,3,Both,22,All ages,300,HIV/AIDS resulting in other diseases,1,Number,2022,523.4812467678516,835.7964541939933,286.2640894962128
1,All Population,1,Deaths,164,Nepal,3,Both,22,All ages,468,Testicular cancer,1,Number,2022,30.287476439501674,51.774619115364985,16.0534459997416
1,All Population,1,Deaths,164,Nepal,3,Both,22,All ages,471,Kidney cancer,1,Number,2022,135.00890283978558,224.00973494883573,82.6732458189214
1,All Population,1,Deaths,164,Nepal,3,Both,22,All ages,474,Bladder cancer,1,Number,2022,199.9530716410983,336.1373378655101,123.20925101391094
1,All Population,1,Deaths,164,Nepal,3,Both,22,All ages,477,Brain and central nervous system cancer,1,Number,2022,348.6181059813583,462.4654253676594,259.0528420919889
1,All Population,1,Deaths,164,Nepal,3,Both,22,All ages,480,Thyroid cancer,1,Number,2022,141.64224854593192,190.7359884878538,104.3500683478587
1,All Population,1,Deaths,164,Nepal,3,Both,22,All ages,332,Meningitis,1,Number,2022,771.8560968474742,1109.936424856259,497.2680310037153
1,All Population,1,Deaths,164,Nepal,3,Both,22,All ages,337,Encephalitis,1,Number,2022,475.54130583522385,960.8521461227497,183.2780388164222
1,All Population,1,Deaths,164,Nepal,3,Both,22,All ages,338,Diphtheria,1,Number,2022,4.136186756981968,6.391254718651002,2.642387829517869
1,All Population,1,Deaths,164,Nepal,3,Both,22,All ages,339,Pertussis,1,Number,2022,390.7878947138613,1101.0539316824309,47.050780464265536
1,All Population,1,Deaths,164,Nepal,3,Both,22,All ages,340,Tetanus,1,Number,2022,196.12295108877527,417.0393078302454,84.37294904813034
1,All Population,1,Deaths,164,Nepal,3,Both,22,All ages,341,Measles,1,Number,2022,558.536306877518,1002.125412191415,232.83284827759385
1,All Population,1,Deaths,164,Nepal,3,Both,22,All ages,342,Varicella and herpes zoster,1,Number,2022,70.46487319142135,94.69243961958237,52.16253506926517
1,All Population,1,Deaths,164,Nepal,3,Both,22,All ages,345,Malaria,1,Number,2022,0.2070805152958294,0.8213664239581563,0.0327267817171037
1,All Population,1,Deaths,164,Nepal,3,Both,22,All ages,346,Chagas disease,1,Number,2022,0.0,0.0,0.0
1,All Population,1,Deaths,164,Nepal,3,Both,22,All ages,348,Visceral leishmaniasis,1,Number,2022,22.93445428563172,73.72065274225157,0.006313464195657585
1,All Population,1,Deaths,164,Nepal,3,Both,22,All ages,350,African trypanosomiasis,1,Number,2022,0.0,0.0,0.0
1,All Population,1,Deaths,164,Nepal,3,Both,22,All ages,351,Schistosomiasis,1,Number,2022,0.0,0.0,0.0
1,All Population,1,Deaths,164,Nepal,3,Both,22,All ages,352,Cysticercosis,1,Number,2022,1.3358253515119656,2.00710621802386,0.757564810455752
1,All Population,1,Deaths,164,Nepal,3,Both,22,All ages,507,Other cardiovascular and circulatory diseases,1,Number,2022,636.5449022485942,909.1991546231726,400.3104916760485
1,All Population,1,Deaths,164,Nepal,3,Both,22,All ages,509,Chronic obstructive pulmonary disease,1,Number,2022,22625.781837512914,30904.784994127782,15440.868567780892
1,All Population,1,Deaths,164,Nepal,3,Both,22,All ages,511,Silicosis,1,Number,2022,9.683347371510148,21.546125222481354,3.208944296859782
1,All Population,1,Deaths,164,Nepal,3,Both,22,All ages,512,Asbestosis,1,Number,2022,2.5585626529349756,7.046948569700022,0.5876577072181479
1,All Population,1,Deaths,164,Nepal,3,Both,22,All ages,513,Coal workers pneumoconiosis,1,Number,2022,2.5743606911282737,7.638177726887269,0.43831869541309687
1,All Population,1,Deaths,164,Nepal,3,Both,22,All ages,514,Other pneumoconiosis,1,Number,2022,6.1512358942752385,16.0213176487134,1.583500834881961
1,All Population,1,Deaths,164,Nepal,3,Both,22,All ages,515,Asthma,1,Number,2022,4011.5115136607637,7488.59436133817,1991.3666185532095
1,All Population,1,Deaths,164,Nepal,3,Both,22,All ages,516,Interstitial lung disease and pulmonary sarcoidosis,1,Number,2022,705.7347119552866,1559.6077482017074,356.75463894092456
1,All Population,1,Deaths,164,Nepal,3,Both,22,All ages,520,Other chronic respiratory diseases,1,Number,2022,391.09344098905615,747.8450688851424,221.64311618637336
1,All Population,1,Deaths,164,Nepal,3,Both,22,All ages,522,Chronic hepatitis B including cirrhosis,1,Number,2022,2181.35121182075,3217.946246366431,1232.3527227661825
1,All Population,1,Deaths,164,Nepal,3,Both,22,All ages,523,Chronic hepatitis C including cirrhosis,1,Number,2022,615.9596293099761,956.0124672408622,338.73838074077406
1,All Population,1,Deaths,164,Nepal,3,Both,22,All ages,524,Cirrhosis due to alcohol,1,Number,2022,1910.2252519518686,2880.8708710852175,1074.8330546201294
1,All Population,1,Deaths,164,Nepal,3,Both,22,All ages,525,Cirrhosis due to other causes,1,Number,2022,615.0732035112314,921.8348654578419,342.98428665518844
1,All Population,1,Deaths,164,Nepal,3,Both,22,All ages,527,Peptic ulcer disease,1,Number,2022,2233.437773241755,4211.933840571669,1327.5095828060591
1,All Population,1,Deaths,164,Nepal,3,Both,22,All ages,528,Gastritis and duodenitis,1,Number,2022,171.45092511111258,314.10215081400383,64.35181941908593
1,All Population,1,Deaths,164,Nepal,3,Both,22,All ages,529,Appendicitis,1,Number,2022,310.8934976600296,592.5230234175656,123.946726319535
1,All Population,1,Deaths,164,Nepal,3,Both,22,All ages,530,Paralytic ileus and intestinal obstruction,1,Number,2022,1146.4609285912104,1779.209308013504,687.9668136170031
1,All Population,1,Deaths,164,Nepal,3,Both,22,All ages,531,"Inguinal, femoral, and abdominal hernia",1,Number,2022,260.82412797117075,569.9739362630331,110.12867472766908
1,All Population,1,Deaths,164,Nepal,3,Both,22,All ages,300,HIV/AIDS resulting in other diseases,1,Number,2023,452.7831825933159,765.2706678115995,234.01896707227243
1,All Population,1,Deaths,164,Nepal,3,Both,22,All ages,468,Testicular cancer,1,Number,2023,31.210349108816544,50.943186353025226,17.04165041441564
1,All Population,1,Deaths,164,Nepal,3,Both,22,All ages,471,Kidney cancer,1,Number,2023,140.0159964407704,230.9649804857373,88.46027305228169
1,All Population,1,Deaths,164,Nepal,3,Both,22,All ages,474,Bladder cancer,1,Number,2023,221.25793854489058,380.2115772624796,136.81551993270668
1,All Population,1,Deaths,164,Nepal,3,Both,22,All ages,477,Brain and central nervous system cancer,1,Number,2023,356.51047436657285,485.55278178908037,264.89716262943506
1,All Population,1,Deaths,164,Nepal,3,Both,22,All ages,480,Thyroid cancer,1,Number,2023,154.3232322175528,211.98740990960675,110.0361378664644
1,All Population,1,Deaths,164,Nepal,3,Both,22,All ages,483,Mesothelioma,1,Number,2022,17.636074805913843,23.428539763058016,11.57566226940576
1,All Population,1,Deaths,164,Nepal,3,Both,22,All ages,484,Hodgkin lymphoma,1,Number,2022,95.15354288436944,171.77575748130403,50.4503991011429
1,All Population,1,Deaths,164,Nepal,3,Both,22,All ages,486,Multiple myeloma,1,Number,2022,184.47645918119764,279.18966845390366,114.58245164309811
1,All Population,1,Deaths,164,Nepal,3,Both,22,All ages,489,Other malignant neoplasms,1,Number,2022,597.4440841337499,877.3890932396102,381.75304170661474
1,All Population,1,Deaths,164,Nepal,3,Both,22,All ages,492,Rheumatic heart disease,1,Number,2022,4287.268359937967,7132.934282431641,2387.8995275768148
1,All Population,1,Deaths,164,Nepal,3,Both,22,All ages,493,Ischemic heart disease,1,Number,2022,20200.536299705112,25818.586825131562,15323.40096886637
1,All Population,1,Deaths,164,Nepal,3,Both,22,All ages,495,Ischemic stroke,1,Number,2022,7189.570026688704,10155.34560477171,4667.024012548747
1,All Population,1,Deaths,164,Nepal,3,Both,22,All ages,496,Intracerebral hemorrhage,1,Number,2022,8770.549370667266,12178.9584737061,5337.025944873098
1,All Population,1,Deaths,164,Nepal,3,Both,22,All ages,497,Subarachnoid hemorrhage,1,Number,2022,814.6080111943212,1538.9152674685859,365.5328335755599
1,All Population,1,Deaths,164,Nepal,3,Both,22,All ages,498,Hypertensive heart disease,1,Number,2022,3394.3848980359485,5223.189138002471,2055.472790698241
1,All Population,1,Deaths,164,Nepal,3,Both,22,All ages,500,Atrial fibrillation and flutter,1,Number,2022,548.2918009615021,813.0228833379115,366.5337201928675
1,All Population,1,Deaths,164,Nepal,3,Both,22,All ages,501,Aortic aneurysm,1,Number,2022,177.98517739854466,344.95978660337283,100.91101375621787
1,All Population,1,Deaths,164,Nepal,3,Both,22,All ages,502,Lower extremity peripheral arterial disease,1,Number,2022,58.530801799289755,94.7774496179272,35.575149838228626
1,All Population,1,Deaths,164,Nepal,3,Both,22,All ages,503,Endocarditis,1,Number,2022,157.3063024055601,238.21061433048598,95.104847971074
1,All Population,1,Deaths,164,Nepal,3,Both,22,All ages,697,Falls,1,Number,2022,3118.580083382857,4144.804136101213,2096.888986796927
1,All Population,1,Deaths,164,Nepal,3,Both,22,All ages,698,Drowning,1,Number,2022,1901.9910570698353,2655.739356713984,1241.0850728831845
1,All Population,1,Deaths,164,Nepal,3,Both,22,All ages,699,"Fire, heat, and hot substances",1,Number,2022,533.0129577581421,887.201966538257,310.6103356492712
1,All Population,1,Deaths,164,Nepal,3,Both,22,All ages,701,Poisoning by carbon monoxide,1,Number,2022,336.6955478890266,627.6549257413325,141.14699680095677
1,All Population,1,Deaths,164,Nepal,3,Both,22,All ages,703,Poisoning by other means,1,Number,2022,695.7503807027251,1172.7954630057834,336.66460535778305
1,All Population,1,Deaths,164,Nepal,3,Both,22,All ages,705,Unintentional firearm injuries,1,Number,2022,2.1791542899298677,7.434687283838306,0.38402082534146287
1,All Population,1,Deaths,164,Nepal,3,Both,22,All ages,707,Other exposure to mechanical forces,1,Number,2022,283.89753648002954,471.5986783461613,170.20441672629104
1,All Population,1,Deaths,164,Nepal,3,Both,22,All ages,708,Adverse effects of medical treatment,1,Number,2022,727.830075139058,1003.740223478149,526.6010671829688
1,All Population,1,Deaths,164,Nepal,3,Both,22,All ages,710,Venomous animal contact,1,Number,2022,708.8862281212988,1155.1013306198831,449.6913352581792
1,All Population,1,Deaths,164,Nepal,3,Both,22,All ages,711,Non-venomous animal contact,1,Number,2022,23.12486671936601,54.863199082280325,7.912588721645388
1,All Population,1,Deaths,164,Nepal,3,Both,22,All ages,713,Pulmonary aspiration and foreign body in airway,1,Number,2022,50.47215204730168,96.86712179451352,10.650880211841361
1,All Population,1,Deaths,164,Nepal,3,Both,22,All ages,715,Foreign body in other body part,1,Number,2022,3.061414505670902,7.756870443981214,0.48941219280956566
1,All Population,1,Deaths,164,Nepal,3,Both,22,All ages,716,Other unintentional injuries,1,Number,2022,86.68819314390272,167.55778516881102,42.59205002084091
1,All Population,1,Deaths,164,Nepal,3,Both,22,All ages,483,Mesothelioma,1,Number,2023,19.506196975036225,25.94886968301048,12.989431580573134
1,All Population,1,Deaths,164,Nepal,3,Both,22,All ages,484,Hodgkin lymphoma,1,Number,2023,94.9219307248289,169.12702046137673,52.10907041109006
1,All Population,1,Deaths,164,Nepal,3,Both,22,All ages,486,Multiple myeloma,1,Number,2023,205.9037952081796,318.60811217320366,123.36932714055602
1,All Population,1,Deaths,164,Nepal,3,Both,22,All ages,489,Other malignant neoplasms,1,Number,2023,610.9868498948092,922.3918692806051,393.41417753348446
1,All Population,1,Deaths,164,Nepal,3,Both,22,All ages,492,Rheumatic heart disease,1,Number,2023,4487.03226048411,7298.459157791727,2514.2349271522594
1,All Population,1,Deaths,164,Nepal,3,Both,22,All ages,493,Ischemic heart disease,1,Number,2023,20405.01708076707,25652.362110289676,15426.749654323185
1,All Population,1,Deaths,164,Nepal,3,Both,22,All ages,495,Ischemic stroke,1,Number,2023,7190.899705436342,10285.48467232956,4629.739124198677
1,All Population,1,Deaths,164,Nepal,3,Both,22,All ages,496,Intracerebral hemorrhage,1,Number,2023,9151.927219618654,12583.236213154558,5800.269256138482
1,All Population,1,Deaths,164,Nepal,3,Both,22,All ages,497,Subarachnoid hemorrhage,1,Number,2023,888.4537371225983,1710.865689738778,416.8981477434198
1,All Population,1,Deaths,164,Nepal,3,Both,22,All ages,498,Hypertensive heart disease,1,Number,2023,3694.0321041208476,5804.758489585978,2232.9951925598198
1,All Population,1,Deaths,164,Nepal,3,Both,22,All ages,500,Atrial fibrillation and flutter,1,Number,2023,602.1562212167375,868.2098802397314,412.0993168972804
1,All Population,1,Deaths,164,Nepal,3,Both,22,All ages,501,Aortic aneurysm,1,Number,2023,196.55454247713942,378.8373420424827,106.29840498343603
1,All Population,1,Deaths,164,Nepal,3,Both,22,All ages,502,Lower extremity peripheral arterial disease,1,Number,2023,64.44074174038025,102.79481604845512,38.479964079614916
1,All Population,1,Deaths,164,Nepal,3,Both,22,All ages,503,Endocarditis,1,Number,2023,167.31692513564624,253.6413259045485,97.70771956539784
1,All Population,1,Deaths,164,Nepal,3,Both,22,All ages,402,Acute hepatitis B,1,Number,2022,127.51833234056159,306.6395106280004,37.228936443795085
1,All Population,1,Deaths,164,Nepal,3,Both,22,All ages,403,Acute hepatitis C,1,Number,2022,33.147893178596995,87.48511145560524,4.417751361098338
1,All Population,1,Deaths,164,Nepal,3,Both,22,All ages,404,Acute hepatitis E,1,Number,2022,14.209396976219596,51.32578186470368,3.4329574454734355
1,All Population,1,Deaths,164,Nepal,3,Both,22,All ages,408,Other unspecified infectious diseases,1,Number,2022,1197.0534794596276,2311.824434621035,554.279417983255
1,All Population,1,Deaths,164,Nepal,3,Both,22,All ages,411,Esophageal cancer,1,Number,2022,1140.2830201914674,1695.4004135616635,756.894617104713
1,All Population,1,Deaths,164,Nepal,3,Both,22,All ages,414,Stomach cancer,1,Number,2022,1476.8352724207894,2157.176596446253,932.9334923682964
1,All Population,1,Deaths,164,Nepal,3,Both,22,All ages,721,Self-harm by firearm,1,Number,2022,376.14620016421225,870.7504567010144,152.04462723862508
1,All Population,1,Deaths,164,Nepal,3,Both,22,All ages,1059,Total Cancers excluding Non-melanoma skin cancer,1,Number,2022,15445.556847891767,17706.459045281634,13474.717900261634
1,All Population,1,Deaths,164,Nepal,3,Both,22,All ages,1160,Other direct maternal disorders,1,Number,2022,102.57782131939874,167.95049721893605,60.23518884857076
1,All Population,1,Deaths,164,Nepal,3,Both,22,All ages,1161,Other digestive diseases,1,Number,2022,558.043384175286,883.129417177203,307.1497009820999
1,All Population,1,Deaths,164,Nepal,3,Both,22,All ages,1163,Self-harm by other specified means,1,Number,2022,4307.837651416844,5754.348775580166,2940.9631128426267
1,All Population,1,Deaths,164,Nepal,3,Both,22,All ages,1164,Other benign and in situ neoplasms,1,Number,2022,84.39506823996142,132.74892044653427,45.46650726217697
1,All Population,1,Deaths,164,Nepal,3,Both,22,All ages,643,Congenital heart anomalies,1,Number,2022,970.0147252764567,1432.1522498150077,635.8367239182596
1,All Population,1,Deaths,164,Nepal,3,Both,22,All ages,644,Orofacial clefts,1,Number,2022,15.267689892805642,52.17885608010687,1.8705203689658885
1,All Population,1,Deaths,164,Nepal,3,Both,22,All ages,645,Down syndrome,1,Number,2022,41.2606403274505,73.95040604210119,19.15108169052004
1,All Population,1,Deaths,164,Nepal,3,Both,22,All ages,648,Other chromosomal abnormalities,1,Number,2022,44.79753493488869,83.2793179758015,21.602554537555662
1,All Population,1,Deaths,164,Nepal,3,Both,22,All ages,649,Congenital musculoskeletal and limb anomalies,1,Number,2022,26.20372118511053,47.71857596004493,12.710914228007594
1,All Population,1,Deaths,164,Nepal,3,Both,22,All ages,650,Urogenital congenital anomalies,1,Number,2022,38.61033311244124,99.63436797706962,13.303868844278055
1,All Population,1,Deaths,164,Nepal,3,Both,22,All ages,651,Digestive congenital anomalies,1,Number,2022,194.67242067241705,356.3411265338262,91.03063440995517
1,All Population,1,Deaths,164,Nepal,3,Both,22,All ages,652,Other congenital birth defects,1,Number,2022,2.626463677433226,8.908483834318393,0.5964190890174503
1,All Population,1,Deaths,164,Nepal,3,Both,22,All ages,656,Cellulitis,1,Number,2022,0.5869767777224238,1.3641737211277858,0.12377178860278491
1,All Population,1,Deaths,164,Nepal,3,Both,22,All ages,657,Pyoderma,1,Number,2022,1.3110467044078544,2.6895722145655285,0.4976538517863416
1,All Population,1,Deaths,164,Nepal,3,Both,22,All ages,665,Decubitus ulcer,1,Number,2022,2.873235435325295,4.738400042537324,1.625259907027759
1,All Population,1,Deaths,164,Nepal,3,Both,22,All ages,668,Other skin and subcutaneous diseases,1,Number,2022,2.1129717047309726,3.6519028338909374,0.9634859824220282
1,All Population,1,Deaths,164,Nepal,3,Both,22,All ages,686,Sudden infant death syndrome,1,Number,2022,91.84148399748531,155.2788526925517,50.225916009105504
1,All Population,1,Deaths,164,Nepal,3,Both,22,All ages,690,Pedestrian road injuries,1,Number,2022,980.4760304376512,1465.5002383265376,533.857991627535
1,All Population,1,Deaths,164,Nepal,3,Both,22,All ages,691,Cyclist road injuries,1,Number,2022,164.45899296983941,368.22359433430336,78.40111118566966
1,All Population,1,Deaths,164,Nepal,3,Both,22,All ages,692,Motorcyclist road injuries,1,Number,2022,988.2699586189298,1513.846364313135,562.6260933672983
1,All Population,1,Deaths,164,Nepal,3,Both,22,All ages,402,Acute hepatitis B,1,Number,2023,140.2147791810591,335.2820751469124,40.04075589213251
1,All Population,1,Deaths,164,Nepal,3,Both,22,All ages,403,Acute hepatitis C,1,Number,2023,37.65961232981899,97.46059514420527,5.177536332850147
1,All Population,1,Deaths,164,Nepal,3,Both,22,All ages,404,Acute hepatitis E,1,Number,2023,14.734159624692346,49.3804881496467,3.606415349175532
1,All Population,1,Deaths,164,Nepal,3,Both,22,All ages,408,Other unspecified infectious diseases,1,Number,2023,1230.2026480784937,2416.161898390803,584.4386459155683
1,All Population,1,Deaths,164,Nepal,3,Both,22,All ages,411,Esophageal cancer,1,Number,2023,1270.045541107649,1902.2709850656813,842.2822598531711
1,All Population,1,Deaths,164,Nepal,3,Both,22,All ages,414,Stomach cancer,1,Number,2023,1597.2205117594715,2380.091779663883,1008.0631053267524
1,All Population,1,Deaths,164,Nepal,3,Both,22,All ages,418,Liver cancer due to hepatitis B,1,Number,2022,128.58903670803542,203.8408730873755,75.24132639530856
1,All Population,1,Deaths,164,Nepal,3,Both,22,All ages,419,Liver cancer due to hepatitis C,1,Number,2022,150.720628404354,237.4947020207411,92.91485928253468
1,All Population,1,Deaths,164,Nepal,3,Both,22,All ages,420,Liver cancer due to alcohol use,1,Number,2022,129.1448330548275,216.51668693016262,71.22978948512758
1,All Population,1,Deaths,164,Nepal,3,Both,22,All ages,421,Liver cancer due to other causes,1,Number,2022,17.912030922962206,29.760977978663973,9.22619215707804
1,All Population,1,Deaths,164,Nepal,3,Both,22,All ages,423,Larynx cancer,1,Number,2022,470.72346098311834,788.2296342373181,256.57794681661767
1,All Population,1,Deaths,164,Nepal,3,Both,22,All ages,426,"Tracheal, bronchus, and lung cancer",1,Number,2022,1576.7454089140037,2135.3794457786585,1153.1049191931354
1,All Population,1,Deaths,164,Nepal,3,Both,22,All ages,429,Breast cancer,1,Number,2022,1287.3117190459327,1806.1361152193551,853.2244369832677
1,All Population,1,Deaths,164,Nepal,3,Both,22,All ages,432,Cervical cancer,1,Number,2022,1160.8870668777113,1764.7176025487313,620.6049446037516
1,All Population,1,Deaths,164,Nepal,3,Both,22,All ages,435,Uterine cancer,1,Number,2022,108.68141562067326,200.02287735822742,46.71651509285415
1,All Population,1,Deaths,164,Nepal,3,Both,22,All ages,438,Prostate cancer,1,Number,2022,460.9225896619239,737.8409254456105,267.14994794573784
1,All Population,1,Deaths,164,Nepal,3,Both,22,All ages,441,Colon and rectum cancer,1,Number,2022,845.7354400139704,1103.5402310169186,605.5536238345659
1,All Population,1,Deaths,164,Nepal,3,Both,22,All ages,444,Lip and oral cavity cancer,1,Number,2022,1038.3405677486364,1458.491533730928,751.5465451963101
1,All Population,1,Deaths,164,Nepal,3,Both,22,All ages,447,Nasopharynx cancer,1,Number,2022,212.0718615314084,284.38883543232464,143.69144281449869
1,All Population,1,Deaths,164,Nepal,3,Both,22,All ages,450,Other pharynx cancer,1,Number,2022,648.6367723544454,919.8703932677229,451.4165672813782
1,All Population,1,Deaths,164,Nepal,3,Both,22,All ages,453,Gallbladder and biliary tract cancer,1,Number,2022,484.8258682244268,656.9645820622229,336.4638315696052
1,All Population,1,Deaths,164,Nepal,3,Both,22,All ages,456,Pancreatic cancer,1,Number,2022,300.2776790272749,396.3367795960131,209.85317576601028
1,All Population,1,Deaths,164,Nepal,3,Both,22,All ages,459,Malignant skin melanoma,1,Number,2022,22.847111258710754,39.04199036614338,13.948139549641846
1,All Population,1,Deaths,164,Nepal,3,Both,22,All ages,465,Ovarian cancer,1,Number,2022,500.21512163115773,921.9865922695335,296.5134106389802
1,All Population,1,Deaths,164,Nepal,3,Both,22,All ages,592,Chronic kidney disease due to glomerulonephritis,1,Number,2022,405.55869097147735,585.7640033158757,248.72686793863028
1,All Population,1,Deaths,164,Nepal,3,Both,22,All ages,593,Chronic kidney disease due to other and unspecified causes,1,Number,2022,1241.5760535848115,1729.9526550289906,778.8395397118995
1,All Population,1,Deaths,164,Nepal,3,Both,22,All ages,595,Urinary tract infections and interstitial nephritis,1,Number,2022,534.6434107749288,730.4653010225503,385.0609255600507
1,All Population,1,Deaths,164,Nepal,3,Both,22,All ages,418,Liver cancer due to hepatitis B,1,Number,2023,142.91602928444155,232.23942625311193,81.77019940727862
1,All Population,1,Deaths,164,Nepal,3,Both,22,All ages,419,Liver cancer due to hepatitis C,1,Number,2023,169.30674095393644,270.64104649936536,106.25536503234798
1,All Population,1,Deaths,164,Nepal,3,Both,22,All ages,420,Liver cancer due to alcohol use,1,Number,2023,144.90608441492697,242.48439934274418,78.97901521398605
1,All Population,1,Deaths,164,Nepal,3,Both,22,All ages,421,Liver cancer due to other causes,1,Number,2023,19.956352902099933,33.291119236537384,10.602692895717341
1,All Population,1,Deaths,164,Nepal,3,Both,22,All ages,423,Larynx cancer,1,Number,2023,520.8278098383759,866.282366067831,282.9960200422916
1,All Population,1,Deaths,164,Nepal,3,Both,22,All ages,426,"Tracheal, bronchus, and lung cancer",1,Number,2023,1698.861973726219,2324.365381098666,1270.6735267044967
1,All Population,1,Deaths,164,Nepal,3,Both,22,All ages,429,Breast cancer,1,Number,2023,1450.6753263568055,2083.5679795317446,970.2468893866817
1,All Population,1,Deaths,164,Nepal,3,Both,22,All ages,432,Cervical cancer,1,Number,2023,1290.698375678194,1964.1136903459549,682.4001338247208
1,All Population,1,Deaths,164,Nepal,3,Both,22,All ages,435,Uterine cancer,1,Number,2023,119.83809879198112,221.67906496069062,53.06386205655848
1,All Population,1,Deaths,164,Nepal,3,Both,22,All ages,438,Prostate cancer,1,Number,2023,511.0265520354081,810.606680885885,310.6849775449517
1,All Population,1,Deaths,164,Nepal,3,Both,22,All ages,441,Colon and rectum cancer,1,Number,2023,938.8193995351182,1222.9225339015638,696.4172563180814
1,All Population,1,Deaths,164,Nepal,3,Both,22,All ages,444,Lip and oral cavity cancer,1,Number,2023,1137.8925001760301,1570.4758261507238,791.4349095433331
1,All Population,1,Deaths,164,Nepal,3,Both,22,All ages,447,Nasopharynx cancer,1,Number,2023,230.5513194300051,309.18506508801545,162.6365007926284
1,All Population,1,Deaths,164,Nepal,3,Both,22,All ages,450,Other pharynx cancer,1,Number,2023,722.0585389362898,1042.4151499445545,493.76332708934507
1,All Population,1,Deaths,164,Nepal,3,Both,22,All ages,453,Gallbladder and biliary tract cancer,1,Number,2023,538.9655946657164,746.4971299505021,380.9944095769912
1,All Population,1,Deaths,164,Nepal,3,Both,22,All ages,456,Pancreatic cancer,1,Number,2023,336.41858337244463,445.1371996131377,237.80169239026048
1,All Population,1,Deaths,164,Nepal,3,Both,22,All ages,459,Malignant skin melanoma,1,Number,2023,25.26009625936405,43.56387790251088,15.384379488185818
1,All Population,1,Deaths,164,Nepal,3,Both,22,All ages,465,Ovarian cancer,1,Number,2023,560.8493732585749,1032.461757087305,334.9325983900455
1,All Population,1,Deaths,164,Nepal,3,Both,22,All ages,592,Chronic kidney disease due to glomerulonephritis,1,Number,2023,431.6019505947967,632.7677740518835,278.2282967425947
1,All Population,1,Deaths,164,Nepal,3,Both,22,All ages,593,Chronic kidney disease due to other and unspecified causes,1,Number,2023,1336.6995875658456,1885.3740248659178,863.794269393492
1,All Population,1,Deaths,164,Nepal,3,Both,22,All ages,595,Urinary tract infections and interstitial nephritis,1,Number,2023,544.7514897319015,753.1257278875868,386.2465508864149
1,All Population,1,Deaths,164,Nepal,3,Both,22,All ages,643,Congenital heart anomalies,1,Number,2023,950.6408580180856,1456.8238231392302,626.8656218381365
1,All Population,1,Deaths,164,Nepal,3,Both,22,All ages,644,Orofacial clefts,1,Number,2023,14.440028352946223,50.11112437734014,1.6321562405031333
1,All Population,1,Deaths,164,Nepal,3,Both,22,All ages,645,Down syndrome,1,Number,2023,41.19756064063196,76.71378115820887,18.400296249732346
1,All Population,1,Deaths,164,Nepal,3,Both,22,All ages,648,Other chromosomal abnormalities,1,Number,2023,44.65917706514072,83.18200585476393,21.44480769257413
1,All Population,1,Deaths,164,Nepal,3,Both,22,All ages,649,Congenital musculoskeletal and limb anomalies,1,Number,2023,25.790251740692028,48.158389908898535,11.625314456685965
1,All Population,1,Deaths,164,Nepal,3,Both,22,All ages,650,Urogenital congenital anomalies,1,Number,2023,38.6543198838732,96.68190587155188,12.843614173666985
1,All Population,1,Deaths,164,Nepal,3,Both,22,All ages,651,Digestive congenital anomalies,1,Number,2023,191.56334720919958,354.0149243064203,92.23243603185439
1,All Population,1,Deaths,164,Nepal,3,Both,22,All ages,652,Other congenital birth defects,1,Number,2023,2.626235930053355,8.632785054562703,0.6230293728782058
1,All Population,1,Deaths,164,Nepal,3,Both,22,All ages,656,Cellulitis,1,Number,2023,0.5943539047908225,1.4851169279929402,0.12907534063638387
1,All Population,1,Deaths,164,Nepal,3,Both,22,All ages,657,Pyoderma,1,Number,2023,1.2981750355936021,2.8982329388449184,0.47036284375290355
1,All Population,1,Deaths,164,Nepal,3,Both,22,All ages,665,Decubitus ulcer,1,Number,2023,3.2095296075662407,5.2393346994730186,1.8029344120390363
1,All Population,1,Deaths,164,Nepal,3,Both,22,All ages,668,Other skin and subcutaneous diseases,1,Number,2023,2.331325760028326,4.019014576160278,1.1019337922598398
1,All Population,1,Deaths,164,Nepal,3,Both,22,All ages,686,Sudden infant death syndrome,1,Number,2023,88.2895159958364,146.63794943953295,45.86142713914075
1,All Population,1,Deaths,164,Nepal,3,Both,22,All ages,690,Pedestrian road injuries,1,Number,2023,1001.2915114549885,1477.9879717214321,560.6418879181422
1,All Population,1,Deaths,164,Nepal,3,Both,22,All ages,691,Cyclist road injuries,1,Number,2023,170.9086998252723,372.90214995227603,79.51996129954516
1,All Population,1,Deaths,164,Nepal,3,Both,22,All ages,692,Motorcyclist road injuries,1,Number,2023,1015.0238971875566,1499.6241635757858,578.3959950419944
1,All Population,1,Deaths,164,Nepal,3,Both,22,All ages,596,Urolithiasis,1,Number,2022,64.553518566518,86.2538246748847,45.23738242286699
1,All Population,1,Deaths,164,Nepal,3,Both,22,All ages,602,Other urinary diseases,1,Number,2022,523.4814855144849,696.3191025489795,357.64983349170205
1,All Population,1,Deaths,164,Nepal,3,Both,22,All ages,604,Uterine fibroids,1,Number,2022,18.429369634832486,40.78787431508585,6.438293948308618
1,All Population,1,Deaths,164,Nepal,3,Both,22,All ages,607,Endometriosis,1,Number,2022,0.29890680348756876,1.421125244867305,0.01008435848002637
1,All Population,1,Deaths,164,Nepal,3,Both,22,All ages,608,Genital prolapse,1,Number,2022,3.5769937722867846,10.343782780647327,0.7710744104421405
1,All Population,1,Deaths,164,Nepal,3,Both,22,All ages,612,Other gynecological diseases,1,Number,2022,32.98993893206335,68.71050824555356,13.024055385293194
1,All Population,1,Deaths,164,Nepal,3,Both,22,All ages,614,Thalassemias,1,Number,2022,54.257101793641645,79.13113832660144,37.230912478367316
1,All Population,1,Deaths,164,Nepal,3,Both,22,All ages,615,Sickle cell disorders,1,Number,2022,8.023058878618935,11.984347921988377,4.9852395488467645
1,All Population,1,Deaths,164,Nepal,3,Both,22,All ages,616,G6PD deficiency,1,Number,2022,26.49586376736484,40.14675707703629,15.39250315779045
1,All Population,1,Deaths,164,Nepal,3,Both,22,All ages,618,Other hemoglobinopathies and hemolytic anemias,1,Number,2022,183.86838968188744,258.8764369429434,129.46320757427756
1,All Population,1,Deaths,164,Nepal,3,Both,22,All ages,625,"Other endocrine, metabolic, blood, and immune disorders",1,Number,2022,55.364222939843806,89.86694523476463,29.139176880974553
1,All Population,1,Deaths,164,Nepal,3,Both,22,All ages,627,Rheumatoid arthritis,1,Number,2022,159.26977146130216,267.85133131566676,78.30651664444095
1,All Population,1,Deaths,164,Nepal,3,Both,22,All ages,639,Other musculoskeletal disorders,1,Number,2022,245.75838201605106,396.3100831149535,133.28891288070912
1,All Population,1,Deaths,164,Nepal,3,Both,22,All ages,642,Neural tube defects,1,Number,2022,135.0968663718762,264.31716229018593,59.683084350323576
1,All Population,1,Deaths,164,Nepal,3,Both,22,All ages,693,Motor vehicle road injuries,1,Number,2022,817.7585252108728,1356.3496292480215,372.7373290173486
1,All Population,1,Deaths,164,Nepal,3,Both,22,All ages,694,Other road injuries,1,Number,2022,21.055945416175426,62.447426659490155,6.031442837551192
1,All Population,1,Deaths,164,Nepal,3,Both,22,All ages,695,Other transport injuries,1,Number,2022,255.59026556121916,408.2309392970957,147.54356388131367
1,All Population,1,Deaths,164,Nepal,3,Both,22,All ages,995,Maternal abortion and miscarriage,1,Number,2022,23.73873459430789,37.322659626860755,13.341387278533919
1,All Population,1,Deaths,164,Nepal,3,Both,22,All ages,996,Liver cancer due to NASH,1,Number,2022,44.169325390586664,72.134710249706,25.690640779296217
1,All Population,1,Deaths,164,Nepal,3,Both,22,All ages,997,Chronic kidney disease due to diabetes mellitus type 1,1,Number,2022,201.56808074948353,302.82437969663516,114.78333476023877
1,All Population,1,Deaths,164,Nepal,3,Both,22,All ages,998,Chronic kidney disease due to diabetes mellitus type 2,1,Number,2022,653.1201320860106,960.5710289382979,379.66653919988335
1,All Population,1,Deaths,164,Nepal,3,Both,22,All ages,1004,Pulmonary Arterial Hypertension,1,Number,2022,90.32372623585445,152.4390959658614,51.13831659812026
1,All Population,1,Deaths,164,Nepal,3,Both,22,All ages,1005,Hepatoblastoma,1,Number,2022,3.2699675373092942,5.406268599892402,1.9647576407949991
1,All Population,1,Deaths,164,Nepal,3,Both,22,All ages,1006,Burkitt lymphoma,1,Number,2022,9.296946313470519,16.367095670713127,4.642241395617802
1,All Population,1,Deaths,164,Nepal,3,Both,22,All ages,1007,Other non-Hodgkin lymphoma,1,Number,2022,457.6166670436335,631.6893727695107,328.7195286610347
1,All Population,1,Deaths,164,Nepal,3,Both,22,All ages,1009,Retinoblastoma,1,Number,2022,11.22366721792111,27.85015761926843,2.9383985248707662
1,All Population,1,Deaths,164,Nepal,3,Both,22,All ages,1010,Other eye cancers,1,Number,2022,5.693197143339028,13.102503481483643,2.4611525630286395
1,All Population,1,Deaths,164,Nepal,3,Both,22,All ages,1011,Soft tissue and other extraosseous sarcomas,1,Number,2022,131.51921408930417,259.21850585203515,78.6031848722865
1,All Population,1,Deaths,164,Nepal,3,Both,22,All ages,1012,Malignant neoplasm of bone and articular cartilage,1,Number,2022,217.18980361355602,344.5509620013406,123.02530934888007
1,All Population,1,Deaths,164,Nepal,3,Both,22,All ages,1013,Neuroblastoma and other peripheral nervous cell tumors,1,Number,2022,10.855050454082056,16.25355870078737,6.971656171126067
1,All Population,1,Deaths,164,Nepal,3,Both,22,All ages,596,Urolithiasis,1,Number,2023,65.02351489555146,86.87162407805549,45.122671542254416
1,All Population,1,Deaths,164,Nepal,3,Both,22,All ages,602,Other urinary diseases,1,Number,2023,535.2909795512659,727.6848092743372,381.97807778525015
1,All Population,1,Deaths,164,Nepal,3,Both,22,All ages,604,Uterine fibroids,1,Number,2023,20.842874097310272,48.00833086248308,7.1100520485086705
1,All Population,1,Deaths,164,Nepal,3,Both,22,All ages,607,Endometriosis,1,Number,2023,0.36827461650535753,1.7108566468587458,0.013304712252351207
1,All Population,1,Deaths,164,Nepal,3,Both,22,All ages,608,Genital prolapse,1,Number,2023,3.936429547725101,10.721138622370946,0.9162435540638182
1,All Population,1,Deaths,164,Nepal,3,Both,22,All ages,612,Other gynecological diseases,1,Number,2023,36.5670191274323,72.92527318503888,14.132176590559283
1,All Population,1,Deaths,164,Nepal,3,Both,22,All ages,614,Thalassemias,1,Number,2023,52.98730862134148,75.03897281914166,35.083542842137796
1,All Population,1,Deaths,164,Nepal,3,Both,22,All ages,615,Sickle cell disorders,1,Number,2023,7.8035098064564,11.99294719609671,4.636755286156482
1,All Population,1,Deaths,164,Nepal,3,Both,22,All ages,616,G6PD deficiency,1,Number,2023,26.497169652210726,40.19159303558658,15.669001943008581
1,All Population,1,Deaths,164,Nepal,3,Both,22,All ages,618,Other hemoglobinopathies and hemolytic anemias,1,Number,2023,186.5870546579193,256.6214191730352,128.3317854412364
1,All Population,1,Deaths,164,Nepal,3,Both,22,All ages,625,"Other endocrine, metabolic, blood, and immune disorders",1,Number,2023,58.71244109781989,100.15996719960246,30.399612461867314
1,All Population,1,Deaths,164,Nepal,3,Both,22,All ages,627,Rheumatoid arthritis,1,Number,2023,165.96701512793663,291.70554283504754,77.25908880616747
1,All Population,1,Deaths,164,Nepal,3,Both,22,All ages,639,Other musculoskeletal disorders,1,Number,2023,257.71533403105394,422.03426465077433,141.30698516605793
1,All Population,1,Deaths,164,Nepal,3,Both,22,All ages,642,Neural tube defects,1,Number,2023,131.68807540868713,270.74588566771206,58.529901075501186
1,All Population,1,Deaths,164,Nepal,3,Both,22,All ages,693,Motor vehicle road injuries,1,Number,2023,836.0142402194692,1380.272773884921,397.62030934279295
1,All Population,1,Deaths,164,Nepal,3,Both,22,All ages,694,Other road injuries,1,Number,2023,21.938246431422257,65.25292697765941,5.837349911854178
1,All Population,1,Deaths,164,Nepal,3,Both,22,All ages,695,Other transport injuries,1,Number,2023,309.88706779488825,479.91794147071147,194.34840689535554
1,All Population,1,Deaths,164,Nepal,3,Both,22,All ages,995,Maternal abortion and miscarriage,1,Number,2023,22.89326390350951,38.68001374583631,12.658249731337046
1,All Population,1,Deaths,164,Nepal,3,Both,22,All ages,996,Liver cancer due to NASH,1,Number,2023,49.571447007553964,78.68394558110188,28.87944946388934
1,All Population,1,Deaths,164,Nepal,3,Both,22,All ages,997,Chronic kidney disease due to diabetes mellitus type 1,1,Number,2023,219.33648130743532,329.06889328663516,127.08432073501208
1,All Population,1,Deaths,164,Nepal,3,Both,22,All ages,998,Chronic kidney disease due to diabetes mellitus type 2,1,Number,2023,714.0650270219262,1046.3688443126307,424.1459092117301
1,All Population,1,Deaths,164,Nepal,3,Both,22,All ages,1004,Pulmonary Arterial Hypertension,1,Number,2023,95.69860589300286,162.2319831454959,51.83329147020426
1,All Population,1,Deaths,164,Nepal,3,Both,22,All ages,1005,Hepatoblastoma,1,Number,2023,3.3005863383450698,5.456628251948143,1.931973183399157
1,All Population,1,Deaths,164,Nepal,3,Both,22,All ages,1006,Burkitt lymphoma,1,Number,2023,9.601729826512987,16.426278434479705,4.58689157422544
1,All Population,1,Deaths,164,Nepal,3,Both,22,All ages,1007,Other non-Hodgkin lymphoma,1,Number,2023,474.02394688268777,652.1841246652266,327.3977889396947
1,All Population,1,Deaths,164,Nepal,3,Both,22,All ages,1009,Retinoblastoma,1,Number,2023,10.887798011275237,26.36506847080835,2.6866172460747038
1,All Population,1,Deaths,164,Nepal,3,Both,22,All ages,1010,Other eye cancers,1,Number,2023,5.933669919264807,13.34218224679038,2.5653878344415326
1,All Population,1,Deaths,164,Nepal,3,Both,22,All ages,1011,Soft tissue and other extraosseous sarcomas,1,Number,2023,134.65139307261379,260.38301415094196,81.0349267261609
1,All Population,1,Deaths,164,Nepal,3,Both,22,All ages,1012,Malignant neoplasm of bone and articular cartilage,1,Number,2023,219.89616852230176,348.6409537160791,122.80483351844346
1,All Population,1,Deaths,164,Nepal,3,Both,22,All ages,1013,Neuroblastoma and other peripheral nervous cell tumors,1,Number,2023,11.027565513125214,16.09887532293934,6.993858526316172
1,All Population,1,Deaths,164,Nepal,3,Both,22,All ages,945,Conflict and terrorism,1,Number,2022,0.9999999999999996,0.9999999999999967,0.9999999999999967
1,All Population,1,Deaths,164,Nepal,3,Both,22,All ages,946,Multidrug-resistant tuberculosis without extensive drug resistance,1,Number,2022,587.0435288992132,1596.3233667378242,136.4556540610878
1,All Population,1,Deaths,164,Nepal,3,Both,22,All ages,947,Extensively drug-resistant tuberculosis,1,Number,2022,29.158571805247124,85.24333381980063,6.473253750092677
1,All Population,1,Deaths,164,Nepal,3,Both,22,All ages,948,HIV/AIDS - Drug-susceptible Tuberculosis,1,Number,2022,127.83948753725248,209.68947363186504,66.37242615396462
1,All Population,1,Deaths,164,Nepal,3,Both,22,All ages,949,HIV/AIDS - Multidrug-resistant Tuberculosis without extensive drug resistance,1,Number,2022,18.921361944711105,53.11038999035781,3.8728644804910997
1,All Population,1,Deaths,164,Nepal,3,Both,22,All ages,950,HIV/AIDS - Extensively drug-resistant Tuberculosis,1,Number,2022,0.9391053325577536,2.5963209121382262,0.17008153366062004
1,All Population,1,Deaths,164,Nepal,3,Both,22,All ages,959,Invasive Non-typhoidal Salmonella (iNTS),1,Number,2022,80.32455777614203,109.79272189279855,54.4429558067684
1,All Population,1,Deaths,164,Nepal,3,Both,22,All ages,964,"Myelodysplastic, myeloproliferative, and other hematopoietic neoplasms",1,Number,2022,23.200723458907024,40.81225803424747,10.635194183403884
1,All Population,1,Deaths,164,Nepal,3,Both,22,All ages,968,Non-rheumatic calcific aortic valve disease,1,Number,2022,149.94204992759393,235.62846218039903,82.69714439427447
1,All Population,1,Deaths,164,Nepal,3,Both,22,All ages,969,Non-rheumatic degenerative mitral valve disease,1,Number,2022,77.47089045866781,143.65259379452033,40.54260983707842
1,All Population,1,Deaths,164,Nepal,3,Both,22,All ages,970,Other non-rheumatic valve diseases,1,Number,2022,2.3554582744802,5.073227673277103,1.021811664470123
1,All Population,1,Deaths,164,Nepal,3,Both,22,All ages,971,Nonalcoholic fatty liver disease including cirrhosis,1,Number,2022,151.27898002647763,240.34769854970844,76.81032678542496
1,All Population,1,Deaths,164,Nepal,3,Both,22,All ages,1024,Ulcerative colitis,1,Number,2023,98.3033046678739,157.570218548236,55.551009136064664
1,All Population,1,Deaths,164,Nepal,3,Both,22,All ages,1025,Crohn's disease,1,Number,2023,18.22328102219769,38.653582253003705,6.976973732002926
1,All Population,1,Deaths,164,Nepal,3,Both,22,All ages,1026,Total burden related to hepatitis B,1,Number,2023,2604.3574654954245,3765.77537503423,1572.3442381763475
1,All Population,1,Deaths,164,Nepal,3,Both,22,All ages,1027,Total burden related to hepatitis C,1,Number,2023,813.6731550318716,1170.3931985228467,501.5262275263436
1,All Population,1,Deaths,164,Nepal,3,Both,22,All ages,1028,Total burden related to Non-alcoholic fatty liver disease (NAFLD),1,Number,2023,201.28537378515176,291.57259634609585,118.74333967802261
1,All Population,1,Deaths,164,Nepal,3,Both,22,All ages,1029,Total cancers,1,Number,2023,16921.080729874546,19719.037400569396,14707.328953486925
1,All Population,1,Deaths,164,Nepal,3,Both,22,All ages,1032,Thyroid diseases,1,Number,2023,20.853043960256656,37.311808814249574,8.693606782696499
1,All Population,1,Deaths,164,Nepal,3,Both,22,All ages,1048,COVID-19,1,Number,2023,897.0434149555706,1033.9789281862395,771.8116004974445
1,All Population,1,Deaths,164,Nepal,3,Both,22,All ages,975,Diabetes mellitus type 1,1,Number,2022,241.32728394159108,385.86354417341056,142.83986980651568
1,All Population,1,Deaths,164,Nepal,3,Both,22,All ages,976,Diabetes mellitus type 2,1,Number,2022,7337.005771506397,10330.223727677881,4996.106332036783
1,All Population,1,Deaths,164,Nepal,3,Both,22,All ages,1024,Ulcerative colitis,1,Number,2022,96.66356389401673,157.33843492835058,55.43113561616691
1,All Population,1,Deaths,164,Nepal,3,Both,22,All ages,1025,Crohn's disease,1,Number,2022,17.907639155382803,36.64809155776126,6.790639902438662
1,All Population,1,Deaths,164,Nepal,3,Both,22,All ages,1026,Total burden related to hepatitis B,1,Number,2022,2437.4585808693446,3533.5668285922998,1469.4734374488196
1,All Population,1,Deaths,164,Nepal,3,Both,22,All ages,1027,Total burden related to hepatitis C,1,Number,2022,799.8281508929274,1192.1402334223953,483.68028893142605
1,All Population,1,Deaths,164,Nepal,3,Both,22,All ages,1028,Total burden related to Non-alcoholic fatty liver disease (NAFLD),1,Number,2022,195.44830541706423,288.41777812912176,118.03554150028236
1,All Population,1,Deaths,164,Nepal,3,Both,22,All ages,1029,Total cancers,1,Number,2022,15526.592504025799,17784.896705940835,13527.966029070687
1,All Population,1,Deaths,164,Nepal,3,Both,22,All ages,1032,Thyroid diseases,1,Number,2022,19.09327721916247,33.17012119445473,8.734774662039213
1,All Population,1,Deaths,164,Nepal,3,Both,22,All ages,1048,COVID-19,1,Number,2022,3422.690406193881,3921.8980572390574,2974.2112381747284
1,All Population,1,Deaths,164,Nepal,3,Both,22,All ages,945,Conflict and terrorism,1,Number,2023,9.999428561167274,10.992594772287834,9.104938485687669
1,All Population,1,Deaths,164,Nepal,3,Both,22,All ages,946,Multidrug-resistant tuberculosis without extensive drug resistance,1,Number,2023,590.8352388446117,1514.4718054775203,142.9323966996976
1,All Population,1,Deaths,164,Nepal,3,Both,22,All ages,947,Extensively drug-resistant tuberculosis,1,Number,2023,30.3307778559231,90.70366328276485,6.706095721622425
1,All Population,1,Deaths,164,Nepal,3,Both,22,All ages,948,HIV/AIDS - Drug-susceptible Tuberculosis,1,Number,2023,120.62711189182778,193.07727662814932,61.50736003868982
1,All Population,1,Deaths,164,Nepal,3,Both,22,All ages,949,HIV/AIDS - Multidrug-resistant Tuberculosis without extensive drug resistance,1,Number,2023,18.27570981601223,52.05612469090863,4.080790507211588
1,All Population,1,Deaths,164,Nepal,3,Both,22,All ages,950,HIV/AIDS - Extensively drug-resistant Tuberculosis,1,Number,2023,0.9384739827804207,2.650768724813284,0.18453733037058656
1,All Population,1,Deaths,164,Nepal,3,Both,22,All ages,959,Invasive Non-typhoidal Salmonella (iNTS),1,Number,2023,80.61799897226781,112.13347892804184,54.025584923235755
1,All Population,1,Deaths,164,Nepal,3,Both,22,All ages,964,"Myelodysplastic, myeloproliferative, and other hematopoietic neoplasms",1,Number,2023,24.426216516417906,42.42201456561017,10.926082564168954
1,All Population,1,Deaths,164,Nepal,3,Both,22,All ages,968,Non-rheumatic calcific aortic valve disease,1,Number,2023,163.50764813369648,259.2898017830807,88.85319730507244
1,All Population,1,Deaths,164,Nepal,3,Both,22,All ages,969,Non-rheumatic degenerative mitral valve disease,1,Number,2023,84.03233523169654,162.06314540831423,44.378222783098096
1,All Population,1,Deaths,164,Nepal,3,Both,22,All ages,970,Other non-rheumatic valve diseases,1,Number,2023,2.573722686962861,5.736454614544903,1.0940456876300981
1,All Population,1,Deaths,164,Nepal,3,Both,22,All ages,971,Nonalcoholic fatty liver disease including cirrhosis,1,Number,2023,151.71392677759783,237.2128114728004,76.99686743207765
1,All Population,1,Deaths,164,Nepal,3,Both,22,All ages,975,Diabetes mellitus type 1,1,Number,2023,245.1297157621349,388.14429636671736,150.121199949874
1,All Population,1,Deaths,164,Nepal,3,Both,22,All ages,976,Diabetes mellitus type 2,1,Number,2023,7731.3858660567175,10814.56033329295,5350.709164050729
1,All Population,1,Deaths,164,Nepal,3,Both,22,All ages,353,Cystic echinococcosis,1,Number,2022,24.529915935617975,31.6987620070488,16.896694269413455
1,All Population,1,Deaths,164,Nepal,3,Both,22,All ages,357,Dengue,1,Number,2022,499.83897762251496,1380.098466789439,158.516106521337
1,All Population,1,Deaths,164,Nepal,3,Both,22,All ages,358,Yellow fever,1,Number,2022,0.0,0.0,0.0
1,All Population,1,Deaths,164,Nepal,3,Both,22,All ages,359,Rabies,1,Number,2022,259.66766372810696,627.3308596845688,79.9512527428664
1,All Population,1,Deaths,164,Nepal,3,Both,22,All ages,361,Ascariasis,1,Number,2022,1.8333568726059981,2.798975697470498,0.9580927234166159
1,All Population,1,Deaths,164,Nepal,3,Both,22,All ages,365,Other neglected tropical diseases,1,Number,2022,37.2287502340996,70.03494964921443,16.603467114404758
1,All Population,1,Deaths,164,Nepal,3,Both,22,All ages,367,Maternal hemorrhage,1,Number,2022,100.69636728009479,159.14659532708603,55.68981660859509
1,All Population,1,Deaths,164,Nepal,3,Both,22,All ages,368,Maternal sepsis and other maternal infections,1,Number,2022,21.172474839763336,35.380836491323684,12.908468864268695
1,All Population,1,Deaths,164,Nepal,3,Both,22,All ages,369,Maternal hypertensive disorders,1,Number,2022,60.170231566729434,89.30136495511374,38.35025038578243
1,All Population,1,Deaths,164,Nepal,3,Both,22,All ages,370,Maternal obstructed labor and uterine rupture,1,Number,2022,26.4423928778265,47.02828542503968,12.415235992756669
1,All Population,1,Deaths,164,Nepal,3,Both,22,All ages,374,Ectopic pregnancy,1,Number,2022,0.2728793386596913,0.44714020486862105,0.14642916898563635
1,All Population,1,Deaths,164,Nepal,3,Both,22,All ages,375,Indirect maternal deaths,1,Number,2022,85.70410756316045,134.16205495205102,51.53541546335542
1,All Population,1,Deaths,164,Nepal,3,Both,22,All ages,376,Late maternal deaths,1,Number,2022,11.707777492556017,17.80558466106574,7.554447337554875
1,All Population,1,Deaths,164,Nepal,3,Both,22,All ages,381,Neonatal preterm birth,1,Number,2022,2958.6834520459693,3949.7645069236896,2144.192271030573
1,All Population,1,Deaths,164,Nepal,3,Both,22,All ages,382,Neonatal encephalopathy due to birth asphyxia and trauma,1,Number,2022,3312.4317250868326,4283.714873415293,2415.0615362744784
1,All Population,1,Deaths,164,Nepal,3,Both,22,All ages,383,Neonatal sepsis and other neonatal infections,1,Number,2022,1309.3304821550284,2205.2818707256943,635.0219165536831
1,All Population,1,Deaths,164,Nepal,3,Both,22,All ages,384,Hemolytic disease and other neonatal jaundice,1,Number,2022,413.8663541384928,726.0015065838043,213.75430094669122
1,All Population,1,Deaths,164,Nepal,3,Both,22,All ages,385,Other neonatal disorders,1,Number,2022,789.9331797114127,1304.582935555961,416.95067647981347
1,All Population,1,Deaths,164,Nepal,3,Both,22,All ages,387,Protein-energy malnutrition,1,Number,2022,996.3004463584315,1311.6200600525087,750.4780051518452
1,All Population,1,Deaths,164,Nepal,3,Both,22,All ages,391,Other nutritional deficiencies,1,Number,2022,393.7824089330027,623.3081170828754,221.39424936088855
1,All Population,1,Deaths,164,Nepal,3,Both,22,All ages,394,Syphilis,1,Number,2022,323.8690235304188,636.128275458248,116.4899294034049
1,All Population,1,Deaths,164,Nepal,3,Both,22,All ages,395,Chlamydial infection,1,Number,2022,6.269671887775738,14.406236985154871,2.027045235346568
1,All Population,1,Deaths,164,Nepal,3,Both,22,All ages,396,Gonococcal infection,1,Number,2022,2.0399167756784475,4.217418487164188,0.7422935676349959
1,All Population,1,Deaths,164,Nepal,3,Both,22,All ages,399,Other sexually transmitted infections,1,Number,2022,19.761854823127287,45.579498145848405,6.844967541905634
1,All Population,1,Deaths,164,Nepal,3,Both,22,All ages,401,Acute hepatitis A,1,Number,2022,540.570763442633,918.2162354580779,267.797819699522
1,All Population,1,Deaths,164,Nepal,3,Both,22,All ages,533,Vascular intestinal disorders,1,Number,2022,192.23988677209374,313.6244454676181,108.64207919334734
1,All Population,1,Deaths,164,Nepal,3,Both,22,All ages,534,Gallbladder and biliary diseases,1,Number,2022,141.9320379410699,224.5298595523543,78.80600758690778
1,All Population,1,Deaths,164,Nepal,3,Both,22,All ages,535,Pancreatitis,1,Number,2022,629.6252894513451,1060.0358378716696,362.6996362870983
1,All Population,1,Deaths,164,Nepal,3,Both,22,All ages,543,Alzheimer's disease and other dementias,1,Number,2022,2605.2216322755708,6982.810713268617,597.1244676672993
1,All Population,1,Deaths,164,Nepal,3,Both,22,All ages,544,Parkinson's disease,1,Number,2022,755.6573433599564,950.8008671066697,612.9137493889255
1,All Population,1,Deaths,164,Nepal,3,Both,22,All ages,545,Idiopathic epilepsy,1,Number,2022,1206.3026474122407,1843.3040799906476,828.4132497729074
1,All Population,1,Deaths,164,Nepal,3,Both,22,All ages,546,Multiple sclerosis,1,Number,2022,6.258416744129342,14.146740197324354,2.3597032911042475
1,All Population,1,Deaths,164,Nepal,3,Both,22,All ages,554,Motor neuron disease,1,Number,2022,9.746289028061549,22.21261987452974,4.040723493990963
1,All Population,1,Deaths,164,Nepal,3,Both,22,All ages,557,Other neurological disorders,1,Number,2022,24.1899764893632,41.368206698796,13.099028600116227
1,All Population,1,Deaths,164,Nepal,3,Both,22,All ages,560,Alcohol use disorders,1,Number,2022,249.25718837040552,418.0228863897926,137.96598632249697
1,All Population,1,Deaths,164,Nepal,3,Both,22,All ages,562,Opioid use disorders,1,Number,2022,65.27389333353895,110.87553700451048,35.42098069319492
1,All Population,1,Deaths,164,Nepal,3,Both,22,All ages,563,Cocaine use disorders,1,Number,2022,10.64853383804302,21.94096799917701,3.8171251011598852
1,All Population,1,Deaths,164,Nepal,3,Both,22,All ages,564,Amphetamine use disorders,1,Number,2022,1.887834051260551,4.491992400253888,0.5483809766194262
1,All Population,1,Deaths,164,Nepal,3,Both,22,All ages,566,Other drug use disorders,1,Number,2022,15.56289904778815,29.222581164604364,7.705254675644189
1,All Population,1,Deaths,164,Nepal,3,Both,22,All ages,573,Anorexia nervosa,1,Number,2022,0.05150766594119577,0.3771983057333235,0.008631420566279068
1,All Population,1,Deaths,164,Nepal,3,Both,22,All ages,588,Acute glomerulonephritis,1,Number,2022,5.572294810219283,10.705555581536384,1.7156685936313096
1,All Population,1,Deaths,164,Nepal,3,Both,22,All ages,591,Chronic kidney disease due to hypertension,1,Number,2022,512.6000098821302,744.3866437144562,318.1218507472659
1,All Population,1,Deaths,164,Nepal,3,Both,22,All ages,725,Physical violence by firearm,1,Number,2022,48.69012725946264,102.24803234721708,22.05202963662765
1,All Population,1,Deaths,164,Nepal,3,Both,22,All ages,726,Physical violence by sharp object,1,Number,2022,36.922805599726715,70.1863295244178,13.311076908578046
1,All Population,1,Deaths,164,Nepal,3,Both,22,All ages,727,Physical violence by other means,1,Number,2022,448.1240678215793,651.707924050482,323.48708423572685
1,All Population,1,Deaths,164,Nepal,3,Both,22,All ages,729,Exposure to forces of nature,1,Number,2022,195.9887997988789,215.45485753684147,178.45679431947852
1,All Population,1,Deaths,164,Nepal,3,Both,22,All ages,741,Maternal deaths aggravated by HIV/AIDS,1,Number,2022,0.19367527484878858,0.31880887421298215,0.09742109435867513
1,All Population,1,Deaths,164,Nepal,3,Both,22,All ages,842,Environmental heat and cold exposure,1,Number,2022,39.79261870530529,89.24831093649972,5.909457618242921
1,All Population,1,Deaths,164,Nepal,3,Both,22,All ages,843,Ebola,1,Number,2022,0.0,0.0,0.0
1,All Population,1,Deaths,164,Nepal,3,Both,22,All ages,845,Acute lymphoid leukemia,1,Number,2022,180.79814745991263,293.2147366061809,114.6552028994238
1,All Population,1,Deaths,164,Nepal,3,Both,22,All ages,846,Chronic lymphoid leukemia,1,Number,2022,21.00131747092281,37.127280511676595,9.131892865528945
1,All Population,1,Deaths,164,Nepal,3,Both,22,All ages,847,Acute myeloid leukemia,1,Number,2022,171.79456696966952,309.92836672150446,91.74581883893285
1,All Population,1,Deaths,164,Nepal,3,Both,22,All ages,848,Chronic myeloid leukemia,1,Number,2022,109.27457630199737,175.69479545970057,47.78680228171384
1,All Population,1,Deaths,164,Nepal,3,Both,22,All ages,849,Non-melanoma skin cancer (squamous-cell carcinoma),1,Number,2022,81.03565613403852,120.74886913472257,52.67410633097146
1,All Population,1,Deaths,164,Nepal,3,Both,22,All ages,854,Police conflict and executions,1,Number,2022,0.0961943011987369,0.17526500366503311,0.04916321702771878
1,All Population,1,Deaths,164,Nepal,3,Both,22,All ages,934,Drug-susceptible tuberculosis,1,Number,2022,4881.16041584003,6969.800344836083,3024.2697637143892
1,All Population,1,Deaths,164,Nepal,3,Both,22,All ages,935,Zika virus,1,Number,2022,0.0,0.0,0.0
1,All Population,1,Deaths,164,Nepal,3,Both,22,All ages,938,Alcoholic cardiomyopathy,1,Number,2022,45.194535140888156,132.4990001715582,10.427179985797128
1,All Population,1,Deaths,164,Nepal,3,Both,22,All ages,940,Electrocution,1,Number,2022,43.934861052730376,85.1819768012333,16.110793778117653
1,All Population,1,Deaths,164,Nepal,3,Both,22,All ages,942,Myocarditis,1,Number,2022,91.03995214514532,166.76995433364203,41.434164599012355
1,All Population,1,Deaths,164,Nepal,3,Both,22,All ages,943,Other leukemia,1,Number,2022,159.92752983731592,233.16865292114687,92.70959053085151
1,All Population,1,Deaths,164,Nepal,3,Both,22,All ages,944,Other cardiomyopathy,1,Number,2022,1136.5057826563916,1820.7215857535577,580.5867168127754
1,All Population,1,Deaths,164,Nepal,3,Both,22,All ages,353,Cystic echinococcosis,1,Number,2023,24.08857269300447,32.565070791263174,16.604778848597334
1,All Population,1,Deaths,164,Nepal,3,Both,22,All ages,357,Dengue,1,Number,2023,514.7802821740387,1279.2875189525662,157.98643744015632
1,All Population,1,Deaths,164,Nepal,3,Both,22,All ages,358,Yellow fever,1,Number,2023,0.0,0.0,0.0
1,All Population,1,Deaths,164,Nepal,3,Both,22,All ages,359,Rabies,1,Number,2023,254.39341817337046,587.8289521441973,70.66710484567868
1,All Population,1,Deaths,164,Nepal,3,Both,22,All ages,361,Ascariasis,1,Number,2023,1.7762458293410424,2.7466183620366045,0.8066515619578198
1,All Population,1,Deaths,164,Nepal,3,Both,22,All ages,365,Other neglected tropical diseases,1,Number,2023,37.55014062311569,69.05070813531866,16.943466195660527
1,All Population,1,Deaths,164,Nepal,3,Both,22,All ages,367,Maternal hemorrhage,1,Number,2023,98.72554838362038,159.80880381137496,56.13084460317736
1,All Population,1,Deaths,164,Nepal,3,Both,22,All ages,368,Maternal sepsis and other maternal infections,1,Number,2023,20.30310725599735,33.57867420608936,11.859313688866932
1,All Population,1,Deaths,164,Nepal,3,Both,22,All ages,369,Maternal hypertensive disorders,1,Number,2023,58.96844553103477,91.99705070801612,35.189243212005486
1,All Population,1,Deaths,164,Nepal,3,Both,22,All ages,370,Maternal obstructed labor and uterine rupture,1,Number,2023,26.51405941215916,46.85641315209659,13.111677474909428
1,All Population,1,Deaths,164,Nepal,3,Both,22,All ages,374,Ectopic pregnancy,1,Number,2023,0.2681739486358425,0.4344437818507282,0.14657003109392572
1,All Population,1,Deaths,164,Nepal,3,Both,22,All ages,375,Indirect maternal deaths,1,Number,2023,86.8524872442164,138.07383274849934,49.00841729587253
1,All Population,1,Deaths,164,Nepal,3,Both,22,All ages,376,Late maternal deaths,1,Number,2023,12.01298161768474,18.51777279504011,7.571256375549095
1,All Population,1,Deaths,164,Nepal,3,Both,22,All ages,381,Neonatal preterm birth,1,Number,2023,2882.2454276573367,3831.444474870387,2004.7300697538576
1,All Population,1,Deaths,164,Nepal,3,Both,22,All ages,382,Neonatal encephalopathy due to birth asphyxia and trauma,1,Number,2023,3306.8824725915165,4375.446943206019,2364.23855148062
1,All Population,1,Deaths,164,Nepal,3,Both,22,All ages,383,Neonatal sepsis and other neonatal infections,1,Number,2023,1317.557247625538,2202.905960127782,626.2244731048892
1,All Population,1,Deaths,164,Nepal,3,Both,22,All ages,384,Hemolytic disease and other neonatal jaundice,1,Number,2023,391.950471176271,684.2343913781247,198.8422087955288
1,All Population,1,Deaths,164,Nepal,3,Both,22,All ages,385,Other neonatal disorders,1,Number,2023,787.3686547976796,1281.3332885461857,433.4187717649085
1,All Population,1,Deaths,164,Nepal,3,Both,22,All ages,387,Protein-energy malnutrition,1,Number,2023,1003.6314661918333,1316.1489098946324,741.8000909202235
1,All Population,1,Deaths,164,Nepal,3,Both,22,All ages,391,Other nutritional deficiencies,1,Number,2023,396.1579530206218,619.6031146532727,229.45529704467506
1,All Population,1,Deaths,164,Nepal,3,Both,22,All ages,394,Syphilis,1,Number,2023,326.26603352601836,639.4594041332579,117.3224463284819
1,All Population,1,Deaths,164,Nepal,3,Both,22,All ages,395,Chlamydial infection,1,Number,2023,6.3527423149382996,13.799228363531164,1.9921167058134037
1,All Population,1,Deaths,164,Nepal,3,Both,22,All ages,396,Gonococcal infection,1,Number,2023,2.080583462923927,4.32652863770162,0.7837812285492733
1,All Population,1,Deaths,164,Nepal,3,Both,22,All ages,399,Other sexually transmitted infections,1,Number,2023,20.11586564210744,43.188657901802785,6.718769473898035
1,All Population,1,Deaths,164,Nepal,3,Both,22,All ages,401,Acute hepatitis A,1,Number,2023,548.8176457131789,963.3257251335759,260.8704905728381
1,All Population,1,Deaths,164,Nepal,3,Both,22,All ages,533,Vascular intestinal disorders,1,Number,2023,197.8844923838179,314.6547000979974,111.36964161809702
1,All Population,1,Deaths,164,Nepal,3,Both,22,All ages,534,Gallbladder and biliary diseases,1,Number,2023,145.59708540203172,224.9122385826769,79.50604813757023
1,All Population,1,Deaths,164,Nepal,3,Both,22,All ages,535,Pancreatitis,1,Number,2023,637.5289988860991,1059.3980954838446,378.84206208683474
1,All Population,1,Deaths,164,Nepal,3,Both,22,All ages,543,Alzheimer's disease and other dementias,1,Number,2023,2735.1495478061456,7195.821292572677,610.7877448041445
1,All Population,1,Deaths,164,Nepal,3,Both,22,All ages,544,Parkinson's disease,1,Number,2023,835.6681699377663,1055.990264309482,658.8341025922576
1,All Population,1,Deaths,164,Nepal,3,Both,22,All ages,545,Idiopathic epilepsy,1,Number,2023,1276.6326119310515,1940.0382686712107,845.95588502001
1,All Population,1,Deaths,164,Nepal,3,Both,22,All ages,546,Multiple sclerosis,1,Number,2023,6.963010126002705,15.720689778821646,2.635330461013114
1,All Population,1,Deaths,164,Nepal,3,Both,22,All ages,554,Motor neuron disease,1,Number,2023,10.81553944464395,23.228448385905025,4.5688340668743415
1,All Population,1,Deaths,164,Nepal,3,Both,22,All ages,557,Other neurological disorders,1,Number,2023,26.66937688320911,45.43960976063868,13.88253284005356
1,All Population,1,Deaths,164,Nepal,3,Both,22,All ages,560,Alcohol use disorders,1,Number,2023,263.4053398082082,455.92809564572843,144.72071045405474
1,All Population,1,Deaths,164,Nepal,3,Both,22,All ages,562,Opioid use disorders,1,Number,2023,69.82567245503735,123.94959392203666,38.762377810210886
1,All Population,1,Deaths,164,Nepal,3,Both,22,All ages,563,Cocaine use disorders,1,Number,2023,11.548770900791558,24.20409081134645,4.321801033215548
1,All Population,1,Deaths,164,Nepal,3,Both,22,All ages,564,Amphetamine use disorders,1,Number,2023,1.9644262380848645,4.709441576633084,0.5489778237041101
1,All Population,1,Deaths,164,Nepal,3,Both,22,All ages,566,Other drug use disorders,1,Number,2023,16.864886475804575,31.396216038607587,8.246444066325665
1,All Population,1,Deaths,164,Nepal,3,Both,22,All ages,573,Anorexia nervosa,1,Number,2023,0.0544674186393792,0.3492846391787949,0.01021805398029058
1,All Population,1,Deaths,164,Nepal,3,Both,22,All ages,588,Acute glomerulonephritis,1,Number,2023,5.833141365234464,11.392122223760115,1.784203433155979
1,All Population,1,Deaths,164,Nepal,3,Both,22,All ages,591,Chronic kidney disease due to hypertension,1,Number,2023,557.2961814129034,789.2731863706335,354.1003823686234
1,All Population,1,Deaths,164,Nepal,3,Both,22,All ages,725,Physical violence by firearm,1,Number,2023,48.82861989744818,99.45460061495079,22.040668912291807
1,All Population,1,Deaths,164,Nepal,3,Both,22,All ages,726,Physical violence by sharp object,1,Number,2023,36.36485113985057,66.91946009656758,12.984656743630694
1,All Population,1,Deaths,164,Nepal,3,Both,22,All ages,727,Physical violence by other means,1,Number,2023,441.5593332406981,634.9810351101748,316.1822362642024
1,All Population,1,Deaths,164,Nepal,3,Both,22,All ages,729,Exposure to forces of nature,1,Number,2023,190.98908551829524,209.95856015069754,173.90432507663465
1,All Population,1,Deaths,164,Nepal,3,Both,22,All ages,741,Maternal deaths aggravated by HIV/AIDS,1,Number,2023,0.19625838230169798,0.34686763173681134,0.09625234735031167
1,All Population,1,Deaths,164,Nepal,3,Both,22,All ages,842,Environmental heat and cold exposure,1,Number,2023,40.00386490741067,92.41316568424187,5.886965293168682
1,All Population,1,Deaths,164,Nepal,3,Both,22,All ages,843,Ebola,1,Number,2023,0.0,0.0,0.0
1,All Population,1,Deaths,164,Nepal,3,Both,22,All ages,845,Acute lymphoid leukemia,1,Number,2023,178.4859564007307,289.59360103791334,111.5267450580819
1,All Population,1,Deaths,164,Nepal,3,Both,22,All ages,846,Chronic lymphoid leukemia,1,Number,2023,21.79241685800172,38.747908424589156,9.687838661457384
1,All Population,1,Deaths,164,Nepal,3,Both,22,All ages,847,Acute myeloid leukemia,1,Number,2023,175.22517096081904,321.013282158371,95.86919349161407
1,All Population,1,Deaths,164,Nepal,3,Both,22,All ages,848,Chronic myeloid leukemia,1,Number,2023,110.34525695848593,185.12152183802195,49.24775316891631
1,All Population,1,Deaths,164,Nepal,3,Both,22,All ages,849,Non-melanoma skin cancer (squamous-cell carcinoma),1,Number,2023,90.39889475751092,130.66645637704843,58.87349223119954
1,All Population,1,Deaths,164,Nepal,3,Both,22,All ages,854,Police conflict and executions,1,Number,2023,0.09947036219363935,0.17196637163838094,0.0500509766980119
1,All Population,1,Deaths,164,Nepal,3,Both,22,All ages,934,Drug-susceptible tuberculosis,1,Number,2023,4786.843691841258,6506.13589065921,2887.22400345036
1,All Population,1,Deaths,164,Nepal,3,Both,22,All ages,935,Zika virus,1,Number,2023,0.0,0.0,0.0
1,All Population,1,Deaths,164,Nepal,3,Both,22,All ages,938,Alcoholic cardiomyopathy,1,Number,2023,47.51092817069732,147.21965438648235,11.629655729612768
1,All Population,1,Deaths,164,Nepal,3,Both,22,All ages,940,Electrocution,1,Number,2023,43.55081506197382,85.22172715321607,16.662504780292856
1,All Population,1,Deaths,164,Nepal,3,Both,22,All ages,942,Myocarditis,1,Number,2023,91.7033112251155,168.5837937317932,42.04713592632462
1,All Population,1,Deaths,164,Nepal,3,Both,22,All ages,943,Other leukemia,1,Number,2023,164.20716288081394,234.27253534360204,93.17428177925666
1,All Population,1,Deaths,164,Nepal,3,Both,22,All ages,944,Other cardiomyopathy,1,Number,2023,1212.6697449250746,1938.0093764102824,619.8312676148784
