location_name,year,cause_name,val,total_deaths,share
Nepal,2000,HIV/AIDS resulting in other diseases,164.3586912909273,197330.3272502659,0.0008329114616147065
Nepal,2000,Testicular cancer,13.225172075229729,197330.3272502659,6.702047404227324e-05
Nepal,2000,Kidney cancer,67.14242163565558,197330.3272502659,0.00034025394155710095
Nepal,2000,Bladder cancer,120.56400946196324,197330.3272502659,0.0006109755714794761
Nepal,2000,Brain and central nervous system cancer,244.00211167907332,197330.3272502659,0.0012365160240656549
Nepal,2000,Thyroid cancer,66.00866417138327,197330.3272502659,0.00033450846147772926
Nepal,2000,Mesothelioma,8.310910086041172,197330.3272502659,4.211673999557498e-05
Nepal,2000,Hodgkin lymphoma,101.25505464205736,197330.3272502659,0.0005131246476556022
Nepal,2000,Multiple myeloma,76.34149702410497,197330.3272502659,0.00038687158779848475
Nepal,2000,Other malignant neoplasms,413.995082679212,197330.3272502659,0.002097980013757131
Nepal,2000,Rheumatic heart disease,3597.0823101982332,197330.3272502659,0.018228735341001095
Nepal,2000,Ischemic heart disease,12907.99325972977,197330.3272502659,0.06541312447811985
Nepal,2000,Ischemic stroke,4226.902957388157,197330.3272502659,0.02142044264705116
Nepal,2000,Intracerebral hemorrhage,5791.971205093592,197330.3272502659,0.029351652560469708
Nepal,2000,Subarachnoid hemorrhage,458.7968083390969,197330.3272502659,0.0023250192442909393
Nepal,2000,Hypertensive heart disease,1856.1675167126416,197330.3272502659,0.009406397600296589
Nepal,2000,Atrial fibrillation and flutter,184.89377714403523,197330.3272502659,0.0009369759819510262
Nepal,2000,Aortic aneurysm,65.52191634280831,197330.3272502659,0.0003320417963920446
Nepal,2000,Lower extremity peripheral arterial disease,19.9307469622348,197330.3272502659,0.00010100194551928887
Nepal,2000,Endocarditis,101.61714324439843,197330.3272502659,0.0005149595840659688
Nepal,2000,Diarrheal diseases,11978.914610258638,197330.3272502659,0.06070488392322117
Nepal,2000,Typhoid fever,2883.9140022478095,197330.3272502659,0.014614651698166297
Nepal,2000,Paratyphoid fever,588.91725067367,197330.3272502659,0.0029844234227958816
Nepal,2000,Other intestinal infectious diseases,2.9762601530940693,197330.3272502659,1.5082629186133167e-05
Nepal,2000,Lower respiratory infections,17228.678792055634,197330.3272502659,0.08730882390016621
Nepal,2000,Upper respiratory infections,83.98085466785274,197330.3272502659,0.000425585138574991
Nepal,2000,Otitis media,6.007120796504775,197330.3272502659,3.044195426122307e-05
Nepal,2000,Acute hepatitis B,56.20446553285442,197330.3272502659,0.00028482426556548815
Nepal,2000,Acute hepatitis C,8.9590551534568,197330.3272502659,4.540130895386598e-05
Nepal,2000,Acute hepatitis E,7.310894995552824,197330.3272502659,3.704901875665933e-05
Nepal,2000,Other unspecified infectious diseases,948.3229210656522,197330.3272502659,0.004805763687114011
Nepal,2000,Esophageal cancer,519.3094467937749,197330.3272502659,0.0026316757998133566
Nepal,2000,Stomach cancer,997.0173874039092,197330.3272502659,0.005052529944570726
Nepal,2000,Congenital heart anomalies,1673.6541969361328,197330.3272502659,0.008481484930664035
Nepal,2000,Orofacial clefts,93.9193050048781,197330.3272502659,0.00047594967440440177
Nepal,2000,Down syndrome,47.36877401733487,197330.3272502659,0.00024004811970569032
Nepal,2000,Other chromosomal abnormalities,42.09412096490176,197330.3272502659,0.00021331805177374246
Nepal,2000,Congenital musculoskeletal and limb anomalies,36.79279349975046,197330.3272502659,0.00018645280739380563
Nepal,2000,Urogenital congenital anomalies,41.98708925625936,197330.3272502659,0.00021277565309567886
Nepal,2000,Digestive congenital anomalies,253.1318813876783,197330.3272502659,0.001282782453741343
Nepal,2000,Other congenital birth defects,3.4227009723025157,197330.3272502659,1.734503266678135e-05
Nepal,2000,Cellulitis,0.2074260219729966,197330.3272502659,1.051161394517563e-06
Nepal,2000,Pyoderma,0.5439923833155206,197330.3272502659,2.7567601538794262e-06
Nepal,2000,Decubitus ulcer,1.3802637125595592,197330.3272502659,6.994686178212373e-06
Nepal,2000,Other skin and subcutaneous diseases,1.545024706795018,197330.3272502659,7.829636368238152e-06
Nepal,2000,Sudden infant death syndrome,495.31999742912313,197330.3272502659,0.002510105792309001
Nepal,2000,Pedestrian road injuries,728.6957696558266,197330.3272502659,0.0036927713028705
Nepal,2000,Cyclist road injuries,67.26233752279772,197330.3272502659,0.0003408616326748989
Nepal,2000,Motorcyclist road injuries,297.6620094382836,197330.3272502659,0.0015084453240721137
Nepal,2000,Meningitis,1215.4334926494976,197330.3272502659,0.006159385177059041
Nepal,2000,Encephalitis,719.4653495330615,197330.3272502659,0.00364599481265033
Nepal,2000,Diphtheria,32.496559652963576,197330.3272502659,0.00016468102042799297
Nepal,2000,Pertussis,1287.9509396621836,197330.3272502659,0.006526877837833455
Nepal,2000,Tetanus,1988.7061290759432,197330.3272502659,0.010078056205490144
Nepal,2000,Measles,8276.846135527418,197330.3272502659,0.04194411599505552
Nepal,2000,Varicella and herpes zoster,84.77725084453209,197330.3272502659,0.0004296209914911488
Nepal,2000,Malaria,51.17737200600366,197330.3272502659,0.00025934874136755227
Nepal,2000,Chagas disease,0.0,197330.3272502659,0.0
Nepal,2000,Visceral leishmaniasis,296.3311358177694,197330.3272502659,0.0015017009293353315
Nepal,2000,African trypanosomiasis,0.0,197330.3272502659,0.0
Nepal,2000,Schistosomiasis,0.0,197330.3272502659,0.0
Nepal,2000,Cysticercosis,3.3806428051100137,197330.3272502659,1.7131896815954116e-05
Nepal,2000,Other cardiovascular and circulatory diseases,314.1906615578625,197330.3272502659,0.0015922066614696658
Nepal,2000,Chronic obstructive pulmonary disease,12334.502058235255,197330.3272502659,0.06250687479270187
Nepal,2001,HIV/AIDS resulting in other diseases,254.4288533249618,193475.1720541984,0.0013150465283146946
Nepal,2001,Testicular cancer,13.423391097756774,193475.1720541984,6.9380432410193e-05
Nepal,2001,Kidney cancer,68.86074393827703,193475.1720541984,0.0003559151451173642
Nepal,2001,Bladder cancer,123.84123131109978,193475.1720541984,0.0006400884929897259
Nepal,2001,Brain and central nervous system cancer,244.53372143859792,193475.1720541984,0.0012639023335257531
Nepal,2001,Thyroid cancer,68.030456617057,193475.1720541984,0.00035162370393447464
Nepal,2000,Liver cancer due to hepatitis B,61.245757007474566,197330.3272502659,0.000310371739919121
Nepal,2000,Liver cancer due to hepatitis C,64.24721321044355,197330.3272502659,0.0003255820537355186
Nepal,2000,Liver cancer due to alcohol use,54.419539061602535,197330.3272502659,0.00027577889227632245
Nepal,2000,Liver cancer due to other causes,7.490096785955268,197330.3272502659,3.7957149771793e-05
Nepal,2000,Larynx cancer,274.05119457466026,197330.3272502659,0.0013887941017150013
Nepal,2000,"Tracheal, bronchus, and lung cancer",830.8571041061646,197330.3272502659,0.004210488654652778
Nepal,2000,Breast cancer,548.9974720693536,197330.3272502659,0.0027821241657045594
Nepal,2000,Cervical cancer,850.2914042679568,197330.3272502659,0.004308974784142365
Nepal,2000,Uterine cancer,52.96366845977421,197330.3272502659,0.00026840105724145776
Nepal,2000,Prostate cancer,255.4872211709668,197330.3272502659,0.001294718479065526
Nepal,2000,Colon and rectum cancer,395.6993558788813,197330.3272502659,0.002005263769603099
Nepal,2000,Lip and oral cavity cancer,554.9242340492682,197330.3272502659,0.0028121588900295123
Nepal,2000,Nasopharynx cancer,123.94282868646008,197330.3272502659,0.000628098227036681
Nepal,2000,Other pharynx cancer,317.27228055381687,197330.3272502659,0.0016078232118443383
Nepal,2000,Gallbladder and biliary tract cancer,229.5129667511868,197330.3272502659,0.001163090184612652
Nepal,2000,Pancreatic cancer,123.69550979911546,197330.3272502659,0.000626844902771775
Nepal,2000,Malignant skin melanoma,10.51039433145395,197330.3272502659,5.326294481903966e-05
Nepal,2000,Ovarian cancer,193.65354165717113,197330.3272502659,0.0009813673567346207
Nepal,2000,Chronic kidney disease due to glomerulonephritis,224.27347667135788,197330.3272502659,0.0011365383101347676
Nepal,2000,Chronic kidney disease due to other and unspecified causes,715.920428670493,197330.3272502659,0.00362803041299638
Nepal,2000,Urinary tract infections and interstitial nephritis,276.17401581158776,197330.3272502659,0.0013995518056447941
Nepal,2000,Urolithiasis,40.95193298559993,197330.3272502659,0.00020752984883900936
Nepal,2000,Other urinary diseases,295.14096933063166,197330.3272502659,0.0014956695883664986
Nepal,2000,Uterine fibroids,6.565044196349739,197330.3272502659,3.326931185809855e-05
Nepal,2000,Endometriosis,0.0431252913928156,197330.3272502659,2.1854365719528543e-07
Nepal,2000,Genital prolapse,0.903623869739053,197330.3272502659,4.579244773627848e-06
Nepal,2000,Other gynecological diseases,11.924284439143388,197330.3272502659,6.04280376225207e-05
Nepal,2000,Thalassemias,102.1235458690859,197330.3272502659,0.0005175258526762935
Nepal,2000,Sickle cell disorders,14.675342392669052,197330.3272502659,7.43694220607911e-05
Nepal,2000,G6PD deficiency,26.461948085747245,197330.3272502659,0.00013409975270646895
Nepal,2000,Other hemoglobinopathies and hemolytic anemias,208.60708218169057,197330.3272502659,0.0010571465881021058
Nepal,2000,"Other endocrine, metabolic, blood, and immune disorders",46.783579891558205,197330.3272502659,0.00023708256375729072
Nepal,2000,Rheumatoid arthritis,80.50520931603711,197330.3272502659,0.0004079718026004978
Nepal,2000,Other musculoskeletal disorders,116.3049168334267,197330.3272502659,0.0005893920030139208
Nepal,2000,Neural tube defects,332.41388084085435,197330.3272502659,0.0016845554632829833
Nepal,2000,Silicosis,5.133345110332985,197330.3272502659,2.601396947881496e-05
Nepal,2000,Asbestosis,0.9395774455426948,197330.3272502659,4.761444723856701e-06
Nepal,2000,Coal workers pneumoconiosis,1.5084760724208943,197330.3272502659,7.644420872559322e-06
Nepal,2000,Other pneumoconiosis,2.5426172724863845,197330.3272502659,1.2885081112046646e-05
Nepal,2000,Asthma,2719.203900907482,197330.3272502659,0.01377995941525414
Nepal,2000,Interstitial lung disease and pulmonary sarcoidosis,272.33976688137597,197330.3272502659,0.0013801211941232869
Nepal,2000,Other chronic respiratory diseases,288.9002175234996,197330.3272502659,0.0014640436751371692
Nepal,2000,Chronic hepatitis B including cirrhosis,1875.7938807707276,197330.3272502659,0.009505857041384905
Nepal,2000,Chronic hepatitis C including cirrhosis,493.1762905297142,197330.3272502659,0.0024992422472610563
Nepal,2000,Cirrhosis due to alcohol,1428.9995810485373,197330.3272502659,0.0072416622470614775
Nepal,2000,Cirrhosis due to other causes,665.5554853706249,197330.3272502659,0.0033727987717089647
Nepal,2000,Peptic ulcer disease,2833.5281502325593,197330.3272502659,0.014359314098936819
Nepal,2000,Gastritis and duodenitis,216.41506277944143,197330.3272502659,0.0010967146601088395
Nepal,2000,Appendicitis,375.99891910538673,197330.3272502659,0.0019054289543062625
Nepal,2000,Paralytic ileus and intestinal obstruction,1018.3195000834792,197330.3272502659,0.005160481484389304
Nepal,2000,"Inguinal, femoral, and abdominal hernia",295.0723412593351,197330.3272502659,0.0014953218056802137
Nepal,2000,Motor vehicle road injuries,543.0098834752173,197330.3272502659,0.0027517811937064307
Nepal,2000,Other road injuries,10.437855585596896,197330.3272502659,5.289534422328807e-05
Nepal,2000,Other transport injuries,181.33284314890352,197330.3272502659,0.0009189304334296602
Nepal,2000,Maternal abortion and miscarriage,236.18150073872073,197330.3272502659,0.0011968839459693466
Nepal,2000,Liver cancer due to NASH,16.757098589483927,197330.3272502659,8.491902295500474e-05
Nepal,2000,Chronic kidney disease due to diabetes mellitus type 1,121.52429874807606,197330.3272502659,0.0006158419764537857
Nepal,2000,Chronic kidney disease due to diabetes mellitus type 2,387.8274954581477,197330.3272502659,0.001965371977345794
Nepal,2000,Pulmonary Arterial Hypertension,83.941108007344,197330.3272502659,0.0004253837166189106
Nepal,2000,Hepatoblastoma,3.2366422003948023,197330.3272502659,1.640215290521412e-05
Nepal,2000,Burkitt lymphoma,6.905324943858851,197330.3272502659,3.4993733807075246e-05
Nepal,2000,Other non-Hodgkin lymphoma,272.4277760748085,197330.3272502659,0.0013805671934517172
Nepal,2000,Retinoblastoma,16.577545934078103,197330.3272502659,8.400911388067323e-05
Nepal,2000,Other eye cancers,4.508046270160783,197330.3272502659,2.2845177084429672e-05
Nepal,2000,Soft tissue and other extraosseous sarcomas,88.81909514914608,197330.3272502659,0.0004501036226251249
Nepal,2000,Malignant neoplasm of bone and articular cartilage,132.9301860852182,197330.3272502659,0.0006736429617158053
Nepal,2000,Neuroblastoma and other peripheral nervous cell tumors,7.045127419368876,197330.3272502659,3.5702203090322925e-05
Nepal,2001,Mesothelioma,8.6664515583581,193475.1720541984,4.4793610809816764e-05
Nepal,2001,Hodgkin lymphoma,98.76499999817062,193475.1720541984,0.0005104789361319368
Nepal,2001,Multiple myeloma,79.7625667513758,193475.1720541984,0.0004122625446175173
Nepal,2001,Other malignant neoplasms,415.24873202850705,193475.1720541984,0.002146263665873278
Nepal,2001,Rheumatic heart disease,3624.9915894952046,193475.1720541984,0.018736210703457764
Nepal,2001,Ischemic heart disease,13416.252073878984,193475.1720541984,0.06934353349545376
Nepal,2001,Ischemic stroke,4363.908737444075,193475.1720541984,0.022555394013148152
Nepal,2001,Intracerebral hemorrhage,5856.231905585445,193475.1720541984,0.03026864813406101
Nepal,2001,Subarachnoid hemorrhage,467.95233667905217,193475.1720541984,0.0024186686679775336
Nepal,2001,Hypertensive heart disease,1919.014291914611,193475.1720541984,0.009918659182672988
Nepal,2001,Atrial fibrillation and flutter,194.7693119319107,193475.1720541984,0.0010066889196374497
Nepal,2001,Aortic aneurysm,69.43430973672417,193475.1720541984,0.000358879689830556
Nepal,2001,Lower extremity peripheral arterial disease,21.0997221506891,193475.1720541984,0.0001090564847502935
Nepal,2001,Endocarditis,103.22341873646988,193475.1720541984,0.0005335228165997124
Nepal,2000,Ulcerative colitis,68.15613656911201,197330.3272502659,0.00034539108873352445
Nepal,2000,Crohn's disease,11.05704823843573,197330.3272502659,5.603319262939514e-05
Nepal,2000,Total burden related to hepatitis B,1993.2441033110565,197330.3272502659,0.010101053046869514
Nepal,2000,Total burden related to hepatitis C,566.3825588936141,197330.3272502659,0.002870225609950439
Nepal,2000,Total burden related to Non-alcoholic fatty liver disease (NAFLD),83.83437191981734,197330.3272502659,0.0004248428160436468
Nepal,2000,Total cancers,8679.46459960322,197330.3272502659,0.043984443347095926
Nepal,2000,Thyroid diseases,13.72969086308454,197330.3272502659,6.957719603673357e-05
Nepal,2000,COVID-19,0.0,197330.3272502659,0.0
Nepal,2000,Falls,2006.2022051719653,197330.3272502659,0.010166720103938114
Nepal,2000,Drowning,2232.0712613793285,197330.3272502659,0.011311344244356748
Nepal,2000,"Fire, heat, and hot substances",423.41782212527056,197330.3272502659,0.002145731109989329
Nepal,2000,Poisoning by carbon monoxide,276.8770224329971,197330.3272502659,0.0014031143934700185
Nepal,2000,Poisoning by other means,890.7541268855666,197330.3272502659,0.004514025488620713
Nepal,2000,Unintentional firearm injuries,9.663250015485794,197330.3272502659,4.896991836044691e-05
Nepal,2000,Other exposure to mechanical forces,343.48521755370643,197330.3272502659,0.0017406610648249639
Nepal,2000,Adverse effects of medical treatment,803.1928194189286,197330.3272502659,0.004070295887161188
Nepal,2000,Venomous animal contact,637.9077445896783,197330.3272502659,0.0032326898428574856
Nepal,2000,Non-venomous animal contact,18.210588172543005,197330.3272502659,9.228479183256646e-05
Nepal,2000,Pulmonary aspiration and foreign body in airway,43.21008817897692,197330.3272502659,0.00021897337718482243
Nepal,2000,Foreign body in other body part,2.930257729053217,197330.3272502659,1.4849505242733887e-05
Nepal,2000,Other unintentional injuries,119.49694084202092,197330.3272502659,0.0006055680467730026
Nepal,2000,Self-harm by firearm,401.23024464752376,197330.3272502659,0.0020332923491210757
Nepal,2000,Total Cancers excluding Non-melanoma skin cancer,8644.27149489525,197330.3272502659,0.04380609719423451
Nepal,2000,Other direct maternal disorders,131.68972198794305,197330.3272502659,0.0006673567303262332
Nepal,2000,Other digestive diseases,520.7641903109967,197330.3272502659,0.0026390479231838144
Nepal,2000,Self-harm by other specified means,2713.1346903759454,197330.3272502659,0.01374920281227218
Nepal,2000,Other benign and in situ neoplasms,60.486058160339105,197330.3272502659,0.00030652185603294085
Nepal,2001,Congenital heart anomalies,1620.347102122145,193475.1720541984,0.008374961422276114
Nepal,2001,Orofacial clefts,85.07788379035937,193475.1720541984,0.0004397354083578559
Nepal,2001,Down syndrome,46.66092284765751,193475.1720541984,0.000241172664958718
Nepal,2001,Other chromosomal abnormalities,41.651974043468826,193475.1720541984,0.00021528330276817542
Nepal,2001,Congenital musculoskeletal and limb anomalies,36.249664929834225,193475.1720541984,0.0001873608098907883
Nepal,2001,Urogenital congenital anomalies,41.916799098779286,193475.1720541984,0.00021665208333313739
Nepal,2001,Digestive congenital anomalies,249.92756360144148,193475.1720541984,0.0012917810639363537
Nepal,2001,Other congenital birth defects,3.5009899006829417,193475.1720541984,1.809529286632295e-05
Nepal,2001,Cellulitis,0.2251503939728003,193475.1720541984,1.1637172438318272e-06
Nepal,2001,Pyoderma,0.5572078846968185,193475.1720541984,2.879996842906165e-06
Nepal,2001,Decubitus ulcer,1.418642217906649,193475.1720541984,7.3324251522528335e-06
Nepal,2001,Other skin and subcutaneous diseases,1.534699537285648,193475.1720541984,7.9322815480207e-06
Nepal,2001,Sudden infant death syndrome,472.11958082888253,193475.1720541984,0.0024402075771077602
Nepal,2001,Pedestrian road injuries,728.8548358952701,193475.1720541984,0.003767175023837659
Nepal,2001,Cyclist road injuries,69.21845153196594,193475.1720541984,0.0003577640003988507
Nepal,2001,Motorcyclist road injuries,305.5417227828974,193475.1720541984,0.0015792296217589392
Nepal,2000,Conflict and terrorism,364.9974101159849,197330.3272502659,0.001849677214861524
Nepal,2000,Multidrug-resistant tuberculosis without extensive drug resistance,826.1002527817643,197330.3272502659,0.004186382621937557
Nepal,2000,Extensively drug-resistant tuberculosis,10.698126632944854,197330.3272502659,5.4214305434039354e-05
Nepal,2000,HIV/AIDS - Drug-susceptible Tuberculosis,112.88494329212776,197330.3272502659,0.0005720607919985885
Nepal,2000,HIV/AIDS - Multidrug-resistant Tuberculosis without extensive drug resistance,12.077999517378537,197330.3272502659,6.120701103414534e-05
Nepal,2000,HIV/AIDS - Extensively drug-resistant Tuberculosis,0.1567449564561647,197330.3272502659,7.94327758132036e-07
Nepal,2000,Invasive Non-typhoidal Salmonella (iNTS),80.92412304606435,197330.3272502659,0.0004100947085717424
Nepal,2000,"Myelodysplastic, myeloproliferative, and other hematopoietic neoplasms",7.756492597462427,197330.3272502659,3.930714911157669e-05
Nepal,2000,Non-rheumatic calcific aortic valve disease,59.02955143422401,197330.3272502659,0.00029914079734616396
Nepal,2000,Non-rheumatic degenerative mitral valve disease,39.582185771003154,197330.3272502659,0.0002005884565366514
Nepal,2000,Other non-rheumatic valve diseases,0.8160505108616589,197330.3272502659,4.135454099899686e-06
Nepal,2000,Nonalcoholic fatty liver disease including cirrhosis,67.07727333033351,197330.3272502659,0.00033992379308864256
Nepal,2000,Diabetes mellitus type 1,180.9663669737288,197330.3272502659,0.0009170732623587891
Nepal,2000,Diabetes mellitus type 2,2560.285439560009,197330.3272502659,0.012974617106436482
Nepal,2000,Cystic echinococcosis,43.09584015096942,197330.3272502659,0.00021839440876370082
Nepal,2000,Dengue,258.3597228929228,197330.3272502659,0.001309275297381207
Nepal,2000,Yellow fever,0.0,197330.3272502659,0.0
Nepal,2000,Rabies,714.5869136271505,197330.3272502659,0.003621272632467028
Nepal,2000,Ascariasis,9.530369528221966,197330.3272502659,4.829652725470319e-05
Nepal,2000,Other neglected tropical diseases,37.01734735990617,197330.3272502659,0.00018759076658783725
Nepal,2000,Maternal hemorrhage,1076.0576947639656,197330.3272502659,0.0054530781444417625
Nepal,2000,Maternal sepsis and other maternal infections,108.1567311446995,197330.3272502659,0.0005480998924586427
Nepal,2000,Maternal hypertensive disorders,210.90621603375956,197330.3272502659,0.001068797781733144
Nepal,2000,Maternal obstructed labor and uterine rupture,138.8171867724231,197330.3272502659,0.0007034761899338817
Nepal,2000,Ectopic pregnancy,0.3826480296542085,197330.3272502659,1.939124284575436e-06
Nepal,2000,Indirect maternal deaths,300.8740266545575,197330.3272502659,0.0015247226863054427
Nepal,2000,Late maternal deaths,33.00441204088812,197330.3272502659,0.00016725463592339755
Nepal,2000,Neonatal preterm birth,4488.141117967027,197330.3272502659,0.022744304844104894
Nepal,2000,Neonatal encephalopathy due to birth asphyxia and trauma,7991.454470719567,197330.3272502659,0.040497852418722925
Nepal,2000,Neonatal sepsis and other neonatal infections,2914.1232642920845,197330.3272502659,0.014767741506840064
Nepal,2000,Hemolytic disease and other neonatal jaundice,1800.8103613412034,197330.3272502659,0.00912586720163551
Nepal,2000,Other neonatal disorders,2441.3271089575605,197330.3272502659,0.01237177854502479
Nepal,2000,Protein-energy malnutrition,3405.573046416859,197330.3272502659,0.017258234422819922
Nepal,2000,Other nutritional deficiencies,640.510465884936,197330.3272502659,0.003245879509805926
Nepal,2000,Syphilis,634.6506830427453,197330.3272502659,0.003216184211957669
Nepal,2000,Chlamydial infection,8.718470553674985,197330.3272502659,4.4182111666078116e-05
Nepal,2000,Gonococcal infection,3.1028779346751336,197330.3272502659,1.5724283124204634e-05
Nepal,2000,Other sexually transmitted infections,26.6234289614949,197330.3272502659,0.00013491808042120917
Nepal,2000,Acute hepatitis A,1064.9710263092818,197330.3272502659,0.0053968948470785386
Nepal,2000,Vascular intestinal disorders,111.69194020152484,197330.3272502659,0.000566015076131053
Nepal,2000,Gallbladder and biliary diseases,88.46154392428119,197330.3272502659,0.00044829168003197536
Nepal,2000,Pancreatitis,462.3831814560332,197330.3272502659,0.0023431937092447614
Nepal,2001,Motor vehicle road injuries,542.2547122447395,193475.1720541984,0.002802709549175835
Nepal,2001,Other road injuries,10.367388903162135,193475.1720541984,5.358511272060225e-05
Nepal,2001,Other transport injuries,125.43902512927946,193475.1720541984,0.0006483468850160272
Nepal,2001,Maternal abortion and miscarriage,209.34901337343405,193475.1720541984,0.001082045882945585
Nepal,2001,Liver cancer due to NASH,17.556134154636265,193475.1720541984,9.074101843785025e-05
Nepal,2001,Chronic kidney disease due to diabetes mellitus type 1,123.34014636507852,193475.1720541984,0.0006374985743934479
Nepal,2001,Chronic kidney disease due to diabetes mellitus type 2,396.01063315371306,193475.1720541984,0.0020468292078467732
Nepal,2001,Pulmonary Arterial Hypertension,83.1077924486604,193475.1720541984,0.0004295527512200859
Nepal,2001,Hepatoblastoma,3.0899039959095673,193475.1720541984,1.5970545280321494e-05
Nepal,2001,Burkitt lymphoma,6.841618586957225,193475.1720541984,3.5361739257379625e-05
Nepal,2001,Other non-Hodgkin lymphoma,274.3537804282875,193475.1720541984,0.0014180309417243082
Nepal,2001,Retinoblastoma,15.9832208020479,193475.1720541984,8.261122412942216e-05
Nepal,2001,Other eye cancers,4.712098071074017,193475.1720541984,2.4355053007804082e-05
Nepal,2001,Soft tissue and other extraosseous sarcomas,88.69089608278703,193475.1720541984,0.00045840970260484877
Nepal,2001,Malignant neoplasm of bone and articular cartilage,133.41136107020623,193475.1720541984,0.0006895528746853036
Nepal,2001,Neuroblastoma and other peripheral nervous cell tumors,7.014657540557632,193475.1720541984,3.6256112172328805e-05
Nepal,2002,HIV/AIDS resulting in other diseases,368.93950769766275,194896.55810052942,0.0018930016583841383
Nepal,2002,Testicular cancer,13.644004259333489,194896.55810052942,7.000638899069621e-05
Nepal,2002,Kidney cancer,70.86381508246153,194896.55810052942,0.0003635970577064236
Nepal,2002,Bladder cancer,126.4066618656286,194896.55810052942,0.000648583346456159
Nepal,2002,Brain and central nervous system cancer,245.6123742869671,194896.55810052942,0.0012602191474324446
Nepal,2002,Thyroid cancer,70.12390314744506,194896.55810052942,0.00035980062362760926
Nepal,2000,Alzheimer's disease and other dementias,876.3300648411013,197330.3272502659,0.004440929466101215
Nepal,2000,Parkinson's disease,298.87575286034655,197330.3272502659,0.0015145961445718113
Nepal,2000,Idiopathic epilepsy,810.8895535633409,197330.3272502659,0.00410930020166096
Nepal,2000,Multiple sclerosis,2.3242014475834103,197330.3272502659,1.1778227300235111e-05
Nepal,2000,Motor neuron disease,2.3702822224350473,197330.3272502659,1.2011748297710551e-05
Nepal,2000,Other neurological disorders,7.450423239456334,197330.3272502659,3.7756098331541656e-05
Nepal,2000,Alcohol use disorders,177.84541456363843,197330.3272502659,0.000901257384213854
Nepal,2000,Opioid use disorders,30.25358136046316,197330.3272502659,0.0001533144032244663
Nepal,2000,Cocaine use disorders,5.835382411902725,197330.3272502659,2.9571645135427923e-05
Nepal,2000,Amphetamine use disorders,0.8291106175669379,197330.3272502659,4.201638081283934e-06
Nepal,2000,Other drug use disorders,7.828452249070048,197330.3272502659,3.9671815063386304e-05
Nepal,2000,Anorexia nervosa,0.006999966452396,197330.3272502659,3.547334335242971e-08
Nepal,2000,Acute glomerulonephritis,7.084245026634489,197330.3272502659,3.590043722802849e-05
Nepal,2000,Chronic kidney disease due to hypertension,276.93019134382496,197330.3272502659,0.0014033838346226722
Nepal,2001,Ulcerative colitis,67.68023832363863,193475.1720541984,0.00034981355801394146
Nepal,2001,Crohn's disease,11.047705695255395,193475.1720541984,5.710141295111804e-05
Nepal,2001,Total burden related to hepatitis B,2022.5237552442572,193475.1720541984,0.010453660455604535
Nepal,2001,Total burden related to hepatitis C,581.6607927098422,193475.1720541984,0.003006384677341964
Nepal,2001,Total burden related to Non-alcoholic fatty liver disease (NAFLD),87.71983749969904,193475.1720541984,0.0004533906680032619
Nepal,2001,Total cancers,8869.336782711951,193475.1720541984,0.04584224781165913
Nepal,2001,Thyroid diseases,13.61789958245905,193475.1720541984,7.038577321251459e-05
Nepal,2001,COVID-19,0.0,193475.1720541984,0.0
Nepal,2002,Mesothelioma,9.006181012484209,194896.55810052942,4.6210056761693754e-05
Nepal,2002,Hodgkin lymphoma,96.88143185383328,194896.55810052942,0.0004970915484503372
Nepal,2002,Multiple myeloma,82.89434341100502,194896.55810052942,0.0004253248195806894
Nepal,2002,Other malignant neoplasms,417.86474429058,194896.55810052942,0.0021440334727463044
Nepal,2002,Rheumatic heart disease,3646.990267893307,194896.55810052942,0.018712440606632758
Nepal,2002,Ischemic heart disease,13894.755983547982,194896.55810052942,0.07129297776711346
Nepal,2002,Ischemic stroke,4489.066607063658,194896.55810052942,0.023033072778782252
Nepal,2002,Intracerebral hemorrhage,5907.269433765789,194896.55810052942,0.030309767865262995
Nepal,2002,Subarachnoid hemorrhage,476.2445613988507,194896.55810052942,0.0024435760489582344
Nepal,2002,Hypertensive heart disease,1977.513389836441,194896.55810052942,0.01014647672134067
Nepal,2002,Atrial fibrillation and flutter,205.0308854027716,194896.55810052942,0.001051998492949346
Nepal,2002,Aortic aneurysm,73.57113718264502,194896.55810052942,0.00037748812959896577
Nepal,2002,Lower extremity peripheral arterial disease,22.27098255023748,194896.55810052942,0.00011427078429342967
Nepal,2002,Endocarditis,104.60135299332592,194896.55810052942,0.0005367018997809678
Nepal,2000,Physical violence by firearm,33.460610782663,197330.3272502659,0.00016956648908926346
Nepal,2000,Physical violence by sharp object,27.197517172823783,197330.3272502659,0.00013782735554038937
Nepal,2000,Physical violence by other means,418.6788781127845,197330.3272502659,0.002121715825169597
Nepal,2000,Exposure to forces of nature,143.99177128080888,197330.3272502659,0.0007296991460323788
Nepal,2000,Maternal deaths aggravated by HIV/AIDS,0.4739252731463907,197330.3272502659,2.401684929784416e-06
Nepal,2000,Environmental heat and cold exposure,58.183290786803,197330.3272502659,0.00029485224900585875
Nepal,2000,Ebola,0.0,197330.3272502659,0.0
Nepal,2000,Acute lymphoid leukemia,205.01065393428613,197330.3272502659,0.001038921167318998
Nepal,2000,Chronic lymphoid leukemia,12.10271827175268,197330.3272502659,6.133227690036364e-05
Nepal,2000,Acute myeloid leukemia,108.82114079653658,197330.3272502659,0.000551466884553043
Nepal,2000,Chronic myeloid leukemia,94.58681868344036,197330.3272502659,0.00047933239660358847
Nepal,2000,Non-melanoma skin cancer (squamous-cell carcinoma),35.19310470795647,197330.3272502659,0.00017834615286135169
Nepal,2000,Police conflict and executions,0.0557259844970416,197330.3272502659,2.8239949364887356e-07
Nepal,2000,Drug-susceptible tuberculosis,9512.668289352114,197330.3272502659,0.0482068236641983
Nepal,2000,Zika virus,0.0,197330.3272502659,0.0
Nepal,2000,Alcoholic cardiomyopathy,31.26553210366286,197330.3272502659,0.00015844261011136964
Nepal,2000,Electrocution,62.576501120648246,197330.3272502659,0.0003171154783587069
Nepal,2000,Myocarditis,102.7556322436612,197330.3272502659,0.0005207290418838686
Nepal,2000,Other leukemia,98.1097804686112,197330.3272502659,0.000497185515453905
Nepal,2000,Other cardiomyopathy,606.0295344245447,197330.3272502659,0.0030711423979748564
Nepal,2002,Congenital heart anomalies,1521.4784966444774,194896.55810052942,0.007806595003384744
Nepal,2002,Orofacial clefts,68.04801298206459,194896.55810052942,0.00034914938285859724
Nepal,2002,Down syndrome,39.61103849474213,194896.55810052942,0.00020324134443826554
Nepal,2002,Other chromosomal abnormalities,37.77386136362536,194896.55810052942,0.00019381492280710907
Nepal,2002,Congenital musculoskeletal and limb anomalies,32.31604351673293,194896.55810052942,0.00016581125819607355
Nepal,2002,Urogenital congenital anomalies,41.38887946613106,194896.55810052942,0.00021236331656910174
Nepal,2002,Digestive congenital anomalies,245.47814893256245,194896.55810052942,0.0012595304469458233
Nepal,2002,Other congenital birth defects,3.268237603279095,194896.55810052942,1.6769088357082777e-05
Nepal,2002,Cellulitis,0.2384806043870163,194896.55810052942,1.2236265571401512e-06
Nepal,2002,Pyoderma,0.5616996195606988,194896.55810052942,2.882039708833488e-06
Nepal,2002,Decubitus ulcer,1.461200996664,194896.55810052942,7.4973155550048204e-06
Nepal,2002,Other skin and subcutaneous diseases,1.5405707388522345,194896.55810052942,7.904555903227362e-06
Nepal,2002,Sudden infant death syndrome,451.1160586572587,194896.55810052942,0.0023146435373402998
Nepal,2002,Pedestrian road injuries,730.2778250783595,194896.55810052942,0.003747002164613269
Nepal,2002,Cyclist road injuries,71.45680706600263,194896.55810052942,0.0003666396562485447
Nepal,2002,Motorcyclist road injuries,314.9569164791423,194896.55810052942,0.0016160209269405602
Nepal,2001,Diarrheal diseases,11092.35701149895,193475.1720541984,0.05733219871949067
Nepal,2001,Typhoid fever,2713.271836533994,193475.1720541984,0.014023876075292608
Nepal,2001,Paratyphoid fever,554.1119609833502,193475.1720541984,0.0028639951839821917
Nepal,2001,Other intestinal infectious diseases,2.888721267348014,193475.1720541984,1.4930707835415665e-05
Nepal,2001,Lower respiratory infections,16372.128279323968,193475.1720541984,0.08462133981065864
Nepal,2001,Upper respiratory infections,81.64197724154668,193475.1720541984,0.000421976506725505
Nepal,2001,Otitis media,5.6661739678086125,193475.1720541984,2.9286310525783337e-05
Nepal,2002,Motor vehicle road injuries,547.2507726562584,194896.55810052942,0.002807903731034498
Nepal,2002,Other road injuries,10.345445206505229,194896.55810052942,5.30817234913351e-05
Nepal,2002,Other transport injuries,220.19501093326969,194896.55810052942,0.0011298045131186518
Nepal,2002,Maternal abortion and miscarriage,160.71692774448016,194896.55810052942,0.0008246268138895552
Nepal,2002,Liver cancer due to NASH,18.2513812670662,194896.55810052942,9.364650379126743e-05
Nepal,2002,Chronic kidney disease due to diabetes mellitus type 1,124.89500245965186,194896.55810052942,0.0006408271324895839
Nepal,2002,Chronic kidney disease due to diabetes mellitus type 2,402.7443141242682,194896.55810052942,0.0020664516502981495
Nepal,2002,Pulmonary Arterial Hypertension,82.59658454849477,194896.55810052942,0.00042379704061213183
Nepal,2002,Hepatoblastoma,2.9499322939986743,194896.55810052942,1.5135887071320533e-05
Nepal,2002,Burkitt lymphoma,6.83366920924013,194896.55810052942,3.50630574282141e-05
Nepal,2002,Other non-Hodgkin lymphoma,276.9222698214212,194896.55810052942,0.0014208679338430501
Nepal,2002,Retinoblastoma,15.141981868560508,194896.55810052942,7.769240265777365e-05
Nepal,2002,Other eye cancers,4.8894406150175955,194896.55810052942,2.5087362561300737e-05
Nepal,2002,Soft tissue and other extraosseous sarcomas,88.86411039879171,194896.55810052942,0.00045595525782941116
Nepal,2002,Malignant neoplasm of bone and articular cartilage,134.6875595297732,194896.55810052942,0.0006910720273484776
Nepal,2002,Neuroblastoma and other peripheral nervous cell tumors,6.980203228699505,194896.55810052942,3.581491277593036e-05
Nepal,2001,Cystic echinococcosis,39.37021408366965,193475.1720541984,0.00020348974840369097
Nepal,2001,Dengue,261.2588839736347,193475.1720541984,0.0013503483739011636
Nepal,2001,Yellow fever,0.0,193475.1720541984,0.0
Nepal,2001,Rabies,673.0322635254001,193475.1720541984,0.003478649257057453
Nepal,2001,Ascariasis,8.197852991332063,193475.1720541984,4.237160202155339e-05
Nepal,2001,Other neglected tropical diseases,36.77923232122291,193475.1720541984,0.00019009794347628185
Nepal,2002,Ulcerative colitis,67.17977994626338,194896.55810052942,0.0003446945425871063
Nepal,2002,Crohn's disease,11.077310840651242,194896.55810052942,5.683687258826533e-05
Nepal,2002,Total burden related to hepatitis B,2055.085124874621,194896.55810052942,0.010544491626243033
Nepal,2002,Total burden related to hepatitis C,599.4997694877167,194896.55810052942,0.003075989516338658
Nepal,2002,Total burden related to Non-alcoholic fatty liver disease (NAFLD),92.23002896567388,194896.55810052942,0.00047322554007393395
Nepal,2002,Total cancers,9048.516917869165,194896.55810052942,0.04642727919906034
Nepal,2002,Thyroid diseases,13.567726935076042,194896.55810052942,6.961501561293701e-05
Nepal,2002,COVID-19,0.0,194896.55810052942,0.0
Nepal,2001,Acute hepatitis B,59.3484153275792,193475.1720541984,0.0003067495156998949
Nepal,2001,Acute hepatitis C,9.532316690144812,193475.1720541984,4.926894024146165e-05
Nepal,2001,Acute hepatitis E,7.880048680331328,193475.1720541984,4.072899171850268e-05
Nepal,2001,Other unspecified infectious diseases,637.4054960836532,193475.1720541984,0.0032945079687283917
Nepal,2001,Esophageal cancer,532.0166448327255,193475.1720541984,0.0027497928503389117
Nepal,2001,Stomach cancer,1023.9719701613536,193475.1720541984,0.005292523889703571
Nepal,2001,Meningitis,1175.487394292186,193475.1720541984,0.0060756498201376226
Nepal,2001,Encephalitis,684.8756220117884,193475.1720541984,0.003539863098402794
Nepal,2001,Diphtheria,26.247054410223644,193475.1720541984,0.0001356610986905908
Nepal,2001,Pertussis,1071.848519362942,193475.1720541984,0.005539979667585895
Nepal,2001,Tetanus,1620.1648121615228,193475.1720541984,0.008374019234404218
Nepal,2001,Measles,7478.400706380537,193475.1720541984,0.03865302522788611
Nepal,2001,Varicella and herpes zoster,81.86418278337766,193475.1720541984,0.0004231250031422376
Nepal,2001,Malaria,55.20525841618008,193475.1720541984,0.00028533510439631695
Nepal,2001,Chagas disease,0.0,193475.1720541984,0.0
Nepal,2001,Visceral leishmaniasis,283.00286999594164,193475.1720541984,0.0014627348149697666
Nepal,2001,African trypanosomiasis,0.0,193475.1720541984,0.0
Nepal,2001,Schistosomiasis,0.0,193475.1720541984,0.0
Nepal,2001,Cysticercosis,3.111098578939136,193475.1720541984,1.6080092065082234e-05
Nepal,2001,Other cardiovascular and circulatory diseases,325.5670661037931,193475.1720541984,0.0016827330486238908
Nepal,2001,Chronic obstructive pulmonary disease,12610.37557281744,193475.1720541984,0.06517826261079578
Nepal,2001,Maternal hemorrhage,985.744696299194,193475.1720541984,0.005094941567091907
Nepal,2001,Maternal sepsis and other maternal infections,97.31671044233578,193475.1720541984,0.0005029932751013362
Nepal,2001,Maternal hypertensive disorders,179.46069286210474,193475.1720541984,0.0009275644567553723
Nepal,2001,Maternal obstructed labor and uterine rupture,125.74793809538856,193475.1720541984,0.0006499435393196738
Nepal,2001,Ectopic pregnancy,0.3663412474537946,193475.1720541984,1.8934793729046073e-06
Nepal,2001,Indirect maternal deaths,308.1133339644566,193475.1720541984,0.0015925213074788971
Nepal,2001,Late maternal deaths,31.57223366818743,193475.1720541984,0.00016318493651135282
Nepal,2001,Neonatal preterm birth,4153.01845007573,193475.1720541984,0.02146538186776927
Nepal,2001,Neonatal encephalopathy due to birth asphyxia and trauma,7735.935153371525,193475.1720541984,0.03998412339545278
Nepal,2001,Neonatal sepsis and other neonatal infections,2792.060817244398,193475.1720541984,0.01443110652183452
Nepal,2001,Hemolytic disease and other neonatal jaundice,1702.719910099942,193475.1720541984,0.008800715316707185
Nepal,2001,Other neonatal disorders,2369.407682018714,193475.1720541984,0.012246572295875613
Nepal,2001,Protein-energy malnutrition,3106.2034893063055,193475.1720541984,0.01605479119789159
Nepal,2001,Other nutritional deficiencies,602.4461502140244,193475.1720541984,0.003113816330114236
Nepal,2001,Syphilis,614.7985366447903,193475.1720541984,0.0031776611444106436
Nepal,2001,Chlamydial infection,8.37782998028117,193475.1720541984,4.330183501754054e-05
Nepal,2001,Gonococcal infection,2.9415590016435846,193475.1720541984,1.5203806102932746e-05
Nepal,2001,Other sexually transmitted infections,25.621401104876945,193475.1720541984,0.00013242733335158682
Nepal,2001,Acute hepatitis A,1052.2961329942273,193475.1720541984,0.005438920776353911
Nepal,2001,Vascular intestinal disorders,114.33963704069669,193475.1720541984,0.0005909783453179543
Nepal,2001,Gallbladder and biliary diseases,87.83592053982579,193475.1720541984,0.0004539906573398484
Nepal,2001,Pancreatitis,458.8505067439664,193475.1720541984,0.002371624750980597
Nepal,2001,Liver cancer due to hepatitis B,64.0965986630069,193475.1720541984,0.0003312910797931812
Nepal,2001,Liver cancer due to hepatitis C,67.19681477474803,193475.1720541984,0.0003473149245006182
Nepal,2001,Liver cancer due to alcohol use,57.33080255021735,193475.1720541984,0.0002963212382318348
Nepal,2001,Liver cancer due to other causes,7.785827535143316,193475.1720541984,4.0241998249585556e-05
Nepal,2001,Larynx cancer,281.3498391106,193475.1720541984,0.0014541909234316907
Nepal,2001,"Tracheal, bronchus, and lung cancer",855.6760568289693,193475.1720541984,0.004422665956277159
Nepal,2001,Breast cancer,566.0558848524576,193475.1720541984,0.0029257288097611187
Nepal,2001,Cervical cancer,847.5483260296616,193475.1720541984,0.004380656789348852
Nepal,2001,Uterine cancer,54.50384590078941,193475.1720541984,0.00028170976834961125
Nepal,2001,Prostate cancer,265.3602745861935,193475.1720541984,0.0013715469110003316
Nepal,2001,Colon and rectum cancer,410.5169735292262,193475.1720541984,0.0021218069955468376
Nepal,2001,Lip and oral cavity cancer,571.5258905744239,193475.1720541984,0.0029540012008069014
Nepal,2001,Nasopharynx cancer,125.59262344787754,193475.1720541984,0.0006491407766402975
Nepal,2001,Other pharynx cancer,330.89981011570245,193475.1720541984,0.001710295985797119
Nepal,2001,Gallbladder and biliary tract cancer,239.97520723708843,193475.1720541984,0.0012403410974606288
Nepal,2001,Pancreatic cancer,129.36826597374449,193475.1720541984,0.0006686556450638763
Nepal,2001,Malignant skin melanoma,10.796868512100502,193475.1720541984,5.580493040769058e-05
Nepal,2001,Ovarian cancer,203.325195927346,193475.1720541984,0.0010509110485266207
Nepal,2001,Chronic kidney disease due to glomerulonephritis,225.40197645738803,193475.1720541984,0.0011650175785565186
Nepal,2001,Chronic kidney disease due to other and unspecified causes,723.9315466731346,193475.1720541984,0.0037417284036338205
Nepal,2001,Urinary tract infections and interstitial nephritis,277.4789009510324,193475.1720541984,0.0014341835079144003
Nepal,2001,Silicosis,5.27957699980365,193475.1720541984,2.7288136993229688e-05
Nepal,2001,Asbestosis,0.9684374300825582,193475.1720541984,5.005486852913969e-06
Nepal,2001,Coal workers pneumoconiosis,1.565202909384305,193475.1720541984,8.089941943278608e-06
Nepal,2001,Other pneumoconiosis,2.6609691125048007,193475.1720541984,1.3753543073523567e-05
Nepal,2001,Asthma,2723.746193976814,193475.1720541984,0.014078014067943604
Nepal,2001,Interstitial lung disease and pulmonary sarcoidosis,281.20568975615197,193475.1720541984,0.0014534458699299027
Nepal,2001,Other chronic respiratory diseases,290.2598276115011,193475.1720541984,0.0015002432846018628
Nepal,2001,Chronic hepatitis B including cirrhosis,1899.0787412536692,193475.1720541984,0.009815619860111448
Nepal,2001,Chronic hepatitis C including cirrhosis,504.9316612449495,193475.1720541984,0.0026098008125998847
Nepal,2001,Cirrhosis due to alcohol,1472.056891687515,193475.1720541984,0.0076085054017946355
Nepal,2001,Cirrhosis due to other causes,664.8332504072318,193475.1720541984,0.003436271658778995
Nepal,2001,Peptic ulcer disease,2722.5713667073715,193475.1720541984,0.01407194183005918
Nepal,2001,Gastritis and duodenitis,211.33634477855009,193475.1720541984,0.0010923176474516752
Nepal,2001,Appendicitis,364.5153874251296,193475.1720541984,0.0018840421928815626
Nepal,2001,Paralytic ileus and intestinal obstruction,1000.6640779950992,193475.1720541984,0.005172054209181849
Nepal,2001,"Inguinal, femoral, and abdominal hernia",284.5297135495558,193475.1720541984,0.0014706264919089993
Nepal,2001,Alzheimer's disease and other dementias,910.21662444275,193475.1720541984,0.004704565525274582
Nepal,2001,Parkinson's disease,313.3686259076095,193475.1720541984,0.001619683924197908
Nepal,2001,Idiopathic epilepsy,807.9638469315889,193475.1720541984,0.004176059586111923
Nepal,2001,Multiple sclerosis,2.406142120354333,193475.1720541984,1.2436438716179553e-05
Nepal,2001,Motor neuron disease,2.5131642627193,193475.1720541984,1.2989595698694013e-05
Nepal,2001,Other neurological disorders,7.74903190335651,193475.1720541984,4.0051815543473276e-05
Nepal,2001,Alcohol use disorders,182.87155249811585,193475.1720541984,0.0009451939003671636
Nepal,2001,Opioid use disorders,31.221512678190404,193475.1720541984,0.0001613721923423037
Nepal,2001,Cocaine use disorders,5.9150730267517,193475.1720541984,3.0572775638078794e-05
Nepal,2001,Amphetamine use disorders,0.843000773304244,193475.1720541984,4.357152209008469e-06
Nepal,2001,Other drug use disorders,7.913401434599119,193475.1720541984,4.090137949267376e-05
Nepal,2001,Anorexia nervosa,0.0075442984330517,193475.1720541984,3.899362565724096e-08
Nepal,2001,Acute glomerulonephritis,6.981736223182704,193475.1720541984,3.608595433230525e-05
Nepal,2001,Chronic kidney disease due to hypertension,283.18840819940846,193475.1720541984,0.0014636937917805732
Nepal,2003,HIV/AIDS resulting in other diseases,508.8319464926419,189802.3521475949,0.00268085163716497
Nepal,2003,Testicular cancer,13.901112284994396,189802.3521475949,7.323993684854103e-05
Nepal,2003,Kidney cancer,72.78103267267659,189802.3521475949,0.0003834569585106105
Nepal,2003,Bladder cancer,127.23930118825416,189802.3521475949,0.0006703778944178194
Nepal,2003,Brain and central nervous system cancer,247.9403710880202,189802.3521475949,0.0013063082110553392
Nepal,2003,Thyroid cancer,72.19400863706102,189802.3521475949,0.0003803641410140229
Nepal,2001,Falls,2019.773219887595,193475.1720541984,0.010439443978485228
Nepal,2001,Drowning,2162.0713589167367,193475.1720541984,0.011174929247826556
Nepal,2001,"Fire, heat, and hot substances",424.3185894588818,193475.1720541984,0.002193142329084049
Nepal,2001,Poisoning by carbon monoxide,270.94636362443225,193475.1720541984,0.001400419292809993
Nepal,2001,Poisoning by other means,860.091110717384,193475.1720541984,0.0044454857002346835
Nepal,2001,Unintentional firearm injuries,8.89451757019127,193475.1720541984,4.597239777980216e-05
Nepal,2001,Other exposure to mechanical forces,334.93497186555294,193475.1720541984,0.0017311522109499779
Nepal,2001,Adverse effects of medical treatment,782.7249776188206,193475.1720541984,0.004045609414935964
Nepal,2001,Venomous animal contact,635.1275163569665,193475.1720541984,0.0032827339529593364
Nepal,2001,Non-venomous animal contact,18.34639063055048,193475.1720541984,9.482555531937238e-05
Nepal,2001,Pulmonary aspiration and foreign body in airway,42.508080609031595,193475.1720541984,0.0002197081938612969
Nepal,2001,Foreign body in other body part,2.9023363490393903,193475.1720541984,1.5001079044014783e-05
Nepal,2001,Other unintentional injuries,115.93687727903864,193475.1720541984,0.0005992338760994156
Nepal,2001,Self-harm by firearm,399.8623805425276,193475.1720541984,0.002066737433527201
Nepal,2001,Total Cancers excluding Non-melanoma skin cancer,8832.817181806731,193475.1720541984,0.04565349180479025
Nepal,2001,Other direct maternal disorders,127.29100748501776,193475.1720541984,0.0006579190814693246
Nepal,2001,Other digestive diseases,512.6817149479267,193475.1720541984,0.0026498579094391948
Nepal,2001,Self-harm by other specified means,2752.249740478018,193475.1720541984,0.01422533812094002
Nepal,2001,Other benign and in situ neoplasms,60.81392925544052,193475.1720541984,0.0003143242029959516
Nepal,2001,Urolithiasis,40.10776111258277,193475.1720541984,0.0002073018500862082
Nepal,2001,Other urinary diseases,295.5577910535542,193475.1720541984,0.0015276264541620838
Nepal,2001,Uterine fibroids,6.582307636682501,193475.1720541984,3.4021459016139766e-05
Nepal,2001,Endometriosis,0.0456604545548717,193475.1720541984,2.3600162268924506e-07
Nepal,2001,Genital prolapse,0.942425750387566,193475.1720541984,4.871042317117379e-06
Nepal,2001,Other gynecological diseases,12.154303705323889,193475.1720541984,6.282099959533356e-05
Nepal,2001,Thalassemias,99.22912393179544,193475.1720541984,0.0005128778172322715
Nepal,2001,Sickle cell disorders,14.2944045001165,193475.1720541984,7.388237130556573e-05
Nepal,2001,G6PD deficiency,26.25987791945414,193475.1720541984,0.00013572737856047977
Nepal,2001,Other hemoglobinopathies and hemolytic anemias,207.3660895994377,193475.1720541984,0.0010717968998179674
Nepal,2001,"Other endocrine, metabolic, blood, and immune disorders",46.319656407644395,193475.1720541984,0.00023940878778321397
Nepal,2001,Rheumatoid arthritis,82.0876924279463,193475.1720541984,0.0004242802399728632
Nepal,2001,Other musculoskeletal disorders,119.6614949621151,193475.1720541984,0.0006184850164061061
Nepal,2001,Neural tube defects,319.1258570749756,193475.1720541984,0.0016494408749541186
Nepal,2003,Mesothelioma,9.308702553544313,189802.3521475949,4.9044189643685975e-05
Nepal,2003,Hodgkin lymphoma,95.95593081592185,189802.3521475949,0.0005055571215540268
Nepal,2003,Multiple myeloma,85.29292519481474,189802.3521475949,0.00044937759848460095
Nepal,2003,Other malignant neoplasms,422.4070226648664,189802.3521475949,0.002225509946981018
Nepal,2003,Rheumatic heart disease,3703.210710358534,189802.3521475949,0.019510878914075984
Nepal,2003,Ischemic heart disease,14464.21249048495,189802.3521475949,0.07620670833013296
Nepal,2003,Ischemic stroke,4720.6725011734425,189802.3521475949,0.024871517385108764
Nepal,2003,Intracerebral hemorrhage,6089.490008590658,189802.3521475949,0.032083322149007526
Nepal,2003,Subarachnoid hemorrhage,495.1495799080126,189802.3521475949,0.0026087641923582287
Nepal,2003,Hypertensive heart disease,2049.096682029009,189802.3521475949,0.010795949885992888
Nepal,2003,Atrial fibrillation and flutter,217.50720816062633,189802.3521475949,0.0011459668739589035
Nepal,2003,Aortic aneurysm,78.45243380822734,189802.3521475949,0.0004133375214824568
Nepal,2003,Lower extremity peripheral arterial disease,23.627499668697872,189802.3521475949,0.00012448475691346835
Nepal,2003,Endocarditis,106.65016587042837,189802.3521475949,0.0005619011812218988
Nepal,2001,Conflict and terrorism,568.9890570337969,193475.1720541984,0.0029408892675614495
Nepal,2001,Multidrug-resistant tuberculosis without extensive drug resistance,777.7620899501587,193475.1720541984,0.004019958125336534
Nepal,2001,Extensively drug-resistant tuberculosis,11.33127861520861,193475.1720541984,5.856709413874752e-05
Nepal,2001,HIV/AIDS - Drug-susceptible Tuberculosis,161.95478587017445,193475.1720541984,0.0008370830435277033
Nepal,2001,HIV/AIDS - Multidrug-resistant Tuberculosis without extensive drug resistance,17.41847870546938,193475.1720541984,9.002952947673267e-05
Nepal,2001,HIV/AIDS - Extensively drug-resistant Tuberculosis,0.2541359988910307,193475.1720541984,1.3135328744912002e-06
Nepal,2001,Invasive Non-typhoidal Salmonella (iNTS),79.71934788197417,193475.1720541984,0.00041203916262517814
Nepal,2001,"Myelodysplastic, myeloproliferative, and other hematopoietic neoplasms",8.052021581221139,193475.1720541984,4.161785461012805e-05
Nepal,2001,Non-rheumatic calcific aortic valve disease,62.217588068873134,193475.1720541984,0.00032157918459658515
Nepal,2001,Non-rheumatic degenerative mitral valve disease,40.828695733055646,193475.1720541984,0.00021102808851162702
Nepal,2001,Other non-rheumatic valve diseases,0.8582195371985412,193475.1720541984,4.43581224446787e-06
Nepal,2001,Nonalcoholic fatty liver disease including cirrhosis,70.16370334506273,193475.1720541984,0.00036264964956541143
Nepal,2001,Diabetes mellitus type 1,179.9654081183318,193475.1720541984,0.0009301731390522702
Nepal,2001,Diabetes mellitus type 2,2652.2321378761867,193475.1720541984,0.01370838495563252
Nepal,2001,Physical violence by firearm,36.38289921161056,193475.1720541984,0.00018804944750956768
Nepal,2001,Physical violence by sharp object,29.703296692688156,193475.1720541984,0.00015352510804005044
Nepal,2001,Physical violence by other means,442.88718339940846,193475.1720541984,0.0022891163692845408
Nepal,2001,Exposure to forces of nature,143.9917712808089,193475.1720541984,0.0007442390139881738
Nepal,2001,Maternal deaths aggravated by HIV/AIDS,0.5479736321891464,193475.1720541984,2.832268483708297e-06
Nepal,2001,Environmental heat and cold exposure,57.87001433028973,193475.1720541984,0.0002991082200153234
Nepal,2001,Ebola,0.0,193475.1720541984,0.0
Nepal,2001,Acute lymphoid leukemia,200.23992075823543,193475.1720541984,0.0010349644279015915
Nepal,2001,Chronic lymphoid leukemia,12.34246366871335,193475.1720541984,6.379352729173872e-05
Nepal,2001,Acute myeloid leukemia,109.32134151935811,193475.1720541984,0.0005650406734810078
Nepal,2001,Chronic myeloid leukemia,93.77123272765436,193475.1720541984,0.00048466804154791566
Nepal,2001,Non-melanoma skin cancer (squamous-cell carcinoma),36.51960090521641,193475.1720541984,0.00018875600686886138
Nepal,2001,Police conflict and executions,0.0554203023408949,193475.1720541984,2.86446585122405e-07
Nepal,2001,Drug-susceptible tuberculosis,8920.29346656639,193475.1720541984,0.04610562364078188
Nepal,2001,Zika virus,0.0,193475.1720541984,0.0
Nepal,2001,Alcoholic cardiomyopathy,31.980186687468983,193475.1720541984,0.00016529349139697542
Nepal,2001,Electrocution,60.82637125190997,193475.1720541984,0.0003143885109706511
Nepal,2001,Myocarditis,100.70172526176994,193475.1720541984,0.0005204891366296873
Nepal,2001,Other leukemia,99.4625365177331,193475.1720541984,0.0005140842386219486
Nepal,2001,Other cardiomyopathy,628.8844505508744,193475.1720541984,0.0032504659066782187
Nepal,2003,Congenital heart anomalies,1457.855559390615,189802.3521475949,0.007680914081912701
Nepal,2003,Orofacial clefts,61.06231011280196,189802.3521475949,0.0003217152444207774
Nepal,2003,Down syndrome,39.193205071768546,189802.3521475949,0.00020649483332688606
Nepal,2003,Other chromosomal abnormalities,37.23337482024998,189802.3521475949,0.00019616919600288411
Nepal,2003,Congenital musculoskeletal and limb anomalies,32.10290992379559,189802.3521475949,0.0001691386305836273
Nepal,2003,Urogenital congenital anomalies,41.25325960356367,189802.3521475949,0.00021734851616319345
Nepal,2003,Digestive congenital anomalies,242.8051220162288,189802.3521475949,0.0012792524395452047
Nepal,2003,Other congenital birth defects,3.2549439381436502,189802.3521475949,1.7149123292278945e-05
Nepal,2003,Cellulitis,0.2508362092135829,189802.3521475949,1.3215653355998803e-06
Nepal,2003,Pyoderma,0.5777696942090619,189802.3521475949,3.0440597161818844e-06
Nepal,2003,Decubitus ulcer,1.5013614078078492,189802.3521475949,7.910130674462633e-06
Nepal,2003,Other skin and subcutaneous diseases,1.535864212818919,189802.3521475949,8.091913484952988e-06
Nepal,2003,Sudden infant death syndrome,429.5680670166876,189802.3521475949,0.0022632389017110026
Nepal,2003,Pedestrian road injuries,735.5516449788752,189802.3521475949,0.0038753557933090964
Nepal,2003,Cyclist road injuries,73.90371830429949,189802.3521475949,0.0003893719833715768
Nepal,2003,Motorcyclist road injuries,330.01998942385853,189802.3521475949,0.0017387560569703951
Nepal,2004,HIV/AIDS resulting in other diseases,665.1341816962187,187955.9747866559,0.003538776473858816
Nepal,2004,Testicular cancer,14.128834245136945,187955.9747866559,7.517097693315804e-05
Nepal,2004,Kidney cancer,75.0883187404297,187955.9747866559,0.0003994995042092201
Nepal,2004,Bladder cancer,126.59470104950378,187955.9747866559,0.0006735337953113662
Nepal,2004,Brain and central nervous system cancer,251.1527029656163,187955.9747866559,0.0013362315470454899
Nepal,2004,Thyroid cancer,73.58490155915227,187955.9747866559,0.00039150073118280303
Nepal,2003,Motor vehicle road injuries,554.2408787347233,189802.3521475949,0.0029200948906246017
Nepal,2003,Other road injuries,10.39747521041333,189802.3521475949,5.478053929662579e-05
Nepal,2003,Other transport injuries,231.04576973033411,189802.3521475949,0.0012172966621123184
Nepal,2003,Maternal abortion and miscarriage,138.8350113578815,189802.3521475949,0.0007314715006794017
Nepal,2003,Liver cancer due to NASH,18.774250414815285,189802.3521475949,9.891474053080213e-05
Nepal,2003,Chronic kidney disease due to diabetes mellitus type 1,125.92150649937729,189802.3521475949,0.00066343491044546
Nepal,2003,Chronic kidney disease due to diabetes mellitus type 2,406.490565210478,189802.3521475949,0.0021416518847689574
Nepal,2003,Pulmonary Arterial Hypertension,82.15105103025844,189802.3521475949,0.0004328241989665955
Nepal,2003,Hepatoblastoma,2.8258025526413704,189802.3521475949,1.4888132421267139e-05
Nepal,2003,Burkitt lymphoma,6.8619027073592695,189802.3521475949,3.6152885513364385e-05
Nepal,2003,Other non-Hodgkin lymphoma,279.542327757021,189802.3521475949,0.001472807499981044
Nepal,2003,Retinoblastoma,14.559141615703885,189802.3521475949,7.670685558407803e-05
Nepal,2003,Other eye cancers,5.034183291703643,189802.3521475949,2.6523292439436894e-05
Nepal,2003,Soft tissue and other extraosseous sarcomas,88.98236536220014,189802.3521475949,0.00046881592538434557
Nepal,2003,Malignant neoplasm of bone and articular cartilage,137.08510701959668,189802.3521475949,0.0007222518871262247
Nepal,2003,Neuroblastoma and other peripheral nervous cell tumors,7.011482071382736,189802.3521475949,3.694096512529222e-05
Nepal,2003,Ulcerative colitis,66.27863693297523,189802.3521475949,0.0003491981852861094
Nepal,2003,Crohn's disease,11.08085165173264,189802.3521475949,5.838100279766766e-05
Nepal,2003,Total burden related to hepatitis B,2057.209633296535,189802.3521475949,0.010838694094248098
Nepal,2003,Total burden related to hepatitis C,609.7043779316898,189802.3521475949,0.0032123120237075296
Nepal,2003,Total burden related to Non-alcoholic fatty liver disease (NAFLD),95.60720676424944,189802.3521475949,0.0005037198205526081
Nepal,2003,Total cancers,9225.70027145626,189802.3521475949,0.04860688061590582
Nepal,2003,Thyroid diseases,12.915384307000664,189802.3521475949,6.804649236884773e-05
Nepal,2003,COVID-19,0.0,189802.3521475949,0.0
Nepal,2004,Mesothelioma,9.50105540529399,187955.9747866559,5.054936623365338e-05
Nepal,2004,Hodgkin lymphoma,95.40359298897673,187955.9747866559,0.0005075847846670847
Nepal,2004,Multiple myeloma,86.89975502064374,187955.9747866559,0.00046234100894787446
Nepal,2004,Other malignant neoplasms,426.89461897049335,187955.9747866559,0.0022712479316236195
Nepal,2004,Rheumatic heart disease,3734.1400872080862,187955.9747866559,0.019867099683564808
Nepal,2004,Ischemic heart disease,14781.913285309638,187955.9747866559,0.07864561529415715
Nepal,2004,Ischemic stroke,4904.888409385441,187955.9747866559,0.02609594302576897
Nepal,2004,Intracerebral hemorrhage,6203.016376542849,187955.9747866559,0.033002496374928955
Nepal,2004,Subarachnoid hemorrhage,505.0594190795708,187955.9747866559,0.0026871155314581036
Nepal,2004,Hypertensive heart disease,2097.211655188162,187955.9747866559,0.01115799408648038
Nepal,2004,Atrial fibrillation and flutter,228.12744697677036,187955.9747866559,0.001213728093697006
Nepal,2004,Aortic aneurysm,82.34199987026297,187955.9747866559,0.0004380919519250575
Nepal,2004,Lower extremity peripheral arterial disease,24.78754657726157,187955.9747866559,0.0001318795351166532
Nepal,2004,Endocarditis,108.13903953364478,187955.9747866559,0.0005753423888567027
Nepal,2005,HIV/AIDS resulting in other diseases,836.1937142168624,184614.03645156985,0.004529415694977357
Nepal,2005,Testicular cancer,14.549221060013384,184614.03645156985,7.880885624766733e-05
Nepal,2005,Kidney cancer,78.52311885117531,184614.03645156985,0.0004253366664878401
Nepal,2005,Bladder cancer,125.83248029786655,184614.03645156985,0.0006815975790165686
Nepal,2005,Brain and central nervous system cancer,265.8929007482172,184614.03645156985,0.0014402637299898342
Nepal,2005,Thyroid cancer,74.86382017302265,184614.03645156985,0.00040551532056806424
Nepal,2002,Diarrheal diseases,10175.992051838097,194896.55810052942,0.052212271735395284
Nepal,2002,Typhoid fever,2544.398697654277,194896.55810052942,0.013055123817742605
Nepal,2002,Paratyphoid fever,519.7545999780314,194896.55810052942,0.00266682287795938
Nepal,2002,Other intestinal infectious diseases,2.778641655507913,194896.55810052942,1.4257007320132686e-05
Nepal,2002,Lower respiratory infections,15608.414768335482,194896.55810052942,0.08008563578780349
Nepal,2002,Upper respiratory infections,80.09768891531506,194896.55810052942,0.00041097538969364427
Nepal,2002,Otitis media,5.3218277961933325,194896.55810052942,2.7305909596660423e-05
Nepal,2004,Congenital heart anomalies,1400.100738927643,187955.9747866559,0.007449088758773762
Nepal,2004,Orofacial clefts,54.4275664601031,187955.9747866559,0.000289576144210805
Nepal,2004,Down syndrome,38.57258513889102,187955.9747866559,0.00020522138326634092
Nepal,2004,Other chromosomal abnormalities,36.33480030719101,187955.9747866559,0.0001933154843757094
Nepal,2004,Congenital musculoskeletal and limb anomalies,31.7634261490982,187955.9747866559,0.0001689939688544196
Nepal,2004,Urogenital congenital anomalies,40.82086422551631,187955.9747866559,0.00021718311573681574
Nepal,2004,Digestive congenital anomalies,238.8772865891684,187955.9747866559,0.0012709214849930257
Nepal,2004,Other congenital birth defects,3.231422578714696,187955.9747866559,1.719244404112507e-05
Nepal,2004,Cellulitis,0.2628139904512026,187955.9747866559,1.398274200910698e-06
Nepal,2004,Pyoderma,0.5951961795780835,187955.9747866559,3.166678687675003e-06
Nepal,2004,Decubitus ulcer,1.5373056567293573,187955.9747866559,8.179073096635072e-06
Nepal,2004,Other skin and subcutaneous diseases,1.531031154231029,187955.9747866559,8.145690265866058e-06
Nepal,2004,Sudden infant death syndrome,407.70225682879664,187955.9747866559,0.002169136986954361
Nepal,2004,Pedestrian road injuries,733.8390424585965,187955.9747866559,0.0039043134611259833
Nepal,2004,Cyclist road injuries,75.81943908935196,187955.9747866559,0.0004033893531472607
Nepal,2004,Motorcyclist road injuries,344.01948308039516,187955.9747866559,0.00183031948556508
Nepal,2005,Mesothelioma,9.680466134668585,184614.03645156985,5.24362411479372e-05
Nepal,2005,Hodgkin lymphoma,96.98076460346392,184614.03645156985,0.0005253163110861567
Nepal,2005,Multiple myeloma,88.54746020416401,184614.03645156985,0.0004796355786706004
Nepal,2005,Other malignant neoplasms,443.0209585660634,184614.03645156985,0.0023997143829433683
Nepal,2005,Rheumatic heart disease,3765.171937875036,184614.03645156985,0.020394830264505705
Nepal,2005,Ischemic heart disease,14956.358518581164,184614.03645156985,0.08101420025288648
Nepal,2005,Ischemic stroke,5043.9757717414395,184614.03645156985,0.027321734948710878
Nepal,2005,Intracerebral hemorrhage,6270.462548811283,184614.03645156985,0.03396525350582552
Nepal,2005,Subarachnoid hemorrhage,514.1922244522328,184614.03645156985,0.0027852282217290768
Nepal,2005,Hypertensive heart disease,2129.623415859962,184614.03645156985,0.01153554440817738
Nepal,2005,Atrial fibrillation and flutter,238.0404362427861,184614.03645156985,0.0012893951121925212
Nepal,2005,Aortic aneurysm,85.76040950048336,184614.03645156985,0.0004645389437816721
Nepal,2005,Lower extremity peripheral arterial disease,25.89217422714888,184614.03645156985,0.00014025030124912102
Nepal,2005,Endocarditis,110.04141782476164,184614.03645156985,0.0005960620326593044
Nepal,2004,Motor vehicle road injuries,557.7054874234877,187955.9747866559,0.0029672134022689367
Nepal,2004,Other road injuries,10.427811925990838,187955.9747866559,5.548007685218406e-05
Nepal,2004,Other transport injuries,225.5629552131877,187955.9747866559,0.0012000839849290162
Nepal,2004,Maternal abortion and miscarriage,120.67823200454863,187955.9747866559,0.0006420558438832683
Nepal,2004,Liver cancer due to NASH,19.177156014294617,187955.9747866559,0.00010203004206736245
Nepal,2004,Chronic kidney disease due to diabetes mellitus type 1,126.11784916425265,187955.9747866559,0.0006709967549975778
Nepal,2004,Chronic kidney disease due to diabetes mellitus type 2,406.8734878768282,187955.9747866559,0.0021647276088917105
Nepal,2004,Pulmonary Arterial Hypertension,81.20626285432708,187955.9747866559,0.0004320493825562197
Nepal,2004,Hepatoblastoma,2.7207458841784637,187955.9747866559,1.447544238626473e-05
Nepal,2004,Burkitt lymphoma,6.858505591240875,187955.9747866559,3.648995781605662e-05
Nepal,2004,Other non-Hodgkin lymphoma,283.54231483128325,187955.9747866559,0.001508557071160547
Nepal,2004,Retinoblastoma,13.991117519540508,187955.9747866559,7.443826957574227e-05
Nepal,2004,Other eye cancers,5.125285597168392,187955.9747866559,2.7268543088273595e-05
Nepal,2004,Soft tissue and other extraosseous sarcomas,89.51068487868129,187955.9747866559,0.00047623218671437616
Nepal,2004,Malignant neoplasm of bone and articular cartilage,140.52660084454936,187955.9747866559,0.0007476570032107656
Nepal,2004,Neuroblastoma and other peripheral nervous cell tumors,7.088666975388292,187955.9747866559,3.771450725859851e-05
Nepal,2005,Congenital heart anomalies,1417.755219061695,184614.03645156985,0.007679563517011435
Nepal,2005,Orofacial clefts,49.38134863369508,184614.03645156985,0.000267484258417422
Nepal,2005,Down syndrome,40.57819314202303,184614.03645156985,0.00021980015128843136
Nepal,2005,Other chromosomal abnormalities,36.38402548067792,184614.03645156985,0.00019708157721919813
Nepal,2005,Congenital musculoskeletal and limb anomalies,32.536925048818034,184614.03645156985,0.0001762429643715282
Nepal,2005,Urogenital congenital anomalies,41.12580490101053,184614.03645156985,0.0002227664033108292
Nepal,2005,Digestive congenital anomalies,241.3988590492338,184614.03645156985,0.0013075867019058459
Nepal,2005,Other congenital birth defects,3.2227467317787895,184614.03645156985,1.7456672275427e-05
Nepal,2005,Cellulitis,0.2851076940096848,184614.03645156985,1.5443446202124378e-06
Nepal,2005,Pyoderma,0.6442723073332735,184614.03645156985,3.4898338160884458e-06
Nepal,2005,Decubitus ulcer,1.5689327718126145,184614.03645156985,8.498447907693063e-06
Nepal,2005,Other skin and subcutaneous diseases,1.5700592547898833,184614.03645156985,8.504549735045526e-06
Nepal,2005,Sudden infant death syndrome,389.9936736038245,184614.03645156985,0.0021124811585284432
Nepal,2005,Pedestrian road injuries,756.0261167158549,184614.03645156985,0.004095171370754274
Nepal,2005,Cyclist road injuries,79.15656971151432,184614.03645156985,0.0004287678837046587
Nepal,2005,Motorcyclist road injuries,363.4801471489637,184614.03645156985,0.0019688651748011377
Nepal,2002,Meningitis,1139.53706206949,194896.55810052942,0.005846881408145271
Nepal,2002,Encephalitis,655.4293387935215,194896.55810052942,0.0033629600500971655
Nepal,2002,Diphtheria,21.049056256150138,194896.55810052942,0.00010800116975535731
Nepal,2002,Pertussis,953.635809249331,194896.55810052942,0.004893035662320096
Nepal,2002,Tetanus,1333.3284710027208,194896.55810052942,0.006841210968512732
Nepal,2002,Measles,6776.962273348563,194896.55810052942,0.034772098283300336
Nepal,2002,Varicella and herpes zoster,77.88449267487495,194896.55810052942,0.0003996196414854151
Nepal,2002,Malaria,178.66297788939033,194896.55810052942,0.0009167066860012702
Nepal,2002,Chagas disease,0.0,194896.55810052942,0.0
Nepal,2002,Visceral leishmaniasis,269.0867799452409,194896.55810052942,0.0013806646077682064
Nepal,2002,African trypanosomiasis,0.0,194896.55810052942,0.0
Nepal,2002,Schistosomiasis,0.0,194896.55810052942,0.0
Nepal,2002,Cysticercosis,2.879922937688548,194896.55810052942,1.4776674179146136e-05
Nepal,2002,Other cardiovascular and circulatory diseases,337.55513906733864,194896.55810052942,0.0017319707559598082
Nepal,2002,Chronic obstructive pulmonary disease,12963.58479223504,194896.55810052942,0.06651520641810568
Nepal,2005,Motor vehicle road injuries,571.2727760064491,184614.03645156985,0.00309441680051404
Nepal,2005,Other road injuries,10.840186552604294,184614.03645156985,5.8718105952079225e-05
Nepal,2005,Other transport injuries,383.5915999143119,184614.03645156985,0.0020778030061378364
Nepal,2005,Maternal abortion and miscarriage,112.97771460374705,184614.03645156985,0.0006119670896930132
Nepal,2005,Liver cancer due to NASH,19.62281647294703,184614.03645156985,0.00010629103209113094
Nepal,2005,Chronic kidney disease due to diabetes mellitus type 1,126.09927110126982,184614.03645156985,0.0006830427064214572
Nepal,2005,Chronic kidney disease due to diabetes mellitus type 2,405.82738229030946,184614.03645156985,0.002198247706895087
Nepal,2005,Pulmonary Arterial Hypertension,81.6029065842163,184614.03645156985,0.00044201897186524786
Nepal,2005,Hepatoblastoma,3.043954835475471,184614.03645156985,1.648820909819605e-05
Nepal,2005,Burkitt lymphoma,7.35376714661589,184614.03645156985,3.9833196261569296e-05
Nepal,2005,Other non-Hodgkin lymphoma,293.3022542025408,184614.03645156985,0.001588732145399374
Nepal,2005,Retinoblastoma,15.719348749805164,184614.03645156985,8.514709418603093e-05
Nepal,2005,Other eye cancers,5.206923676662125,184614.03645156985,2.820437587923098e-05
Nepal,2005,Soft tissue and other extraosseous sarcomas,92.45952107277128,184614.03645156985,0.0005008260631202133
Nepal,2005,Malignant neoplasm of bone and articular cartilage,147.89954980620362,184614.03645156985,0.0008011284117337545
Nepal,2005,Neuroblastoma and other peripheral nervous cell tumors,7.870383061693165,184614.03645156985,4.263155290338835e-05
Nepal,2005,Ulcerative colitis,65.60907276590198,184614.03645156985,0.0003553850727006521
Nepal,2005,Crohn's disease,11.311811786958977,184614.03645156985,6.127276129367566e-05
Nepal,2005,Total burden related to hepatitis B,2053.6049682918515,184614.03645156985,0.011123774810213727
Nepal,2005,Total burden related to hepatitis C,623.9189652177743,184614.03645156985,0.003379585741203639
Nepal,2005,Total burden related to Non-alcoholic fatty liver disease (NAFLD),101.8842373797548,184614.03645156985,0.0005518769825851366
Nepal,2005,Total cancers,9477.02099318835,184614.03645156985,0.051334238584152696
Nepal,2005,Thyroid diseases,12.063857495441535,184614.03645156985,6.534637196238473e-05
Nepal,2005,COVID-19,0.0,184614.03645156985,0.0
Nepal,2002,Silicosis,5.435437039121162,194896.55810052942,2.788883032155711e-05
Nepal,2002,Asbestosis,1.0154417270430962,194896.55810052942,5.210157310830097e-06
Nepal,2002,Coal workers pneumoconiosis,1.62104325826277,194896.55810052942,8.317454520805962e-06
Nepal,2002,Other pneumoconiosis,2.7972232355283966,194896.55810052942,1.4352348049602616e-05
Nepal,2002,Asthma,2741.733706022793,194896.55810052942,0.01406763532790857
Nepal,2002,Interstitial lung disease and pulmonary sarcoidosis,292.1912843135327,194896.55810052942,0.0014992121316109532
Nepal,2002,Other chronic respiratory diseases,292.88246290611266,194896.55810052942,0.0015027585184703017
Nepal,2002,Chronic hepatitis B including cirrhosis,1925.4394933336575,194896.55810052942,0.009879289363029686
Nepal,2002,Chronic hepatitis C including cirrhosis,519.7867009707353,194896.55810052942,0.0026669875858075674
Nepal,2002,Cirrhosis due to alcohol,1520.715828766093,194896.55810052942,0.007802681810223112
Nepal,2002,Cirrhosis due to other causes,669.907121888048,194896.55810052942,0.003437244497373339
Nepal,2002,Peptic ulcer disease,2622.6722338809527,194896.55810052942,0.013456739613267847
Nepal,2002,Gastritis and duodenitis,206.91591582112088,194896.55810052942,0.0010616704463010155
Nepal,2002,Appendicitis,354.46976959080524,194896.55810052942,0.001818758489351908
Nepal,2002,Paralytic ileus and intestinal obstruction,985.5414081806648,194896.55810052942,0.00505674095933656
Nepal,2002,"Inguinal, femoral, and abdominal hernia",273.1769471695437,194896.55810052942,0.0014016509569585963
Nepal,2002,Falls,2043.208917751476,194896.55810052942,0.010483555675198585
Nepal,2002,Drowning,2097.72947034777,194896.55810052942,0.01076329664716676
Nepal,2002,"Fire, heat, and hot substances",431.3524996222042,194896.55810052942,0.002213238159904849
Nepal,2002,Poisoning by carbon monoxide,271.63784343333555,194896.55810052942,0.0013937539281387529
Nepal,2002,Poisoning by other means,841.8579834330386,194896.55810052942,0.0043195118048149446
Nepal,2002,Unintentional firearm injuries,8.208255543303645,194896.55810052942,4.211595947769253e-05
Nepal,2002,Other exposure to mechanical forces,328.16148775183547,194896.55810052942,0.0016837726173828415
Nepal,2002,Adverse effects of medical treatment,766.3014171671932,194896.55810052942,0.003931836583650328
Nepal,2002,Venomous animal contact,629.0772553792674,194896.55810052942,0.003227749435445564
Nepal,2002,Non-venomous animal contact,18.5260029750378,194896.55810052942,9.505556771034366e-05
Nepal,2002,Pulmonary aspiration and foreign body in airway,42.04449571065096,194896.55810052942,0.00021572723561882518
Nepal,2002,Foreign body in other body part,2.8915360850485983,194896.55810052942,1.4836260389765927e-05
Nepal,2002,Other unintentional injuries,113.32079497701234,194896.55810052942,0.000581440719535747
Nepal,2002,Cystic echinococcosis,36.211666256619374,194896.55810052942,0.00018579941385081346
Nepal,2002,Dengue,264.0727728710204,194896.55810052942,0.0013549381038058623
Nepal,2002,Yellow fever,0.0,194896.55810052942,0.0
Nepal,2002,Rabies,645.6091781798639,194896.55810052942,0.0033125735234731685
Nepal,2002,Ascariasis,7.157502300402093,194896.55810052942,3.672462135893743e-05
Nepal,2002,Other neglected tropical diseases,36.721771970477434,194896.55810052942,0.0001884167289990622
Nepal,2004,Ulcerative colitis,65.49950938174061,187955.9747866559,0.00034848325229398775
Nepal,2004,Crohn's disease,11.11808351211564,187955.9747866559,5.91525942430694e-05
Nepal,2004,Total burden related to hepatitis B,2048.97762637685,187955.9747866559,0.010901370008070203
Nepal,2004,Total burden related to hepatitis C,616.1771793566193,187955.9747866559,0.003278305890813136
Nepal,2004,Total burden related to Non-alcoholic fatty liver disease (NAFLD),98.59784199413724,187955.9747866559,0.0005245794506189717
Nepal,2004,Total cancers,9326.966162217246,187955.9747866559,0.04962314272160835
Nepal,2004,Thyroid diseases,12.372914192031809,187955.9747866559,6.582878892823701e-05
Nepal,2004,COVID-19,0.0,187955.9747866559,0.0
Nepal,2002,Acute hepatitis B,63.0710050072714,194896.55810052942,0.000323612718572171
Nepal,2002,Acute hepatitis C,10.252717092663165,194896.55810052942,5.260594231415169e-05
Nepal,2002,Acute hepatitis E,8.427444586086066,194896.55810052942,4.324060244172765e-05
Nepal,2002,Other unspecified infectious diseases,664.3894375726237,194896.55810052942,0.003408933662286255
Nepal,2002,Esophageal cancer,543.3815657252617,194896.55810052942,0.0027880511129651686
Nepal,2002,Stomach cancer,1047.9730308528938,194896.55810052942,0.005377073053862448
Nepal,2002,Self-harm by firearm,399.2379646902152,194896.55810052942,0.002048460827534392
Nepal,2002,Total Cancers excluding Non-melanoma skin cancer,9010.681242682556,194896.55810052942,0.04623314711404377
Nepal,2002,Other direct maternal disorders,124.9474373408132,194896.55810052942,0.0006410961720338035
Nepal,2002,Other digestive diseases,505.27752165072343,194896.55810052942,0.002592542046792313
Nepal,2002,Self-harm by other specified means,2799.2975045187627,194896.55810052942,0.014362990972241077
Nepal,2002,Other benign and in situ neoplasms,61.253022691759206,194896.55810052942,0.00031428478413746195
Nepal,2002,Liver cancer due to hepatitis B,66.57462653369095,194896.55810052942,0.0003415895446411688
Nepal,2002,Liver cancer due to hepatitis C,69.46035142431857,194896.55810052942,0.00035639598821694064
Nepal,2002,Liver cancer due to alcohol use,59.8272998817376,194896.55810052942,0.0003069695045659972
Nepal,2002,Liver cancer due to other causes,8.03576266495818,194896.55810052942,4.1230911121648746e-05
Nepal,2002,Larynx cancer,287.8050965728982,194896.55810052942,0.0014767069227792403
Nepal,2002,"Tracheal, bronchus, and lung cancer",877.1301993282892,194896.55810052942,0.004500490967500091
Nepal,2002,Breast cancer,582.3652098616363,194896.55810052942,0.0029880733427895996
Nepal,2002,Cervical cancer,845.5312952646717,194896.55810052942,0.004338359299442009
Nepal,2002,Uterine cancer,55.590040256921974,194896.55810052942,0.00028522843501550257
Nepal,2002,Prostate cancer,274.7756820397756,194896.55810052942,0.0014098539487703203
Nepal,2002,Colon and rectum cancer,424.3245429052968,194896.55810052942,0.0021771782274699093
Nepal,2002,Lip and oral cavity cancer,585.7322390447404,194896.55810052942,0.0030053493235248125
Nepal,2002,Nasopharynx cancer,127.25574541111668,194896.55810052942,0.0006529399320919613
Nepal,2002,Other pharynx cancer,344.65788598319557,194896.55810052942,0.0017684144314412053
Nepal,2002,Gallbladder and biliary tract cancer,249.82977228399835,194896.55810052942,0.0012818583084219161
Nepal,2002,Pancreatic cancer,134.408267979401,194896.55810052942,0.0006896390028092337
Nepal,2002,Malignant skin melanoma,11.095916391435772,194896.55810052942,5.693233630997422e-05
Nepal,2002,Ovarian cancer,213.01010133663027,194896.55810052942,0.001092939266925164
Nepal,2002,Chronic kidney disease due to glomerulonephritis,227.85171231199269,194896.55810052942,0.001169090488475762
Nepal,2002,Chronic kidney disease due to other and unspecified causes,733.1197330151292,194896.55810052942,0.0037615837866001684
Nepal,2002,Urinary tract infections and interstitial nephritis,280.26548127359086,194896.55810052942,0.0014380217075410197
Nepal,2002,Urolithiasis,39.74128454254296,194896.55810052942,0.00020390962739344037
Nepal,2002,Other urinary diseases,297.21640714741204,194896.55810052942,0.0015249956697239626
Nepal,2002,Uterine fibroids,6.756244882615032,194896.55810052942,3.466579886510925e-05
Nepal,2002,Endometriosis,0.0493133466498322,194896.55810052942,2.530231787079376e-07
Nepal,2002,Genital prolapse,0.9782356016358528,194896.55810052942,5.019255399735022e-06
Nepal,2002,Other gynecological diseases,12.451606816902672,194896.55810052942,6.388828483302419e-05
Nepal,2002,Thalassemias,96.22006307302746,194896.55810052942,0.0004936981135572249
Nepal,2002,Sickle cell disorders,13.89405748591945,194896.55810052942,7.12893938268154e-05
Nepal,2002,G6PD deficiency,26.11906145337665,194896.55810052942,0.000134014995995487
Nepal,2002,Other hemoglobinopathies and hemolytic anemias,206.52200691474823,194896.55810052942,0.0010596493284823548
Nepal,2002,"Other endocrine, metabolic, blood, and immune disorders",46.14366231693424,194896.55810052942,0.00023675975998064017
Nepal,2002,Rheumatoid arthritis,83.8484448381399,194896.55810052942,0.00043022024429436104
Nepal,2002,Other musculoskeletal disorders,123.47596297893404,194896.55810052942,0.0006335461445924766
Nepal,2002,Neural tube defects,279.00189941907536,194896.55810052942,0.0014315383613658463
Nepal,2006,HIV/AIDS resulting in other diseases,985.3770274941838,181412.87594976148,0.005431681860151224
Nepal,2006,Testicular cancer,15.037788885538037,181412.87594976148,8.289262163344149e-05
Nepal,2006,Kidney cancer,82.19469875809587,181412.87594976148,0.0004530808429543776
Nepal,2006,Bladder cancer,124.57544375998188,181412.87594976148,0.0006866957105871606
Nepal,2006,Brain and central nervous system cancer,277.39703900422427,181412.87594976148,0.001529092340066554
Nepal,2006,Thyroid cancer,75.89360527856483,181412.87594976148,0.0004183474016451952
Nepal,2002,Maternal hemorrhage,966.4253212679956,194896.55810052942,0.004958657714055189
Nepal,2002,Maternal sepsis and other maternal infections,92.4589227000343,194896.55810052942,0.0004743999771014075
Nepal,2002,Maternal hypertensive disorders,157.32207249557848,194896.55810052942,0.0008072080596437743
Nepal,2002,Maternal obstructed labor and uterine rupture,120.1744943295307,194896.55810052942,0.000616606550165671
Nepal,2002,Ectopic pregnancy,0.2668974689509843,194896.55810052942,1.369431413013031e-06
Nepal,2002,Indirect maternal deaths,277.4765109380283,194896.55810052942,0.001423711704518165
Nepal,2002,Late maternal deaths,30.549627222818067,194896.55810052942,0.00015674790525064218
Nepal,2002,Neonatal preterm birth,3828.770738927547,194896.55810052942,0.019645142922188663
Nepal,2002,Neonatal encephalopathy due to birth asphyxia and trauma,7531.040785022818,194896.55810052942,0.03864122003190143
Nepal,2002,Neonatal sepsis and other neonatal infections,2694.320706381405,194896.55810052942,0.013824362690857014
Nepal,2002,Hemolytic disease and other neonatal jaundice,1603.7164388513622,194896.55810052942,0.008228551876345351
Nepal,2002,Other neonatal disorders,2295.2746575817628,194896.55810052942,0.011776886569735311
Nepal,2002,Protein-energy malnutrition,2816.4866168632734,194896.55810052942,0.014451187051802648
Nepal,2002,Other nutritional deficiencies,565.2299915266568,194896.55810052942,0.002900153789453306
Nepal,2002,Syphilis,589.7972081402781,194896.55810052942,0.003026206382957545
Nepal,2002,Chlamydial infection,7.617254301113645,194896.55810052942,3.90835752839955e-05
Nepal,2002,Gonococcal infection,2.5775718968099004,194896.55810052942,1.3225333078895961e-05
Nepal,2002,Other sexually transmitted infections,23.226886548038973,194896.55810052942,0.00011917545786549157
Nepal,2002,Acute hepatitis A,1043.6756602268808,194896.55810052942,0.005355023559156665
Nepal,2002,Vascular intestinal disorders,116.94479268616716,194896.55810052942,0.0006000351870033845
Nepal,2002,Gallbladder and biliary diseases,87.49101035863549,194896.55810052942,0.00044890998184537887
Nepal,2002,Pancreatitis,455.24650808806933,194896.55810052942,0.0023358365715891657
Nepal,2003,Diarrheal diseases,9419.136598721288,189802.3521475949,0.04962602671750211
Nepal,2003,Typhoid fever,2415.3307218153886,189802.3521475949,0.01272550468677632
Nepal,2003,Paratyphoid fever,494.081303819816,189802.3521475949,0.0026031358317182836
Nepal,2003,Other intestinal infectious diseases,2.7356162175143255,189802.3521475949,1.4412973214299493e-05
Nepal,2003,Lower respiratory infections,14812.062231090373,189802.3521475949,0.07803940290251069
Nepal,2003,Upper respiratory infections,78.37809924188348,189802.3521475949,0.00041294587951647073
Nepal,2003,Otitis media,4.9563179389233225,189802.3521475949,2.6113048035722812e-05
Nepal,2002,Conflict and terrorism,4431.515596654838,194896.55810052942,0.022737782749190583
Nepal,2002,Multidrug-resistant tuberculosis without extensive drug resistance,760.9071960254704,194896.55810052942,0.0039041592290869885
Nepal,2002,Extensively drug-resistant tuberculosis,12.324782921553576,194896.55810052942,6.323756069204845e-05
Nepal,2002,HIV/AIDS - Drug-susceptible Tuberculosis,211.98026026484575,194896.55810052942,0.0010876552276285166
Nepal,2002,HIV/AIDS - Multidrug-resistant Tuberculosis without extensive drug resistance,23.77192465691982,194896.55810052942,0.00012197200858035698
Nepal,2002,HIV/AIDS - Extensively drug-resistant Tuberculosis,0.385365731329394,194896.55810052942,1.9772834116989324e-06
Nepal,2002,Invasive Non-typhoidal Salmonella (iNTS),79.04962835944674,194896.55810052942,0.00040559786755532245
Nepal,2002,"Myelodysplastic, myeloproliferative, and other hematopoietic neoplasms",8.37674554630118,194896.55810052942,4.2980469372785835e-05
Nepal,2002,Non-rheumatic calcific aortic valve disease,65.34040944920967,194896.55810052942,0.00033525686695558006
Nepal,2002,Non-rheumatic degenerative mitral valve disease,42.069772895405,194896.55810052942,0.00021585693100698592
Nepal,2002,Other non-rheumatic valve diseases,0.9002749147932483,194896.55810052942,4.619244811541917e-06
Nepal,2002,Nonalcoholic fatty liver disease including cirrhosis,73.9786476986076,194896.55810052942,0.0003795790362826661
Nepal,2003,Meningitis,1123.1446407730298,189802.3521475949,0.005917443214295075
Nepal,2003,Encephalitis,603.5848934998352,189802.3521475949,0.0031800706717821543
Nepal,2003,Diphtheria,16.96328648377046,189802.3521475949,8.937342604995431e-05
Nepal,2003,Pertussis,858.5033110737346,189802.3521475949,0.004523143687946193
Nepal,2003,Tetanus,1099.5089519363846,189802.3521475949,0.00579291531161521
Nepal,2003,Measles,6155.748563679621,189802.3521475949,0.032432414530315
Nepal,2003,Varicella and herpes zoster,75.94940890954626,189802.3521475949,0.00040014998786994045
Nepal,2003,Malaria,116.34949088326196,189802.3521475949,0.0006130034194348961
Nepal,2003,Chagas disease,0.0,189802.3521475949,0.0
Nepal,2003,Visceral leishmaniasis,251.47076337441737,189802.3521475949,0.0013249085721491354
Nepal,2003,African trypanosomiasis,0.0,189802.3521475949,0.0
Nepal,2003,Schistosomiasis,0.0,189802.3521475949,0.0
Nepal,2003,Cysticercosis,2.709562133946855,189802.3521475949,1.4275703663776694e-05
Nepal,2003,Other cardiovascular and circulatory diseases,351.7895636010998,189802.3521475949,0.0018534520759128407
Nepal,2003,Chronic obstructive pulmonary disease,13309.222633765525,189802.3521475949,0.07012148418169208
Nepal,2006,Mesothelioma,9.78524084884804,181412.87594976148,5.393906467564e-05
Nepal,2006,Hodgkin lymphoma,98.48796708427146,181412.87594976148,0.0005428940287102094
Nepal,2006,Multiple myeloma,89.78134403716874,181412.87594976148,0.0004949006158858967
Nepal,2006,Other malignant neoplasms,458.1861262662895,181412.87594976148,0.0025256538372346545
Nepal,2006,Rheumatic heart disease,3764.210561609909,181412.87594976148,0.020749412311022116
Nepal,2006,Ischemic heart disease,14817.223334125125,181412.87594976148,0.08167680081444961
Nepal,2006,Ischemic stroke,5080.677721118622,181412.87594976148,0.02800615829785759
Nepal,2006,Intracerebral hemorrhage,6294.236930356513,181412.87594976148,0.03469564603616984
Nepal,2006,Subarachnoid hemorrhage,519.4354746332368,181412.87594976148,0.00286327787878234
Nepal,2006,Hypertensive heart disease,2144.6542593344884,181412.87594976148,0.011821951711566525
Nepal,2006,Atrial fibrillation and flutter,247.64963936038353,181412.87594976148,0.0013651161091176624
Nepal,2006,Aortic aneurysm,88.64362568990504,181412.87594976148,0.0004886291848129515
Nepal,2006,Lower extremity peripheral arterial disease,26.82580468011124,181412.87594976148,0.00014787155839776273
Nepal,2006,Endocarditis,110.87752581197012,181412.87594976148,0.0006111888433028058
Nepal,2003,Silicosis,5.576054567159919,189802.3521475949,2.9378216360690007e-05
Nepal,2003,Asbestosis,1.0705739225258866,189802.3521475949,5.640467098602563e-06
Nepal,2003,Coal workers pneumoconiosis,1.65909358001403,189802.3521475949,8.74116448632775e-06
Nepal,2003,Other pneumoconiosis,2.93439390665488,189802.3521475949,1.5460261021280834e-05
Nepal,2003,Asthma,2756.961780668734,189802.3521475949,0.01452543527239775
Nepal,2003,Interstitial lung disease and pulmonary sarcoidosis,302.517133342822,189802.3521475949,0.0015938534476515724
Nepal,2003,Other chronic respiratory diseases,296.0689670289122,189802.3521475949,0.0015598803896733683
Nepal,2003,Chronic hepatitis B including cirrhosis,1922.5327096100848,189802.3521475949,0.010129130054800779
Nepal,2003,Chronic hepatitis C including cirrhosis,527.7801710683633,189802.3521475949,0.0027806829846763366
Nepal,2003,Cirrhosis due to alcohol,1546.7532287474892,189802.3521475949,0.008149283774653626
Nepal,2003,Cirrhosis due to other causes,667.0171099095077,189802.3521475949,0.0035142720960107967
Nepal,2003,Peptic ulcer disease,2533.608241261759,189802.3521475949,0.013348666191931929
Nepal,2003,Gastritis and duodenitis,202.9176685726675,189802.3521475949,0.0010690998624446645
Nepal,2003,Appendicitis,343.23210906832617,189802.3521475949,0.0018083659405939319
Nepal,2003,Paralytic ileus and intestinal obstruction,968.6621546025584,189802.3521475949,0.005103530823734488
Nepal,2003,"Inguinal, femoral, and abdominal hernia",262.6979125170959,189802.3521475949,0.0013840603635555352
Nepal,2002,Diabetes mellitus type 1,179.67451729576734,194896.55810052942,0.0009218968207898756
Nepal,2002,Diabetes mellitus type 2,2749.691617667289,194896.55810052942,0.014108466791132212
Nepal,2006,Congenital heart anomalies,1424.8739031792998,181412.87594976148,0.007854315167650443
Nepal,2006,Orofacial clefts,44.507806199190235,181412.87594976148,0.00024533984132149334
Nepal,2006,Down syndrome,42.0361278120324,181412.87594976148,0.0002317152384689245
Nepal,2006,Other chromosomal abnormalities,36.6167177835891,181412.87594976148,0.00020184189017393307
Nepal,2006,Congenital musculoskeletal and limb anomalies,33.1434877883977,181412.87594976148,0.00018269644651670755
Nepal,2006,Urogenital congenital anomalies,41.61835899965649,181412.87594976148,0.00022941237650177506
Nepal,2006,Digestive congenital anomalies,243.42306938482025,181412.87594976148,0.001341818038606208
Nepal,2006,Other congenital birth defects,3.2489755625757226,181412.87594976148,1.7909288663035465e-05
Nepal,2006,Cellulitis,0.2994983846119062,181412.87594976148,1.650921319911416e-06
Nepal,2006,Pyoderma,0.6739216368371845,181412.87594976148,3.714850080563262e-06
Nepal,2006,Decubitus ulcer,1.5849676178064849,181412.87594976148,8.736797812771617e-06
Nepal,2006,Other skin and subcutaneous diseases,1.5831812168914532,181412.87594976148,8.726950656633007e-06
Nepal,2006,Sudden infant death syndrome,366.5634003128174,181412.87594976148,0.0020206029941024113
Nepal,2006,Pedestrian road injuries,768.0500910907875,181412.87594976148,0.0042337132194711635
Nepal,2006,Cyclist road injuries,81.79347979148744,181412.87594976148,0.0004508692085017077
Nepal,2006,Motorcyclist road injuries,383.50932249290815,181412.87594976148,0.002114013795796463
Nepal,2003,Falls,2065.8750015397773,189802.3521475949,0.010884348787908081
Nepal,2003,Drowning,2044.8826730459425,189802.3521475949,0.010773747795579436
Nepal,2003,"Fire, heat, and hot substances",449.5126262108793,189802.3521475949,0.0023683195762575554
Nepal,2003,Poisoning by carbon monoxide,275.8033087863083,189802.3521475949,0.001453107960284059
Nepal,2003,Poisoning by other means,829.5367979589832,189802.3521475949,0.004370529598673863
Nepal,2003,Unintentional firearm injuries,7.411900306988169,189802.3521475949,3.905062409987678e-05
Nepal,2003,Other exposure to mechanical forces,319.77882567945323,189802.3521475949,0.0016847990662981114
Nepal,2003,Adverse effects of medical treatment,751.3100753311476,189802.3521475949,0.003958381267830183
Nepal,2003,Venomous animal contact,625.4092232954647,189802.3521475949,0.003295055178289526
Nepal,2003,Non-venomous animal contact,18.469364124142803,189802.3521475949,9.730840484938025e-05
Nepal,2003,Pulmonary aspiration and foreign body in airway,41.53735350843853,189802.3521475949,0.00021884530427809492
Nepal,2003,Foreign body in other body part,2.9023564014082144,189802.3521475949,1.5291466984304135e-05
Nepal,2003,Other unintentional injuries,111.1069675058769,189802.3521475949,0.0005853824583768985
Nepal,2006,Motor vehicle road injuries,579.5666276020512,181412.87594976148,0.003194738105373238
Nepal,2006,Other road injuries,11.1197763752011,181412.87594976148,6.129540870230452e-05
Nepal,2006,Other transport injuries,248.87133160700324,181412.87594976148,0.0013718504284994798
Nepal,2006,Maternal abortion and miscarriage,77.3511865135672,181412.87594976148,0.0004263820090421145
Nepal,2006,Liver cancer due to NASH,19.97508419554157,181412.87594976148,0.00011010841480222856
Nepal,2006,Chronic kidney disease due to diabetes mellitus type 1,125.9016577324364,181412.87594976148,0.000694006183813007
Nepal,2006,Chronic kidney disease due to diabetes mellitus type 2,403.62801590927114,181412.87594976148,0.002224913825968161
Nepal,2006,Pulmonary Arterial Hypertension,81.33069421133327,181412.87594976148,0.00044831820115048566
Nepal,2006,Hepatoblastoma,3.205907642361138,181412.87594976148,1.767188588779634e-05
Nepal,2006,Burkitt lymphoma,7.532144923758713,181412.87594976148,4.1519351282676226e-05
Nepal,2006,Other non-Hodgkin lymphoma,303.6423419999339,181412.87594976148,0.0016737640060566666
Nepal,2006,Retinoblastoma,16.471522724394745,181412.87594976148,9.079577531727235e-05
Nepal,2006,Other eye cancers,5.247822008363444,181412.87594976148,2.8927505729068092e-05
Nepal,2006,Soft tissue and other extraosseous sarcomas,95.16947622799174,181412.87594976148,0.0005246015517352084
Nepal,2006,Malignant neoplasm of bone and articular cartilage,155.4578216507486,181412.87594976148,0.0008569282683870764
Nepal,2006,Neuroblastoma and other peripheral nervous cell tumors,8.438349259058311,181412.87594976148,4.651461047007014e-05
Nepal,2002,Alzheimer's disease and other dementias,948.6770670137148,194896.55810052942,0.004867592718206848
Nepal,2002,Parkinson's disease,327.63492551260975,194896.55810052942,0.0016810708650052849
Nepal,2002,Idiopathic epilepsy,809.774869871683,194896.55810052942,0.004154895693201486
Nepal,2002,Multiple sclerosis,2.494869289815353,194896.55810052942,1.280099204485939e-05
Nepal,2002,Motor neuron disease,2.6659750071219106,194896.55810052942,1.3678922978961878e-05
Nepal,2002,Other neurological disorders,8.093901823035274,194896.55810052942,4.1529218893954844e-05
Nepal,2002,Alcohol use disorders,188.0772544651192,194896.55810052942,0.0009650106512815236
Nepal,2002,Opioid use disorders,32.315660649514896,194896.55810052942,0.000165809293732351
Nepal,2002,Cocaine use disorders,6.0862922535704,194896.55810052942,3.122832087384034e-05
Nepal,2002,Amphetamine use disorders,0.8723102738330265,194896.55810052942,4.475760281939309e-06
Nepal,2002,Other drug use disorders,8.124530347660798,194896.55810052942,4.1686371616014335e-05
Nepal,2002,Anorexia nervosa,0.008225025572008,194896.55810052942,4.2202005269715726e-08
Nepal,2002,Acute glomerulonephritis,6.803229220800391,194896.55810052942,3.490687207154897e-05
Nepal,2002,Chronic kidney disease due to hypertension,289.29232297806846,194896.55810052942,0.0014843377728038112
Nepal,2003,Self-harm by firearm,400.05049503143744,189802.3521475949,0.002107721482399483
Nepal,2003,Total Cancers excluding Non-melanoma skin cancer,9186.660022130463,189802.3521475949,0.048401191651127135
Nepal,2003,Other direct maternal disorders,140.66775512789016,189802.3521475949,0.0007411275652606428
Nepal,2003,Other digestive diseases,494.6434728847951,189802.3521475949,0.0026060976973570293
Nepal,2003,Self-harm by other specified means,2860.0998548103157,189802.3521475949,0.015068832511549871
Nepal,2003,Other benign and in situ neoplasms,61.7288828545966,189802.3521475949,0.000325227175301783
Nepal,2006,Ulcerative colitis,66.34447621227517,181412.87594976148,0.00036570985309029494
Nepal,2006,Crohn's disease,11.622382253199383,181412.87594976148,6.406591699928708e-05
Nepal,2006,Total burden related to hepatitis B,2070.7869099934965,181412.87594976148,0.011414773615997123
Nepal,2006,Total burden related to hepatitis C,632.6913372776442,181412.87594976148,0.0034875767994155763
Nepal,2006,Total burden related to Non-alcoholic fatty liver disease (NAFLD),105.43930399512406,181412.87594976148,0.0005812117990143284
Nepal,2006,Total cancers,9573.575911690308,181412.87594976148,0.05277230660486035
Nepal,2006,Thyroid diseases,11.84672299013623,181412.87594976148,6.530254772774197e-05
Nepal,2006,COVID-19,0.0,181412.87594976148,0.0
Nepal,2002,Physical violence by firearm,38.92551986354264,194896.55810052942,0.0001997239984272298
Nepal,2002,Physical violence by sharp object,31.64986516993413,194896.55810052942,0.0001623931457712498
Nepal,2002,Physical violence by other means,461.0337958959385,194896.55810052942,0.002365530722498101
Nepal,2002,Exposure to forces of nature,471.9730280870959,194896.55810052942,0.0024216591236241734
Nepal,2002,Maternal deaths aggravated by HIV/AIDS,0.6036347676787401,194896.55810052942,3.0972058899438326e-06
Nepal,2002,Environmental heat and cold exposure,117.7063230946331,194896.55810052942,0.0006039425438899702
Nepal,2002,Ebola,0.0,194896.55810052942,0.0
Nepal,2002,Acute lymphoid leukemia,195.7259571956434,194896.55810052942,0.0010042555861591263
Nepal,2002,Chronic lymphoid leukemia,12.616055684076354,194896.55810052942,6.473205995546047e-05
Nepal,2002,Acute myeloid leukemia,110.38386761481934,194896.55810052942,0.0005663715598193496
Nepal,2002,Chronic myeloid leukemia,92.84397308231236,194896.55810052942,0.00047637564248016425
Nepal,2002,Non-melanoma skin cancer (squamous-cell carcinoma),37.83567518661,194896.55810052942,0.00019413208501657588
Nepal,2002,Police conflict and executions,0.0553617166349121,194896.55810052942,2.840569231928458e-07
Nepal,2002,Drug-susceptible tuberculosis,8375.203760370867,194896.55810052942,0.04297255858182401
Nepal,2002,Zika virus,0.0,194896.55810052942,0.0
Nepal,2002,Alcoholic cardiomyopathy,32.38252225558883,194896.55810052942,0.00016615235574804574
Nepal,2002,Electrocution,59.36609398766963,194896.55810052942,0.0003046030908203523
Nepal,2002,Myocarditis,99.4945081018888,194896.55810052942,0.0005104990517614407
Nepal,2002,Other leukemia,101.52874992053374,194896.55810052942,0.0005209365979062816
Nepal,2002,Other cardiomyopathy,652.3030807886,194896.55810052942,0.0033469194486858826
Nepal,2003,Acute hepatitis B,66.24873796163074,189802.3521475949,0.00034904065841140955
Nepal,2003,Acute hepatitis C,10.996340462977216,189802.3521475949,5.79357438859672e-05
Nepal,2003,Acute hepatitis E,8.863235315314439,189802.3521475949,4.669718375472066e-05
Nepal,2003,Other unspecified infectious diseases,625.6726730931967,189802.3521475949,0.0032964432000645518
Nepal,2003,Esophageal cancer,562.7468169470793,189802.3521475949,0.0029649096050689285
Nepal,2003,Stomach cancer,1067.5043360184638,189802.3521475949,0.0056242945566256555
Nepal,2004,Diarrheal diseases,8785.871435981284,187955.9747866559,0.046744305127591215
Nepal,2004,Typhoid fever,2295.150345104258,187955.9747866559,0.012211106072629112
Nepal,2004,Paratyphoid fever,470.3536687217455,187955.9747866559,0.0025024672360409515
Nepal,2004,Other intestinal infectious diseases,2.6890130679346154,187955.9747866559,1.4306611274192515e-05
Nepal,2004,Lower respiratory infections,14038.549435077655,187955.9747866559,0.07469062609482066
Nepal,2004,Upper respiratory infections,75.97852810832292,187955.9747866559,0.0004042357695442469
Nepal,2004,Otitis media,4.628648395485493,187955.9747866559,2.462623707886571e-05
Nepal,2003,Liver cancer due to hepatitis B,68.42818572482132,189802.3521475949,0.0003605233810359205
Nepal,2003,Liver cancer due to hepatitis C,70.92786640034912,189802.3521475949,0.000373693295145225
Nepal,2003,Liver cancer due to alcohol use,61.62375007163422,189802.3521475949,0.0003246732686627303
Nepal,2003,Liver cancer due to other causes,8.222325897224776,189802.3521475949,4.332046365174071e-05
Nepal,2003,Larynx cancer,292.52458898246715,189802.3521475949,0.0015412063426642518
Nepal,2003,"Tracheal, bronchus, and lung cancer",897.0494489098504,189802.3521475949,0.004726229357854759
Nepal,2003,Breast cancer,601.7507170401296,189802.3521475949,0.003170407058876666
Nepal,2003,Cervical cancer,847.7225529076513,189802.3521475949,0.0044663437692723735
Nepal,2003,Uterine cancer,56.389888110109965,189802.3521475949,0.000297097941474718
Nepal,2003,Prostate cancer,281.3170777847082,189802.3521475949,0.0014821580164925945
Nepal,2003,Colon and rectum cancer,435.8264463792746,189802.3521475949,0.002296212040830587
Nepal,2003,Lip and oral cavity cancer,596.9585086737595,189802.3521475949,0.0031451586448704816
Nepal,2003,Nasopharynx cancer,129.1708041358102,189802.3521475949,0.0006805542854145656
Nepal,2003,Other pharynx cancer,356.67000228319426,189802.3521475949,0.0018791653435666542
Nepal,2003,Gallbladder and biliary tract cancer,257.895644336179,189802.3521475949,0.0013587589480220617
Nepal,2003,Pancreatic cancer,138.34036028737086,189802.3521475949,0.0007288653629528997
Nepal,2003,Malignant skin melanoma,11.367809244119764,189802.3521475949,5.989287864715122e-05
Nepal,2003,Ovarian cancer,222.0324019950955,189802.3521475949,0.0011698084848940004
Nepal,2003,Chronic kidney disease due to glomerulonephritis,231.2367180917579,189802.3521475949,0.0012183027000210336
Nepal,2003,Chronic kidney disease due to other and unspecified causes,741.5100732943658,189802.3521475949,0.0039067485987620935
Nepal,2003,Urinary tract infections and interstitial nephritis,284.41640477913734,189802.3521475949,0.0014984872503474996
Nepal,2004,Meningitis,1111.0346017409522,187955.9747866559,0.005911142771609467
Nepal,2004,Encephalitis,567.692410130963,187955.9747866559,0.003020347774394171
Nepal,2004,Diphtheria,13.722009513457245,187955.9747866559,7.300650872648636e-05
Nepal,2004,Pertussis,709.7460443541609,187955.9747866559,0.003776129198126188
Nepal,2004,Tetanus,921.0800157830028,187955.9747866559,0.0049005093710295594
Nepal,2004,Measles,5592.201716322667,187955.9747866559,0.029752721203304314
Nepal,2004,Varicella and herpes zoster,73.75637204326668,187955.9747866559,0.00039241302186315537
Nepal,2004,Malaria,74.33028862695063,187955.9747866559,0.00039546648469845707
Nepal,2004,Chagas disease,0.0,187955.9747866559,0.0
Nepal,2004,Visceral leishmaniasis,224.44252506489116,187955.9747866559,0.0011941228541399135
Nepal,2004,African trypanosomiasis,0.0,187955.9747866559,0.0
Nepal,2004,Schistosomiasis,0.0,187955.9747866559,0.0
Nepal,2004,Cysticercosis,2.528680786386504,187955.9747866559,1.3453580229395453e-05
Nepal,2004,Other cardiovascular and circulatory diseases,362.8113090969713,187955.9747866559,0.001930299419897608
Nepal,2004,Chronic obstructive pulmonary disease,13635.035077694976,187955.9747866559,0.07254377038650547
Nepal,2003,Cystic echinococcosis,33.933597039941006,189802.3521475949,0.0001787838593989258
Nepal,2003,Dengue,269.1372144664393,189802.3521475949,0.0014179867184003687
Nepal,2003,Yellow fever,0.0,189802.3521475949,0.0
Nepal,2003,Rabies,618.0332292937404,189802.3521475949,0.003256193731535755
Nepal,2003,Ascariasis,6.324181505671985,189802.3521475949,3.331982683098757e-05
Nepal,2003,Other neglected tropical diseases,37.05715742631934,189802.3521475949,0.00019524077023820442
Nepal,2004,Silicosis,5.716754281011452,187955.9747866559,3.0415390026842172e-05
Nepal,2004,Asbestosis,1.1446177087091838,187955.9747866559,6.0898181609199205e-06
Nepal,2004,Coal workers pneumoconiosis,1.6825220349050194,187955.9747866559,8.95168156699891e-06
Nepal,2004,Other pneumoconiosis,3.063271707709599,187955.9747866559,1.629781501325851e-05
Nepal,2004,Asthma,2778.9256439621495,187955.9747866559,0.014784981680504907
Nepal,2004,Interstitial lung disease and pulmonary sarcoidosis,313.6697634976906,187955.9747866559,0.001668846993843794
Nepal,2004,Other chronic respiratory diseases,299.49772216927647,187955.9747866559,0.0015934461381673492
Nepal,2004,Chronic hepatitis B including cirrhosis,1912.4578500489192,187955.9747866559,0.010175030893376506
Nepal,2004,Chronic hepatitis C including cirrhosis,532.779854755446,187955.9747866559,0.002834599194626247
Nepal,2004,Cirrhosis due to alcohol,1565.3013768826434,187955.9747866559,0.008328021381918705
Nepal,2004,Cirrhosis due to other causes,659.2536615990703,187955.9747866559,0.0035074897850274384
Nepal,2004,Peptic ulcer disease,2449.406182634679,187955.9747866559,0.013031808035977248
Nepal,2004,Gastritis and duodenitis,198.63892014353635,187955.9747866559,0.0010568374874435698
Nepal,2004,Appendicitis,333.15647285604246,187955.9747866559,0.001772523981928215
Nepal,2004,Paralytic ileus and intestinal obstruction,954.1107721860278,187955.9747866559,0.005076246037238321
Nepal,2004,"Inguinal, femoral, and abdominal hernia",253.36992538233153,187955.9747866559,0.0013480280457693636
Nepal,2003,Urolithiasis,40.04705498163972,189802.3521475949,0.00021099345992560807
Nepal,2003,Other urinary diseases,299.416821662367,189802.3521475949,0.001577519025841857
Nepal,2003,Uterine fibroids,7.31685704741092,189802.3521475949,3.854987551324525e-05
Nepal,2003,Endometriosis,0.0577481136036833,189802.3521475949,3.0425394074556553e-07
Nepal,2003,Genital prolapse,1.0595711643805388,189802.3521475949,5.582497542267498e-06
Nepal,2003,Other gynecological diseases,13.41315707085082,189802.3521475949,7.066907716939369e-05
Nepal,2003,Thalassemias,87.6583111277561,189802.3521475949,0.00046183996212855605
Nepal,2003,Sickle cell disorders,12.747422083314486,189802.3521475949,6.716156011281557e-05
Nepal,2003,G6PD deficiency,24.301056134137188,189802.3521475949,0.00012803348251048068
Nepal,2003,Other hemoglobinopathies and hemolytic anemias,189.07922337701572,189802.3521475949,0.0009961900958423483
Nepal,2003,"Other endocrine, metabolic, blood, and immune disorders",43.77578449658927,189802.3521475949,0.00023063878819872663
Nepal,2003,Rheumatoid arthritis,84.1685576581727,189802.3521475949,0.0004434537122739195
Nepal,2003,Other musculoskeletal disorders,125.3681758589074,189802.3521475949,0.000660519611271298
Nepal,2003,Neural tube defects,268.1846067372504,189802.3521475949,0.001412967772542163
Nepal,2003,Maternal hemorrhage,924.7763557388324,189802.3521475949,0.00487231240959387
Nepal,2003,Maternal sepsis and other maternal infections,83.76708619379436,189802.3521475949,0.0004413385042175612
Nepal,2003,Maternal hypertensive disorders,185.607414203308,189802.3521475949,0.0009778983879977165
Nepal,2003,Maternal obstructed labor and uterine rupture,114.9918259237523,189802.3521475949,0.0006058503734154562
Nepal,2003,Ectopic pregnancy,0.283911693863667,189802.3521475949,1.4958281109334746e-06
Nepal,2003,Indirect maternal deaths,154.67313975809185,189802.3521475949,0.0008149168754126622
Nepal,2003,Late maternal deaths,28.990562691533775,189802.3521475949,0.00015274079780101994
Nepal,2003,Neonatal preterm birth,3654.1927307594456,189802.3521475949,0.019252620894380998
Nepal,2003,Neonatal encephalopathy due to birth asphyxia and trauma,7336.047370384656,189802.3521475949,0.038650982389722796
Nepal,2003,Neonatal sepsis and other neonatal infections,2612.410847631288,189802.3521475949,0.01376384864608956
Nepal,2003,Hemolytic disease and other neonatal jaundice,1512.43237610676,189802.3521475949,0.007968459605446069
Nepal,2003,Other neonatal disorders,2152.621543052629,189802.3521475949,0.01134138496544394
Nepal,2003,Protein-energy malnutrition,2580.011667141609,189802.3521475949,0.013593149072964751
Nepal,2003,Other nutritional deficiencies,535.7415168566575,189802.3521475949,0.0028226284384508154
Nepal,2003,Syphilis,555.3345161935744,189802.3521475949,0.002925856871161074
Nepal,2003,Chlamydial infection,7.35579640307473,189802.3521475949,3.8755032905781294e-05
Nepal,2003,Gonococcal infection,2.4680750545987205,189802.3521475949,1.3003395514716727e-05
Nepal,2003,Other sexually transmitted infections,22.381384533823756,189802.3521475949,0.00011791942660657572
Nepal,2003,Acute hepatitis A,1031.2321861934367,189802.3521475949,0.005433189707741481
Nepal,2003,Vascular intestinal disorders,118.30906726812704,189802.3521475949,0.0006233277192272467
Nepal,2003,Gallbladder and biliary diseases,87.3327537382071,189802.3521475949,0.0004601247178975687
Nepal,2003,Pancreatitis,451.9300433740222,189802.3521475949,0.0023810560736496587
Nepal,2004,Falls,2074.403939004901,187955.9747866559,0.011036648030792875
Nepal,2004,Drowning,1987.416506044288,187955.9747866559,0.010573840540584861
Nepal,2004,"Fire, heat, and hot substances",465.2128752701369,187955.9747866559,0.0024751161850438026
Nepal,2004,Poisoning by carbon monoxide,272.2535330012549,187955.9747866559,0.001448496294466207
Nepal,2004,Poisoning by other means,800.7922663280494,187955.9747866559,0.004260531048491588
Nepal,2004,Unintentional firearm injuries,6.684454429797985,187955.9747866559,3.556393691334017e-05
Nepal,2004,Other exposure to mechanical forces,310.04324077019163,187955.9747866559,0.0016495524610064347
Nepal,2004,Adverse effects of medical treatment,737.5116487366876,187955.9747866559,0.003923853176648513
Nepal,2004,Venomous animal contact,621.5539883787445,187955.9747866559,0.0033069126378358275
Nepal,2004,Non-venomous animal contact,18.25295344828146,187955.9747866559,9.711291949617419e-05
Nepal,2004,Pulmonary aspiration and foreign body in airway,40.861889312769534,187955.9747866559,0.00021740138539969714
Nepal,2004,Foreign body in other body part,2.891008459092407,187955.9747866559,1.5381306512729474e-05
Nepal,2004,Other unintentional injuries,107.99187708130832,187955.9747866559,0.0005745594265033989
Nepal,2004,Self-harm by firearm,401.67183234044785,187955.9747866559,0.002137052747572273
Nepal,2004,Total Cancers excluding Non-melanoma skin cancer,9287.022038920815,187955.9747866559,0.049410624213794115
Nepal,2004,Other direct maternal disorders,150.62671872764085,187955.9747866559,0.0008013936183652234
Nepal,2004,Other digestive diseases,484.94782378769054,187955.9747866559,0.0025801139034720374
Nepal,2004,Self-harm by other specified means,2922.3430049402305,187955.9747866559,0.015548018669038367
Nepal,2004,Other benign and in situ neoplasms,62.02271124224881,187955.9747866559,0.00032998531338335603
Nepal,2003,Alzheimer's disease and other dementias,983.312670207658,189802.3521475949,0.005180719095846664
Nepal,2003,Parkinson's disease,340.7313105800661,189802.3521475949,0.0017951901371333122
Nepal,2003,Idiopathic epilepsy,816.0606258264953,189802.3521475949,0.004299528517917981
Nepal,2003,Multiple sclerosis,2.591762856643885,189802.3521475949,1.3655061843640732e-05
Nepal,2003,Motor neuron disease,2.8167175811885077,189802.3521475949,1.4840266989937827e-05
Nepal,2003,Other neurological disorders,8.490206323440056,189802.3521475949,4.473182880704168e-05
Nepal,2003,Alcohol use disorders,184.20506862761735,189802.3521475949,0.0009705099359589339
Nepal,2003,Opioid use disorders,31.83252927522228,189802.3521475949,0.00016771409266028766
Nepal,2003,Cocaine use disorders,6.083776562986371,189802.3521475949,3.2053220068924536e-05
Nepal,2003,Amphetamine use disorders,0.8930974538218888,189802.3521475949,4.705407723964319e-06
Nepal,2003,Other drug use disorders,8.15547217499145,189802.3521475949,4.296823554983954e-05
Nepal,2003,Anorexia nervosa,0.0092802221737796,189802.3521475949,4.8894136815349234e-08
Nepal,2003,Acute glomerulonephritis,6.637077732861269,189802.3521475949,3.496836397317203e-05
Nepal,2003,Chronic kidney disease due to hypertension,293.8897074839631,189802.3521475949,0.0015483986587027506
Nepal,2005,Diarrheal diseases,8583.55818355822,184614.03645156985,0.04649461302369585
Nepal,2005,Typhoid fever,2467.489801440979,184614.03645156985,0.013365667361312911
Nepal,2005,Paratyphoid fever,500.8602304813552,184614.03645156985,0.0027130127270292735
Nepal,2005,Other intestinal infectious diseases,2.846161586170165,184614.03645156985,1.541682117392414e-05
Nepal,2005,Lower respiratory infections,13885.790786502645,184614.03645156985,0.0752152493569758
Nepal,2005,Upper respiratory infections,78.24973853287507,184614.03645156985,0.00042385584561660603
Nepal,2005,Otitis media,4.409830617115272,184614.03645156985,2.388675694370678e-05
Nepal,2003,Conflict and terrorism,1731.9867673558406,189802.3521475949,0.009125212347257982
Nepal,2003,Multidrug-resistant tuberculosis without extensive drug resistance,744.7008221534031,189802.3521475949,0.003923559501382289
Nepal,2003,Extensively drug-resistant tuberculosis,13.28029966849222,189802.3521475949,6.996909953025838e-05
Nepal,2003,HIV/AIDS - Drug-susceptible Tuberculosis,259.9699475982417,189802.3521475949,0.0013696877022687408
Nepal,2003,HIV/AIDS - Multidrug-resistant Tuberculosis without extensive drug resistance,30.12084252575977,189802.3521475949,0.00015869583377100128
Nepal,2003,HIV/AIDS - Extensively drug-resistant Tuberculosis,0.5371811410705495,189802.3521475949,2.8302132981619974e-06
Nepal,2003,Invasive Non-typhoidal Salmonella (iNTS),79.38012974574809,189802.3521475949,0.0004182252161133397
Nepal,2003,"Myelodysplastic, myeloproliferative, and other hematopoietic neoplasms",8.699967909835111,189802.3521475949,4.5836986799140434e-05
Nepal,2003,Non-rheumatic calcific aortic valve disease,68.9813898040952,189802.3521475949,0.0003634380134048792
Nepal,2003,Non-rheumatic degenerative mitral valve disease,43.71381886794998,189802.3521475949,0.00023031231369544387
Nepal,2003,Other non-rheumatic valve diseases,0.9522935763067288,189802.3521475949,5.017290700202715e-06
Nepal,2003,Nonalcoholic fatty liver disease including cirrhosis,76.83295634943411,189802.3521475949,0.00040480508002180575
Nepal,2003,Diabetes mellitus type 1,183.24651236896085,189802.3521475949,0.0009654596494487272
Nepal,2003,Diabetes mellitus type 2,2905.0372882021347,189802.3521475949,0.015305591607964412
Nepal,2003,Physical violence by firearm,40.71264503068912,189802.3521475949,0.00021450021335367846
Nepal,2003,Physical violence by sharp object,33.14358638853529,189802.3521475949,0.0001746215787819217
Nepal,2003,Physical violence by other means,476.2635233415908,189802.3521475949,0.0025092603856207048
Nepal,2003,Exposure to forces of nature,238.98634261189827,189802.3521475949,0.0012591326709484438
Nepal,2003,Maternal deaths aggravated by HIV/AIDS,0.6293766566523066,189802.3521475949,3.3159581508393954e-06
Nepal,2003,Environmental heat and cold exposure,80.72824539085812,189802.3521475949,0.0004253279502462745
Nepal,2003,Ebola,0.0,189802.3521475949,0.0
Nepal,2003,Acute lymphoid leukemia,193.5062733483947,189802.3521475949,0.001019514622231444
Nepal,2003,Chronic lymphoid leukemia,12.772820137495838,189802.3521475949,6.729537328158812e-05
Nepal,2003,Acute myeloid leukemia,112.00049137949404,189802.3521475949,0.0005900901127526583
Nepal,2003,Chronic myeloid leukemia,91.98665391036322,189802.3521475949,0.00048464443601221635
Nepal,2003,Non-melanoma skin cancer (squamous-cell carcinoma),39.04024932580487,189802.3521475949,0.00020568896477872006
Nepal,2003,Police conflict and executions,0.0553934522690891,189802.3521475949,2.918480811344941e-07
Nepal,2003,Drug-susceptible tuberculosis,7933.351894778697,189802.3521475949,0.04179796406637538
Nepal,2003,Zika virus,0.0,189802.3521475949,0.0
Nepal,2003,Alcoholic cardiomyopathy,33.59525910798359,189802.3521475949,0.00017700127910880208
Nepal,2005,Meningitis,1144.5240887772854,184614.03645156985,0.006199550753431095
Nepal,2005,Encephalitis,580.7653212693112,184614.03645156985,0.0031458351295063336
Nepal,2005,Diphtheria,13.248338913531349,184614.03645156985,7.176235983013572e-05
Nepal,2005,Pertussis,754.1897347990118,184614.03645156985,0.004085224229398505
Nepal,2005,Tetanus,807.5345680717785,184614.03645156985,0.0043741775197229955
Nepal,2005,Measles,2238.1909971095383,184614.03645156985,0.012123623101088997
Nepal,2005,Varicella and herpes zoster,77.25329636535365,184614.03645156985,0.00041845841112747486
Nepal,2005,Malaria,89.19960377679719,184614.03645156985,0.00048316804881841743
Nepal,2005,Chagas disease,0.0,184614.03645156985,0.0
Nepal,2005,Visceral leishmaniasis,225.83545473081736,184614.03645156985,0.0012232843128916755
Nepal,2005,African trypanosomiasis,0.0,184614.03645156985,0.0
Nepal,2005,Schistosomiasis,0.0,184614.03645156985,0.0
Nepal,2005,Cysticercosis,2.426006739399193,184614.03645156985,1.3140965801024626e-05
Nepal,2005,Other cardiovascular and circulatory diseases,375.6846058345499,184614.03645156985,0.002034973142105064
Nepal,2005,Chronic obstructive pulmonary disease,13949.756344287023,184614.03645156985,0.07556173199184933
Nepal,2003,Electrocution,53.82643771582842,189802.3521475949,0.00028359204776330524
Nepal,2003,Myocarditis,97.4571962097049,189802.3521475949,0.0005134667463652918
Nepal,2003,Other leukemia,104.22728133284323,189802.3521475949,0.0005491358782097367
Nepal,2003,Other cardiomyopathy,678.6843734861383,189802.3521475949,0.003575742691314894
Nepal,2007,HIV/AIDS resulting in other diseases,1084.752996268116,179639.23475364794,0.006038508223193641
Nepal,2007,Testicular cancer,15.752552774255411,179639.23475364794,8.768993475093572e-05
Nepal,2007,Kidney cancer,86.06682541503271,179639.23475364794,0.0004791092855247478
Nepal,2007,Bladder cancer,124.49908864531116,179639.23475364794,0.0006930506513014577
Nepal,2007,Brain and central nervous system cancer,284.3669737811219,179639.23475364794,0.0015829892293356435
Nepal,2007,Thyroid cancer,76.95361782823248,179639.23475364794,0.00042837867759659774
Nepal,2005,Silicosis,5.876285168462896,184614.03645156985,3.1830110436940875e-05
Nepal,2005,Asbestosis,1.2214340320738564,184614.03645156985,6.616149321854395e-06
Nepal,2005,Coal workers pneumoconiosis,1.71216512951904,184614.03645156985,9.274295510938551e-06
Nepal,2005,Other pneumoconiosis,3.1851419078948138,184614.03645156985,1.7252977991900297e-05
Nepal,2005,Asthma,2817.7048956439194,184614.03645156985,0.01526267964128011
Nepal,2005,Interstitial lung disease and pulmonary sarcoidosis,327.5358008246435,184614.03645156985,0.0017741652104040669
Nepal,2005,Other chronic respiratory diseases,313.4107499355108,184614.03645156985,0.0016976539593603894
Nepal,2005,Chronic hepatitis B including cirrhosis,1911.6776493622951,184614.03645156985,0.010354996218631453
Nepal,2005,Chronic hepatitis C including cirrhosis,538.5028726907024,184614.03645156985,0.002916911861314342
Nepal,2005,Cirrhosis due to alcohol,1584.2506802938535,184614.03645156985,0.008581420517878406
Nepal,2005,Cirrhosis due to other causes,671.4158949606407,184614.03645156985,0.003636862656089395
Nepal,2005,Peptic ulcer disease,2382.736480587257,184614.03645156985,0.012906583520870716
Nepal,2005,Gastritis and duodenitis,197.15835281343703,184614.03645156985,0.0010679488764937868
Nepal,2005,Appendicitis,330.800678594635,184614.03645156985,0.0017918500941363391
Nepal,2005,Paralytic ileus and intestinal obstruction,957.7887222251596,184614.03645156985,0.00518806013147553
Nepal,2005,"Inguinal, femoral, and abdominal hernia",248.77188339074,184614.03645156985,0.0013475242087348043
Nepal,2007,Mesothelioma,9.925166837318548,179639.23475364794,5.5250551756856656e-05
Nepal,2007,Hodgkin lymphoma,99.49911719594832,179639.23475364794,0.000553882994059725
Nepal,2007,Multiple myeloma,91.61686088953957,179639.23475364794,0.0005100047381919673
Nepal,2007,Other malignant neoplasms,470.9776934822612,179639.23475364794,0.002621797482761193
Nepal,2007,Rheumatic heart disease,3743.873949962608,179639.23475364794,0.02084107046601957
Nepal,2007,Ischemic heart disease,14744.060126200038,179639.23475364794,0.08207594597260234
Nepal,2007,Ischemic stroke,5166.223383081707,179639.23475364794,0.028758881043812707
Nepal,2007,Intracerebral hemorrhage,6338.235650405426,179639.23475364794,0.03528313655475932
Nepal,2007,Subarachnoid hemorrhage,526.2593331698224,179639.23475364794,0.002929534485556673
Nepal,2007,Hypertensive heart disease,2166.4176536365057,179639.23475364794,0.012059824551175963
Nepal,2007,Atrial fibrillation and flutter,258.46595422963713,179639.23475364794,0.001438805696228276
Nepal,2007,Aortic aneurysm,91.67430831116096,179639.23475364794,0.0005103245314804444
Nepal,2007,Lower extremity peripheral arterial disease,27.96131107081252,179639.23475364794,0.00015565258396451007
Nepal,2007,Endocarditis,111.47541340360772,179639.23475364794,0.000620551593623085
Nepal,2005,Falls,2126.205365699877,184614.03645156985,0.011517029834606582
Nepal,2005,Drowning,2081.805563467842,184614.03645156985,0.011276529149580487
Nepal,2005,"Fire, heat, and hot substances",495.72650745998845,184614.03645156985,0.002685204857595069
Nepal,2005,Poisoning by carbon monoxide,276.7433968814626,184614.03645156985,0.001499037679911523
Nepal,2005,Poisoning by other means,806.0150405438379,184614.03645156985,0.0043659466855072064
Nepal,2005,Unintentional firearm injuries,6.150255513608265,184614.03645156985,3.33141273102583e-05
Nepal,2005,Other exposure to mechanical forces,308.63325213482096,184614.03645156985,0.0016717756572956213
Nepal,2005,Adverse effects of medical treatment,737.1524669352892,184614.03645156985,0.003992938354547422
Nepal,2005,Venomous animal contact,644.3917728738021,184614.03645156985,0.0034904809258251967
Nepal,2005,Non-venomous animal contact,18.97539096318552,184614.03645156985,0.00010278411830382882
Nepal,2005,Pulmonary aspiration and foreign body in airway,41.57443046888711,184614.03645156985,0.00022519647621589925
Nepal,2005,Foreign body in other body part,3.026774617907564,184614.03645156985,1.6395148906792812e-05
Nepal,2005,Other unintentional injuries,106.79689643241556,184614.03645156985,0.0005784874134444907
Nepal,2004,Acute hepatitis B,66.72669662029038,187955.9747866559,0.00035501237295611476
Nepal,2004,Acute hepatitis C,11.492754508951702,187955.9747866559,6.114599188451891e-05
Nepal,2004,Acute hepatitis E,9.105652113481732,187955.9747866559,4.844566459681491e-05
Nepal,2004,Other unspecified infectious diseases,632.2553985007329,187955.9747866559,0.003363848365120556
Nepal,2004,Esophageal cancer,577.7432594595086,187955.9747866559,0.0030738222613848295
Nepal,2004,Stomach cancer,1072.659844268322,187955.9747866559,0.005706973909639592
Nepal,2005,Self-harm by firearm,406.1158662074984,184614.03645156985,0.0021998103395244033
Nepal,2005,Total Cancers excluding Non-melanoma skin cancer,9436.138468203451,184614.03645156985,0.05111278995667727
Nepal,2005,Other direct maternal disorders,170.18340457863513,184614.03645156985,0.0009218335065398977
Nepal,2005,Other digestive diseases,482.76111407402755,184614.03645156985,0.0026149751305647403
Nepal,2005,Self-harm by other specified means,3017.5169109782187,184614.03645156985,0.016345002628062953
Nepal,2005,Other benign and in situ neoplasms,63.38194392530895,184614.03645156985,0.0003433213700515998
Nepal,2004,Liver cancer due to hepatitis B,69.79307970764017,187955.9747866559,0.0003713267417375827
Nepal,2004,Liver cancer due to hepatitis C,71.90457009222155,187955.9747866559,0.00038256070430236984
Nepal,2004,Liver cancer due to alcohol use,62.890938733784225,187955.9747866559,0.00033460462645664845
Nepal,2004,Liver cancer due to other causes,8.354863689344498,187955.9747866559,4.4451173732720625e-05
Nepal,2004,Larynx cancer,293.6092691323317,187955.9747866559,0.0015621172429639452
Nepal,2004,"Tracheal, bronchus, and lung cancer",902.3072001479264,187955.9747866559,0.004800630579432831
Nepal,2004,Breast cancer,617.2521717455679,187955.9747866559,0.0032840252747814765
Nepal,2004,Cervical cancer,841.1885812093935,187955.9747866559,0.004475455394084735
Nepal,2004,Uterine cancer,56.72903931175793,187955.9747866559,0.0003018208885147154
Nepal,2004,Prostate cancer,284.4772128888653,187955.9747866559,0.001513531097969981
Nepal,2004,Colon and rectum cancer,443.173572522792,187955.9747866559,0.0023578583922422643
Nepal,2004,Lip and oral cavity cancer,602.829078154249,187955.9747866559,0.0032072887219387687
Nepal,2004,Nasopharynx cancer,129.96997992635556,187955.9747866559,0.0006914916116600242
Nepal,2004,Other pharynx cancer,364.2982268234528,187955.9747866559,0.0019382104093097258
Nepal,2004,Gallbladder and biliary tract cancer,262.52328611327596,187955.9747866559,0.0013967275390487563
Nepal,2004,Pancreatic cancer,140.65687791350842,187955.9747866559,0.0007483501286573333
Nepal,2004,Malignant skin melanoma,11.551788050568144,187955.9747866559,6.146007363522382e-05
Nepal,2004,Ovarian cancer,228.6304063429781,187955.9747866559,0.001216404036117983
Nepal,2004,Chronic kidney disease due to glomerulonephritis,233.51040255895197,187955.9747866559,0.0012423675428461572
Nepal,2004,Chronic kidney disease due to other and unspecified causes,745.291692946269,187955.9747866559,0.0039652460837822845
Nepal,2004,Urinary tract infections and interstitial nephritis,289.845796783242,187955.9747866559,0.0015420940840653707
Nepal,2004,Cystic echinococcosis,31.90807962734616,187955.9747866559,0.00016976358247490787
Nepal,2004,Dengue,274.79345871901035,187955.9747866559,0.0014620097021705296
Nepal,2004,Yellow fever,0.0,187955.9747866559,0.0
Nepal,2004,Rabies,601.051200664847,187955.9747866559,0.0031978297117028873
Nepal,2004,Ascariasis,5.5617450481193575,187955.9747866559,2.9590679702692902e-05
Nepal,2004,Other neglected tropical diseases,37.01881413913645,187955.9747866559,0.0001969547080434957
Nepal,2007,Congenital heart anomalies,1389.2393281657114,179639.23475364794,0.00773349613780572
Nepal,2007,Orofacial clefts,39.2636050595901,179639.23475364794,0.0002185692068519167
Nepal,2007,Down syndrome,41.943216582183666,179639.23475364794,0.00023348583420377728
Nepal,2007,Other chromosomal abnormalities,36.14621610748431,179639.23475364794,0.00020121559834662057
Nepal,2007,Congenital musculoskeletal and limb anomalies,32.817369309297284,179639.23475364794,0.0001826848647752373
Nepal,2007,Urogenital congenital anomalies,41.00938494849456,179639.23475364794,0.0002282874618383542
Nepal,2007,Digestive congenital anomalies,238.57323129549945,179639.23475364794,0.0013280686238876039
Nepal,2007,Other congenital birth defects,3.183991626627497,179639.23475364794,1.7724366455879925e-05
Nepal,2007,Cellulitis,0.308237581697497,179639.23475364794,1.7158700443152361e-06
Nepal,2007,Pyoderma,0.6840369322060644,179639.23475364794,3.8078370415245474e-06
Nepal,2007,Decubitus ulcer,1.6125519293726438,179639.23475364794,8.976613219178154e-06
Nepal,2007,Other skin and subcutaneous diseases,1.6126386357989986,179639.23475364794,8.977095888938319e-06
Nepal,2007,Sudden infant death syndrome,332.15884635940785,179639.23475364794,0.0018490328508408583
Nepal,2007,Pedestrian road injuries,777.7841947220713,179639.23475364794,0.004329701113393754
Nepal,2007,Cyclist road injuries,85.29663987809252,179639.23475364794,0.00047482188395572866
Nepal,2007,Motorcyclist road injuries,409.7100248976205,179639.23475364794,0.002280737977199051
Nepal,2004,Urolithiasis,40.64686546333247,187955.9747866559,0.0002162573736188472
Nepal,2004,Other urinary diseases,303.81656163882036,187955.9747866559,0.0016164240694326152
Nepal,2004,Uterine fibroids,7.772000805782881,187955.9747866559,4.135011304963667e-05
Nepal,2004,Endometriosis,0.0643471630082685,187955.9747866559,3.423523145848774e-07
Nepal,2004,Genital prolapse,1.1294983127792395,187955.9747866559,6.009377004701791e-06
Nepal,2004,Other gynecological diseases,14.24384300820463,187955.9747866559,7.578286896371588e-05
Nepal,2004,Thalassemias,81.63395607990955,187955.9747866559,0.0004343248793903477
Nepal,2004,Sickle cell disorders,11.969670189268257,187955.9747866559,6.368337161324469e-05
Nepal,2004,G6PD deficiency,23.24232076388592,187955.9747866559,0.00012365832365939788
Nepal,2004,Other hemoglobinopathies and hemolytic anemias,177.85333476418725,187955.9747866559,0.0009462499660681929
Nepal,2004,"Other endocrine, metabolic, blood, and immune disorders",41.73154560057672,187955.9747866559,0.00022202830023331343
Nepal,2004,Rheumatoid arthritis,84.74444885128678,187955.9747866559,0.0004508739291074842
Nepal,2004,Other musculoskeletal disorders,127.36092417649328,187955.9747866559,0.0006776104048890038
Nepal,2004,Neural tube defects,257.38877069341066,187955.9747866559,0.0013694098896593534
Nepal,2004,Maternal hemorrhage,873.0669670863023,187955.9747866559,0.004645060994082783
Nepal,2004,Maternal sepsis and other maternal infections,76.60468046298415,187955.9747866559,0.0004075671473063636
Nepal,2004,Maternal hypertensive disorders,199.37832484513535,187955.9747866559,0.0010607714124089148
Nepal,2004,Maternal obstructed labor and uterine rupture,107.49812376328944,187955.9747866559,0.0005719324638937807
Nepal,2004,Ectopic pregnancy,0.2897953433402701,187955.9747866559,1.5418256518272935e-06
Nepal,2004,Indirect maternal deaths,125.78029120903297,187955.9747866559,0.0006692008133915563
Nepal,2004,Late maternal deaths,28.38131312073091,187955.9747866559,0.0001509997921212445
Nepal,2004,Neonatal preterm birth,3458.461051513829,187955.9747866559,0.018400378362217223
Nepal,2004,Neonatal encephalopathy due to birth asphyxia and trauma,7087.019444992243,187955.9747866559,0.03770574174636662
Nepal,2004,Neonatal sepsis and other neonatal infections,2511.483051021849,187955.9747866559,0.013362081486755452
Nepal,2004,Hemolytic disease and other neonatal jaundice,1411.8113047147092,187955.9747866559,0.007511393592660307
Nepal,2004,Other neonatal disorders,2019.6593540192075,187955.9747866559,0.01074538522285164
Nepal,2004,Protein-energy malnutrition,2377.2034447477977,187955.9747866559,0.01264766096127618
Nepal,2004,Other nutritional deficiencies,508.3680940108096,187955.9747866559,0.002704718988517633
Nepal,2004,Syphilis,523.9084838632936,187955.9747866559,0.0027873999986324934
Nepal,2004,Chlamydial infection,7.114084927779281,187955.9747866559,3.784974080155898e-05
Nepal,2004,Gonococcal infection,2.373568800368424,187955.9747866559,1.2628323218044026e-05
Nepal,2004,Other sexually transmitted infections,21.62980010442798,187955.9747866559,0.00011507907704971562
Nepal,2004,Acute hepatitis A,995.5327468781704,187955.9747866559,0.005296627298005156
Nepal,2004,Vascular intestinal disorders,119.68684480629828,187955.9747866559,0.0006367812725408267
Nepal,2004,Gallbladder and biliary diseases,87.41119041602421,187955.9747866559,0.00046506204719079806
Nepal,2004,Pancreatitis,449.10362357281207,187955.9747866559,0.0023894086053001416
Nepal,2007,Motor vehicle road injuries,588.7673895578494,179639.23475364794,0.003277498873591106
Nepal,2007,Other road injuries,11.49523689306979,179639.23475364794,6.399068059287843e-05
Nepal,2007,Other transport injuries,178.5191221142903,179639.23475364794,0.0009937646548044267
Nepal,2007,Maternal abortion and miscarriage,70.71038837481684,179639.23475364794,0.00039362441324016455
Nepal,2007,Liver cancer due to NASH,20.448434708523468,179639.23475364794,0.00011383056010323057
Nepal,2007,Chronic kidney disease due to diabetes mellitus type 1,126.65603531947204,179639.23475364794,0.0007050577536314072
Nepal,2007,Chronic kidney disease due to diabetes mellitus type 2,405.94097659943,179639.23475364794,0.0022597567683703716
Nepal,2007,Pulmonary Arterial Hypertension,80.34841775734483,179639.23475364794,0.00044727655329601207
Nepal,2007,Hepatoblastoma,3.198340336491424,179639.23475364794,1.780424160054754e-05
Nepal,2007,Burkitt lymphoma,7.559421788411129,179639.23475364794,4.208112887353312e-05
Nepal,2007,Other non-Hodgkin lymphoma,313.437124742808,179639.23475364794,0.0017448144063441744
Nepal,2007,Retinoblastoma,16.265363388363365,179639.23475364794,9.054460408200477e-05
Nepal,2007,Other eye cancers,5.300174927274476,179639.23475364794,2.950455079895538e-05
Nepal,2007,Soft tissue and other extraosseous sarcomas,97.5109629021104,179639.23475364794,0.000542815510408036
Nepal,2007,Malignant neoplasm of bone and articular cartilage,162.2540937662597,179639.23475364794,0.0009032219157956795
Nepal,2007,Neuroblastoma and other peripheral nervous cell tumors,8.692018739744269,179639.23475364794,4.838597064646959e-05
Nepal,2004,Conflict and terrorism,2455.994158178072,187955.9747866559,0.01306685866712037
Nepal,2004,Multidrug-resistant tuberculosis without extensive drug resistance,728.7204219586448,187955.9747866559,0.003877080378986606
Nepal,2004,Extensively drug-resistant tuberculosis,14.185157954118395,187955.9747866559,7.547064130427145e-05
Nepal,2004,HIV/AIDS - Drug-susceptible Tuberculosis,301.2112041254167,187955.9747866559,0.0016025625387397979
Nepal,2004,HIV/AIDS - Multidrug-resistant Tuberculosis without extensive drug resistance,35.79847677393842,187955.9747866559,0.00019046203141226222
Nepal,2004,HIV/AIDS - Extensively drug-resistant Tuberculosis,0.6967253799990507,187955.9747866559,3.7068541225671926e-06
Nepal,2004,Invasive Non-typhoidal Salmonella (iNTS),79.74414879573844,187955.9747866559,0.0004242703584509831
Nepal,2004,"Myelodysplastic, myeloproliferative, and other hematopoietic neoplasms",9.060947315605642,187955.9747866559,4.820781742049166e-05
Nepal,2004,Non-rheumatic calcific aortic valve disease,71.82549299337111,187955.9747866559,0.00038213998291301154
Nepal,2004,Non-rheumatic degenerative mitral valve disease,44.80851699968729,187955.9747866559,0.00023839900301412772
Nepal,2004,Other non-rheumatic valve diseases,0.9938205823163702,187955.9747866559,5.287517906490767e-06
Nepal,2004,Nonalcoholic fatty liver disease including cirrhosis,79.42068597984262,187955.9747866559,0.0004225494085516092
Nepal,2004,Alzheimer's disease and other dementias,1022.7504167274744,187955.9747866559,0.005441436048459607
Nepal,2004,Parkinson's disease,351.3183842671568,187955.9747866559,0.001869152521838848
Nepal,2004,Idiopathic epilepsy,817.7113872825472,187955.9747866559,0.004350547452459071
Nepal,2004,Multiple sclerosis,2.673937274967674,187955.9747866559,1.4226402102954126e-05
Nepal,2004,Motor neuron disease,2.9669259270907107,187955.9747866559,1.5785217418378926e-05
Nepal,2004,Other neurological disorders,8.87630992568464,187955.9747866559,4.72254736023152e-05
Nepal,2004,Alcohol use disorders,180.1995836346995,187955.9747866559,0.0009587329364721687
Nepal,2004,Opioid use disorders,31.517062082385433,187955.9747866559,0.0001676832147430251
Nepal,2004,Cocaine use disorders,6.0757234843597105,187955.9747866559,3.232524792710693e-05
Nepal,2004,Amphetamine use disorders,0.9175748268318744,187955.9747866559,4.881860381790952e-06
Nepal,2004,Other drug use disorders,8.196663870026562,187955.9747866559,4.360948822898761e-05
Nepal,2004,Anorexia nervosa,0.0104819002788359,187955.9747866559,5.5767848246024853e-08
Nepal,2004,Acute glomerulonephritis,6.499517535737631,187955.9747866559,3.457999961488359e-05
Nepal,2004,Chronic kidney disease due to hypertension,296.491412783291,187955.9747866559,0.0015774513851971505
Nepal,2004,Diabetes mellitus type 1,186.87146803550743,187955.9747866559,0.0009942299958680247
Nepal,2004,Diabetes mellitus type 2,3071.4047677706335,187955.9747866559,0.016341086104109795
Nepal,2007,Ulcerative colitis,67.30324757482757,179639.23475364794,0.0003746578394587647
Nepal,2007,Crohn's disease,11.96566153158108,179639.23475364794,6.660939937753823e-05
Nepal,2007,Total burden related to hepatitis B,2090.4209619720746,179639.23475364794,0.01163677280655764
Nepal,2007,Total burden related to hepatitis C,641.6467049397353,179639.23475364794,0.0035718628272919948
Nepal,2007,Total burden related to Non-alcoholic fatty liver disease (NAFLD),109.51012386544193,179639.23475364794,0.0006096113914959666
Nepal,2007,Total cancers,9679.26202440467,179639.23475364794,0.053881670324851534
Nepal,2007,Thyroid diseases,11.748315362798436,179639.23475364794,6.539949571099954e-05
Nepal,2007,COVID-19,0.0,179639.23475364794,0.0
Nepal,2006,Diarrheal diseases,8172.904098192571,181412.87594976148,0.04505140032318261
Nepal,2006,Typhoid fever,2382.11736215752,181412.87594976148,0.0131309166986427
Nepal,2006,Paratyphoid fever,484.65072320368773,181412.87594976148,0.0026715343145648695
Nepal,2006,Other intestinal infectious diseases,2.9165107125573777,181412.87594976148,1.6076646694940467e-05
Nepal,2006,Lower respiratory infections,13526.860205889816,181412.87594976148,0.07456394776319955
Nepal,2006,Upper respiratory infections,78.12613614037167,181412.87594976148,0.00043065375448877774
Nepal,2006,Otitis media,4.271861900792438,181412.87594976148,2.3547732642612654e-05
Nepal,2005,Acute hepatitis B,70.51813765423724,184614.03645156985,0.00038197603502773957
Nepal,2005,Acute hepatitis C,12.331797337781053,184614.03645156985,6.679772337362916e-05
Nepal,2005,Acute hepatitis E,10.150555018245608,184614.03645156985,5.4982574528716414e-05
Nepal,2005,Other unspecified infectious diseases,686.1009960583432,184614.03645156985,0.0037164075345827207
Nepal,2005,Esophageal cancer,592.537102846195,184614.03645156985,0.0032095994120232368
Nepal,2005,Stomach cancer,1072.7372718855745,184614.03645156985,0.00581070265568343
Nepal,2004,Physical violence by firearm,43.18268212867562,187955.9747866559,0.00022974891954188315
Nepal,2004,Physical violence by sharp object,35.310917732926015,187955.9747866559,0.0001878680248021195
Nepal,2004,Physical violence by other means,495.06947163509466,187955.9747866559,0.0026339650665377122
Nepal,2004,Exposure to forces of nature,184.98942838159476,187955.9747866559,0.0009842168017886721
Nepal,2004,Maternal deaths aggravated by HIV/AIDS,0.6566307924993983,187955.9747866559,3.4935350857812496e-06
Nepal,2004,Environmental heat and cold exposure,79.37873300578288,187955.9747866559,0.0004223262021645424
Nepal,2004,Ebola,0.0,187955.9747866559,0.0
Nepal,2004,Acute lymphoid leukemia,191.74572387969,187955.9747866559,0.0010201629615516918
Nepal,2004,Chronic lymphoid leukemia,12.997759523528623,187955.9747866559,6.915321281104287e-05
Nepal,2004,Acute myeloid leukemia,114.06314898033597,187955.9747866559,0.0006068609902388375
Nepal,2004,Chronic myeloid leukemia,91.0221228112346,187955.9747866559,0.0004842736333045625
Nepal,2004,Non-melanoma skin cancer (squamous-cell carcinoma),39.94412329642842,187955.9747866559,0.00021251850781422614
Nepal,2004,Police conflict and executions,0.0553034495706293,187955.9747866559,2.9423618819993806e-07
Nepal,2004,Drug-susceptible tuberculosis,7563.271522508753,187955.9747866559,0.040239590846173595
Nepal,2004,Zika virus,0.0,187955.9747866559,0.0
Nepal,2004,Alcoholic cardiomyopathy,33.57636160621321,187955.9747866559,0.00017863950132112
Nepal,2005,Cystic echinococcosis,32.129303545132274,184614.03645156985,0.00017403499843610655
Nepal,2005,Dengue,295.0009551912691,184614.03645156985,0.0015979335096151113
Nepal,2005,Yellow fever,0.0,184614.03645156985,0.0
Nepal,2005,Rabies,608.6695680250754,184614.03645156985,0.003296984236541238
Nepal,2005,Ascariasis,5.807427081951465,184614.03645156985,3.145712641126797e-05
Nepal,2005,Other neglected tropical diseases,38.423708214367664,184614.03645156985,0.00020812993937461213
Nepal,2004,Electrocution,50.48669627726426,187955.9747866559,0.0002686091587914161
Nepal,2004,Myocarditis,94.43299728977628,187955.9747866559,0.0005024208323090809
Nepal,2004,Other leukemia,106.86047841061604,187955.9747866559,0.0005685399388442463
Nepal,2004,Other cardiomyopathy,696.9732839375117,187955.9747866559,0.003708173069404304
Nepal,2006,Meningitis,1156.238577783682,181412.87594976148,0.006373519915443479
Nepal,2006,Encephalitis,561.2639155183786,181412.87594976148,0.003093848287118324
Nepal,2006,Diphtheria,11.77960568617093,181412.87594976148,6.493257782558414e-05
Nepal,2006,Pertussis,627.8788413843203,181412.87594976148,0.0034610489365605904
Nepal,2006,Tetanus,707.8090997707976,181412.87594976148,0.003901647532266732
Nepal,2006,Measles,739.1976649823155,181412.87594976148,0.004074670340307162
Nepal,2006,Varicella and herpes zoster,78.59347576161501,181412.87594976148,0.0004332298650255665
Nepal,2006,Malaria,123.2485164546132,181412.87594976148,0.0006793813052649268
Nepal,2006,Chagas disease,0.0,181412.87594976148,0.0
Nepal,2006,Visceral leishmaniasis,219.38652235123024,181412.87594976148,0.0012093216713679395
Nepal,2006,African trypanosomiasis,0.0,181412.87594976148,0.0
Nepal,2006,Schistosomiasis,0.0,181412.87594976148,0.0
Nepal,2006,Cysticercosis,2.3109770365964755,181412.87594976148,1.2738770743243453e-05
Nepal,2006,Other cardiovascular and circulatory diseases,384.1571357514485,181412.87594976148,0.0021175847289793964
Nepal,2006,Chronic obstructive pulmonary disease,14290.14176762563,181412.87594976148,0.07877137547603284
Nepal,2005,Liver cancer due to hepatitis B,71.40918127532112,184614.03645156985,0.0003868025565545447
Nepal,2005,Liver cancer due to hepatitis C,73.08429518929101,184614.03645156985,0.0003958761565156686
Nepal,2005,Liver cancer due to alcohol use,64.25130738428695,184614.03645156985,0.0003480304565094221
Nepal,2005,Liver cancer due to other causes,8.53167153999188,184614.03645156985,4.6213558318627685e-05
Nepal,2005,Larynx cancer,294.17183438099886,184614.03645156985,0.0015934424057629526
Nepal,2005,"Tracheal, bronchus, and lung cancer",904.2428132617704,184614.03645156985,0.004898017673206458
Nepal,2005,Breast cancer,632.1860802452198,184614.03645156985,0.0034243662746145658
Nepal,2005,Cervical cancer,832.5697550040647,184614.03645156985,0.004509785772559468
Nepal,2005,Uterine cancer,56.87883899321413,184614.03645156985,0.0003080959611006353
Nepal,2005,Prostate cancer,287.39093672060693,184614.03645156985,0.0015567122752120678
Nepal,2005,Colon and rectum cancer,450.37228523001465,184614.03645156985,0.002439534359827302
Nepal,2005,Lip and oral cavity cancer,608.3475739451827,184614.03645156985,0.00329524008920509
Nepal,2005,Nasopharynx cancer,130.95772202341297,184614.03645156985,0.0007093595077629287
Nepal,2005,Other pharynx cancer,370.55487006308056,184614.03645156985,0.002007186870432189
Nepal,2005,Gallbladder and biliary tract cancer,266.30267291452253,184614.03645156985,0.0014424833454328497
Nepal,2005,Pancreatic cancer,142.8869238477643,184614.03645156985,0.0007739764895138302
Nepal,2005,Malignant skin melanoma,11.75995968398028,184614.03645156985,6.370024679605168e-05
Nepal,2005,Ovarian cancer,234.1367689293846,184614.03645156985,0.0012682500931656198
Nepal,2005,Chronic kidney disease due to glomerulonephritis,237.25152644705855,184614.03645156985,0.001285121819593047
Nepal,2005,Chronic kidney disease due to other and unspecified causes,752.5649693688397,184614.03645156985,0.004076423352382859
Nepal,2005,Urinary tract infections and interstitial nephritis,298.1920495515627,184614.03645156985,0.0016152187302929592
Nepal,2005,Maternal hemorrhage,871.5296558922008,184614.03645156985,0.004720820110126517
Nepal,2005,Maternal sepsis and other maternal infections,74.18356840396542,184614.03645156985,0.0004018305965777751
Nepal,2005,Maternal hypertensive disorders,222.25337069129793,184614.03645156985,0.001203881215985449
Nepal,2005,Maternal obstructed labor and uterine rupture,108.16823495834592,184614.03645156985,0.0005859155513709917
Nepal,2005,Ectopic pregnancy,0.3200581620576858,184614.03645156985,1.7336610379658063e-06
Nepal,2005,Indirect maternal deaths,0.3888928254773295,184614.03645156985,2.1065181876316783e-06
Nepal,2005,Late maternal deaths,27.565087990526827,184614.03645156985,0.0001493119836408432
Nepal,2005,Neonatal preterm birth,3252.7184196173043,184614.03645156985,0.017619020103439405
Nepal,2005,Neonatal encephalopathy due to birth asphyxia and trauma,6842.272249409105,184614.03645156985,0.03706257866911464
Nepal,2005,Neonatal sepsis and other neonatal infections,2415.997774240414,184614.03645156985,0.013086750177168718
Nepal,2005,Hemolytic disease and other neonatal jaundice,1323.4304165939357,184614.03645156985,0.007168633772552358
Nepal,2005,Other neonatal disorders,1900.866903731784,184614.03645156985,0.010296437585505271
Nepal,2005,Protein-energy malnutrition,2394.5044590954517,184614.03645156985,0.012970327203281786
Nepal,2005,Other nutritional deficiencies,504.92206407155504,184614.03645156985,0.002735014486311891
Nepal,2005,Syphilis,500.414829021103,184614.03645156985,0.002710600118168034
Nepal,2005,Chlamydial infection,6.947109035647077,184614.03645156985,3.763044874147219e-05
Nepal,2005,Gonococcal infection,2.307858797331663,184614.03645156985,1.2500993108057023e-05
Nepal,2005,Other sexually transmitted infections,21.10228294518432,184614.03645156985,0.00011430486733721421
Nepal,2005,Acute hepatitis A,1036.4722011944966,184614.03645156985,0.00561426542161325
Nepal,2005,Vascular intestinal disorders,121.93941072388613,184614.03645156985,0.0006605099648307334
Nepal,2005,Gallbladder and biliary diseases,89.19053462948317,184614.03645156985,0.0004831189239117292
Nepal,2005,Pancreatitis,450.63195420605746,184614.03645156985,0.002440940910385612
Nepal,2006,Silicosis,6.077409390866139,181412.87594976148,3.350043021504797e-05
Nepal,2006,Asbestosis,1.3053182556898166,181412.87594976148,7.195290019277889e-06
Nepal,2006,Coal workers pneumoconiosis,1.7415403320986873,181412.87594976148,9.599871690369821e-06
Nepal,2006,Other pneumoconiosis,3.304786494474486,181412.87594976148,1.821693458732046e-05
Nepal,2006,Asthma,2853.6962466889736,181412.87594976148,0.015730395275136068
Nepal,2006,Interstitial lung disease and pulmonary sarcoidosis,343.36234270161793,181412.87594976148,0.0018927120850931495
Nepal,2006,Other chronic respiratory diseases,323.58759062205104,181412.87594976148,0.001783707958588683
Nepal,2006,Chronic hepatitis B including cirrhosis,1926.8231465173008,181412.87594976148,0.010621203905344042
Nepal,2006,Chronic hepatitis C including cirrhosis,545.8228653916786,181412.87594976148,0.0030087327734269146
Nepal,2006,Cirrhosis due to alcohol,1610.6375588630613,181412.87594976148,0.008878297918109703
Nepal,2006,Cirrhosis due to other causes,675.7551285228826,181412.87594976148,0.003724956814586959
Nepal,2006,Peptic ulcer disease,2337.9526483010022,181412.87594976148,0.01288746808108841
Nepal,2006,Gastritis and duodenitis,195.44581765519732,181412.87594976148,0.0010773536146867655
Nepal,2006,Appendicitis,328.491384640659,181412.87594976148,0.0018107390829944611
Nepal,2006,Paralytic ileus and intestinal obstruction,965.7231310905498,181412.87594976148,0.005323343924926182
Nepal,2006,"Inguinal, femoral, and abdominal hernia",246.12752250571705,181412.87594976148,0.001356725762805706
Nepal,2005,Alzheimer's disease and other dementias,1066.8450304469384,184614.03645156985,0.005778786114818555
Nepal,2005,Parkinson's disease,361.5520213058294,184614.03645156985,0.0019584210835489535
Nepal,2005,Idiopathic epilepsy,844.2712741550528,184614.03645156985,0.004573169464156817
Nepal,2005,Multiple sclerosis,2.7599359225765165,184614.03645156985,1.4949762085400997e-05
Nepal,2005,Motor neuron disease,3.194257997794873,184614.03645156985,1.7302357172786418e-05
Nepal,2005,Other neurological disorders,9.597475791135595,184614.03645156985,5.1986706837718266e-05
Nepal,2005,Alcohol use disorders,177.97403413963775,184614.03645156985,0.000964033058159833
Nepal,2005,Opioid use disorders,31.70136975912655,184614.03645156985,0.00017171700683465003
Nepal,2005,Cocaine use disorders,6.1003863524380675,184614.03645156985,3.304400071463902e-05
Nepal,2005,Amphetamine use disorders,0.952914931718966,184614.03645156985,5.161660240113682e-06
Nepal,2005,Other drug use disorders,8.287326664160933,184614.03645156985,4.489001390928887e-05
Nepal,2005,Anorexia nervosa,0.0120527919415959,184614.03645156985,6.528643310801415e-08
Nepal,2005,Acute glomerulonephritis,6.42798394710193,184614.03645156985,3.481850064411649e-05
Nepal,2005,Chronic kidney disease due to hypertension,298.2834018851076,184614.03645156985,0.0016157135590465076
Nepal,2005,Urolithiasis,41.9916658027402,184614.03645156985,0.00022745651744500995
Nepal,2005,Other urinary diseases,310.49729209027095,184614.03645156985,0.0016818726141212144
Nepal,2005,Uterine fibroids,8.210903861172302,184614.03645156985,4.4476054036802796e-05
Nepal,2005,Endometriosis,0.0715082294570362,184614.03645156985,3.873390714567637e-07
Nepal,2005,Genital prolapse,1.1913308627850905,184614.03645156985,6.45308929745228e-06
Nepal,2005,Other gynecological diseases,15.018745335377607,184614.03645156985,8.135213131162702e-05
Nepal,2005,Thalassemias,83.12567134087801,184614.03645156985,0.0004502673411979946
Nepal,2005,Sickle cell disorders,12.277350960931,184614.03645156985,6.650280334535528e-05
Nepal,2005,G6PD deficiency,23.10110516309632,184614.03645156985,0.00012513190008256212
Nepal,2005,Other hemoglobinopathies and hemolytic anemias,171.55984651972582,184614.03645156985,0.0009292892881670536
Nepal,2005,"Other endocrine, metabolic, blood, and immune disorders",42.11604803928442,184614.03645156985,0.00022813025947966207
Nepal,2005,Rheumatoid arthritis,85.88167090841169,184614.03645156985,0.0004651957812045413
Nepal,2005,Other musculoskeletal disorders,130.3919060950808,184614.03645156985,0.0007062946491031669
Nepal,2005,Neural tube defects,253.1032170625525,184614.03645156985,0.0013709857707864459
Nepal,2006,Falls,2152.2385215792333,181412.87594976148,0.011863758348526765
Nepal,2006,Drowning,2113.6847529963784,181412.87594976148,0.011651238876681054
Nepal,2006,"Fire, heat, and hot substances",520.0838495012018,181412.87594976148,0.002866851907718106
Nepal,2006,Poisoning by carbon monoxide,277.36318295471096,181412.87594976148,0.001528905715774667
Nepal,2006,Poisoning by other means,797.5860183233278,181412.87594976148,0.004396523753607228
Nepal,2006,Unintentional firearm injuries,5.662671091169024,181412.87594976148,3.121427330625188e-05
Nepal,2006,Other exposure to mechanical forces,303.07309335980295,181412.87594976148,0.0016706261436687257
Nepal,2006,Adverse effects of medical treatment,736.9844357055965,181412.87594976148,0.004062470383357403
Nepal,2006,Venomous animal contact,650.3796752791138,181412.87594976148,0.0035850800108544827
Nepal,2006,Non-venomous animal contact,18.640785728036352,181412.87594976148,0.00010275337751218128
Nepal,2006,Pulmonary aspiration and foreign body in airway,41.88344358760721,181412.87594976148,0.00023087359906694802
Nepal,2006,Foreign body in other body part,3.088073543296566,181412.87594976148,1.702235040996618e-05
Nepal,2006,Other unintentional injuries,104.52333331541584,181412.87594976148,0.0005761627049248775
Nepal,2005,Physical violence by firearm,45.45927455592897,184614.03645156985,0.00024623953535545163
Nepal,2005,Physical violence by sharp object,37.35402734914106,184614.03645156985,0.00020233579237589671
Nepal,2005,Physical violence by other means,518.0379042072545,184614.03645156985,0.002806059139187677
Nepal,2005,Exposure to forces of nature,68.99605707205428,184614.03645156985,0.00037373137166714924
Nepal,2005,Maternal deaths aggravated by HIV/AIDS,0.6626428338744936,184614.03645156985,3.5893415615140727e-06
Nepal,2005,Environmental heat and cold exposure,54.99185117459464,184614.03645156985,0.00029787470244181983
Nepal,2005,Ebola,0.0,184614.03645156985,0.0
Nepal,2005,Acute lymphoid leukemia,206.0126743143336,184614.03645156985,0.0011159101348633222
Nepal,2005,Chronic lymphoid leukemia,13.29736646962511,184614.03645156985,7.202792769830063e-05
Nepal,2005,Acute myeloid leukemia,119.64215100189378,184614.03645156985,0.0006480663838000191
Nepal,2005,Chronic myeloid leukemia,90.8923938593386,184614.03645156985,0.0004923373953918318
Nepal,2005,Non-melanoma skin cancer (squamous-cell carcinoma),40.88252498489494,184614.03645156985,0.00022144862747540723
Nepal,2005,Police conflict and executions,0.0580999962470736,184614.03645156985,3.147106111962136e-07
Nepal,2005,Drug-susceptible tuberculosis,7282.208154881002,184614.03645156985,0.039445582225766225
Nepal,2005,Zika virus,0.0,184614.03645156985,0.0
Nepal,2005,Alcoholic cardiomyopathy,33.69015596010708,184614.03645156985,0.00018248967742463658
Nepal,2005,Conflict and terrorism,1398.998715600115,184614.03645156985,0.007577965047999571
Nepal,2005,Multidrug-resistant tuberculosis without extensive drug resistance,718.0894789227493,184614.03645156985,0.0038896797487612874
Nepal,2005,Extensively drug-resistant tuberculosis,15.151446026219755,184614.03645156985,8.207093196943594e-05
Nepal,2005,HIV/AIDS - Drug-susceptible Tuberculosis,335.88078474237534,184614.03645156985,0.0018193675367175431
Nepal,2005,HIV/AIDS - Multidrug-resistant Tuberculosis without extensive drug resistance,40.8225258193046,184614.03645156985,0.00022112362962181184
Nepal,2005,HIV/AIDS - Extensively drug-resistant Tuberculosis,0.8619584944477039,184614.03645156985,4.668975940373976e-06
Nepal,2005,Invasive Non-typhoidal Salmonella (iNTS),86.08796685695165,184614.03645156985,0.0004663132257526652
Nepal,2005,"Myelodysplastic, myeloproliferative, and other hematopoietic neoplasms",9.504735331528249,184614.03645156985,5.148435901308969e-05
Nepal,2005,Non-rheumatic calcific aortic valve disease,74.32052159520451,184614.03645156985,0.00040257243178094506
Nepal,2005,Non-rheumatic degenerative mitral valve disease,45.54978336522263,184614.03645156985,0.0002467297949859397
Nepal,2005,Other non-rheumatic valve diseases,1.0296584597337817,184614.03645156985,5.577357385844786e-06
Nepal,2005,Nonalcoholic fatty liver disease including cirrhosis,82.26142090680769,184614.03645156985,0.00044558595049400525
Nepal,2005,Electrocution,50.03838825835489,184614.03645156985,0.0002710432490407172
Nepal,2005,Myocarditis,94.68172486265138,184614.03645156985,0.0005128630882164229
Nepal,2005,Other leukemia,110.614307531013,184614.03645156985,0.0005991652078959374
Nepal,2005,Other cardiomyopathy,716.0415932276034,184614.03645156985,0.003878586953573511
Nepal,2006,Self-harm by firearm,412.5347683387292,181412.87594976148,0.0022740104095641594
Nepal,2006,Total Cancers excluding Non-melanoma skin cancer,9531.891766060451,181412.87594976148,0.0525425315935133
Nepal,2006,Other direct maternal disorders,137.83985631984788,181412.87594976148,0.0007598129713682493
Nepal,2006,Other digestive diseases,482.6223264323919,181412.87594976148,0.002660353207597261
Nepal,2006,Self-harm by other specified means,3137.800122017986,181412.87594976148,0.017296457627885984
Nepal,2006,Other benign and in situ neoplasms,64.52074593136298,181412.87594976148,0.00035565692674003284
Nepal,2005,Diabetes mellitus type 1,192.91944854862487,184614.03645156985,0.001044987977386182
Nepal,2005,Diabetes mellitus type 2,3248.2471645568908,184614.03645156985,0.017594800628331474
Nepal,2006,Acute hepatitis B,71.28522015909495,181412.87594976148,0.00039294465613805664
Nepal,2006,Acute hepatitis C,12.83054804590354,181412.87594976148,7.072567467293057e-05
Nepal,2006,Acute hepatitis E,10.610229561075949,181412.87594976148,5.848663996713348e-05
Nepal,2006,Other unspecified infectious diseases,675.6194977557981,181412.87594976148,0.00372420917875144
Nepal,2006,Esophageal cancer,604.8248989354483,181412.87594976148,0.0033339689686797203
Nepal,2006,Stomach cancer,1064.9037420897089,181412.87594976148,0.005870056006303609
Nepal,2006,Liver cancer due to hepatitis B,72.67854331710122,181412.87594976148,0.00040062505451502806
Nepal,2006,Liver cancer due to hepatitis C,74.03792384006144,181412.87594976148,0.00040811835131572853
Nepal,2006,Liver cancer due to alcohol use,65.2352264315219,181412.87594976148,0.0003595953489518982
Nepal,2006,Liver cancer due to other causes,8.67967554970203,181412.87594976148,4.784487046060438e-05
Nepal,2006,Larynx cancer,292.6351532179743,181412.87594976148,0.0016130892125816555
Nepal,2006,"Tracheal, bronchus, and lung cancer",897.1460193603302,181412.87594976148,0.004945327142097544
Nepal,2006,Breast cancer,644.4767030007768,181412.87594976148,0.003552541128223176
Nepal,2006,Cervical cancer,823.0586139318713,181412.87594976148,0.0045369360340210925
Nepal,2006,Uterine cancer,57.05197564645784,181412.87594976148,0.00031448691471192594
Nepal,2006,Prostate cancer,288.1016581121666,181412.87594976148,0.0015880992823902442
Nepal,2006,Colon and rectum cancer,455.7779843359513,181412.87594976148,0.002512379465623871
Nepal,2006,Lip and oral cavity cancer,611.208167517784,181412.87594976148,0.00336915538281332
Nepal,2006,Nasopharynx cancer,131.38423120515523,181412.87594976148,0.0007242277071972519
Nepal,2006,Other pharynx cancer,373.7317742085611,181412.87594976148,0.002060117134750999
Nepal,2006,Gallbladder and biliary tract cancer,268.898926444304,181412.87594976148,0.0014822482970766086
Nepal,2006,Pancreatic cancer,144.51419452454874,181412.87594976148,0.0007966038450576625
Nepal,2006,Malignant skin melanoma,11.93890481677412,181412.87594976148,6.58106804948087e-05
Nepal,2006,Ovarian cancer,238.06784769589387,181412.87594976148,0.001312298514918102
Nepal,2006,Chronic kidney disease due to glomerulonephritis,240.16166318744212,181412.87594976148,0.0013238402287054304
Nepal,2006,Chronic kidney disease due to other and unspecified causes,756.7320029185499,181412.87594976148,0.004171324659050723
Nepal,2006,Urinary tract infections and interstitial nephritis,309.284620773345,181412.87594976148,0.0017048658710366014
Nepal,2006,Urolithiasis,43.239040348781785,181412.87594976148,0.00023834603868336192
Nepal,2006,Other urinary diseases,319.7514056852853,181412.87594976148,0.001762561802800777
Nepal,2006,Uterine fibroids,8.597551777054337,181412.87594976148,4.739218058278978e-05
Nepal,2006,Endometriosis,0.0796659854372519,181412.87594976148,4.3914184712728844e-07
Nepal,2006,Genital prolapse,1.249350674843456,181412.87594976148,6.886780600895372e-06
Nepal,2006,Other gynecological diseases,15.662052194694745,181412.87594976148,8.633374071547173e-05
Nepal,2006,Thalassemias,83.07989425640281,181412.87594976148,0.0004579602953839399
Nepal,2006,Sickle cell disorders,12.323233849355043,181412.87594976148,6.792921276860033e-05
Nepal,2006,G6PD deficiency,23.578249752890866,181412.87594976148,0.000129970100685799
Nepal,2006,Other hemoglobinopathies and hemolytic anemias,168.28010925128805,181412.87594976148,0.0009276084091070236
Nepal,2006,"Other endocrine, metabolic, blood, and immune disorders",41.85234001616792,181412.87594976148,0.00023070214722662827
Nepal,2006,Rheumatoid arthritis,87.45335358279311,181412.87594976148,0.00048206806228578557
Nepal,2006,Other musculoskeletal disorders,133.71837637006172,181412.87594976148,0.0007370941873337162
Nepal,2006,Neural tube defects,248.46896968998095,181412.87594976148,0.0013696324937750794
Nepal,2006,Cystic echinococcosis,31.55761742610729,181412.87594976148,0.00017395467251644537
Nepal,2006,Dengue,312.04951292207943,181412.87594976148,0.0017201067525576027
Nepal,2006,Yellow fever,0.0,181412.87594976148,0.0
Nepal,2006,Rabies,592.1989442251826,181412.87594976148,0.0032643710713741165
Nepal,2006,Ascariasis,5.781932917681097,181412.87594976148,3.187167882880751e-05
Nepal,2006,Other neglected tropical diseases,39.10833998226192,181412.87594976148,0.00021557642905728564
Nepal,2006,Conflict and terrorism,565.998839620424,181412.87594976148,0.003119948551927293
Nepal,2006,Multidrug-resistant tuberculosis without extensive drug resistance,710.5222398060696,181412.87594976148,0.00391660314123918
Nepal,2006,Extensively drug-resistant tuberculosis,16.162877899041863,181412.87594976148,8.909443618278691e-05
Nepal,2006,HIV/AIDS - Drug-susceptible Tuberculosis,359.7249613309032,181412.87594976148,0.001982907549685291
Nepal,2006,HIV/AIDS - Multidrug-resistant Tuberculosis without extensive drug resistance,44.35749029159934,181412.87594976148,0.0002445112567637328
Nepal,2006,HIV/AIDS - Extensively drug-resistant Tuberculosis,1.0089287358286363,181412.87594976148,5.561505656897464e-06
Nepal,2006,Invasive Non-typhoidal Salmonella (iNTS),90.2379433861002,181412.87594976148,0.0004974175229496374
Nepal,2006,"Myelodysplastic, myeloproliferative, and other hematopoietic neoplasms",9.991947599692931,181412.87594976148,5.507849179602882e-05
Nepal,2006,Non-rheumatic calcific aortic valve disease,76.1595799756731,181412.87594976148,0.000419813530748302
Nepal,2006,Non-rheumatic degenerative mitral valve disease,46.098655016473046,181412.87594976148,0.0002541090579989433
Nepal,2006,Other non-rheumatic valve diseases,1.066064598451378,181412.87594976148,5.8764549807732625e-06
Nepal,2006,Nonalcoholic fatty liver disease including cirrhosis,85.46421979958254,181412.87594976148,0.0004711033842121001
Nepal,2006,Diabetes mellitus type 1,199.16834795330985,181412.87594976148,0.0010978732733858724
Nepal,2006,Diabetes mellitus type 2,3451.21242776534,181412.87594976148,0.01902407648683703
Nepal,2008,Motor vehicle road injuries,603.8856663093242,178465.083908133,0.0033837748711685327
Nepal,2008,Other road injuries,12.028985533021926,178465.083908133,6.74024591791523e-05
Nepal,2008,Other transport injuries,215.37517895988137,178465.083908133,0.0012068196996491945
Nepal,2008,Maternal abortion and miscarriage,83.7461704581225,178465.083908133,0.0004692580118429879
Nepal,2008,Liver cancer due to NASH,20.9825431372904,178465.083908133,0.00011757225938991747
Nepal,2008,Chronic kidney disease due to diabetes mellitus type 1,128.63820820073826,178465.083908133,0.000720803225951785
Nepal,2008,Chronic kidney disease due to diabetes mellitus type 2,410.5727884536744,178465.083908133,0.0023005776786288435
Nepal,2008,Pulmonary Arterial Hypertension,79.66154094179785,178465.083908133,0.0004463704563230114
Nepal,2008,Hepatoblastoma,3.1673300554799098,178465.083908133,1.7747617551399186e-05
Nepal,2008,Burkitt lymphoma,7.638496371008604,178465.083908133,4.2801069003170445e-05
Nepal,2008,Other non-Hodgkin lymphoma,323.80237222708354,178465.083908133,0.0018143737987076766
Nepal,2008,Retinoblastoma,15.686878972652188,178465.083908133,8.789886867017188e-05
Nepal,2008,Other eye cancers,5.358593541261413,178465.083908133,3.0026005221390042e-05
Nepal,2008,Soft tissue and other extraosseous sarcomas,99.93760761831456,178465.083908133,0.0005599840900518032
Nepal,2008,Malignant neoplasm of bone and articular cartilage,168.1736476801511,178465.083908133,0.0009423336150544745
Nepal,2008,Neuroblastoma and other peripheral nervous cell tumors,8.895662810218797,178465.083908133,4.984539617171246e-05
Nepal,2006,Maternal hemorrhage,642.6098124687636,181412.87594976148,0.003542250290143248
Nepal,2006,Maternal sepsis and other maternal infections,52.59132987281415,181412.87594976148,0.000289898551012323
Nepal,2006,Maternal hypertensive disorders,171.54889692059146,181412.87594976148,0.0009456269078061381
Nepal,2006,Maternal obstructed labor and uterine rupture,79.33899641998838,181412.87594976148,0.00043733938952580004
Nepal,2006,Ectopic pregnancy,0.240707932223651,181412.87594976148,1.3268514209008518e-06
Nepal,2006,Indirect maternal deaths,259.70973224873893,181412.87594976148,0.0014315948131524035
Nepal,2006,Late maternal deaths,25.78632839301899,181412.87594976148,0.00014214166584382895
Nepal,2006,Neonatal preterm birth,3045.893022520189,181412.87594976148,0.01678983923590785
Nepal,2006,Neonatal encephalopathy due to birth asphyxia and trauma,6587.208302193648,181412.87594976148,0.03631058858257579
Nepal,2006,Neonatal sepsis and other neonatal infections,2320.321859093905,181412.87594976148,0.012790282095172065
Nepal,2006,Hemolytic disease and other neonatal jaundice,1231.6386918737624,181412.87594976148,0.00678914705158436
Nepal,2006,Other neonatal disorders,1802.8394153621043,181412.87594976148,0.009937769884985249
Nepal,2006,Protein-energy malnutrition,2317.621589140572,181412.87594976148,0.012775397429796487
Nepal,2006,Other nutritional deficiencies,495.8437728429271,181412.87594976148,0.002733233626593521
Nepal,2006,Syphilis,483.4687938789622,181412.87594976148,0.0026650191798560582
Nepal,2006,Chlamydial infection,6.829130681486566,181412.87594976148,3.7644134385355045e-05
Nepal,2006,Gonococcal infection,2.264575345187112,181412.87594976148,1.2482991261404394e-05
Nepal,2006,Other sexually transmitted infections,20.741651985208897,181412.87594976148,0.00011433395714950721
Nepal,2006,Acute hepatitis A,1035.717965160236,181412.87594976148,0.0057091756014443894
Nepal,2006,Vascular intestinal disorders,123.96814774020385,181412.87594976148,0.0006833481200889745
Nepal,2006,Gallbladder and biliary diseases,91.43167194042168,181412.87594976148,0.0005039976984089143
Nepal,2006,Pancreatitis,456.2252767816206,181412.87594976148,0.0025148450703574242
Nepal,2008,Ulcerative colitis,68.58975080426035,178465.083908133,0.000384331485477393
Nepal,2008,Crohn's disease,12.37280985367518,178465.083908133,6.932902270140544e-05
Nepal,2008,Total burden related to hepatitis B,2115.5184652358257,178465.083908133,0.011853962797141954
Nepal,2008,Total burden related to hepatitis C,651.7892415743495,178465.083908133,0.003652194744770723
Nepal,2008,Total burden related to Non-alcoholic fatty liver disease (NAFLD),114.10721227892736,178465.083908133,0.000639381159497089
Nepal,2008,Total cancers,9799.69285266022,178465.083908133,0.05491098111776715
Nepal,2008,Thyroid diseases,11.818712949264324,178465.083908133,6.622423103977104e-05
Nepal,2008,COVID-19,0.0,178465.083908133,0.0
Nepal,2006,Alzheimer's disease and other dementias,1119.9531795390296,181412.87594976148,0.006173504353953229
Nepal,2006,Parkinson's disease,370.5395570033907,181412.87594976148,0.0020425207144943998
Nepal,2006,Idiopathic epilepsy,857.4252160754733,181412.87594976148,0.004726374638991553
Nepal,2006,Multiple sclerosis,2.828528763873306,181412.87594976148,1.5591664864276824e-05
Nepal,2006,Motor neuron disease,3.379969893383851,181412.87594976148,1.8631367126994134e-05
Nepal,2006,Other neurological disorders,10.112660575072267,181412.87594976148,5.5743896468918547e-05
Nepal,2006,Alcohol use disorders,176.1040481212093,181412.87594976148,0.000970736212626813
Nepal,2006,Opioid use disorders,32.065037059402414,181412.87594976148,0.0001767517156184777
Nepal,2006,Cocaine use disorders,6.117818902769658,181412.87594976148,3.3723179078335435e-05
Nepal,2006,Amphetamine use disorders,0.9942371029911335,181412.87594976148,5.480521147057207e-06
Nepal,2006,Other drug use disorders,8.355265121582146,181412.87594976148,4.6056626784837276e-05
Nepal,2006,Anorexia nervosa,0.0138835567084184,181412.87594976148,7.653016157608991e-08
Nepal,2006,Acute glomerulonephritis,6.251636536268859,181412.87594976148,3.4460820399540544e-05
Nepal,2006,Chronic kidney disease due to hypertension,299.4956779076161,181412.87594976148,0.0016509063997781237
Nepal,2007,Diarrheal diseases,7354.069622948482,179639.23475364794,0.04093799237696398
Nepal,2007,Typhoid fever,2190.7722146073947,179639.23475364794,0.012195399393744671
Nepal,2007,Paratyphoid fever,447.7063398872802,179639.23475364794,0.0024922525443912724
Nepal,2007,Other intestinal infectious diseases,2.9341525752537,179639.23475364794,1.633358424888367e-05
Nepal,2007,Lower respiratory infections,12885.22200529847,179639.23475364794,0.0717283282962594
Nepal,2007,Upper respiratory infections,74.94244666138204,179639.23475364794,0.00041718306562681557
Nepal,2007,Otitis media,4.204450755705164,179639.23475364794,2.3404969195460146e-05
Nepal,2007,Meningitis,1135.3599179214373,179639.23475364794,0.006320222413986772
Nepal,2007,Encephalitis,556.3904175796644,179639.23475364794,0.003097265574208675
Nepal,2007,Diphtheria,10.318668647442442,179639.23475364794,5.7441063259889556e-05
Nepal,2007,Pertussis,581.8758038555188,179639.23475364794,0.0032391353963040787
Nepal,2007,Tetanus,583.4468100846586,179639.23475364794,0.003247880736548342
Nepal,2007,Measles,669.2704337964573,179639.23475364794,0.003725636188075926
Nepal,2007,Varicella and herpes zoster,77.81501809635193,179639.23475364794,0.0004331738453632649
Nepal,2007,Malaria,125.0943851514254,179639.23475364794,0.000696364495890757
Nepal,2007,Chagas disease,0.0,179639.23475364794,0.0
Nepal,2007,Visceral leishmaniasis,198.53795142501136,179639.23475364794,0.0011052037251064923
Nepal,2007,African trypanosomiasis,0.0,179639.23475364794,0.0
Nepal,2007,Schistosomiasis,0.0,179639.23475364794,0.0
Nepal,2007,Cysticercosis,2.2054079360236836,179639.23475364794,1.2276872249250652e-05
Nepal,2007,Other cardiovascular and circulatory diseases,392.6962774546902,179639.23475364794,0.0021860273341356776
Nepal,2007,Chronic obstructive pulmonary disease,14659.895466505155,179639.23475364794,0.08160742549704864
Nepal,2006,Physical violence by firearm,46.95818212644321,181412.87594976148,0.00025884701888220606
Nepal,2006,Physical violence by sharp object,38.520407891009995,181412.87594976148,0.00021233557810790355
Nepal,2006,Physical violence by other means,526.9287917723142,181412.87594976148,0.0029045832001375477
Nepal,2006,Exposure to forces of nature,156.9910284103265,181412.87594976148,0.0008653797454476268
Nepal,2006,Maternal deaths aggravated by HIV/AIDS,0.6320162157776115,181412.87594976148,3.4838553353436456e-06
Nepal,2006,Environmental heat and cold exposure,54.53937980844923,181412.87594976148,0.0003006367630903596
Nepal,2006,Ebola,0.0,181412.87594976148,0.0
Nepal,2006,Acute lymphoid leukemia,213.58985474980045,181412.87594976148,0.0011773687707202752
Nepal,2006,Chronic lymphoid leukemia,13.66849513614305,181412.87594976148,7.534468027466946e-05
Nepal,2006,Acute myeloid leukemia,124.09625158660629,181412.87594976148,0.0006840542653707345
Nepal,2006,Chronic myeloid leukemia,91.04458445729986,181412.87594976148,0.0005018639607615987
Nepal,2006,Non-melanoma skin cancer (squamous-cell carcinoma),41.68414562986589,181412.87594976148,0.0002297750113470967
Nepal,2006,Police conflict and executions,0.0603494001597127,181412.87594976148,3.326632679392901e-07
Nepal,2006,Drug-susceptible tuberculosis,7096.7776496973565,181412.87594976148,0.03911948152821667
Nepal,2006,Zika virus,0.0,181412.87594976148,0.0
Nepal,2006,Alcoholic cardiomyopathy,33.18574241141752,181412.87594976148,0.00018292936616366538
Nepal,2006,Electrocution,49.442321914376166,181412.87594976148,0.0002725403125634158
Nepal,2006,Myocarditis,93.40358397436276,181412.87594976148,0.0005148674452425799
Nepal,2006,Other leukemia,114.66069139337012,181412.87594976148,0.0006320427411399563
Nepal,2006,Other cardiomyopathy,727.1325442309812,181412.87594976148,0.004008163921244187
Nepal,2007,Silicosis,6.224423036071511,179639.23475364794,3.464957443515892e-05
Nepal,2007,Asbestosis,1.354670363346394,179639.23475364794,7.54106064415243e-06
Nepal,2007,Coal workers pneumoconiosis,1.7399707273930576,179639.23475364794,9.685917053583551e-06
Nepal,2007,Other pneumoconiosis,3.377091311289546,179639.23475364794,1.8799296912619295e-05
Nepal,2007,Asthma,2869.951000934018,179639.23475364794,0.015976192533161175
Nepal,2007,Interstitial lung disease and pulmonary sarcoidosis,358.57372004253324,179639.23475364794,0.0019960768622415415
Nepal,2007,Other chronic respiratory diseases,327.4660832085641,179639.23475364794,0.001822909586859695
Nepal,2007,Chronic hepatitis B including cirrhosis,1943.49216739411,179639.23475364794,0.010818862427572457
Nepal,2007,Chronic hepatitis C including cirrhosis,553.1091775619092,179639.23475364794,0.0030789998539040046
Nepal,2007,Cirrhosis due to alcohol,1640.005018675181,179639.23475364794,0.009129436678597726
Nepal,2007,Cirrhosis due to other causes,671.3947362929498,179639.23475364794,0.003737461569649198
Nepal,2007,Peptic ulcer disease,2312.4509498586935,179639.23475364794,0.01287274994813868
Nepal,2007,Gastritis and duodenitis,193.2156897001665,179639.23475364794,0.0010755762234521704
Nepal,2007,Appendicitis,324.4550523024229,179639.23475364794,0.0018061480430339799
Nepal,2007,Paralytic ileus and intestinal obstruction,971.3596035351128,179639.23475364794,0.005407279789780932
Nepal,2007,"Inguinal, femoral, and abdominal hernia",243.94013054202233,179639.23475364794,0.0013579446097983817
Nepal,2007,Falls,2173.04011938634,179639.23475364794,0.01209668991501987
Nepal,2007,Drowning,2069.660145538635,179639.23475364794,0.011521203307155628
Nepal,2007,"Fire, heat, and hot substances",531.6275211272916,179639.23475364794,0.002959417645350974
Nepal,2007,Poisoning by carbon monoxide,279.11307136522623,179639.23475364794,0.001553742264310989
Nepal,2007,Poisoning by other means,780.9753023263897,179639.23475364794,0.004347465092452641
Nepal,2007,Unintentional firearm injuries,5.261496235809851,179639.23475364794,2.9289237638009955e-05
Nepal,2007,Other exposure to mechanical forces,311.67705321709246,179639.23475364794,0.0017350165939223543
Nepal,2007,Adverse effects of medical treatment,733.1076383854777,179639.23475364794,0.004080999562210562
Nepal,2007,Venomous animal contact,638.3155498325414,179639.23475364794,0.0035533192440276697
Nepal,2007,Non-venomous animal contact,18.07428419347576,179639.23475364794,0.00010061434640523998
Nepal,2007,Pulmonary aspiration and foreign body in airway,41.840731023039126,179639.23475364794,0.0002329153265455528
Nepal,2007,Foreign body in other body part,3.0755199385909378,179639.23475364794,1.7120535738245696e-05
Nepal,2007,Other unintentional injuries,102.40928587836932,179639.23475364794,0.0005700830668690526
Nepal,2007,Self-harm by firearm,417.9485647855075,179639.23475364794,0.0023265995613857412
Nepal,2007,Total Cancers excluding Non-melanoma skin cancer,9636.426199527195,179639.23475364794,0.053643215596761544
Nepal,2007,Other direct maternal disorders,151.21349737340853,179639.23475364794,0.0008417620882252052
Nepal,2007,Other digestive diseases,483.2055013719293,179639.23475364794,0.0026898661755856584
Nepal,2007,Self-harm by other specified means,3246.712705468826,179639.23475364794,0.01807351667869925
Nepal,2007,Other benign and in situ neoplasms,65.3981310133118,179639.23475364794,0.00036405260300177136
Nepal,2009,HIV/AIDS resulting in other diseases,1133.1730834672094,178953.31040809455,0.006332227556355687
Nepal,2009,Testicular cancer,17.753174180072783,178953.31040809455,9.92056203910814e-05
Nepal,2009,Kidney cancer,94.32046257611636,178953.31040809455,0.0005270674365342726
Nepal,2009,Bladder cancer,126.8340560663838,178953.31040809455,0.0007087550142388802
Nepal,2009,Brain and central nervous system cancer,299.82378190478784,178953.31040809455,0.0016754302070246922
Nepal,2009,Thyroid cancer,80.71488734139488,178953.31040809455,0.0004510388053583832
Nepal,2008,HIV/AIDS resulting in other diseases,1117.7670191198397,178465.083908133,0.006263225246318901
Nepal,2008,Testicular cancer,16.665896796005082,178465.083908133,9.338463542024863e-05
Nepal,2008,Kidney cancer,89.90292955069323,178465.083908133,0.0005037564075949546
Nepal,2008,Bladder cancer,124.78698783736913,178465.083908133,0.0006992235405644092
Nepal,2008,Brain and central nervous system cancer,290.6082545769988,178465.083908133,0.001628375972560508
Nepal,2008,Thyroid cancer,78.32304178613133,178465.083908133,0.000438870394538626
Nepal,2008,Mesothelioma,10.10137994467699,178465.083908133,5.660143554958232e-05
Nepal,2008,Hodgkin lymphoma,100.80631199838004,178465.083908133,0.0005648517334083752
Nepal,2008,Multiple myeloma,93.93386047540427,178465.083908133,0.0005263430718120629
Nepal,2008,Other malignant neoplasms,482.96208688537047,178465.083908133,0.0027061993097427443
Nepal,2008,Rheumatic heart disease,3737.691201743234,178465.083908133,0.020943543240465202
Nepal,2008,Ischemic heart disease,14544.550933012844,178465.083908133,0.08149801974990145
Nepal,2008,Ischemic stroke,5222.051076205182,178465.083908133,0.029260911780890953
Nepal,2008,Intracerebral hemorrhage,6405.477075766271,178465.083908133,0.035892046418802934
Nepal,2008,Subarachnoid hemorrhage,533.9751271748817,178465.083908133,0.0029920425636297105
Nepal,2008,Hypertensive heart disease,2194.498147997584,178465.083908133,0.012296512572326068
Nepal,2008,Atrial fibrillation and flutter,270.36797267093056,178465.083908133,0.0015149628529584288
Nepal,2008,Aortic aneurysm,94.88582757474258,178465.083908133,0.0005316772642405849
Nepal,2008,Lower extremity peripheral arterial disease,29.22975524651499,178465.083908133,0.0001637841677846707
Nepal,2008,Endocarditis,112.86062040617148,178465.083908133,0.000632396085187553
Nepal,2009,Mesothelioma,10.41184351906452,178953.31040809455,5.818189948719476e-05
Nepal,2009,Hodgkin lymphoma,102.8307092472113,178953.31040809455,0.000574623118246378
Nepal,2009,Multiple myeloma,97.5598118962001,178953.31040809455,0.0005451690816656008
Nepal,2009,Other malignant neoplasms,497.6572295470918,178953.31040809455,0.0027809333530193327
Nepal,2009,Rheumatic heart disease,3773.6172256222535,178953.31040809455,0.02108716076286434
Nepal,2009,Ischemic heart disease,14517.849312840692,178953.31040809455,0.08112646410247133
Nepal,2009,Ischemic stroke,5335.171083496438,178953.31040809455,0.02981320139498863
Nepal,2009,Intracerebral hemorrhage,6544.865492576691,178953.31040809455,0.03657303392516984
Nepal,2009,Subarachnoid hemorrhage,547.3156253648029,178953.31040809455,0.003058426938941088
Nepal,2009,Hypertensive heart disease,2245.3809707398113,178953.31040809455,0.01254730055353168
Nepal,2009,Atrial fibrillation and flutter,284.9956394424871,178953.31040809455,0.0015925698093685334
Nepal,2009,Aortic aneurysm,99.0255567746575,178953.31040809455,0.0005533597369550438
Nepal,2009,Lower extremity peripheral arterial disease,30.86690054610658,178953.31040809455,0.00017248577562335157
Nepal,2009,Endocarditis,115.7401371937268,178953.31040809455,0.0006467616437482318
Nepal,2008,Congenital heart anomalies,1346.0195557288926,178465.083908133,0.007542201119978022
Nepal,2008,Orofacial clefts,34.73724876605776,178465.083908133,0.00019464450975709719
Nepal,2008,Down syndrome,41.33835034615867,178465.083908133,0.00023163270619051775
Nepal,2008,Other chromosomal abnormalities,35.53821216086676,178465.083908133,0.0001991325775475525
Nepal,2008,Congenital musculoskeletal and limb anomalies,32.080459106337855,178465.083908133,0.00017975762207273917
Nepal,2008,Urogenital congenital anomalies,40.090385287715,178465.083908133,0.00022463993745887008
Nepal,2008,Digestive congenital anomalies,230.78394928028672,178465.083908133,0.0012931602318304765
Nepal,2008,Other congenital birth defects,3.066582369330974,178465.083908133,1.7183094318379575e-05
Nepal,2008,Cellulitis,0.3364277590437149,178465.083908133,1.8851180952398233e-06
Nepal,2008,Pyoderma,0.7613639930950024,178465.083908133,4.266178999399812e-06
Nepal,2008,Decubitus ulcer,1.6354607277211777,178465.083908133,9.16403753556102e-06
Nepal,2008,Other skin and subcutaneous diseases,1.556316933650992,178465.083908133,8.720568189417514e-06
Nepal,2008,Sudden infant death syndrome,296.94084001959493,178465.083908133,0.0016638595825973932
Nepal,2008,Pedestrian road injuries,795.1158282156821,178465.083908133,0.004455301904460916
Nepal,2008,Cyclist road injuries,90.34712904180974,178465.083908133,0.0005062454070193192
Nepal,2008,Motorcyclist road injuries,446.41457698972147,178465.083908133,0.0025014112968983816
Nepal,2009,Congenital heart anomalies,1315.4074350151157,178953.31040809455,0.007350562177449478
Nepal,2009,Orofacial clefts,31.803282657956142,178953.31040809455,0.0001777183254415929
Nepal,2009,Down syndrome,41.298860098580505,178953.31040809455,0.00023078008450584352
Nepal,2009,Other chromosomal abnormalities,35.43428492682993,178953.31040809455,0.00019800854673223826
Nepal,2009,Congenital musculoskeletal and limb anomalies,31.528395438146365,178953.31040809455,0.0001761822419839418
Nepal,2009,Urogenital congenital anomalies,39.26339091612472,178953.31040809455,0.00021940578146660946
Nepal,2009,Digestive congenital anomalies,224.8506066098521,178953.31040809455,0.0012564763741843665
Nepal,2009,Other congenital birth defects,2.944513768217201,178953.31040809455,1.645408940188017e-05
Nepal,2009,Cellulitis,0.3571935757521385,178953.31040809455,1.9960154687140206e-06
Nepal,2009,Pyoderma,0.8343240245397947,178953.31040809455,4.662244149812922e-06
Nepal,2009,Decubitus ulcer,1.6876907823406522,178953.31040809455,9.430900040306342e-06
Nepal,2009,Other skin and subcutaneous diseases,1.5460990216310857,178953.31040809455,8.639678238448231e-06
Nepal,2009,Sudden infant death syndrome,262.42401662283646,178953.31040809455,0.0014664384583017265
Nepal,2009,Pedestrian road injuries,822.0889200190876,178953.31040809455,0.00459387377715647
Nepal,2009,Cyclist road injuries,96.5920511825228,178953.31040809455,0.0005397611866595214
Nepal,2009,Motorcyclist road injuries,491.4491071523035,178953.31040809455,0.002746242056274774
Nepal,2009,Motor vehicle road injuries,626.1864232244272,178953.31040809455,0.0034991608805472153
Nepal,2009,Other road injuries,12.832643035154858,178953.31040809455,7.170944759775957e-05
Nepal,2009,Other transport injuries,201.6202248201892,178953.31040809455,0.0011266638452253487
Nepal,2009,Maternal abortion and miscarriage,79.7433676382634,178953.31040809455,0.00044560990493225535
Nepal,2009,Liver cancer due to NASH,21.819758892170448,178953.31040809455,0.00012192989804106736
Nepal,2009,Chronic kidney disease due to diabetes mellitus type 1,132.37386659719533,178953.31040809455,0.0007397117510445769
Nepal,2009,Chronic kidney disease due to diabetes mellitus type 2,420.5274025522603,178953.31040809455,0.0023499280432044954
Nepal,2009,Pulmonary Arterial Hypertension,80.12579243674709,178953.31040809455,0.0004477469137286369
Nepal,2009,Hepatoblastoma,3.269771504351396,178953.31040809455,1.8271645810266584e-05
Nepal,2009,Burkitt lymphoma,7.8908818877462865,178953.31040809455,4.409464049450387e-05
Nepal,2009,Other non-Hodgkin lymphoma,336.3721836124739,178953.31040809455,0.0018796644937464028
Nepal,2009,Retinoblastoma,15.769035015013824,178953.31040809455,8.811815204230247e-05
Nepal,2009,Other eye cancers,5.486055706876797,178953.31040809455,3.06563521756938e-05
Nepal,2009,Soft tissue and other extraosseous sarcomas,103.27068140110552,178953.31040809455,0.0005770817045272961
Nepal,2009,Malignant neoplasm of bone and articular cartilage,174.28030277964643,178953.31040809455,0.0009738870009289488
Nepal,2009,Neuroblastoma and other peripheral nervous cell tumors,9.234763081701928,178953.31040809455,5.160431545324581e-05
Nepal,2009,Ulcerative colitis,70.45679012022438,178953.31040809455,0.0003937160478314204
Nepal,2009,Crohn's disease,12.89952034561166,178953.31040809455,7.208316133518242e-05
Nepal,2009,Total burden related to hepatitis B,2154.276587836096,178953.31040809455,0.012038204730180014
Nepal,2009,Total burden related to hepatitis C,666.2771553199897,178953.31040809455,0.0037231898856778687
Nepal,2009,Total burden related to Non-alcoholic fatty liver disease (NAFLD),119.90340357540865,178953.31040809455,0.0006700261833769636
Nepal,2009,Total cancers,10033.909228349545,178953.31040809455,0.05606998387159025
Nepal,2009,Thyroid diseases,12.111364867738516,178953.31040809455,6.767890932064414e-05
Nepal,2009,COVID-19,0.0,178953.31040809455,0.0
Nepal,2007,Cystic echinococcosis,30.433308067445093,179639.23475364794,0.00016941348090900328
Nepal,2007,Dengue,325.00451380801167,179639.23475364794,0.0018092067373461787
Nepal,2007,Yellow fever,0.0,179639.23475364794,0.0
Nepal,2007,Rabies,563.8118268045356,179639.23475364794,0.0031385784267993063
Nepal,2007,Ascariasis,5.381892149808189,179639.23475364794,2.9959447095111268e-05
Nepal,2007,Other neglected tropical diseases,39.054105061284936,179639.23475364794,0.0002174029805618055
Nepal,2007,Maternal hemorrhage,621.1282232980675,179639.23475364794,0.0034576423360401466
Nepal,2007,Maternal sepsis and other maternal infections,48.495666967791415,179639.23475364794,0.0002699614426341605
Nepal,2007,Maternal hypertensive disorders,177.3611094305756,179639.23475364794,0.0009873183309526091
Nepal,2007,Maternal obstructed labor and uterine rupture,76.10962917508694,179639.23475364794,0.0004236804352872104
Nepal,2007,Ectopic pregnancy,0.2499494171756058,179639.23475364794,1.3913965817009809e-06
Nepal,2007,Indirect maternal deaths,284.9391911733087,179639.23475364794,0.0015861745991295614
Nepal,2007,Late maternal deaths,26.581711008101163,179639.23475364794,0.00014797274684761686
Nepal,2007,Neonatal preterm birth,3234.8134073292563,179639.23475364794,0.01800727670525532
Nepal,2007,Neonatal encephalopathy due to birth asphyxia and trauma,6261.5582503249025,179639.23475364794,0.034856295501992214
Nepal,2007,Neonatal sepsis and other neonatal infections,2276.907562440298,179639.23475364794,0.012674890123879583
Nepal,2007,Hemolytic disease and other neonatal jaundice,1176.9219401328298,179639.23475364794,0.0065515862486657025
Nepal,2007,Other neonatal disorders,1721.9821128263136,179639.23475364794,0.009585779605372904
Nepal,2007,Protein-energy malnutrition,2145.006636750725,179639.23475364794,0.011940635572692822
Nepal,2007,Other nutritional deficiencies,476.8188333023364,179639.23475364794,0.0026543134296704834
Nepal,2007,Syphilis,460.5334281502735,179639.23475364794,0.0025636572588490247
Nepal,2007,Chlamydial infection,6.6981155434770265,179639.23475364794,3.7286484506920934e-05
Nepal,2007,Gonococcal infection,2.2188969860333936,179639.23475364794,1.2351961914535679e-05
Nepal,2007,Other sexually transmitted infections,20.41334001990131,179639.23475364794,0.00011363519805623518
Nepal,2007,Acute hepatitis A,1017.2780880660744,179639.23475364794,0.005662894798350373
Nepal,2007,Vascular intestinal disorders,127.2804854344677,179639.23475364794,0.0007085338879839724
Nepal,2007,Gallbladder and biliary diseases,93.55000496995092,179639.23475364794,0.0005207659957928606
Nepal,2007,Pancreatitis,462.45213234116414,179639.23475364794,0.0025743381337343016
Nepal,2007,Acute hepatitis B,72.59511227291128,179639.23475364794,0.0004041161295997844
Nepal,2007,Acute hepatitis C,13.11884431185937,179639.23475364794,7.302883654481258e-05
Nepal,2007,Acute hepatitis E,10.940144403752544,179639.23475364794,6.090064021234305e-05
Nepal,2007,Other unspecified infectious diseases,720.7520329185927,179639.23475364794,0.004012219456996749
Nepal,2007,Esophageal cancer,620.2940903900629,179639.23475364794,0.003452998957831881
Nepal,2007,Stomach cancer,1062.9793887563897,179639.23475364794,0.0059173008068873646
Nepal,2007,Alzheimer's disease and other dementias,1182.4707196863346,179639.23475364794,0.006582474709981597
Nepal,2007,Parkinson's disease,383.0549490249057,179639.23475364794,0.002132356829231744
Nepal,2007,Idiopathic epilepsy,864.9458025270688,179639.23475364794,0.004814904737894428
Nepal,2007,Multiple sclerosis,2.9048496174935368,179639.23475364794,1.617046310332575e-05
Nepal,2007,Motor neuron disease,3.5658719399247487,179639.23475364794,1.9850184425550926e-05
Nepal,2007,Other neurological disorders,10.66761228098057,179639.23475364794,5.938353219779535e-05
Nepal,2007,Alcohol use disorders,176.12379076902218,179639.23475364794,0.0009804305335109741
Nepal,2007,Opioid use disorders,32.681029270670116,179639.23475364794,0.0001819258989579194
Nepal,2007,Cocaine use disorders,6.103876031013457,179639.23475364794,3.3978523897544635e-05
Nepal,2007,Amphetamine use disorders,1.0282785697589931,179639.23475364794,5.7241313189134025e-06
Nepal,2007,Other drug use disorders,8.382926526689262,179639.23475364794,4.6665343114967985e-05
Nepal,2007,Anorexia nervosa,0.0158054283457066,179639.23475364794,8.798427786325024e-08
Nepal,2007,Acute glomerulonephritis,6.144546924313165,179639.23475364794,3.420492707364078e-05
Nepal,2007,Chronic kidney disease due to hypertension,303.75736113064335,179639.23475364794,0.0016909299438243957
Nepal,2007,Physical violence by firearm,48.12695275030828,179639.23475364794,0.0002679089165365695
Nepal,2007,Physical violence by sharp object,39.17212089127062,179639.23475364794,0.00021805994077513268
Nepal,2007,Physical violence by other means,561.024042456868,179639.23475364794,0.0031230596324140444
Nepal,2007,Exposure to forces of nature,213.98777120897992,179639.23475364794,0.001191208432291735
Nepal,2007,Maternal deaths aggravated by HIV/AIDS,0.6552252241186889,179639.23475364794,3.6474505417329675e-06
Nepal,2007,Environmental heat and cold exposure,53.8994408012674,179639.23475364794,0.00030004269877448287
Nepal,2007,Ebola,0.0,179639.23475364794,0.0
Nepal,2007,Acute lymphoid leukemia,213.71540548711795,179639.23475364794,0.0011896922505832375
Nepal,2007,Chronic lymphoid leukemia,14.112995109811756,179639.23475364794,7.856298836479631e-05
Nepal,2007,Acute myeloid leukemia,127.00040315568366,179639.23475364794,0.0007069747504204654
Nepal,2007,Chronic myeloid leukemia,91.3300034297312,179639.23475364794,0.0005084078851425667
Nepal,2007,Non-melanoma skin cancer (squamous-cell carcinoma),42.835824877478245,179639.23475364794,0.00023845472809000807
Nepal,2007,Police conflict and executions,0.0615888422446651,179639.23475364794,3.42847387037282e-07
Nepal,2007,Drug-susceptible tuberculosis,6961.213318854584,179639.23475364794,0.038751074220511966
Nepal,2007,Zika virus,0.0,179639.23475364794,0.0
Nepal,2007,Alcoholic cardiomyopathy,33.429310919247015,179639.23475364794,0.0001860913678745682
Nepal,2007,Electrocution,48.456716088918526,179639.23475364794,0.00026974461428412713
Nepal,2007,Myocarditis,90.95516785545824,179639.23475364794,0.0005063212832107169
Nepal,2007,Other leukemia,118.55247727763631,179639.23475364794,0.0006599475745942458
Nepal,2007,Other cardiomyopathy,738.0420584416175,179639.23475364794,0.004108468060742672
Nepal,2008,Self-harm by firearm,426.1814075623307,178465.083908133,0.002388038030910924
Nepal,2008,Total Cancers excluding Non-melanoma skin cancer,9755.625038269818,178465.083908133,0.05466405430482772
Nepal,2008,Other direct maternal disorders,171.70651437976102,178465.083908133,0.0009621294575926626
Nepal,2008,Other digestive diseases,483.6032667179015,178465.083908133,0.002709792056393742
Nepal,2008,Self-harm by other specified means,3361.9097297537837,178465.083908133,0.01883791303112471
Nepal,2008,Other benign and in situ neoplasms,66.04920093190783,178465.083908133,0.0003700959284893365
Nepal,2007,Liver cancer due to hepatitis B,74.33368230505351,179639.23475364794,0.0004137942493854006
Nepal,2007,Liver cancer due to hepatitis C,75.41868306596663,179639.23475364794,0.00041983413684317704
Nepal,2007,Liver cancer due to alcohol use,66.6707311173103,179639.23475364794,0.00037113680209526954
Nepal,2007,Liver cancer due to other causes,8.852812959487952,179639.23475364794,4.9281065863080775e-05
Nepal,2007,Larynx cancer,293.12394612506347,179639.23475364794,0.0016317367780320662
Nepal,2007,"Tracheal, bronchus, and lung cancer",893.3192170666019,179639.23475364794,0.004972851383450137
Nepal,2007,Breast cancer,655.3494101392612,179639.23475364794,0.0036481418496242674
Nepal,2007,Cervical cancer,812.375312731882,179639.23475364794,0.0045222599274927335
Nepal,2007,Uterine cancer,57.587403766031585,179639.23475364794,0.0003205725288520923
Nepal,2007,Prostate cancer,291.2023106946208,179639.23475364794,0.0016210395857785035
Nepal,2007,Colon and rectum cancer,463.40958076930315,179639.23475364794,0.0025796679740080707
Nepal,2007,Lip and oral cavity cancer,618.0134824753284,179639.23475364794,0.0034403034689100866
Nepal,2007,Nasopharynx cancer,132.45018150899935,179639.23475364794,0.0007373121005031986
Nepal,2007,Other pharynx cancer,378.6356551414975,179639.23475364794,0.0021077558900801795
Nepal,2007,Gallbladder and biliary tract cancer,272.6691896744416,179639.23475364794,0.0015178710266071456
Nepal,2007,Pancreatic cancer,147.29848227200102,179639.23475364794,0.0008199683241470157
Nepal,2007,Malignant skin melanoma,12.140644713781525,179639.23475364794,6.758348047090523e-05
Nepal,2007,Ovarian cancer,241.266877245122,179639.23475364794,0.0013430633768619002
Nepal,2007,Chronic kidney disease due to glomerulonephritis,243.76258576099855,179639.23475364794,0.0013569562690204484
Nepal,2007,Chronic kidney disease due to other and unspecified causes,765.1807097824196,179639.23475364794,0.0042595411343839575
Nepal,2007,Urinary tract infections and interstitial nephritis,322.542878721181,179639.23475364794,0.001795503522176027
Nepal,2007,Urolithiasis,44.16100783535582,179639.23475364794,0.00024583164082121007
Nepal,2007,Other urinary diseases,331.2709044460285,179639.23475364794,0.0018440899333618508
Nepal,2007,Uterine fibroids,8.847765031814694,179639.23475364794,4.925296550026092e-05
Nepal,2007,Endometriosis,0.0842844888679767,179639.23475364794,4.6918753012704607e-07
Nepal,2007,Genital prolapse,1.310087202700981,179639.23475364794,7.292878999944509e-06
Nepal,2007,Other gynecological diseases,16.29272620438152,179639.23475364794,9.06969250159905e-05
Nepal,2007,Thalassemias,80.5510921217525,179639.23475364794,0.0004484047832435823
Nepal,2007,Sickle cell disorders,12.016006500312251,179639.23475364794,6.688965535168671e-05
Nepal,2007,G6PD deficiency,24.607267512406523,179639.23475364794,0.00013698158726935247
Nepal,2007,Other hemoglobinopathies and hemolytic anemias,166.70603046611237,179639.23475364794,0.0009280045681263796
Nepal,2007,"Other endocrine, metabolic, blood, and immune disorders",41.11518569809692,179639.23475364794,0.00022887642420922746
Nepal,2007,Rheumatoid arthritis,90.09384371716928,179639.23475364794,0.0005015265392369399
Nepal,2007,Other musculoskeletal disorders,138.2544524476973,179639.23475364794,0.0007696228089442458
Nepal,2007,Neural tube defects,237.22471122134945,179639.23475364794,0.0013205618001361037
Nepal,2007,Conflict and terrorism,0.9999999999999988,179639.23475364794,5.566712646997021e-06
Nepal,2007,Multidrug-resistant tuberculosis without extensive drug resistance,698.4223083166007,179639.23475364794,0.0038879162966508787
Nepal,2007,Extensively drug-resistant tuberculosis,17.031041659259568,179639.23475364794,9.480691499613348e-05
Nepal,2007,HIV/AIDS - Drug-susceptible Tuberculosis,370.1923401513104,179639.23475364794,0.002060754381741725
Nepal,2007,HIV/AIDS - Multidrug-resistant Tuberculosis without extensive drug resistance,45.75253114496798,179639.23475364794,0.00025469119375681867
Nepal,2007,HIV/AIDS - Extensively drug-resistant Tuberculosis,1.115012442430506,179639.23475364794,6.206953864836943e-06
Nepal,2007,Invasive Non-typhoidal Salmonella (iNTS),91.50876430859834,179639.23475364794,0.0005094029955877447
Nepal,2007,"Myelodysplastic, myeloproliferative, and other hematopoietic neoplasms",10.55326972519711,179639.23475364794,5.87470200464256e-05
Nepal,2007,Non-rheumatic calcific aortic valve disease,78.71316065678526,179639.23475364794,0.00043817354691323544
Nepal,2007,Non-rheumatic degenerative mitral valve disease,46.9528604537654,179639.23475364794,0.0002613730821006625
Nepal,2007,Other non-rheumatic valve diseases,1.109534686031426,179639.23475364794,6.176460769013015e-06
Nepal,2007,Nonalcoholic fatty liver disease including cirrhosis,89.06168915691849,179639.23475364794,0.0004957808313927363
Nepal,2007,Diabetes mellitus type 1,204.7958226102956,179639.23475364794,0.0011400394957768924
Nepal,2007,Diabetes mellitus type 2,3679.493431124062,179639.23475364794,0.020482682617580805
Nepal,2010,HIV/AIDS resulting in other diseases,1222.0716129744433,178153.88681845277,0.006859640475987998
Nepal,2010,Testicular cancer,18.782618857167808,178153.88681845277,0.00010542918368268992
Nepal,2010,Kidney cancer,97.45826341968916,178153.88681845277,0.0005470453951925492
Nepal,2010,Bladder cancer,127.35688867541204,178153.88681845277,0.0007148701100481447
Nepal,2010,Brain and central nervous system cancer,303.0134247804115,178153.88681845277,0.0017008521688286068
Nepal,2010,Thyroid cancer,82.1887833821745,178153.88681845277,0.0004613358981380449
Nepal,2010,Mesothelioma,10.572707829843456,178153.88681845277,5.934592850403284e-05
Nepal,2010,Hodgkin lymphoma,103.54815305171714,178153.88681845277,0.0005812287057045104
Nepal,2010,Multiple myeloma,99.79991499968192,178153.88681845277,0.0005601893777449984
Nepal,2010,Other malignant neoplasms,504.62748838012385,178153.88681845277,0.0028325370688901284
Nepal,2010,Rheumatic heart disease,3748.6124393935233,178153.88681845277,0.02104142944247709
Nepal,2010,Ischemic heart disease,14457.805143912574,178153.88681845277,0.08115346458113351
Nepal,2010,Ischemic stroke,5408.239134103288,178153.88681845277,0.030357121198340956
Nepal,2010,Intracerebral hemorrhage,6617.8290346699705,178153.88681845277,0.0371467002648887
Nepal,2010,Subarachnoid hemorrhage,551.0626104058189,178153.88681845277,0.003093183203840945
Nepal,2010,Hypertensive heart disease,2270.879849124815,178153.88681845277,0.012746731994901402
Nepal,2010,Atrial fibrillation and flutter,295.6455666198193,178153.88681845277,0.0016594954614776163
Nepal,2010,Aortic aneurysm,101.62708905259012,178153.88681845277,0.0005704455337320422
Nepal,2010,Lower extremity peripheral arterial disease,31.872838893070934,178153.88681845277,0.00017890622238037873
Nepal,2010,Endocarditis,116.52100992598496,178153.88681845277,0.0006540469703292265
Nepal,2010,Congenital heart anomalies,1252.11391467075,178153.88681845277,0.007028271664635155
Nepal,2010,Orofacial clefts,29.060667714787876,178153.88681845277,0.00016312115460271755
Nepal,2010,Down syndrome,40.24896152841399,178153.88681845277,0.0002259224440577577
Nepal,2010,Other chromosomal abnormalities,34.918356357540596,178153.88681845277,0.00019600109198360659
Nepal,2010,Congenital musculoskeletal and limb anomalies,30.502209530213175,178153.88681845277,0.00017121270871455288
Nepal,2010,Urogenital congenital anomalies,38.05995635150491,178153.88681845277,0.00021363528481581657
Nepal,2010,Digestive congenital anomalies,215.87635241119523,178153.88681845277,0.0012117409070686368
Nepal,2010,Other congenital birth defects,2.819231497142486,178153.88681845277,1.582469822853439e-05
Nepal,2010,Cellulitis,0.3736598110369885,178153.88681845277,2.0973991514300526e-06
Nepal,2010,Pyoderma,0.8896777067388348,178153.88681845277,4.993871998119572e-06
Nepal,2010,Decubitus ulcer,1.7078435112623815,178153.88681845277,9.586338764546601e-06
Nepal,2010,Other skin and subcutaneous diseases,1.494240039608106,178153.88681845277,8.387355820818027e-06
Nepal,2010,Sudden infant death syndrome,223.95372274730943,178153.88681845277,0.001257080194806689
Nepal,2010,Pedestrian road injuries,833.7357028204661,178153.88681845277,0.004679862548663236
Nepal,2010,Cyclist road injuries,101.15295088243796,178153.88681845277,0.0005677841370113783
Nepal,2010,Motorcyclist road injuries,529.8753474900052,178153.88681845277,0.002974256452961777
Nepal,2010,Motor vehicle road injuries,641.0023901166189,178153.88681845277,0.003598026411682113
Nepal,2010,Other road injuries,13.357685427110496,178153.88681845277,7.49783553177406e-05
Nepal,2010,Other transport injuries,215.6178223666505,178153.88681845277,0.0012102897456645178
Nepal,2010,Maternal abortion and miscarriage,68.42407854012944,178153.88681845277,0.00038407289204897793
Nepal,2010,Liver cancer due to NASH,22.42519484803542,178153.88681845277,0.000125875417306431
Nepal,2010,Chronic kidney disease due to diabetes mellitus type 1,134.81733785447167,178153.88681845277,0.000756746542340987
Nepal,2010,Chronic kidney disease due to diabetes mellitus type 2,425.57399275358057,178153.88681845277,0.002388799932202774
Nepal,2010,Pulmonary Arterial Hypertension,78.84279959948586,178153.88681845277,0.0004425544735929921
Nepal,2010,Hepatoblastoma,3.198792988598499,178153.88681845277,1.7955224248675642e-05
Nepal,2010,Burkitt lymphoma,7.962918740214394,178153.88681845277,4.469685664691102e-05
Nepal,2010,Other non-Hodgkin lymphoma,344.70567769300254,178153.88681845277,0.0019348759875459462
Nepal,2010,Retinoblastoma,14.960752484354042,178153.88681845277,8.397657076996449e-05
Nepal,2010,Other eye cancers,5.544571359892584,178153.88681845277,3.112237099571543e-05
Nepal,2010,Soft tissue and other extraosseous sarcomas,105.28030219870398,178153.88681845277,0.0005909514750356785
Nepal,2010,Malignant neoplasm of bone and articular cartilage,177.36979919020095,178153.88681845277,0.000995598818289882
Nepal,2010,Neuroblastoma and other peripheral nervous cell tumors,9.224992833826292,178153.88681845277,5.178103603895544e-05
Nepal,2010,Ulcerative colitis,71.43011087013971,178153.88681845277,0.0004009461266648107
Nepal,2010,Crohn's disease,13.300977711876287,178153.88681845277,7.466004783510905e-05
Nepal,2010,Total burden related to hepatitis B,2165.795869495549,178153.88681845277,0.012156882502948687
Nepal,2010,Total burden related to hepatitis C,672.6192104529159,178153.88681845277,0.0037754955699526595
Nepal,2010,Total burden related to Non-alcoholic fatty liver disease (NAFLD),124.7799877476317,178153.88681845277,0.0007004056435478637
Nepal,2010,Total cancers,10120.867004798052,178153.88681845277,0.056809689564122134
Nepal,2010,Thyroid diseases,12.238721731440236,178153.88681845277,6.869747244926558e-05
Nepal,2010,COVID-19,0.0,178153.88681845277,0.0
Nepal,2008,Diabetes mellitus type 1,211.24158502635507,178465.083908133,0.001183657780000788
Nepal,2008,Diabetes mellitus type 2,3920.618839182057,178465.083908133,0.021968548431581393
Nepal,2008,Electrocution,47.918006814817616,178465.083908133,0.00026850073843847223
Nepal,2008,Myocarditis,89.26530012643053,178465.083908133,0.0005001835550778151
Nepal,2008,Other leukemia,122.57940965992132,178465.083908133,0.0006868537361796804
Nepal,2008,Other cardiomyopathy,751.6907303482099,178465.083908133,0.004211976448766592
Nepal,2008,Diarrheal diseases,6582.719441088964,178465.083908133,0.03688519511456648
Nepal,2008,Typhoid fever,1998.0667291609057,178465.083908133,0.011195841143858895
Nepal,2008,Paratyphoid fever,410.587733265538,178465.083908133,0.002300661419445458
Nepal,2008,Other intestinal infectious diseases,2.9098551978382683,178465.083908133,1.6304899166361026e-05
Nepal,2008,Lower respiratory infections,12121.328221319156,178465.083908133,0.0679198863770952
Nepal,2008,Upper respiratory infections,71.10385347843152,178465.083908133,0.00039841884990250004
Nepal,2008,Otitis media,4.126956500363079,178465.083908133,2.312472787387071e-05
Nepal,2008,Meningitis,1152.1139369489142,178465.083908133,0.00645568260031177
Nepal,2008,Encephalitis,538.5075964221243,178465.083908133,0.0030174395160642593
Nepal,2008,Diphtheria,9.225458618157052,178465.083908133,5.1693353210233354e-05
Nepal,2008,Pertussis,511.0810781937293,178465.083908133,0.002863759492903465
Nepal,2008,Tetanus,542.3883835392852,178465.083908133,0.0030391848739358225
Nepal,2008,Measles,884.8840556256932,178465.083908133,0.004958303530572947
Nepal,2008,Varicella and herpes zoster,77.99746506102906,178465.083908133,0.00043704607844288003
Nepal,2008,Malaria,68.12438784250165,178465.083908133,0.000381723899995864
Nepal,2008,Chagas disease,0.0,178465.083908133,0.0
Nepal,2008,Visceral leishmaniasis,169.76911352648466,178465.083908133,0.0009512735477931095
Nepal,2008,African trypanosomiasis,0.0,178465.083908133,0.0
Nepal,2008,Schistosomiasis,0.0,178465.083908133,0.0
Nepal,2008,Cysticercosis,2.090138894705587,178465.083908133,1.171175251166503e-05
Nepal,2008,Other cardiovascular and circulatory diseases,402.4807322166526,178465.083908133,0.0022552351608667288
Nepal,2008,Chronic obstructive pulmonary disease,14991.419157660896,178465.083908133,0.08400197298748871
Nepal,2008,Silicosis,6.355521778526263,178465.083908133,3.56121300556351e-05
Nepal,2008,Asbestosis,1.4022996963672187,178465.083908133,7.857557711899931e-06
Nepal,2008,Coal workers pneumoconiosis,1.708776216979083,178465.083908133,9.574848925959633e-06
Nepal,2008,Other pneumoconiosis,3.449639195903065,178465.083908133,1.932949079092024e-05
Nepal,2008,Asthma,2889.0122184831785,178465.083908133,0.01618810892986962
Nepal,2008,Interstitial lung disease and pulmonary sarcoidosis,374.5373964132896,178465.083908133,0.0020986592346886584
Nepal,2008,Other chronic respiratory diseases,331.28512680511716,178465.083908133,0.0018563021939666925
Nepal,2008,Chronic hepatitis B including cirrhosis,1965.413520477188,178465.083908133,0.011012874212912749
Nepal,2008,Chronic hepatitis C including cirrhosis,561.2789386879613,178465.083908133,0.003145035019717841
Nepal,2008,Cirrhosis due to alcohol,1671.8052275431528,178465.083908133,0.009367688014557144
Nepal,2008,Cirrhosis due to other causes,666.9545968412957,178465.083908133,0.0037371713403873356
Nepal,2008,Peptic ulcer disease,2292.421250694764,178465.083908133,0.012845208712505437
Nepal,2008,Gastritis and duodenitis,190.5188729707763,178465.083908133,0.0010675414417133165
Nepal,2008,Appendicitis,320.55301482689055,178465.083908133,0.0017961665543042523
Nepal,2008,Paralytic ileus and intestinal obstruction,980.6232021136224,178465.083908133,0.0054947622282149585
Nepal,2008,"Inguinal, femoral, and abdominal hernia",242.59588470222437,178465.083908133,0.0013593464861009084
Nepal,2008,Falls,2199.396021689852,178465.083908133,0.012323957008991278
Nepal,2008,Drowning,2040.733551072169,178465.083908133,0.011434917723865025
Nepal,2008,"Fire, heat, and hot substances",539.735494852446,178465.083908133,0.003024319844716971
Nepal,2008,Poisoning by carbon monoxide,278.23611412229303,178465.083908133,0.0015590507007270864
Nepal,2008,Poisoning by other means,766.0648717517599,178465.083908133,0.004292519606502417
Nepal,2008,Unintentional firearm injuries,4.905102698086533,178465.083908133,2.748494322066658e-05
Nepal,2008,Other exposure to mechanical forces,293.4693134980092,178465.083908133,0.0016444074497456095
Nepal,2008,Adverse effects of medical treatment,729.3558609922961,178465.083908133,0.004086826649899431
Nepal,2008,Venomous animal contact,640.271167722263,178465.083908133,0.003587655095894557
Nepal,2008,Non-venomous animal contact,17.912116032661977,178465.083908133,0.00010036762172416005
Nepal,2008,Pulmonary aspiration and foreign body in airway,41.534736830280174,178465.083908133,0.00023273312583463478
Nepal,2008,Foreign body in other body part,3.0500274094412143,178465.083908133,1.709033129982586e-05
Nepal,2008,Other unintentional injuries,100.94266934600196,178465.083908133,0.0005656157895735133
Nepal,2009,Diarrheal diseases,6310.173538136039,178953.31040809455,0.035261563609781714
Nepal,2009,Typhoid fever,1858.9951511461825,178953.31040809455,0.010388157374159953
Nepal,2009,Paratyphoid fever,383.7313466335592,178953.31040809455,0.0021443098524328947
Nepal,2009,Other intestinal infectious diseases,2.9907295887607575,178953.31040809455,1.6712345705930447e-05
Nepal,2009,Lower respiratory infections,11499.75478637165,178953.31040809455,0.06426120176344882
Nepal,2009,Upper respiratory infections,68.59521965611317,178953.31040809455,0.00038331349948031153
Nepal,2009,Otitis media,4.049355899455683,178953.31040809455,2.262800218795237e-05
Nepal,2009,Meningitis,1085.5669672461572,178953.31040809455,0.006066202210903912
Nepal,2009,Encephalitis,533.5727200941942,178953.31040809455,0.002981630900693633
Nepal,2009,Diphtheria,8.678799232519355,178953.31040809455,4.849756180943378e-05
Nepal,2009,Pertussis,496.253601314004,178953.31040809455,0.0027730898086340016
Nepal,2009,Tetanus,508.5958522717891,178953.31040809455,0.00284205892091049
Nepal,2009,Measles,697.3542973708218,178953.31040809455,0.0038968505012873934
Nepal,2009,Varicella and herpes zoster,77.78288879965979,178953.31040809455,0.00043465465166461347
Nepal,2009,Malaria,57.88964031501224,178953.31040809455,0.0003234901896086619
Nepal,2009,Chagas disease,0.0,178953.31040809455,0.0
Nepal,2009,Visceral leishmaniasis,141.2913520170182,178953.31040809455,0.0007895431031413163
Nepal,2009,African trypanosomiasis,0.0,178953.31040809455,0.0
Nepal,2009,Schistosomiasis,0.0,178953.31040809455,0.0
Nepal,2009,Cysticercosis,1.9997710547677467,178953.31040809455,1.11748201260282e-05
Nepal,2009,Other cardiovascular and circulatory diseases,417.3396997991291,178953.31040809455,0.0023321150016582855
Nepal,2009,Chronic obstructive pulmonary disease,15382.390334418582,178953.31040809455,0.08595756233477754
Nepal,2009,Silicosis,6.546081223548576,178953.31040809455,3.657982749031325e-05
Nepal,2009,Asbestosis,1.4523858244492744,178953.31040809455,8.11600423114374e-06
Nepal,2009,Coal workers pneumoconiosis,1.696656923801392,178953.31040809455,9.481003284779959e-06
Nepal,2009,Other pneumoconiosis,3.554992315693125,178953.31040809455,1.986547389140851e-05
Nepal,2009,Asthma,2927.7382675074537,178953.31040809455,0.016360347069472397
Nepal,2009,Interstitial lung disease and pulmonary sarcoidosis,391.7018995976689,178953.31040809455,0.002188849698865091
Nepal,2009,Other chronic respiratory diseases,336.9423256805072,178953.31040809455,0.0018828504759824012
Nepal,2009,Chronic hepatitis B including cirrhosis,1998.76818329166,178953.31040809455,0.011169216030335308
Nepal,2009,Chronic hepatitis C including cirrhosis,572.5241631279135,178953.31040809455,0.003199293501876547
Nepal,2009,Cirrhosis due to alcohol,1713.2218394599747,178953.31040809455,0.00957356885744697
Nepal,2009,Cirrhosis due to other causes,668.0082081401412,178953.31040809455,0.003732863094942363
Nepal,2009,Peptic ulcer disease,2286.9221021671938,178953.31040809455,0.012779434462273854
Nepal,2009,Gastritis and duodenitis,188.39738190846384,178953.31040809455,0.001052773941308113
Nepal,2009,Appendicitis,319.1239373265044,178953.31040809455,0.0017832804355435359
Nepal,2009,Paralytic ileus and intestinal obstruction,997.2017856602212,178953.31040809455,0.0055724131807684905
Nepal,2009,"Inguinal, femoral, and abdominal hernia",242.8917431532971,178953.31040809455,0.0013572911425857057
Nepal,2009,Falls,2255.1373292253775,178953.31040809455,0.012601819570046755
Nepal,2009,Drowning,2055.4905157637695,178953.31040809455,0.011486183245653968
Nepal,2009,"Fire, heat, and hot substances",551.1025225138438,178953.31040809455,0.0030795883085765812
Nepal,2009,Poisoning by carbon monoxide,276.51749008491674,178953.31040809455,0.001545193489040978
Nepal,2009,Poisoning by other means,761.5210787630632,178953.31040809455,0.004255417667471199
Nepal,2009,Unintentional firearm injuries,4.626656164371978,178953.31040809455,2.585398478419375e-05
Nepal,2009,Other exposure to mechanical forces,317.7849649651609,178953.31040809455,0.001775798191385604
Nepal,2009,Adverse effects of medical treatment,732.3395372887237,178953.31040809455,0.004092349762173486
Nepal,2009,Venomous animal contact,661.955485974758,178953.31040809455,0.0036990401824095894
Nepal,2009,Non-venomous animal contact,18.762710140229128,178953.31040809455,0.00010484695755245687
Nepal,2009,Pulmonary aspiration and foreign body in airway,41.94581864900226,178953.31040809455,0.00023439532106641007
Nepal,2009,Foreign body in other body part,3.091138946039156,178953.31040809455,1.7273438188932966e-05
Nepal,2009,Other unintentional injuries,100.2648761398802,178953.31040809455,0.0005602851152137442
Nepal,2009,Self-harm by firearm,432.7580841256275,178953.31040809455,0.002418273700211207
Nepal,2009,Total Cancers excluding Non-melanoma skin cancer,9988.174054464056,178953.31040809455,0.05581441344497343
Nepal,2009,Other direct maternal disorders,175.7610897431561,178953.31040809455,0.0009821617121378826
Nepal,2009,Other digestive diseases,485.94629975699087,178953.31040809455,0.0027154920948308436
Nepal,2009,Self-harm by other specified means,3495.5367607910134,178953.31040809455,0.019533233293195902
Nepal,2009,Other benign and in situ neoplasms,67.14024641217652,178953.31040809455,0.0003751830366203697
Nepal,2011,HIV/AIDS resulting in other diseases,1309.84715818922,178497.98525189658,0.007338162144187577
Nepal,2011,Testicular cancer,19.61337935162198,178497.98525189658,0.00010988011614777362
Nepal,2011,Kidney cancer,99.43054901975025,178497.98525189658,0.000557040175436343
Nepal,2011,Bladder cancer,126.96788047153186,178497.98525189658,0.000711312681161945
Nepal,2011,Brain and central nervous system cancer,303.1769772123696,178497.98525189658,0.001698489631602989
Nepal,2011,Thyroid cancer,83.81228316784302,178497.98525189658,0.00046954190014843596
Nepal,2008,Cystic echinococcosis,29.26644860364821,178465.083908133,0.00016398977302873127
Nepal,2008,Dengue,336.2670855830865,178465.083908133,0.0018842177877000518
Nepal,2008,Yellow fever,0.0,178465.083908133,0.0
Nepal,2008,Rabies,528.3992028677576,178465.083908133,0.0029607987808963083
Nepal,2008,Ascariasis,4.796301440245094,178465.083908133,2.6875293111755387e-05
Nepal,2008,Other neglected tropical diseases,38.97445310148491,178465.083908133,0.00021838699339949024
Nepal,2008,Maternal hemorrhage,613.9420692566256,178465.083908133,0.0034401242854465554
Nepal,2008,Maternal sepsis and other maternal infections,60.35180234122638,178465.083908133,0.0003381714844136861
Nepal,2008,Maternal hypertensive disorders,200.8746556466547,178465.083908133,0.0011255683814883212
Nepal,2008,Maternal obstructed labor and uterine rupture,80.62069364273151,178465.083908133,0.000451744912098503
Nepal,2008,Ectopic pregnancy,0.3008233813820784,178465.083908133,1.6856147700966022e-06
Nepal,2008,Indirect maternal deaths,159.69024078995471,178465.083908133,0.0008947982277147116
Nepal,2008,Late maternal deaths,26.093606894514753,178465.083908133,0.00014621127182472705
Nepal,2008,Neonatal preterm birth,3397.9652707097416,178465.083908133,0.01903994437622815
Nepal,2008,Neonatal encephalopathy due to birth asphyxia and trauma,5971.277083675942,178465.083908133,0.03345907755687228
Nepal,2008,Neonatal sepsis and other neonatal infections,2237.121020786398,178465.083908133,0.012535342890590195
Nepal,2008,Hemolytic disease and other neonatal jaundice,1120.3750907812257,178465.083908133,0.006277839150642777
Nepal,2008,Other neonatal disorders,1652.7800760302346,178465.083908133,0.009261083679993239
Nepal,2008,Protein-energy malnutrition,1958.8624140024388,178465.083908133,0.01097616615590076
Nepal,2008,Other nutritional deficiencies,460.8424215743564,178465.083908133,0.0025822553716534293
Nepal,2008,Syphilis,436.9332209030851,178465.083908133,0.0024482840639460973
Nepal,2008,Chlamydial infection,6.609370104482873,178465.083908133,3.703452776166079e-05
Nepal,2008,Gonococcal infection,2.1911622168428617,178465.083908133,1.2277820226004478e-05
Nepal,2008,Other sexually transmitted infections,20.20238857340613,178465.083908133,0.00011320079049079172
Nepal,2008,Acute hepatitis A,986.307849815817,178465.083908133,0.00552661522476593
Nepal,2008,Vascular intestinal disorders,130.1783737215836,178465.083908133,0.0007294332923329386
Nepal,2008,Gallbladder and biliary diseases,95.66920640959448,178465.083908133,0.0005360667998163793
Nepal,2008,Pancreatitis,470.377509215661,178465.083908133,0.002635683680611684
Nepal,2008,Acute hepatitis B,73.73480168579151,178465.083908133,0.00041316093922185565
Nepal,2008,Acute hepatitis C,13.486651743229384,178465.083908133,7.557025412417252e-05
Nepal,2008,Acute hepatitis E,11.049291424262377,178465.083908133,6.19129029740637e-05
Nepal,2008,Other unspecified infectious diseases,732.3133734193906,178465.083908133,0.004103398588579699
Nepal,2008,Esophageal cancer,634.5347825248471,178465.083908133,0.0035555121967246056
Nepal,2008,Stomach cancer,1063.2003774835798,178465.083908133,0.005957469966679166
Nepal,2011,Mesothelioma,10.673695600757624,178497.98525189658,5.979728894807911e-05
Nepal,2011,Hodgkin lymphoma,103.71077083324118,178497.98525189658,0.0005810192797800177
Nepal,2011,Multiple myeloma,101.18679928543877,178497.98525189658,0.0005668792235533854
Nepal,2011,Other malignant neoplasms,506.3395127263945,178497.98525189658,0.0028366679434047816
Nepal,2011,Rheumatic heart disease,3740.518439228287,178497.98525189658,0.02095552190098764
Nepal,2011,Ischemic heart disease,15293.99084203377,178497.98525189658,0.08568158806078888
Nepal,2011,Ischemic stroke,5737.825347902724,178497.98525189658,0.03214504264462984
Nepal,2011,Intracerebral hemorrhage,6754.222159094802,178497.98525189658,0.03783920669784163
Nepal,2011,Subarachnoid hemorrhage,550.1758265351198,178497.98525189658,0.003082252305305917
Nepal,2011,Hypertensive heart disease,2293.813935794616,178497.98525189658,0.012850643286295826
Nepal,2011,Atrial fibrillation and flutter,305.08229937322585,178497.98525189658,0.0017091638258140188
Nepal,2011,Aortic aneurysm,104.01537464869573,178497.98525189658,0.0005827257629933979
Nepal,2011,Lower extremity peripheral arterial disease,32.741467952574475,178497.98525189658,0.0001834276611378536
Nepal,2011,Endocarditis,117.52310126753086,178497.98525189658,0.0006584001556190235
Nepal,2011,Congenital heart anomalies,1181.866838760425,178497.98525189658,0.006621177472073834
Nepal,2011,Orofacial clefts,20.059045041036196,178497.98525189658,0.00011237687088024465
Nepal,2011,Down syndrome,39.04441861758065,178497.98525189658,0.00021873870768054392
Nepal,2011,Other chromosomal abnormalities,34.36354397652502,178497.98525189658,0.00019251502434624766
Nepal,2011,Congenital musculoskeletal and limb anomalies,29.33176678646239,178497.98525189658,0.00016432547821236952
Nepal,2011,Urogenital congenital anomalies,37.068451277497005,178497.98525189658,0.00020766873769015353
Nepal,2011,Digestive congenital anomalies,207.4331672107784,178497.98525189658,0.0011621036893948605
Nepal,2011,Other congenital birth defects,2.726588321109339,178497.98525189658,1.5275177012567255e-05
Nepal,2011,Cellulitis,0.3860822274477672,178497.98525189658,2.1629500574078047e-06
Nepal,2011,Pyoderma,0.9369223766306666,178497.98525189658,5.248924100227129e-06
Nepal,2011,Decubitus ulcer,1.7205526494280348,178497.98525189658,9.63905921402972e-06
Nepal,2011,Other skin and subcutaneous diseases,1.4420384455567088,178497.98525189658,8.078737939376192e-06
Nepal,2011,Sudden infant death syndrome,190.28013068388103,178497.98525189658,0.0010660071620156243
Nepal,2011,Pedestrian road injuries,843.1945479686863,178497.98525189658,0.004723832298604206
Nepal,2011,Cyclist road injuries,105.17811630382909,178497.98525189658,0.000589239795370248
Nepal,2011,Motorcyclist road injuries,568.1542131145634,178497.98525189658,0.0031829726946933515
Nepal,2008,Alzheimer's disease and other dementias,1252.809623225473,178465.083908133,0.0070199144605247905
Nepal,2008,Parkinson's disease,396.4520451113659,178465.083908133,0.002221454395614126
Nepal,2008,Idiopathic epilepsy,872.892107877931,178465.083908133,0.004891108606584706
Nepal,2008,Multiple sclerosis,3.0016784175284057,178465.083908133,1.6819415606660377e-05
Nepal,2008,Motor neuron disease,3.7680678064603264,178465.083908133,2.1113753592271213e-05
Nepal,2008,Other neurological disorders,11.24356162084102,178465.083908133,6.300146434598251e-05
Nepal,2008,Alcohol use disorders,177.91948500154058,178465.083908133,0.0009969428254835927
Nepal,2008,Opioid use disorders,33.66895483422829,178465.083908133,0.00018865849888911477
Nepal,2008,Cocaine use disorders,6.1821477063925085,178465.083908133,3.464065671005339e-05
Nepal,2008,Amphetamine use disorders,1.0703570582847848,178465.083908133,5.997571260694129e-06
Nepal,2008,Other drug use disorders,8.478936580921502,178465.083908133,4.751033869059863e-05
Nepal,2008,Anorexia nervosa,0.0180143505077662,178465.083908133,1.0094047593667845e-07
Nepal,2008,Acute glomerulonephritis,6.002095228700537,178465.083908133,3.363176200780084e-05
Nepal,2008,Chronic kidney disease due to hypertension,310.0552997866162,178465.083908133,0.00173734431966659
Nepal,2008,Liver cancer due to hepatitis B,76.37014307284629,178465.083908133,0.000427927645007349
Nepal,2008,Liver cancer due to hepatitis C,77.02365114315876,178465.083908133,0.00043158947092870886
Nepal,2008,Liver cancer due to alcohol use,68.28168806544566,178465.083908133,0.00038260530614825735
Nepal,2008,Liver cancer due to other causes,9.064590591233484,178465.083908133,5.079195544995002e-05
Nepal,2008,Larynx cancer,294.4652171425125,178465.083908133,0.0016499878334413688
Nepal,2008,"Tracheal, bronchus, and lung cancer",888.3321410255461,178465.083908133,0.004977624314921038
Nepal,2008,Breast cancer,668.4467730427106,178465.083908133,0.003745532506441436
Nepal,2008,Cervical cancer,805.3347817993528,178465.083908133,0.0045125621447269105
Nepal,2008,Uterine cancer,58.44445112626724,178465.083908133,0.0003274839528630273
Nepal,2008,Prostate cancer,294.9368018778609,178465.083908133,0.0016526302816167843
Nepal,2008,Colon and rectum cancer,472.4539000834278,178465.083908133,0.0026473183982959323
Nepal,2008,Lip and oral cavity cancer,627.067331732892,178465.083908133,0.003513669553735689
Nepal,2008,Nasopharynx cancer,134.55210202402628,178465.083908133,0.0007539407657650756
Nepal,2008,Other pharynx cancer,384.1479575878848,178465.083908133,0.0021525104472851922
Nepal,2008,Gallbladder and biliary tract cancer,276.6686969188406,178465.083908133,0.0015502679339856702
Nepal,2008,Pancreatic cancer,150.73785897419856,178465.083908133,0.0008446350158431698
Nepal,2008,Malignant skin melanoma,12.410142318670662,178465.083908133,6.953820908216942e-05
Nepal,2008,Ovarian cancer,245.583864736275,178465.083908133,0.0013760891450491917
Nepal,2008,Chronic kidney disease due to glomerulonephritis,249.95072754659333,178465.083908133,0.001400558148815588
Nepal,2008,Chronic kidney disease due to other and unspecified causes,780.3959597043352,178465.083908133,0.004372821521245316
Nepal,2008,Urinary tract infections and interstitial nephritis,338.23054841126935,178465.083908133,0.0018952197315267422
Nepal,2008,Physical violence by firearm,50.03345336172648,178465.083908133,0.0002803542982529949
Nepal,2008,Physical violence by sharp object,40.42447866036058,178465.083908133,0.00022651197520053587
Nepal,2008,Physical violence by other means,541.7411842219259,178465.083908133,0.0030355583980830308
Nepal,2008,Exposure to forces of nature,114.9934284534237,178465.083908133,0.0006443469273385595
Nepal,2008,Maternal deaths aggravated by HIV/AIDS,0.6449085698230763,178465.083908133,3.6136400224654058e-06
Nepal,2008,Environmental heat and cold exposure,52.871731656856,178465.083908133,0.0002962581279152192
Nepal,2008,Ebola,0.0,178465.083908133,0.0
Nepal,2008,Acute lymphoid leukemia,212.78460943077076,178465.083908133,0.001192303865669904
Nepal,2008,Chronic lymphoid leukemia,14.546032221896828,178465.083908133,8.150631991064744e-05
Nepal,2008,Acute myeloid leukemia,129.93241485039837,178465.083908133,0.0007280551019003953
Nepal,2008,Chronic myeloid leukemia,91.991436570767,178465.083908133,0.0005154590161631878
Nepal,2008,Non-melanoma skin cancer (squamous-cell carcinoma),44.067814390400336,178465.083908133,0.0002469268129394137
Nepal,2008,Police conflict and executions,0.063164812368749,178465.083908133,3.5393372745821715e-07
Nepal,2008,Drug-susceptible tuberculosis,6865.352191073577,178465.083908133,0.038468881647502534
Nepal,2008,Zika virus,0.0,178465.083908133,0.0
Nepal,2008,Alcoholic cardiomyopathy,33.311645389533105,178465.083908133,0.00018665637367296263
Nepal,2008,Urolithiasis,45.900564223248985,178465.083908133,0.0002571963278087317
Nepal,2008,Other urinary diseases,344.4996885460336,178465.083908133,0.0019303478361255744
Nepal,2008,Uterine fibroids,9.164451744424136,178465.083908133,5.135151114008186e-05
Nepal,2008,Endometriosis,0.089638392238414,178465.083908133,5.022741158968463e-07
Nepal,2008,Genital prolapse,1.3660703426402447,178465.083908133,7.654552435273252e-06
Nepal,2008,Other gynecological diseases,17.00443711110994,178465.083908133,9.528159087893728e-05
Nepal,2008,Thalassemias,77.74392498611897,178465.083908133,0.00043562540797133497
Nepal,2008,Sickle cell disorders,11.63786010672852,178465.083908133,6.521085162361083e-05
Nepal,2008,G6PD deficiency,25.833788240150348,178465.083908133,0.0001447554203568951
Nepal,2008,Other hemoglobinopathies and hemolytic anemias,165.87774123809348,178465.083908133,0.0009294688776404072
Nepal,2008,"Other endocrine, metabolic, blood, and immune disorders",40.72643491241501,178465.083908133,0.00022820393782673712
Nepal,2008,Rheumatoid arthritis,93.04737680602028,178465.083908133,0.0005213758051066028
Nepal,2008,Other musculoskeletal disorders,143.30700591208512,178465.083908133,0.0008029974422663768
Nepal,2008,Neural tube defects,223.88844111237145,178465.083908133,0.0012545223760834956
Nepal,2011,Motor vehicle road injuries,655.7702625448778,178497.98525189658,0.0036738244502841533
Nepal,2011,Other road injuries,13.926155485320468,178497.98525189658,7.801855839250992e-05
Nepal,2011,Other transport injuries,249.6974949740826,178497.98525189658,0.0013988813073811963
Nepal,2011,Maternal abortion and miscarriage,74.94702550021744,178497.98525189658,0.00041987603050226084
Nepal,2011,Liver cancer due to NASH,22.98289955124028,178497.98525189658,0.00012875719307871617
Nepal,2011,Chronic kidney disease due to diabetes mellitus type 1,136.19915262527155,178497.98525189658,0.0007630290752753716
Nepal,2011,Chronic kidney disease due to diabetes mellitus type 2,427.12830921906857,178497.98525189658,0.002392902690841606
Nepal,2011,Pulmonary Arterial Hypertension,78.35317558331803,178497.98525189658,0.0004389583191807232
Nepal,2011,Hepatoblastoma,3.0991376892185136,178497.98525189658,1.7362311876209734e-05
Nepal,2011,Burkitt lymphoma,7.941919601909286,178497.98525189658,4.449304898708879e-05
Nepal,2011,Other non-Hodgkin lymphoma,350.16396881246163,178497.98525189658,0.0019617250487074674
Nepal,2011,Retinoblastoma,14.16564437423775,178497.98525189658,7.936024798401604e-05
Nepal,2011,Other eye cancers,5.606720564937322,178497.98525189658,3.1410553777540465e-05
Nepal,2011,Soft tissue and other extraosseous sarcomas,106.21475034253982,178497.98525189658,0.0005950473345267703
Nepal,2011,Malignant neoplasm of bone and articular cartilage,179.942950916236,178497.98525189658,0.0010080951371092524
Nepal,2011,Neuroblastoma and other peripheral nervous cell tumors,9.068936662990197,178497.98525189658,5.0806941323130915e-05
Nepal,2008,Conflict and terrorism,79.99542848933827,178465.083908133,0.000448241340757259
Nepal,2008,Multidrug-resistant tuberculosis without extensive drug resistance,667.204150039405,178465.083908133,0.003738569671044764
Nepal,2008,Extensively drug-resistant tuberculosis,17.35500426106344,178465.083908133,9.724593674579578e-05
Nepal,2008,HIV/AIDS - Drug-susceptible Tuberculosis,368.9243426850501,178465.083908133,0.002067207403297769
Nepal,2008,HIV/AIDS - Multidrug-resistant Tuberculosis without extensive drug resistance,44.10378735778072,178465.083908133,0.00024712838159694956
Nepal,2008,HIV/AIDS - Extensively drug-resistant Tuberculosis,1.1467031195800752,178465.083908133,6.425363967387335e-06
Nepal,2008,Invasive Non-typhoidal Salmonella (iNTS),92.033518421556,178465.083908133,0.0005156948149528865
Nepal,2008,"Myelodysplastic, myeloproliferative, and other hematopoietic neoplasms",11.167534043946384,178465.083908133,6.257545621470138e-05
Nepal,2008,Non-rheumatic calcific aortic valve disease,81.41183547560618,178465.083908133,0.00045617794636800706
Nepal,2008,Non-rheumatic degenerative mitral valve disease,48.071916699177386,178465.083908133,0.0002693631473813834
Nepal,2008,Other non-rheumatic valve diseases,1.16350825679433,178465.083908133,6.519528813788917e-06
Nepal,2008,Nonalcoholic fatty liver disease including cirrhosis,93.12466914163704,178465.083908133,0.000521808900107172
Nepal,2011,Ulcerative colitis,71.69187843647188,178497.98525189658,0.0004016397066627963
Nepal,2011,Crohn's disease,13.588645032920882,178497.98525189658,7.612772219106322e-05
Nepal,2011,Total burden related to hepatitis B,2154.066263667542,178497.98525189658,0.012067734325559592
Nepal,2011,Total burden related to hepatitis C,673.039831660863,178497.98525189658,0.003770573828668533
Nepal,2011,Total burden related to Non-alcoholic fatty liver disease (NAFLD),128.9624501776411,178497.98525189658,0.0007224868672643511
Nepal,2011,Total cancers,10176.363701195196,178497.98525189658,0.05701108439310561
Nepal,2011,Thyroid diseases,12.375816057741506,178497.98525189658,6.933308541425126e-05
Nepal,2011,COVID-19,0.0,178497.98525189658,0.0
Nepal,2009,Cystic echinococcosis,28.929662938795364,178953.31040809455,0.00016166039551222962
Nepal,2009,Dengue,354.24855946562195,178953.31040809455,0.0019795585712148876
Nepal,2009,Yellow fever,0.0,178953.31040809455,0.0
Nepal,2009,Rabies,504.6032713898851,178953.31040809455,0.0028197481803447014
Nepal,2009,Ascariasis,4.311078544374596,178953.31040809455,2.409052134628516e-05
Nepal,2009,Other neglected tropical diseases,39.388126227745424,178953.31040809455,0.00022010280859249078
Nepal,2009,Maternal hemorrhage,555.982638328456,178953.31040809455,0.003106858638493828
Nepal,2009,Maternal sepsis and other maternal infections,56.307448419781814,178953.31040809455,0.00031464882259722016
Nepal,2009,Maternal hypertensive disorders,187.80635246862997,178953.31040809455,0.0010494712393995197
Nepal,2009,Maternal obstructed labor and uterine rupture,74.49323883502575,178953.31040809455,0.00041627192402949936
Nepal,2009,Ectopic pregnancy,0.3235662276777938,178953.31040809455,1.8081041749935576e-06
Nepal,2009,Indirect maternal deaths,138.1106765948973,178953.31040809455,0.0007717693306703434
Nepal,2009,Late maternal deaths,24.72308398481318,178953.31040809455,0.0001381538230750432
Nepal,2009,Neonatal preterm birth,3557.222214076741,178953.31040809455,0.019877934674495064
Nepal,2009,Neonatal encephalopathy due to birth asphyxia and trauma,5698.203455218717,178953.31040809455,0.031841844346015356
Nepal,2009,Neonatal sepsis and other neonatal infections,2205.477824623258,178953.31040809455,0.012324319788182573
Nepal,2009,Hemolytic disease and other neonatal jaundice,1068.0044404653502,178953.31040809455,0.005968061937663051
Nepal,2009,Other neonatal disorders,1589.2944024437918,178953.31040809455,0.008881056175040748
Nepal,2009,Protein-energy malnutrition,1828.0943901714495,178953.31040809455,0.010215482384777163
Nepal,2009,Other nutritional deficiencies,451.2899183034684,178953.31040809455,0.002521830511401679
Nepal,2009,Syphilis,418.2848279864662,178953.31040809455,0.002337396424981396
Nepal,2009,Chlamydial infection,6.584196325575258,178953.31040809455,3.6792816576347816e-05
Nepal,2009,Gonococcal infection,2.185211538276697,178953.31040809455,1.2211070771998715e-05
Nepal,2009,Other sexually transmitted infections,20.177703083949535,178953.31040809455,0.00011275400850610272
Nepal,2009,Acute hepatitis A,963.8996534869608,178953.31040809455,0.005386319209680074
Nepal,2009,Vascular intestinal disorders,133.92645890950837,178953.31040809455,0.0007483877141143432
Nepal,2009,Gallbladder and biliary diseases,98.40389582505178,178953.31040809455,0.0005498858646461826
Nepal,2009,Pancreatitis,481.3082787415218,178953.31040809455,0.0026895746026934122
Nepal,2009,Alzheimer's disease and other dementias,1334.209746393746,178953.31040809455,0.007455630428691952
Nepal,2009,Parkinson's disease,414.7609103913714,178953.31040809455,0.0023177045981743996
Nepal,2009,Idiopathic epilepsy,893.6886865722417,178953.31040809455,0.004993976834148679
Nepal,2009,Multiple sclerosis,3.1478790300154293,178953.31040809455,1.7590504600539886e-05
Nepal,2009,Motor neuron disease,4.041990250605368,178953.31040809455,2.258684257579701e-05
Nepal,2009,Other neurological disorders,12.060971554400377,178953.31040809455,6.73973089790622e-05
Nepal,2009,Alcohol use disorders,182.15887812742568,178953.31040809455,0.0010179128718659687
Nepal,2009,Opioid use disorders,35.14742102140619,178953.31040809455,0.00019640553695963577
Nepal,2009,Cocaine use disorders,6.379721190482797,178953.31040809455,3.5650199350512964e-05
Nepal,2009,Amphetamine use disorders,1.132076516108326,178953.31040809455,6.326099883409136e-06
Nepal,2009,Other drug use disorders,8.713170224414418,178953.31040809455,4.8689628621814515e-05
Nepal,2009,Anorexia nervosa,0.0206107903933129,178953.31040809455,1.1517412193331863e-07
Nepal,2009,Acute glomerulonephritis,5.928938277312377,178953.31040809455,3.313120200901405e-05
Nepal,2009,Chronic kidney disease due to hypertension,320.44878350505815,178953.31040809455,0.0017906837418893782
Nepal,2009,Physical violence by firearm,52.648788643086874,178953.31040809455,0.0002942040497771391
Nepal,2009,Physical violence by sharp object,42.57252946157101,178953.31040809455,0.00023789741226069733
Nepal,2009,Physical violence by other means,559.1556097562201,178953.31040809455,0.0031245893606611256
Nepal,2009,Exposure to forces of nature,126.99274272682447,178953.31040809455,0.0007096417631907649
Nepal,2009,Maternal deaths aggravated by HIV/AIDS,0.608963170724375,178953.31040809455,3.402916488863287e-06
Nepal,2009,Environmental heat and cold exposure,61.07767036522605,178953.31040809455,0.0003413050601072498
Nepal,2009,Ebola,0.0,178953.31040809455,0.0
Nepal,2009,Acute lymphoid leukemia,214.5718819589259,178953.31040809455,0.0011990383495538858
Nepal,2009,Chronic lymphoid leukemia,15.017089627853007,178953.31040809455,8.391624381581568e-05
Nepal,2009,Acute myeloid leukemia,134.32638539211533,178953.31040809455,0.0007506225231921688
Nepal,2009,Chronic myeloid leukemia,93.88506365936394,178953.31040809455,0.0005246344057299834
Nepal,2009,Non-melanoma skin cancer (squamous-cell carcinoma),45.73517388548025,178953.31040809455,0.00025557042661677147
Nepal,2009,Police conflict and executions,0.0665322120914422,178953.31040809455,3.7178531059145336e-07
Nepal,2009,Drug-susceptible tuberculosis,6808.087124846559,178953.31040809455,0.03804392949938193
Nepal,2009,Zika virus,0.0,178953.31040809455,0.0
Nepal,2009,Alcoholic cardiomyopathy,34.04470887397536,178953.31040809455,0.00019024352662902973
Nepal,2009,Electrocution,47.98368230374848,178953.31040809455,0.0002681352035026564
Nepal,2009,Myocarditis,89.70390193684337,178953.31040809455,0.0005012698660465004
Nepal,2009,Other leukemia,127.15575509640766,178953.31040809455,0.000710552684420506
Nepal,2009,Other cardiomyopathy,775.4308674731695,178953.31040809455,0.004333146258679631
Nepal,2009,Acute hepatitis B,76.16472980661207,178953.31040809455,0.0004256122987215046
Nepal,2009,Acute hepatitis C,14.168089610312151,178953.31040809455,7.917198948710417e-05
Nepal,2009,Acute hepatitis E,11.20969493532544,178953.31040809455,6.264033288773625e-05
Nepal,2009,Other unspecified infectious diseases,766.7598592623121,178953.31040809455,0.0042846922334867825
Nepal,2009,Esophageal cancer,655.0205657254627,178953.31040809455,0.0036602875031018947
Nepal,2009,Stomach cancer,1074.2915155650292,178953.31040809455,0.0060031944260497795
Nepal,2009,Liver cancer due to hepatitis B,79.34367473782505,178953.31040809455,0.00044337640112320674
Nepal,2009,Liver cancer due to hepatitis C,79.58490258176427,178953.31040809455,0.000444724394314219
Nepal,2009,Liver cancer due to alcohol use,70.71319684206759,178953.31040809455,0.0003951488613471832
Nepal,2009,Liver cancer due to other causes,9.399316520352984,178953.31040809455,5.2523848253593565e-05
Nepal,2009,Larynx cancer,299.24259259432796,178953.31040809455,0.0016721824922485056
Nepal,2009,"Tracheal, bronchus, and lung cancer",894.9871508729343,178953.31040809455,0.005001232717248753
Nepal,2009,Breast cancer,691.4481278331089,178953.31040809455,0.003863846532127817
Nepal,2009,Cervical cancer,810.7239417866557,178953.31040809455,0.00453036571348045
Nepal,2009,Uterine cancer,60.148392135482474,178953.31040809455,0.00033611220713557585
Nepal,2009,Prostate cancer,301.8514160628319,178953.31040809455,0.0016867607275577862
Nepal,2009,Colon and rectum cancer,487.8652315706025,178953.31040809455,0.002726215181256211
Nepal,2009,Lip and oral cavity cancer,643.7981011060685,178953.31040809455,0.003597575812584397
Nepal,2009,Nasopharynx cancer,138.69520358126152,178953.31040809455,0.000775035696545505
Nepal,2009,Other pharynx cancer,393.9628464593366,178953.31040809455,0.0022014839823914015
Nepal,2009,Gallbladder and biliary tract cancer,283.9669099352586,178953.31040809455,0.0015868212177113995
Nepal,2009,Pancreatic cancer,156.09741734984837,178953.31040809455,0.00087228013269984
Nepal,2009,Malignant skin melanoma,12.850522784947543,178953.31040809455,7.180936052897002e-05
Nepal,2009,Ovarian cancer,253.9274625248117,178953.31040809455,0.0014189592913690287
Nepal,2009,Chronic kidney disease due to glomerulonephritis,259.83184164247865,178953.31040809455,0.0014519532555723302
Nepal,2009,Chronic kidney disease due to other and unspecified causes,806.5339352064774,178953.31040809455,0.004506951748292417
Nepal,2009,Urinary tract infections and interstitial nephritis,355.4204920285185,178953.31040809455,0.0019861073886702565
Nepal,2009,Urolithiasis,47.80283738206074,178953.31040809455,0.0002671246330847338
Nepal,2009,Other urinary diseases,359.04607374965525,178953.31040809455,0.0020063673196705203
Nepal,2009,Uterine fibroids,9.608916744407017,178953.31040809455,5.369510473147626e-05
Nepal,2009,Endometriosis,0.0967524622044387,178953.31040809455,5.406575714291023e-07
Nepal,2009,Genital prolapse,1.444624464843186,178953.31040809455,8.072633367601797e-06
Nepal,2009,Other gynecological diseases,17.962759646603654,178953.31040809455,0.0001003767944031906
Nepal,2009,Thalassemias,76.31788427016296,178953.31040809455,0.00042646813348198837
Nepal,2009,Sickle cell disorders,11.445893904605066,178953.31040809455,6.396022447700603e-05
Nepal,2009,G6PD deficiency,26.988792589262367,178953.31040809455,0.00015081471545687366
Nepal,2009,Other hemoglobinopathies and hemolytic anemias,166.6464544780329,178953.31040809455,0.0009312286768990389
Nepal,2009,"Other endocrine, metabolic, blood, and immune disorders",41.43660552048071,178953.31040809455,0.00023154981277511154
Nepal,2009,Rheumatoid arthritis,96.84457695642348,178953.31040809455,0.0005411723132451365
Nepal,2009,Other musculoskeletal disorders,149.62084356232623,178953.31040809455,0.0008360887162194596
Nepal,2009,Neural tube defects,212.5699122148436,178953.31040809455,0.0011878512430426014
Nepal,2009,Conflict and terrorism,8.999280600151199,178953.31040809455,5.0288427633044424e-05
Nepal,2009,Multidrug-resistant tuberculosis without extensive drug resistance,640.2899367389292,178953.31040809455,0.0035779720155988083
Nepal,2009,Extensively drug-resistant tuberculosis,17.708183484003285,178953.31040809455,9.895421014353192e-05
Nepal,2009,HIV/AIDS - Drug-susceptible Tuberculosis,365.052736941635,178953.31040809455,0.002039932852368864
Nepal,2009,HIV/AIDS - Multidrug-resistant Tuberculosis without extensive drug resistance,42.24419924420624,178953.31040809455,0.0002360626866743641
Nepal,2009,HIV/AIDS - Extensively drug-resistant Tuberculosis,1.1682142157587767,178953.31040809455,6.528039146606003e-06
Nepal,2009,Invasive Non-typhoidal Salmonella (iNTS),93.6514237302076,178953.31040809455,0.0005233288141842135
Nepal,2009,"Myelodysplastic, myeloproliferative, and other hematopoietic neoplasms",11.879768345079706,178953.31040809455,6.638473643202496e-05
Nepal,2009,Non-rheumatic calcific aortic valve disease,84.8310619888503,178953.31040809455,0.0004740401940338353
Nepal,2009,Non-rheumatic degenerative mitral valve disease,49.69485270756177,178953.31040809455,0.0002776973088356679
Nepal,2009,Other non-rheumatic valve diseases,1.232449089093621,178953.31040809455,6.886986813952082e-06
Nepal,2009,Nonalcoholic fatty liver disease including cirrhosis,98.08364468323812,178953.31040809455,0.0005480962853358958
Nepal,2009,Diabetes mellitus type 1,219.08484836741977,178953.31040809455,0.0012242570303271124
Nepal,2009,Diabetes mellitus type 2,4195.451893748484,178953.31040809455,0.02344439387112177
Nepal,2010,Diarrheal diseases,5475.610775835231,178153.88681845277,0.030735286631243343
Nepal,2010,Typhoid fever,1675.3183752959983,178153.88681845277,0.009403771117288207
Nepal,2010,Paratyphoid fever,349.2563784175184,178153.88681845277,0.001960419638632006
Nepal,2010,Other intestinal infectious diseases,2.965682012098057,178153.88681845277,1.6646743245743647e-05
Nepal,2010,Lower respiratory infections,10754.695741377194,178153.88681845277,0.0603674493632392
Nepal,2010,Upper respiratory infections,64.94927957729196,178153.88681845277,0.0003645684118218445
Nepal,2010,Otitis media,3.9506610270172056,178153.88681845277,2.217555338011298e-05
Nepal,2010,Meningitis,1057.1256274237392,178153.88681845277,0.005933778074126444
Nepal,2010,Encephalitis,524.3656374674887,178153.88681845277,0.0029433297630033863
Nepal,2010,Diphtheria,7.888698489542802,178153.88681845277,4.428024911733617e-05
Nepal,2010,Pertussis,424.9357880141125,178153.88681845277,0.0023852176093533237
Nepal,2010,Tetanus,473.7732867030299,178153.88681845277,0.00265934858432714
Nepal,2010,Measles,1164.6594416815483,178153.88681845277,0.006537378793584174
Nepal,2010,Varicella and herpes zoster,77.61689741681742,178153.88681845277,0.00043567333165126345
Nepal,2010,Malaria,54.728323248225955,178153.88681845277,0.00030719690838963676
Nepal,2010,Chagas disease,0.0,178153.88681845277,0.0
Nepal,2010,Visceral leishmaniasis,114.09045449771423,178153.88681845277,0.0006404039593813511
Nepal,2010,African trypanosomiasis,0.0,178153.88681845277,0.0
Nepal,2010,Schistosomiasis,0.0,178153.88681845277,0.0
Nepal,2010,Cysticercosis,1.8928559329601171,178153.88681845277,1.0624836576756964e-05
Nepal,2010,Other cardiovascular and circulatory diseases,425.4957575986499,178153.88681845277,0.0023883607885145396
Nepal,2010,Chronic obstructive pulmonary disease,15710.613910831746,178153.88681845277,0.08818563653815538
Nepal,2010,Silicosis,6.682575936452257,178153.88681845277,3.751013270489079e-05
Nepal,2010,Asbestosis,1.5092683711979324,178153.88681845277,8.471711721540761e-06
Nepal,2010,Coal workers pneumoconiosis,1.7137737030194615,178153.88681845277,9.619625670956468e-06
Nepal,2010,Other pneumoconiosis,3.6623395134516232,178153.88681845277,2.055716874245758e-05
Nepal,2010,Asthma,2966.3125645159703,178153.88681845277,0.016650282615157216
Nepal,2010,Interstitial lung disease and pulmonary sarcoidosis,406.6128087913176,178153.88681845277,0.002282368440300577
Nepal,2010,Other chronic respiratory diseases,336.4869296930869,178153.88681845277,0.0018887431293372959
Nepal,2010,Chronic hepatitis B including cirrhosis,2007.113961664608,178153.88681845277,0.011266181151073914
Nepal,2010,Chronic hepatitis C including cirrhosis,576.7924272823395,178153.88681845277,0.003237607877004212
Nepal,2010,Cirrhosis due to alcohol,1732.95247630188,178153.88681845277,0.009727278518867458
Nepal,2010,Cirrhosis due to other causes,658.7816775292407,178153.88681845277,0.0036978237707525874
Nepal,2010,Peptic ulcer disease,2267.323222353406,178153.88681845277,0.012726768204972792
Nepal,2010,Gastritis and duodenitis,184.6912321352199,178153.88681845277,0.0010366949351120753
Nepal,2010,Appendicitis,313.8838739016024,178153.88681845277,0.0017618693563585558
Nepal,2010,Paralytic ileus and intestinal obstruction,1001.5854214591204,178153.88681845277,0.005622023966728176
Nepal,2010,"Inguinal, femoral, and abdominal hernia",240.29131003254673,178153.88681845277,0.0013487851111405442
Nepal,2010,Falls,2271.0232851174887,178153.88681845277,0.012747537119028837
Nepal,2010,Drowning,2026.7341970246057,178153.88681845277,0.011376311980720036
Nepal,2010,"Fire, heat, and hot substances",550.4100750426235,178153.88681845277,0.0030895204414120776
Nepal,2010,Poisoning by carbon monoxide,273.11047124012384,178153.88681845277,0.0015330031587715868
Nepal,2010,Poisoning by other means,741.9444490531508,178153.88681845277,0.004164626785882181
Nepal,2010,Unintentional firearm injuries,4.26036940244366,178153.88681845277,2.391398514243575e-05
Nepal,2010,Other exposure to mechanical forces,291.554478707767,178153.88681845277,0.001636531674466776
Nepal,2010,Adverse effects of medical treatment,727.7617416852913,178153.88681845277,0.004085017479449746
Nepal,2010,Venomous animal contact,662.2944095108865,178153.88681845277,0.003717541173748265
Nepal,2010,Non-venomous animal contact,18.67825996581318,178153.88681845277,0.00010484340420171248
Nepal,2010,Pulmonary aspiration and foreign body in airway,41.41158641693267,178153.88681845277,0.00023244840265053009
Nepal,2010,Foreign body in other body part,3.0564050458464664,178153.88681845277,1.7155982956246628e-05
Nepal,2010,Other unintentional injuries,99.01469652418666,178153.88681845277,0.0005557818484481751
Nepal,2010,Self-harm by firearm,432.80303400187114,178153.88681845277,0.002429377442900911
Nepal,2010,Total Cancers excluding Non-melanoma skin cancer,10074.1354409251,178153.88681845277,0.05654737946408725
Nepal,2010,Other direct maternal disorders,158.33954367577468,178153.88681845277,0.0008887796191453861
Nepal,2010,Other digestive diseases,479.463957105659,178153.88681845277,0.002691291027482636
Nepal,2010,Self-harm by other specified means,3594.9762499791264,178153.88681845277,0.020179050337771058
Nepal,2010,Other benign and in situ neoplasms,67.45133744738003,178153.88681845277,0.00037861277489901823
Nepal,2010,Cystic echinococcosis,28.009754192515903,178153.88681845277,0.00015722224585006762
Nepal,2010,Dengue,606.9235514852137,178153.88681845277,0.0034067376374656223
Nepal,2010,Yellow fever,0.0,178153.88681845277,0.0
Nepal,2010,Rabies,473.25002054756607,178153.88681845277,0.0026564114260938364
Nepal,2010,Ascariasis,3.688805918199006,178153.88681845277,2.0705727975264853e-05
Nepal,2010,Other neglected tropical diseases,39.06031121876407,178153.88681845277,0.00021925040152824941
Nepal,2010,Maternal hemorrhage,448.5589141226106,178153.88681845277,0.002517817164324421
Nepal,2010,Maternal sepsis and other maternal infections,47.69974389439453,178153.88681845277,0.000267744615322386
Nepal,2010,Maternal hypertensive disorders,156.31356589927432,178153.88681845277,0.0008774075530474687
Nepal,2010,Maternal obstructed labor and uterine rupture,61.68272194080034,178153.88681845277,0.0003462328161476373
Nepal,2010,Ectopic pregnancy,0.3015434065748079,178153.88681845277,1.6926007731848976e-06
Nepal,2010,Indirect maternal deaths,274.53431110413976,178153.88681845277,0.0015409953496209891
Nepal,2010,Late maternal deaths,24.284125085210487,178153.88681845277,0.00013630982471888003
Nepal,2010,Neonatal preterm birth,3662.212877551941,178153.88681845277,0.02055645791934873
Nepal,2010,Neonatal encephalopathy due to birth asphyxia and trauma,5387.969005806206,178153.88681845277,0.030243342438533497
Nepal,2010,Neonatal sepsis and other neonatal infections,2143.833351578485,178153.88681845277,0.012033604148997054
Nepal,2010,Hemolytic disease and other neonatal jaundice,1005.399354059198,178153.88681845277,0.005643432046384413
Nepal,2010,Other neonatal disorders,1502.8822195256523,178153.88681845277,0.008435865455223889
Nepal,2010,Protein-energy malnutrition,1639.639386021479,178153.88681845277,0.009203500497815964
Nepal,2010,Other nutritional deficiencies,435.1326271860229,178153.88681845277,0.0024424537401726387
Nepal,2010,Syphilis,397.3538712109654,178153.88681845277,0.0022303968681631277
Nepal,2010,Chlamydial infection,6.517150421722011,178153.88681845277,3.658157864590008e-05
Nepal,2010,Gonococcal infection,2.160770675737164,178153.88681845277,1.2128675463247633e-05
Nepal,2010,Other sexually transmitted infections,20.031524523299137,178153.88681845277,0.0001124394470478896
Nepal,2010,Acute hepatitis A,906.9529797672916,178153.88681845277,0.00509084026155163
Nepal,2010,Vascular intestinal disorders,136.56735393390255,178153.88681845277,0.0007665696009937249
Nepal,2010,Gallbladder and biliary diseases,100.0518584462393,178153.88681845277,0.0005616035677526186
Nepal,2010,Pancreatitis,487.3393743164541,178153.88681845277,0.0027354967271248816
Nepal,2012,HIV/AIDS resulting in other diseases,1296.7517570095258,179671.6924217362,0.007217340358578647
Nepal,2012,Testicular cancer,20.29091399324173,179671.6924217362,0.00011293328247620486
Nepal,2012,Kidney cancer,100.9776822074569,179671.6924217362,0.0005620121948338751
Nepal,2012,Bladder cancer,127.35227094709823,179671.6924217362,0.0007088054285600501
Nepal,2012,Brain and central nervous system cancer,304.39955916900954,179671.6924217362,0.0016941987636789472
Nepal,2012,Thyroid cancer,86.0786576140905,179671.6924217362,0.0004790885890474138
Nepal,2010,Acute hepatitis B,77.13775269398408,178153.88681845277,0.00043298383252559123
Nepal,2010,Acute hepatitis C,14.529838953476634,178153.88681845277,8.155779934390782e-05
Nepal,2010,Acute hepatitis E,11.110806042505876,178153.88681845277,6.236634092540632e-05
Nepal,2010,Other unspecified infectious diseases,813.2153226542682,178153.88681845277,0.004564679093883442
Nepal,2010,Esophageal cancer,664.560029966777,178153.88681845277,0.0037302583841125796
Nepal,2010,Stomach cancer,1069.5937106831598,178153.88681845277,0.006003762981456174
Nepal,2013,HIV/AIDS resulting in other diseases,1275.708585735714,180810.991704774,0.007055481382562602
Nepal,2013,Testicular cancer,21.079579335649356,180810.991704774,0.00011658350599651507
Nepal,2013,Kidney cancer,105.13745828294503,180810.991704774,0.0005814771397007335
Nepal,2013,Bladder cancer,130.8571208802793,180810.991704774,0.0007237232628751974
Nepal,2013,Brain and central nervous system cancer,317.66504818874364,180810.991704774,0.0017568901381140771
Nepal,2013,Thyroid cancer,89.90138115833052,180810.991704774,0.0004972119245113173
Nepal,2010,Liver cancer due to hepatitis B,81.54415513695557,178153.88681845277,0.0004577175193491732
Nepal,2010,Liver cancer due to hepatitis C,81.29694421710002,178153.88681845277,0.00045632989360454117
Nepal,2010,Liver cancer due to alcohol use,72.36895284497386,178153.88681845277,0.00040621596383536246
Nepal,2010,Liver cancer due to other causes,9.635355260728552,178153.88681845277,5.408445155365841e-05
Nepal,2010,Larynx cancer,299.7250071687137,178153.88681845277,0.0016823938703854813
Nepal,2010,"Tracheal, bronchus, and lung cancer",893.0873509453751,178153.88681845277,0.005013010756568411
Nepal,2010,Breast cancer,703.1260727539171,178153.88681845277,0.003946734395250303
Nepal,2010,Cervical cancer,804.4748462562395,178153.88681845277,0.0045156177090654075
Nepal,2010,Uterine cancer,61.00124110800033,178153.88681845277,0.0003424075791855357
Nepal,2010,Prostate cancer,303.41638824978804,178153.88681845277,0.001703114053071341
Nepal,2010,Colon and rectum cancer,495.8125805185176,178153.88681845277,0.0027830578909781188
Nepal,2010,Lip and oral cavity cancer,652.1472778796567,178153.88681845277,0.003660584057558203
Nepal,2010,Nasopharynx cancer,141.2473966070066,178153.88681845277,0.0007928392645788547
Nepal,2010,Other pharynx cancer,398.6061428802987,178153.88681845277,0.0022374260253243713
Nepal,2010,Gallbladder and biliary tract cancer,286.7728253185862,178153.88681845277,0.0016096916572514706
Nepal,2010,Pancreatic cancer,159.23892963447213,178153.88681845277,0.000893827984773322
Nepal,2010,Malignant skin melanoma,13.094468350329704,178153.88681845277,7.350088501674726e-05
Nepal,2010,Ovarian cancer,258.57159570179056,178153.88681845277,0.0014513946359491288
Nepal,2010,Chronic kidney disease due to glomerulonephritis,266.9918627179308,178153.88681845277,0.0014986586455450627
Nepal,2010,Chronic kidney disease due to other and unspecified causes,823.3818002854914,178153.88681845277,0.004621744801585813
Nepal,2010,Urinary tract infections and interstitial nephritis,371.0151780300242,178153.88681845277,0.002082554496316469
Nepal,2010,Urolithiasis,48.992456035189235,178153.88681845277,0.0002750007698968413
Nepal,2010,Other urinary diseases,371.7285535511043,178153.88681845277,0.0020865587621442874
Nepal,2010,Uterine fibroids,9.883712678907134,178153.88681845277,5.547851273645859e-05
Nepal,2010,Endometriosis,0.101839987836883,178153.88681845277,5.716405611776675e-07
Nepal,2010,Genital prolapse,1.510987460356674,178153.88681845277,8.481361183528045e-06
Nepal,2010,Other gynecological diseases,18.681625832667017,178153.88681845277,0.00010486229723241725
Nepal,2010,Thalassemias,73.20940832021157,178153.88681845277,0.00041093354530521926
Nepal,2010,Sickle cell disorders,11.041777065710702,178153.88681845277,6.197887266396156e-05
Nepal,2010,G6PD deficiency,27.29089517764147,178153.88681845277,0.0001531872004872517
Nepal,2010,Other hemoglobinopathies and hemolytic anemias,167.00864085028735,178153.88681845277,0.0009374403434738252
Nepal,2010,"Other endocrine, metabolic, blood, and immune disorders",41.194490454136506,178153.88681845277,0.0002312298159181654
Nepal,2010,Rheumatoid arthritis,100.16444875656056,178153.88681845277,0.0005622355512155222
Nepal,2010,Other musculoskeletal disorders,154.80242230788886,178153.88681845277,0.0008689253154809911
Nepal,2010,Neural tube defects,199.85949726873247,178153.88681845277,0.001121836300278976
Nepal,2010,Alzheimer's disease and other dementias,1406.789345449817,178153.88681845277,0.007896484160816552
Nepal,2010,Parkinson's disease,426.4039940957929,178153.88681845277,0.002393458833319302
Nepal,2010,Idiopathic epilepsy,896.2360147164471,178153.88681845277,0.005030684599263074
Nepal,2010,Multiple sclerosis,3.2456879982700784,178153.88681845277,1.8218451790375968e-05
Nepal,2010,Motor neuron disease,4.251001017300824,178153.88681845277,2.3861399227471222e-05
Nepal,2010,Other neurological disorders,12.688974737927582,178153.88681845277,7.122479876545297e-05
Nepal,2010,Alcohol use disorders,185.04517510973577,178153.88681845277,0.0010386816611994863
Nepal,2010,Opioid use disorders,36.33288002145659,178153.88681845277,0.00020394098983920296
Nepal,2010,Cocaine use disorders,6.486378401868678,178153.88681845277,3.640885145817e-05
Nepal,2010,Amphetamine use disorders,1.179062416122319,178153.88681845277,6.618224486585799e-06
Nepal,2010,Other drug use disorders,8.823042858485007,178153.88681845277,4.9524840664723214e-05
Nepal,2010,Anorexia nervosa,0.0226927134366724,178153.88681845277,1.2737703253029414e-07
Nepal,2010,Acute glomerulonephritis,5.769188955420421,178153.88681845277,3.238317759128936e-05
Nepal,2010,Chronic kidney disease due to hypertension,327.4047498336466,178153.88681845277,0.001837763720346374
Nepal,2010,Conflict and terrorism,19.998857122334567,178153.88681845277,0.00011225608084944196
Nepal,2010,Multidrug-resistant tuberculosis without extensive drug resistance,614.6069291428822,178153.88681845277,0.003449865395129974
Nepal,2010,Extensively drug-resistant tuberculosis,18.01895520092689,178153.88681845277,0.0001011426442763444
Nepal,2010,HIV/AIDS - Drug-susceptible Tuberculosis,369.389684926296,178153.88681845277,0.0020734304006665965
Nepal,2010,HIV/AIDS - Multidrug-resistant Tuberculosis without extensive drug resistance,41.73814360526199,178153.88681845277,0.00023428140890237848
Nepal,2010,HIV/AIDS - Extensively drug-resistant Tuberculosis,1.2234395068069994,178153.88681845277,6.867318634780852e-06
Nepal,2010,Invasive Non-typhoidal Salmonella (iNTS),92.70981295226024,178153.88681845277,0.0005203917501207028
Nepal,2010,"Myelodysplastic, myeloproliferative, and other hematopoietic neoplasms",12.508341083514324,178153.88681845277,7.021087952047274e-05
Nepal,2010,Non-rheumatic calcific aortic valve disease,86.83541642904413,178153.88681845277,0.000487418029321659
Nepal,2010,Non-rheumatic degenerative mitral valve disease,50.572068709326786,178153.88681845277,0.0002838673329696259
Nepal,2010,Other non-rheumatic valve diseases,1.2837585755590433,178153.88681845277,7.205897095398508e-06
Nepal,2010,Nonalcoholic fatty liver disease including cirrhosis,102.35479289959623,178153.88681845277,0.0005745302262414326
Nepal,2011,Diarrheal diseases,4989.371832170329,178497.98525189658,0.027951978422217603
Nepal,2011,Typhoid fever,1522.327105461592,178497.98525189658,0.008528539430365458
Nepal,2011,Paratyphoid fever,321.62233852146557,178497.98525189658,0.0018018261554470305
Nepal,2011,Other intestinal infectious diseases,2.930298596994126,178497.98525189658,1.6416423932510417e-05
Nepal,2011,Lower respiratory infections,10073.71606384201,178497.98525189658,0.0564360211104118
Nepal,2011,Upper respiratory infections,63.87305422320694,178497.98525189658,0.00035783627547991204
Nepal,2011,Otitis media,3.8568334813129135,178497.98525189658,2.160715414165681e-05
Nepal,2010,Physical violence by firearm,52.844168580261055,178153.88681845277,0.00029662091309920035
Nepal,2010,Physical violence by sharp object,42.76228034832379,178153.88681845277,0.0002400300162516273
Nepal,2010,Physical violence by other means,556.9020160177064,178153.88681845277,0.003125960516287898
Nepal,2010,Exposure to forces of nature,149.99142841750927,178153.88681845277,0.0008419206063708148
Nepal,2010,Maternal deaths aggravated by HIV/AIDS,0.5967004759745719,178153.88681845277,3.3493542388027597e-06
Nepal,2010,Environmental heat and cold exposure,59.52863116726639,178153.88681845277,0.0003341416358090962
Nepal,2010,Ebola,0.0,178153.88681845277,0.0
Nepal,2010,Acute lymphoid leukemia,209.70508321728929,178153.88681845277,0.0011771008029198302
Nepal,2010,Chronic lymphoid leukemia,15.32897827103206,178153.88681845277,8.604346806451106e-05
Nepal,2010,Acute myeloid leukemia,136.50584805981913,178153.88681845277,0.0007662243608466709
Nepal,2010,Chronic myeloid leukemia,95.20317291293831,178153.88681845277,0.0005343872907468746
Nepal,2010,Non-melanoma skin cancer (squamous-cell carcinoma),46.73156387294549,178153.88681845277,0.00026231010003484887
Nepal,2010,Police conflict and executions,7.067489841676877,178153.88681845277,3.967070249148694e-05
Nepal,2010,Drug-susceptible tuberculosis,6694.257673565022,178153.88681845277,0.03757570375316474
Nepal,2010,Zika virus,0.0,178153.88681845277,0.0
Nepal,2010,Alcoholic cardiomyopathy,34.32363209925705,178153.88681845277,0.00019266283050133198
Nepal,2010,Electrocution,47.37821191242137,178153.88681845277,0.0002659398161809515
Nepal,2010,Myocarditis,88.44482598712102,178153.88681845277,0.0004964518460225933
Nepal,2010,Other leukemia,130.0498412685816,178153.88681845277,0.0007299859890292964
Nepal,2010,Other cardiomyopathy,786.7354708287888,178153.88681845277,0.0044160443809486425
Nepal,2010,Diabetes mellitus type 1,225.03497917314616,178153.88681845277,0.0012631494220637883
Nepal,2010,Diabetes mellitus type 2,4447.658988279515,178153.88681845277,0.024965264961139412
Nepal,2011,Meningitis,1014.1231767779695,178497.98525189658,0.005681426461743183
Nepal,2011,Encephalitis,499.09544134224353,178497.98525189658,0.0027960844523702575
Nepal,2011,Diphtheria,7.246611785707705,178497.98525189658,4.059772313665769e-05
Nepal,2011,Pertussis,407.5458246195776,178497.98525189658,0.002283195656491296
Nepal,2011,Tetanus,449.82784350237216,178497.98525189658,0.0025200723855094195
Nepal,2011,Measles,1784.5342342753277,178497.98525189658,0.009997503511073196
Nepal,2011,Varicella and herpes zoster,74.82192532041518,178497.98525189658,0.00041917518124827223
Nepal,2011,Malaria,29.957056568371495,178497.98525189658,0.00016782854174009898
Nepal,2011,Chagas disease,0.0,178497.98525189658,0.0
Nepal,2011,Visceral leishmaniasis,91.33504472144554,178497.98525189658,0.0005116866982703105
Nepal,2011,African trypanosomiasis,0.0,178497.98525189658,0.0
Nepal,2011,Schistosomiasis,0.0,178497.98525189658,0.0
Nepal,2011,Cysticercosis,1.7929040656557769,178497.98525189658,1.0044393851984538e-05
Nepal,2011,Other cardiovascular and circulatory diseases,434.55065920708984,178497.98525189658,0.0024344849528349097
Nepal,2011,Chronic obstructive pulmonary disease,16243.90542362308,178497.98525189658,0.09100329844451556
Nepal,2011,Silicosis,6.910355945679367,178497.98525189658,3.871391565528016e-05
Nepal,2011,Asbestosis,1.6376832083355413,178497.98525189658,9.174799401934092e-06
Nepal,2011,Coal workers pneumoconiosis,1.8924739489895035,178497.98525189658,1.0602214620623542e-05
Nepal,2011,Other pneumoconiosis,3.912148714022802,178497.98525189658,2.1917046898327578e-05
Nepal,2011,Asthma,3133.4988819752816,178497.98525189658,0.017554813728307823
Nepal,2011,Interstitial lung disease and pulmonary sarcoidosis,425.81481440875626,178497.98525189658,0.0023855440934408634
Nepal,2011,Other chronic respiratory diseases,337.1646737212155,178497.98525189658,0.0018888990441287517
Nepal,2011,Chronic hepatitis B including cirrhosis,1992.8834583114833,178497.98525189658,0.011164739229404318
Nepal,2011,Chronic hepatitis C including cirrhosis,574.9198916369696,178497.98525189658,0.0032208760834226895
Nepal,2011,Cirrhosis due to alcohol,1741.4242895097511,178497.98525189658,0.009755988489462505
Nepal,2011,Cirrhosis due to other causes,644.724735352568,178497.98525189658,0.0036119440476750013
Nepal,2011,Peptic ulcer disease,2223.9051194440676,178497.98525189658,0.01245899283572131
Nepal,2011,Gastritis and duodenitis,179.21147815801356,178497.98525189658,0.0010039972042547713
Nepal,2011,Appendicitis,307.49933188844153,178497.98525189658,0.0017227047770567163
Nepal,2011,Paralytic ileus and intestinal obstruction,996.8022484194944,178497.98525189658,0.0055843893532624795
Nepal,2011,"Inguinal, femoral, and abdominal hernia",235.81495550319875,178497.98525189658,0.0013211070991665053
Nepal,2013,Mesothelioma,11.263455827034235,180810.991704774,6.229408799120503e-05
Nepal,2013,Hodgkin lymphoma,103.44348400568325,180810.991704774,0.0005721083825179418
Nepal,2013,Multiple myeloma,107.40346626221856,180810.991704774,0.00059400960776536
Nepal,2013,Other malignant neoplasms,526.1802690892074,180810.991704774,0.002910112179177404
Nepal,2013,Rheumatic heart disease,3790.7357088203753,180810.991704774,0.020965183991744497
Nepal,2013,Ischemic heart disease,16554.668713568004,180810.991704774,0.09155786690555996
Nepal,2013,Ischemic stroke,6114.503993299993,180810.991704774,0.033817103350020236
Nepal,2013,Intracerebral hemorrhage,6990.113437353322,180810.991704774,0.03865978152902726
Nepal,2013,Subarachnoid hemorrhage,565.1990442703424,180810.991704774,0.003125910869363476
Nepal,2013,Hypertensive heart disease,2371.7242140154444,180810.991704774,0.01311714620695166
Nepal,2013,Atrial fibrillation and flutter,330.3323330835604,180810.991704774,0.0018269482953941374
Nepal,2013,Aortic aneurysm,110.86335940646104,180810.991704774,0.0006131450215564184
Nepal,2013,Lower extremity peripheral arterial disease,35.321599826402824,180810.991704774,0.00019535095457070168
Nepal,2013,Endocarditis,122.37130954394073,180810.991704774,0.000676791318880365
Nepal,2012,Mesothelioma,10.839333867658112,179671.6924217362,6.032855661099566e-05
Nepal,2012,Hodgkin lymphoma,102.80165758522593,179671.6924217362,0.0005721639074001913
Nepal,2012,Multiple myeloma,103.13253170634628,179671.6924217362,0.0005740054558192027
Nepal,2012,Other malignant neoplasms,508.0962171083071,179671.6924217362,0.002827914682941112
Nepal,2012,Rheumatic heart disease,3758.569177137355,179671.6924217362,0.020919094858387683
Nepal,2012,Ischemic heart disease,16609.61185747195,179671.6924217362,0.09244423333245436
Nepal,2012,Ischemic stroke,6169.157242665334,179671.6924217362,0.03433572177961522
Nepal,2012,Intracerebral hemorrhage,6913.508699207977,179671.6924217362,0.03847856390744166
Nepal,2012,Subarachnoid hemorrhage,551.6064669186505,179671.6924217362,0.0030700799857992472
Nepal,2012,Hypertensive heart disease,2323.846587836591,179671.6924217362,0.012933849269822197
Nepal,2012,Atrial fibrillation and flutter,315.57952284818447,179671.6924217362,0.0017564231660234895
Nepal,2012,Aortic aneurysm,107.09592999645186,179671.6924217362,0.0005960645695097581
Nepal,2012,Lower extremity peripheral arterial disease,33.87065289898368,179671.6924217362,0.00018851413064825174
Nepal,2012,Endocarditis,119.5823895171706,179671.6924217362,0.0006655605449325853
Nepal,2011,Falls,2272.417615305357,178497.98525189658,0.012730774591648853
Nepal,2011,Drowning,1978.688861998559,178497.98525189658,0.011085216783854624
Nepal,2011,"Fire, heat, and hot substances",545.9381652272306,178497.98525189658,0.0030585116378585558
Nepal,2011,Poisoning by carbon monoxide,278.1634756115572,178497.98525189658,0.0015583563882752658
Nepal,2011,Poisoning by other means,726.3653680877665,178497.98525189658,0.004069319701635392
Nepal,2011,Unintentional firearm injuries,3.9335934517555127,178497.98525189658,2.203718684109751e-05
Nepal,2011,Other exposure to mechanical forces,328.744935699179,178497.98525189658,0.001841729111033123
Nepal,2011,Adverse effects of medical treatment,718.4814612580111,178497.98525189658,0.004025151657841343
Nepal,2011,Venomous animal contact,646.0946177443998,178497.98525189658,0.003619618545456579
Nepal,2011,Non-venomous animal contact,18.22743310041374,178497.98525189658,0.00010211562374046499
Nepal,2011,Pulmonary aspiration and foreign body in airway,40.97940684225445,178497.98525189658,0.00022957910020342392
Nepal,2011,Foreign body in other body part,2.9869319804376877,178497.98525189658,1.67337013704806e-05
Nepal,2011,Other unintentional injuries,97.25853150451006,178497.98525189658,0.0005448718727399567
Nepal,2011,Self-harm by firearm,427.7685320783349,178497.98525189658,0.002396489414010289
Nepal,2011,Total Cancers excluding Non-melanoma skin cancer,10129.077732668464,178497.98525189658,0.0567461740163302
Nepal,2011,Other direct maternal disorders,183.32201530900633,178497.98525189658,0.0010270256835129095
Nepal,2011,Other digestive diseases,467.05655540833345,178497.98525189658,0.002616592869377336
Nepal,2011,Self-harm by other specified means,3668.43608423112,178497.98525189658,0.02055169462587613
Nepal,2011,Other benign and in situ neoplasms,66.98282007472763,178497.98525189658,0.0003752581295536831
Nepal,2012,Congenital heart anomalies,1135.526088550509,179671.6924217362,0.006320005523658863
Nepal,2012,Orofacial clefts,18.30127291586196,179671.6924217362,0.000101859523162414
Nepal,2012,Down syndrome,38.75755621502968,179671.6924217362,0.00021571320274568135
Nepal,2012,Other chromosomal abnormalities,34.24942874182363,179671.6924217362,0.00019062228601615948
Nepal,2012,Congenital musculoskeletal and limb anomalies,28.492746123814054,179671.6924217362,0.0001585822771510059
Nepal,2012,Urogenital congenital anomalies,36.572042441073386,179671.6924217362,0.00020354927338931772
Nepal,2012,Digestive congenital anomalies,202.30087669903773,179671.6924217362,0.0011259474098133664
Nepal,2012,Other congenital birth defects,2.6686815641656594,179671.6924217362,1.485309971868896e-05
Nepal,2012,Cellulitis,0.4002238188746629,179671.6924217362,2.227528518711971e-06
Nepal,2012,Pyoderma,0.9912137249779424,179671.6924217362,5.516805188495169e-06
Nepal,2012,Decubitus ulcer,1.744251878268419,179671.6924217362,9.70799492540097e-06
Nepal,2012,Other skin and subcutaneous diseases,1.4124488653056166,179671.6924217362,7.86127656654022e-06
Nepal,2012,Sudden infant death syndrome,166.1689919125485,179671.6924217362,0.0009248479249725475
Nepal,2012,Pedestrian road injuries,847.8604527075969,179671.6924217362,0.0047189428745260985
Nepal,2012,Cyclist road injuries,108.98753463224388,179671.6924217362,0.0006065926867122829
Nepal,2012,Motorcyclist road injuries,604.1250100281192,179671.6924217362,0.0033623828099202217
Nepal,2013,Congenital heart anomalies,1130.8647609841112,180810.991704774,0.006254402734710805
Nepal,2013,Orofacial clefts,16.87053449942036,180810.991704774,9.33048059764329e-05
Nepal,2013,Down syndrome,40.52840473527774,180810.991704774,0.00022414790358238855
Nepal,2013,Other chromosomal abnormalities,34.76635169711157,180810.991704774,0.00019228007860206666
Nepal,2013,Congenital musculoskeletal and limb anomalies,28.434282529802264,180810.991704774,0.00015725970120350545
Nepal,2013,Urogenital congenital anomalies,36.6820577961714,180810.991704774,0.0002028751540507306
Nepal,2013,Digestive congenital anomalies,201.5557637667507,180810.991704774,0.0011147318084281542
Nepal,2013,Other congenital birth defects,2.595795265530368,180810.991704774,1.435640190375567e-05
Nepal,2013,Cellulitis,0.4303261611623552,180810.991704774,2.3799778824563196e-06
Nepal,2013,Pyoderma,1.078634645628203,180810.991704774,5.965536914865135e-06
Nepal,2013,Decubitus ulcer,1.8060556069744016,180810.991704774,9.98863835625274e-06
Nepal,2013,Other skin and subcutaneous diseases,1.4382330008152346,180810.991704774,7.954344961303924e-06
Nepal,2013,Sudden infant death syndrome,150.51589776637402,180810.991704774,0.0008324488259659267
Nepal,2013,Pedestrian road injuries,875.8448466384888,180810.991704774,0.004843980105305532
Nepal,2013,Cyclist road injuries,114.75452280335152,180810.991704774,0.0006346656346574401
Nepal,2013,Motorcyclist road injuries,645.2473044803875,180810.991704774,0.003568628756452702
Nepal,2012,Motor vehicle road injuries,658.527971308063,179671.6924217362,0.003665173753483251
Nepal,2012,Other road injuries,14.472554039974334,179671.6924217362,8.054999563316565e-05
Nepal,2012,Other transport injuries,223.9255766137966,179671.6924217362,0.0012463041539575697
Nepal,2012,Maternal abortion and miscarriage,72.01382697470521,179671.6924217362,0.00040080786240756294
Nepal,2012,Liver cancer due to NASH,23.82493941784388,179671.6924217362,0.00013260263259456893
Nepal,2012,Chronic kidney disease due to diabetes mellitus type 1,137.55724298066252,179671.6924217362,0.0007656033130571281
Nepal,2012,Chronic kidney disease due to diabetes mellitus type 2,428.9456354110227,179671.6924217362,0.0023873857346664033
Nepal,2012,Pulmonary Arterial Hypertension,78.924965703334,179671.6924217362,0.00043927323575311224
Nepal,2012,Hepatoblastoma,3.107819626688325,179671.6924217362,1.7297213516492424e-05
Nepal,2012,Burkitt lymphoma,8.022698534602114,179671.6924217362,4.46519895619993e-05
Nepal,2012,Other non-Hodgkin lymphoma,355.30695832909504,179671.6924217362,0.0019775344326088784
Nepal,2012,Retinoblastoma,13.821931991771368,179671.6924217362,7.692882393141652e-05
Nepal,2012,Other eye cancers,5.679549809437858,179671.6924217362,3.161071025093078e-05
Nepal,2012,Soft tissue and other extraosseous sarcomas,107.17456415546698,179671.6924217362,0.0005965022242006849
Nepal,2012,Malignant neoplasm of bone and articular cartilage,182.78962329046115,179671.6924217362,0.0010173534897272875
Nepal,2012,Neuroblastoma and other peripheral nervous cell tumors,9.066301453277152,179671.6924217362,5.046037765368283e-05
Nepal,2012,Ulcerative colitis,71.99894669221291,179671.6924217362,0.00040072504311482
Nepal,2012,Crohn's disease,13.842599173580725,179671.6924217362,7.704385141031869e-05
Nepal,2012,Total burden related to hepatitis B,2131.88990117328,179671.6924217362,0.011865474591118004
Nepal,2012,Total burden related to hepatitis C,672.1713297526447,179671.6924217362,0.003741108689369296
Nepal,2012,Total burden related to Non-alcoholic fatty liver disease (NAFLD),133.4362451955996,179671.6924217362,0.0007426670467509708
Nepal,2012,Total cancers,10308.016150097536,179671.6924217362,0.057371397859947465
Nepal,2012,Thyroid diseases,12.552193625280466,179671.6924217362,6.986183219011042e-05
Nepal,2012,COVID-19,0.0,179671.6924217362,0.0
Nepal,2013,Motor vehicle road injuries,676.5942940050468,180810.991704774,0.0037419975833647423
Nepal,2013,Other road injuries,15.34919561098883,180810.991704774,8.489083250011044e-05
Nepal,2013,Other transport injuries,193.93598579588607,180810.991704774,0.0010725895807957428
Nepal,2013,Maternal abortion and miscarriage,51.0073249747322,180810.991704774,0.0002821030098547125
Nepal,2013,Liver cancer due to NASH,25.21932575175991,180810.991704774,0.0001394789415951975
Nepal,2013,Chronic kidney disease due to diabetes mellitus type 1,140.66160910232296,180810.991704774,0.0007779483303315627
Nepal,2013,Chronic kidney disease due to diabetes mellitus type 2,437.47365853156305,180810.991704774,0.00241950809741625
Nepal,2013,Pulmonary Arterial Hypertension,80.35552430174285,180810.991704774,0.00044441725331027647
Nepal,2013,Hepatoblastoma,3.4602147311933256,180810.991704774,1.9137192371817318e-05
Nepal,2013,Burkitt lymphoma,8.45696056403055,180810.991704774,4.6772380839760964e-05
Nepal,2013,Other non-Hodgkin lymphoma,370.4809381863147,180810.991704774,0.0020489956649938157
Nepal,2013,Retinoblastoma,15.201950277966867,180810.991704774,8.40764719812412e-05
Nepal,2013,Other eye cancers,5.86366172503224,180810.991704774,3.242978576549348e-05
Nepal,2013,Soft tissue and other extraosseous sarcomas,111.19431474461612,180810.991704774,0.0006149754154668476
Nepal,2013,Malignant neoplasm of bone and articular cartilage,189.7119134066827,180810.991704774,0.0010492277688318973
Nepal,2013,Neuroblastoma and other peripheral nervous cell tumors,9.70080440659382,180810.991704774,5.3651629887817745e-05
Nepal,2013,Ulcerative colitis,74.4196011920265,180810.991704774,0.0004115878160412832
Nepal,2013,Crohn's disease,14.354849056224072,180810.991704774,7.939146243754083e-05
Nepal,2013,Total burden related to hepatitis B,2154.916944263933,180810.991704774,0.011918063851905948
Nepal,2013,Total burden related to hepatitis C,685.7600920006666,180810.991704774,0.0037926902868845908
Nepal,2013,Total burden related to Non-alcoholic fatty liver disease (NAFLD),140.74749395836955,180810.991704774,0.0007784233283128072
Nepal,2013,Total cancers,10644.618217253004,180810.991704774,0.058871521675150196
Nepal,2013,Thyroid diseases,12.975560492693672,180810.991704774,7.176311777483091e-05
Nepal,2013,COVID-19,0.0,180810.991704774,0.0
Nepal,2012,Diarrheal diseases,4646.61849229555,179671.6924217362,0.025861717166824075
Nepal,2012,Typhoid fever,1409.1634209054605,179671.6924217362,0.00784299074557492
Nepal,2012,Paratyphoid fever,301.0594520722922,179671.6924217362,0.0016756087061596066
Nepal,2012,Other intestinal infectious diseases,2.9663509907287495,179671.6924217362,1.650984053607038e-05
Nepal,2012,Lower respiratory infections,9550.98025898227,179671.6924217362,0.053157957885561824
Nepal,2012,Upper respiratory infections,65.04927814018842,179671.6924217362,0.00036204522406067645
Nepal,2012,Otitis media,3.7632089109258056,179671.6924217362,2.094491825730998e-05
Nepal,2011,Acute hepatitis B,78.58900608769598,178497.98525189658,0.0004402795133894149
Nepal,2011,Acute hepatitis C,15.398401500810795,178497.98525189658,8.6266528325687e-05
Nepal,2011,Acute hepatitis E,10.862272872717716,178497.98525189658,6.0853756177633397e-05
Nepal,2011,Other unspecified infectious diseases,813.708779609593,178497.98525189658,0.004558644056745437
Nepal,2011,Esophageal cancer,668.5210095608088,178497.98525189658,0.00374525801295399
Nepal,2011,Stomach cancer,1056.3497409811423,178497.98525189658,0.005917992516780625
Nepal,2012,Meningitis,1012.9408013717136,179671.6924217362,0.005637731730127404
Nepal,2012,Encephalitis,489.04748283965273,179671.6924217362,0.0027218950088794794
Nepal,2012,Diphtheria,6.872085508114353,179671.6924217362,3.824801456193656e-05
Nepal,2012,Pertussis,394.344312331726,179671.6924217362,0.0021948049078654936
Nepal,2012,Tetanus,423.01488629893424,179671.6924217362,0.002354376922693021
Nepal,2012,Measles,1832.6277599387224,179671.6924217362,0.01019986919050703
Nepal,2012,Varicella and herpes zoster,72.68927688852078,179671.6924217362,0.00040456721873527045
Nepal,2012,Malaria,25.06568773459084,179671.6924217362,0.00013950827421247387
Nepal,2012,Chagas disease,0.0,179671.6924217362,0.0
Nepal,2012,Visceral leishmaniasis,70.01482382089382,179671.6924217362,0.0003896819965192448
Nepal,2012,African trypanosomiasis,0.0,179671.6924217362,0.0
Nepal,2012,Schistosomiasis,0.0,179671.6924217362,0.0
Nepal,2012,Cysticercosis,1.707871122906161,179671.6924217362,9.505510299849256e-06
Nepal,2012,Other cardiovascular and circulatory diseases,447.5116626183249,179671.6924217362,0.002490718802647546
Nepal,2012,Chronic obstructive pulmonary disease,16891.832758039585,179671.6924217362,0.09401499218023761
Nepal,2011,Liver cancer due to hepatitis B,82.59379926836183,178497.98525189658,0.0004627155827658523
Nepal,2011,Liver cancer due to hepatitis C,82.7215385230828,178497.98525189658,0.0004634312169201577
Nepal,2011,Liver cancer due to alcohol use,73.5515813381191,178497.98525189658,0.00041205832790954487
Nepal,2011,Liver cancer due to other causes,9.8737094793192,178497.98525189658,5.531552339588264e-05
Nepal,2011,Larynx cancer,297.4541445378281,178497.98525189658,0.0016664285824742528
Nepal,2011,"Tracheal, bronchus, and lung cancer",911.8643608813852,178497.98525189658,0.005108541475101588
Nepal,2011,Breast cancer,715.9206524934607,178497.98525189658,0.00401080522832318
Nepal,2011,Cervical cancer,803.5637542911159,178497.98525189658,0.004501808539503265
Nepal,2011,Uterine cancer,61.945387368178416,178497.98525189658,0.00034703689949643415
Nepal,2011,Prostate cancer,301.35225330973327,178497.98525189658,0.0016882669733468678
Nepal,2011,Colon and rectum cancer,500.9299453951038,178497.98525189658,0.002806361902002372
Nepal,2011,Lip and oral cavity cancer,655.9136102369563,178497.98525189658,0.0036746275276515316
Nepal,2011,Nasopharynx cancer,142.8226313407486,178497.98525189658,0.0008001358174390434
Nepal,2011,Other pharynx cancer,400.025941020257,178497.98525189658,0.0022410669815445807
Nepal,2011,Gallbladder and biliary tract cancer,287.85060605461683,178497.98525189658,0.0016126266391657121
Nepal,2011,Pancreatic cancer,161.14878280866182,178497.98525189658,0.0009028044914974724
Nepal,2011,Malignant skin melanoma,13.303343416451453,178497.98525189658,7.452937576677831e-05
Nepal,2011,Ovarian cancer,263.97744546219315,178497.98525189658,0.0014788819329790634
Nepal,2011,Chronic kidney disease due to glomerulonephritis,273.2440987234678,178497.98525189658,0.0015307965428173623
Nepal,2011,Chronic kidney disease due to other and unspecified causes,835.291635129669,178497.98525189658,0.004679557777365971
Nepal,2011,Urinary tract infections and interstitial nephritis,383.36338744453707,178497.98525189658,0.002147718288828494
Nepal,2012,Silicosis,7.239898285659767,179671.6924217362,4.0295152720362e-05
Nepal,2012,Asbestosis,1.8244338023461764,179671.6924217362,1.0154264023203809e-05
Nepal,2012,Coal workers pneumoconiosis,2.084755528737964,179671.6924217362,1.1603138483520824e-05
Nepal,2012,Other pneumoconiosis,4.345962592212044,179671.6924217362,2.4188354512801825e-05
Nepal,2012,Asthma,3374.2893620812656,179671.6924217362,0.018780305993672787
Nepal,2012,Interstitial lung disease and pulmonary sarcoidosis,450.0681552999335,179671.6924217362,0.0025049474919149003
Nepal,2012,Other chronic respiratory diseases,343.79802619733283,179671.6924217362,0.0019134790882380595
Nepal,2012,Chronic hepatitis B including cirrhosis,1965.679469729356,179671.6924217362,0.01094039602585473
Nepal,2012,Chronic hepatitis C including cirrhosis,570.1778634358537,179671.6924217362,0.003173442937786204
Nepal,2012,Cirrhosis due to alcohol,1752.698458831806,179671.6924217362,0.009755006118146685
Nepal,2012,Cirrhosis due to other causes,633.6981261157442,179671.6924217362,0.0035269781097641687
Nepal,2012,Peptic ulcer disease,2171.1333637704292,179671.6924217362,0.012083892206426233
Nepal,2012,Gastritis and duodenitis,174.70971269917797,179671.6924217362,0.0009723830746197282
Nepal,2012,Appendicitis,302.2469253272868,179671.6924217362,0.0016822178343922686
Nepal,2012,Paralytic ileus and intestinal obstruction,990.4594186141449,179671.6924217362,0.00551260694027014
Nepal,2012,"Inguinal, femoral, and abdominal hernia",231.228460598163,179671.6924217362,0.0012869498666234504
Nepal,2013,Diarrheal diseases,4529.358825958352,180810.991704774,0.02505024049286691
Nepal,2013,Typhoid fever,1408.2684906196012,180810.991704774,0.007788622126020993
Nepal,2013,Paratyphoid fever,302.24073987258976,180810.991704774,0.0016715838844912968
Nepal,2013,Other intestinal infectious diseases,3.103363941317837,180810.991704774,1.716358011234722e-05
Nepal,2013,Lower respiratory infections,9441.771728773669,180810.991704774,0.05221901411939645
Nepal,2013,Upper respiratory infections,65.81124518030614,180810.991704774,0.00036397812190401536
Nepal,2013,Otitis media,3.7216200550895566,180810.991704774,2.0582930384930207e-05
Nepal,2011,Cystic echinococcosis,27.048263229277424,178497.98525189658,0.00015153259680274195
Nepal,2011,Dengue,358.1029611456614,178497.98525189658,0.002006201698244975
Nepal,2011,Yellow fever,0.0,178497.98525189658,0.0
Nepal,2011,Rabies,435.08450554147265,178497.98525189658,0.0024374757223588873
Nepal,2011,Ascariasis,3.2607466837965795,178497.98525189658,1.8267694614003682e-05
Nepal,2011,Other neglected tropical diseases,38.344379085856325,178497.98525189658,0.0002148168733206971
Nepal,2011,Urolithiasis,50.48839461599922,178497.98525189658,0.0002828513416818119
Nepal,2011,Other urinary diseases,381.7482134236929,178497.98525189658,0.002138669592740609
Nepal,2011,Uterine fibroids,10.31222835292129,178497.98525189658,5.7772239492611976e-05
Nepal,2011,Endometriosis,0.1104646911042043,178497.98525189658,6.188567952087324e-07
Nepal,2011,Genital prolapse,1.589655093420939,178497.98525189658,8.905731295384739e-06
Nepal,2011,Other gynecological diseases,19.41392170936666,178497.98525189658,0.00010876269377477684
Nepal,2011,Thalassemias,69.69439419476,178497.98525189658,0.00039044919244554595
Nepal,2011,Sickle cell disorders,10.604688936032344,178497.98525189658,5.941069262528086e-05
Nepal,2011,G6PD deficiency,27.017150516393414,178497.98525189658,0.00015135829392285173
Nepal,2011,Other hemoglobinopathies and hemolytic anemias,166.4462341612466,178497.98525189658,0.0009324824250893222
Nepal,2011,"Other endocrine, metabolic, blood, and immune disorders",40.90964895547192,178497.98525189658,0.0002291882953061917
Nepal,2011,Rheumatoid arthritis,101.9325288833501,178497.98525189658,0.0005710570275597385
Nepal,2011,Other musculoskeletal disorders,158.05422834708796,178497.98525189658,0.0008854678562564257
Nepal,2011,Neural tube defects,184.53850066943184,178497.98525189658,0.0010338408044718874
Nepal,2012,Falls,2287.9036490482863,179671.6924217362,0.012733801403050077
Nepal,2012,Drowning,1954.8353535701744,179671.6924217362,0.010880040852410225
Nepal,2012,"Fire, heat, and hot substances",545.8530023831995,179671.6924217362,0.003038057887838784
Nepal,2012,Poisoning by carbon monoxide,273.6983212472284,179671.6924217362,0.0015233246682220107
Nepal,2012,Poisoning by other means,704.8470496167524,179671.6924217362,0.0039229721728356245
Nepal,2012,Unintentional firearm injuries,3.6277412484834,179671.6924217362,2.0190944937325728e-05
Nepal,2012,Other exposure to mechanical forces,282.6425360964356,179671.6924217362,0.001573105547606242
Nepal,2012,Adverse effects of medical treatment,708.4920582472151,179671.6924217362,0.003943259222962068
Nepal,2012,Venomous animal contact,649.7112856230715,179671.6924217362,0.0036161026640636864
Nepal,2012,Non-venomous animal contact,18.542974037756764,179671.6924217362,0.0001032047607935455
Nepal,2012,Pulmonary aspiration and foreign body in airway,41.37245123545835,179671.6924217362,0.00023026694232025402
Nepal,2012,Foreign body in other body part,2.950786736108378,179671.6924217362,1.6423214454851987e-05
Nepal,2012,Other unintentional injuries,94.99417220318044,179671.6924217362,0.0005287097311924041
Nepal,2013,Meningitis,1058.9258378551135,180810.991704774,0.005856534649088784
Nepal,2013,Encephalitis,502.0916446857237,180810.991704774,0.002776886736540513
Nepal,2013,Diphtheria,6.7590169276794345,180810.991704774,3.7381670571861446e-05
Nepal,2013,Pertussis,464.3294783352831,180810.991704774,0.002568037893920933
Nepal,2013,Tetanus,411.2338868425044,180810.991704774,0.0022743854395420944
Nepal,2013,Measles,476.7904858971681,180810.991704774,0.0026369552061064174
Nepal,2013,Varicella and herpes zoster,76.11454364864278,180810.991704774,0.00042096192787284575
Nepal,2013,Malaria,18.399898206122,180810.991704774,0.00010176316181134126
Nepal,2013,Chagas disease,0.0,180810.991704774,0.0
Nepal,2013,Visceral leishmaniasis,56.91341686977716,180810.991704774,0.0003147674614976101
Nepal,2013,African trypanosomiasis,0.0,180810.991704774,0.0
Nepal,2013,Schistosomiasis,0.0,180810.991704774,0.0
Nepal,2013,Cysticercosis,1.6548051429633497,180810.991704774,9.152126910875504e-06
Nepal,2013,Other cardiovascular and circulatory diseases,461.7080518995456,180810.991704774,0.0025535397353133094
Nepal,2013,Chronic obstructive pulmonary disease,17608.471316531337,180810.991704774,0.09738606680108385
Nepal,2011,Maternal hemorrhage,457.28095387112097,178497.98525189658,0.0025618269765107183
Nepal,2011,Maternal sepsis and other maternal infections,52.83692425975928,178497.98525189658,0.00029600851900482653
Nepal,2011,Maternal hypertensive disorders,170.0078502398788,178497.98525189658,0.000952435681556649
Nepal,2011,Maternal obstructed labor and uterine rupture,65.98448899817396,178497.98525189658,0.0003696651752402503
Nepal,2011,Ectopic pregnancy,0.3737585354213161,178497.98525189658,2.093908986669332e-06
Nepal,2011,Indirect maternal deaths,119.00696168287814,178497.98525189658,0.0006667131929524884
Nepal,2011,Late maternal deaths,23.05755550482095,178497.98525189658,0.00012917543843580137
Nepal,2011,Neonatal preterm birth,3754.53875240864,178497.98525189658,0.021034067959423912
Nepal,2011,Neonatal encephalopathy due to birth asphyxia and trauma,5082.371437343623,178497.98525189658,0.028472990494382188
Nepal,2011,Neonatal sepsis and other neonatal infections,2074.818710479723,178497.98525189658,0.011623765431031259
Nepal,2011,Hemolytic disease and other neonatal jaundice,935.6129004150176,178497.98525189658,0.0052415880162158665
Nepal,2011,Other neonatal disorders,1402.2142004636112,178497.98525189658,0.00785563040661106
Nepal,2011,Protein-energy malnutrition,1456.579090251418,178497.98525189658,0.008160199053204392
Nepal,2011,Other nutritional deficiencies,417.13271900619463,178497.98525189658,0.002336904354508744
Nepal,2011,Syphilis,377.1618448698974,178497.98525189658,0.0021129753612492944
Nepal,2011,Chlamydial infection,6.392014477100143,178497.98525189658,3.581000910503121e-05
Nepal,2011,Gonococcal infection,2.1178932145977547,178497.98525189658,1.1865081903355835e-05
Nepal,2011,Other sexually transmitted infections,19.660695533071564,178497.98525189658,0.00011014519578653152
Nepal,2011,Acute hepatitis A,840.4199770745065,178497.98525189658,0.0047082883086243515
Nepal,2011,Vascular intestinal disorders,137.6380678493913,178497.98525189658,0.000771090315978392
Nepal,2011,Gallbladder and biliary diseases,100.92670839885952,178497.98525189658,0.0005654221153052883
Nepal,2011,Pancreatitis,490.1914831297456,178497.98525189658,0.002746201770501705
Nepal,2012,Self-harm by firearm,413.0099148344049,179671.6924217362,0.00229869218276724
Nepal,2012,Total Cancers excluding Non-melanoma skin cancer,10260.021501399597,179671.6924217362,0.05710427370671534
Nepal,2012,Other direct maternal disorders,186.02946119492228,179671.6924217362,0.0010353854782992901
Nepal,2012,Other digestive diseases,457.3310506537592,179671.6924217362,0.0025453706395790177
Nepal,2012,Self-harm by other specified means,3709.532978090027,179671.6924217362,0.020646173741063163
Nepal,2012,Other benign and in situ neoplasms,66.79203359485055,179671.6924217362,0.0003717448903307054
Nepal,2011,Conflict and terrorism,12.99925712951747,178497.98525189658,7.282579190556634e-05
Nepal,2011,Multidrug-resistant tuberculosis without extensive drug resistance,590.5794901667014,178497.98525189658,0.003308605916942283
Nepal,2011,Extensively drug-resistant tuberculosis,18.30174322307152,178497.98525189658,0.00010253193164754256
Nepal,2011,HIV/AIDS - Drug-susceptible Tuberculosis,370.40969202394206,178497.98525189658,0.0020751477474730004
Nepal,2011,HIV/AIDS - Multidrug-resistant Tuberculosis without extensive drug resistance,41.1706193363647,178497.98525189658,0.0002306503307489139
Nepal,2011,HIV/AIDS - Extensively drug-resistant Tuberculosis,1.274465169151767,178497.98525189658,7.1399414808701634e-06
Nepal,2011,Invasive Non-typhoidal Salmonella (iNTS),90.99415128489284,178497.98525189658,0.0005097769095627706
Nepal,2011,"Myelodysplastic, myeloproliferative, and other hematopoietic neoplasms",13.019452754909636,178497.98525189658,7.293893394111182e-05
Nepal,2011,Non-rheumatic calcific aortic valve disease,88.55995707511326,178497.98525189658,0.0004961398132877373
Nepal,2011,Non-rheumatic degenerative mitral valve disease,51.50662522402682,178497.98525189658,0.0002885557792226092
Nepal,2011,Other non-rheumatic valve diseases,1.3372179255386505,178497.98525189658,7.4915015071546435e-06
Nepal,2011,Nonalcoholic fatty liver disease including cirrhosis,105.97955062640077,178497.98525189658,0.0005937296741856346
Nepal,2013,Silicosis,7.585383194376121,180810.991704774,4.1952002601486986e-05
Nepal,2013,Asbestosis,1.971325948623777,180810.991704774,1.0902688658676981e-05
Nepal,2013,Coal workers pneumoconiosis,2.205802324062269,180810.991704774,1.2199492427229624e-05
Nepal,2013,Other pneumoconiosis,4.602488141744218,180810.991704774,2.545469220842008e-05
Nepal,2013,Asthma,3495.6131413866037,180810.991704774,0.019332968136661726
Nepal,2013,Interstitial lung disease and pulmonary sarcoidosis,475.3816257814071,180810.991704774,0.002629163311916371
Nepal,2013,Other chronic respiratory diseases,355.87848691013744,180810.991704774,0.001968234804503542
Nepal,2013,Chronic hepatitis B including cirrhosis,1979.5759411971544,180810.991704774,0.010948316374644867
Nepal,2013,Chronic hepatitis C including cirrhosis,577.1777885275616,180810.991704774,0.0031921609581676896
Nepal,2013,Cirrhosis due to alcohol,1805.937516089851,180810.991704774,0.009987985238411634
Nepal,2013,Cirrhosis due to other causes,639.6809564578318,180810.991704774,0.003537843304915307
Nepal,2013,Peptic ulcer disease,2174.462681143828,180810.991704774,0.012026164231731355
Nepal,2013,Gastritis and duodenitis,175.53557704590193,180810.991704774,0.0009708235953515166
Nepal,2013,Appendicitis,305.4321207981029,180810.991704774,0.0016892342546121796
Nepal,2013,Paralytic ileus and intestinal obstruction,1010.7989210337072,180810.991704774,0.005590362131767561
Nepal,2013,"Inguinal, femoral, and abdominal hernia",233.6330405663722,180810.991704774,0.0012921395893223428
Nepal,2011,Diabetes mellitus type 1,229.4119294000164,178497.98525189658,0.001285235399583194
Nepal,2011,Diabetes mellitus type 2,4649.828882268005,178497.98525189658,0.02604975555161679
Nepal,2011,Alzheimer's disease and other dementias,1464.445543777094,178497.98525189658,0.008204269318280912
Nepal,2011,Parkinson's disease,432.77681728200463,178497.98525189658,0.002424547350891773
Nepal,2011,Idiopathic epilepsy,898.6668948063868,178497.98525189658,0.005034605256402121
Nepal,2011,Multiple sclerosis,3.3348288101172265,178497.98525189658,1.8682725216260073e-05
Nepal,2011,Motor neuron disease,4.421452611869318,178497.98525189658,2.4770322228734172e-05
Nepal,2011,Other neurological disorders,13.245886741368714,178497.98525189658,7.420748599865765e-05
Nepal,2011,Alcohol use disorders,185.6085269414397,178497.98525189658,0.001039835417074925
Nepal,2011,Opioid use disorders,37.42057207605048,178497.98525189658,0.0002096414254942011
Nepal,2011,Cocaine use disorders,6.618879650403619,178497.98525189658,3.708097680241627e-05
Nepal,2011,Amphetamine use disorders,1.226329908264181,178497.98525189658,6.870273109993834e-06
Nepal,2011,Other drug use disorders,9.027917861693352,178497.98525189658,5.057714152321183e-05
Nepal,2011,Anorexia nervosa,0.0250090820903973,178497.98525189658,1.4010848388627162e-07
Nepal,2011,Acute glomerulonephritis,5.565642705762554,178497.98525189658,3.118042311742797e-05
Nepal,2011,Chronic kidney disease due to hypertension,331.3801398343355,178497.98525189658,0.0018564923260432965
Nepal,2013,Falls,2363.6632611568266,180810.991704774,0.01307256400106575
Nepal,2013,Drowning,2035.046477949932,180810.991704774,0.011255103789667452
Nepal,2013,"Fire, heat, and hot substances",558.8132955527632,180810.991704774,0.00309059360984639
Nepal,2013,Poisoning by carbon monoxide,281.2516903841392,180810.991704774,0.001555501066236966
Nepal,2013,Poisoning by other means,711.9737564225247,180810.991704774,0.0039376685549351274
Nepal,2013,Unintentional firearm injuries,3.395504684440944,180810.991704774,1.87793045789223e-05
Nepal,2013,Other exposure to mechanical forces,284.5066119836592,180810.991704774,0.0015735028567743167
Nepal,2013,Adverse effects of medical treatment,718.5789604709584,180810.991704774,0.003974199542272548
Nepal,2013,Venomous animal contact,671.5949771327283,180810.991704774,0.003714348175410157
Nepal,2013,Non-venomous animal contact,19.332118003263204,180810.991704774,0.00010691893131601452
Nepal,2013,Pulmonary aspiration and foreign body in airway,42.92646884443587,180810.991704774,0.0002374107261937133
Nepal,2013,Foreign body in other body part,3.033392733395764,180810.991704774,1.6776594745681452e-05
Nepal,2013,Other unintentional injuries,94.1287953151185,180810.991704774,0.0005205922185793375
Nepal,2011,Physical violence by firearm,52.14293893600467,178497.98525189658,0.00029212060215929323
Nepal,2011,Physical violence by sharp object,41.74682242681046,178497.98525189658,0.00023387839570232288
Nepal,2011,Physical violence by other means,543.6855447506141,178497.98525189658,0.003045891772858749
Nepal,2011,Exposure to forces of nature,139.99199985634203,178497.98525189658,0.0007842777589830224
Nepal,2011,Maternal deaths aggravated by HIV/AIDS,0.5590234405969494,178497.98525189658,3.1318193301064706e-06
Nepal,2011,Environmental heat and cold exposure,90.41132793781688,178497.98525189658,0.0005065117559182996
Nepal,2011,Ebola,0.0,178497.98525189658,0.0
Nepal,2011,Acute lymphoid leukemia,202.90993052991908,178497.98525189658,0.0011367631418560402
Nepal,2011,Chronic lymphoid leukemia,15.42240196850418,178497.98525189658,8.640098624497116e-05
Nepal,2011,Acute myeloid leukemia,137.77889616189924,178497.98525189658,0.0007718792790151973
Nepal,2011,Chronic myeloid leukemia,95.46794065589368,178497.98525189658,0.000534840438233346
Nepal,2011,Non-melanoma skin cancer (squamous-cell carcinoma),47.28596852673465,178497.98525189658,0.0002649103767754276
Nepal,2011,Police conflict and executions,1.0681834406390402,178497.98525189658,5.984288501249011e-06
Nepal,2011,Drug-susceptible tuberculosis,6547.896702144381,178497.98525189658,0.036683308738213384
Nepal,2011,Zika virus,0.0,178497.98525189658,0.0
Nepal,2011,Alcoholic cardiomyopathy,34.31592910782406,178497.98525189658,0.00019224827137066775
Nepal,2013,Self-harm by firearm,403.1713659746913,180810.991704774,0.002229794561566172
Nepal,2013,Total Cancers excluding Non-melanoma skin cancer,10594.898361954609,180810.991704774,0.058596539193003436
Nepal,2013,Other direct maternal disorders,140.38133259406644,180810.991704774,0.0007763982226438942
Nepal,2013,Other digestive diseases,463.1548020123304,180810.991704774,0.0025615411853310553
Nepal,2013,Self-harm by other specified means,3777.637057881284,180810.991704774,0.02089274010536574
Nepal,2013,Other benign and in situ neoplasms,68.90677038054123,180810.991704774,0.0003810983487831944
Nepal,2011,Electrocution,46.89611920998165,178497.98525189658,0.00026272632233804646
Nepal,2011,Myocarditis,88.53049064389064,178497.98525189658,0.0004959747333783981
Nepal,2011,Other leukemia,131.71554939999962,178497.98525189658,0.0007379105664084806
Nepal,2011,Other cardiomyopathy,799.3284277212617,178497.98525189658,0.0044780809519684404
Nepal,2014,HIV/AIDS resulting in other diseases,1223.820739831387,183311.7669160524,0.006676171205047822
Nepal,2014,Testicular cancer,21.789828725965727,183311.7669160524,0.00011886759422238495
Nepal,2014,Kidney cancer,108.05229915930497,183311.7669160524,0.0005894455166578995
Nepal,2014,Bladder cancer,135.45281016643776,183311.7669160524,0.000738920432906352
Nepal,2014,Brain and central nervous system cancer,324.0995577571548,183311.7669160524,0.001768023751064361
Nepal,2014,Thyroid cancer,94.2005033932486,183311.7669160524,0.0005138813780371649
Nepal,2014,Mesothelioma,11.740965683767,183311.7669160524,6.404916542615495e-05
Nepal,2014,Hodgkin lymphoma,103.4305252674969,183311.7669160524,0.0005642328749952145
Nepal,2014,Multiple myeloma,112.5432118789538,183311.7669160524,0.0006139442861324496
Nepal,2014,Other malignant neoplasms,537.6083524857372,183311.7669160524,0.0029327541899257063
Nepal,2014,Rheumatic heart disease,3836.15055677445,183311.7669160524,0.020926919320630486
Nepal,2014,Ischemic heart disease,17020.06517474063,183311.7669160524,0.09284764126754048
Nepal,2014,Ischemic stroke,6200.95081111382,183311.7669160524,0.033827347340738605
Nepal,2014,Intracerebral hemorrhage,7141.439946451352,183311.7669160524,0.038957891610535686
Nepal,2014,Subarachnoid hemorrhage,581.0866422702793,183311.7669160524,0.0031699363987713228
Nepal,2014,Hypertensive heart disease,2440.580293383692,183311.7669160524,0.01331382231726213
Nepal,2014,Atrial fibrillation and flutter,348.26782981088184,183311.7669160524,0.00189986619882602
Nepal,2014,Aortic aneurysm,115.73621076424708,183311.7669160524,0.0006313626927029101
Nepal,2014,Lower extremity peripheral arterial disease,37.053746955404144,183311.7669160524,0.00020213512519560677
Nepal,2014,Endocarditis,125.0118639442802,183311.7669160524,0.0006819631169750786
Nepal,2013,Acute hepatitis B,90.30479009374385,180810.991704774,0.0004994430329832625
Nepal,2013,Acute hepatitis C,19.28742118339358,180810.991704774,0.00010667172942055341
Nepal,2013,Acute hepatitis E,11.93239905276276,180810.991704774,6.599377029160836e-05
Nepal,2013,Other unspecified infectious diseases,907.287196985038,180810.991704774,0.005017876338328178
Nepal,2013,Esophageal cancer,703.2264815933307,180810.991704774,0.0038892905512157715
Nepal,2013,Stomach cancer,1061.2611516723766,180810.991704774,0.005869450422600364
Nepal,2012,Acute hepatitis B,82.9584893054095,179671.6924217362,0.0004617226463848537
Nepal,2012,Acute hepatitis C,16.949988212451803,179671.6924217362,9.433866840117347e-05
Nepal,2012,Acute hepatitis E,11.093237183511883,179671.6924217362,6.17417080787171e-05
Nepal,2012,Other unspecified infectious diseases,846.1761299337682,179671.6924217362,0.004709568427438044
Nepal,2012,Esophageal cancer,677.4443981001526,179671.6924217362,0.003770457042893626
Nepal,2012,Stomach cancer,1048.5321382846737,179671.6924217362,0.005835822683873295
Nepal,2014,Congenital heart anomalies,1113.432294121277,183311.7669160524,0.006073981571685865
Nepal,2014,Orofacial clefts,15.87234190717684,183311.7669160524,8.658659601729537e-05
Nepal,2014,Down syndrome,41.43328222526387,183311.7669160524,0.00022602630983442672
Nepal,2014,Other chromosomal abnormalities,35.84253905507481,183311.7669160524,0.0001955277593908573
Nepal,2014,Congenital musculoskeletal and limb anomalies,28.61930811553363,183311.7669160524,0.000156123682603746
Nepal,2014,Urogenital congenital anomalies,37.54944049394031,183311.7669160524,0.00020483922623001102
Nepal,2014,Digestive congenital anomalies,203.6621814471294,183311.7669160524,0.0011110153203661849
Nepal,2014,Other congenital birth defects,2.636163344708389,183311.7669160524,1.4380764470595167e-05
Nepal,2014,Cellulitis,0.4514251126047691,183311.7669160524,2.4626084849833953e-06
Nepal,2014,Pyoderma,1.119760009339379,183311.7669160524,6.108500442593916e-06
Nepal,2014,Decubitus ulcer,1.8759464201471467,183311.7669160524,1.0233638853125212e-05
Nepal,2014,Other skin and subcutaneous diseases,1.451422337656002,183311.7669160524,7.91778052262559e-06
Nepal,2014,Sudden infant death syndrome,137.47732479749948,183311.7669160524,0.0007499645391583465
Nepal,2014,Pedestrian road injuries,880.7802130634525,183311.7669160524,0.0048048209227441775
Nepal,2014,Cyclist road injuries,120.59206812961445,183311.7669160524,0.000657852303528554
Nepal,2014,Motorcyclist road injuries,687.9645697600365,183311.7669160524,0.0037529754981582264
Nepal,2013,Liver cancer due to hepatitis B,85.03621297303303,180810.991704774,0.0004703044442778077
Nepal,2013,Liver cancer due to hepatitis C,89.29488228971103,180810.991704774,0.000493857599296345
Nepal,2013,Liver cancer due to alcohol use,79.0328422576029,180810.991704774,0.00043710197877044313
Nepal,2013,Liver cancer due to other causes,10.817450890088512,180810.991704774,5.98273964878812e-05
Nepal,2013,Larynx cancer,304.56638773955973,180810.991704774,0.0016844461991384464
Nepal,2013,"Tracheal, bronchus, and lung cancer",983.7259192265813,180810.991704774,0.005440631180391937
Nepal,2013,Breast cancer,766.3405233800233,180810.991704774,0.0042383514196487285
Nepal,2013,Cervical cancer,834.2280851852031,180810.991704774,0.004613812895552946
Nepal,2013,Uterine cancer,65.62323399233034,180810.991704774,0.0003629383002305477
Nepal,2013,Prostate cancer,307.98211357882485,180810.991704774,0.001703337339588814
Nepal,2013,Colon and rectum cancer,529.5148718394336,180810.991704774,0.002928554657252359
Nepal,2013,Lip and oral cavity cancer,683.1449408022658,180810.991704774,0.0037782268343381276
Nepal,2013,Nasopharynx cancer,149.5645029200143,180810.991704774,0.0008271870062204039
Nepal,2013,Other pharynx cancer,416.737969748997,180810.991704774,0.0023048265253112583
Nepal,2013,Gallbladder and biliary tract cancer,300.1405570055966,180810.991704774,0.0016599685349641931
Nepal,2013,Pancreatic cancer,171.33815367359054,180810.991704774,0.0009476091694322954
Nepal,2013,Malignant skin melanoma,14.161122894397224,180810.991704774,7.832003331699731e-05
Nepal,2013,Ovarian cancer,285.7774421959449,180810.991704774,0.0015805313576431174
Nepal,2013,Chronic kidney disease due to glomerulonephritis,288.29116161529566,180810.991704774,0.0015944338278173595
Nepal,2013,Chronic kidney disease due to other and unspecified causes,870.5307806773952,180810.991704774,0.004814589934326489
Nepal,2013,Urinary tract infections and interstitial nephritis,410.3822299449204,180810.991704774,0.002269675234208037
Nepal,2012,Liver cancer due to hepatitis B,83.2519421385156,179671.6924217362,0.00046335591887842657
Nepal,2012,Liver cancer due to hepatitis C,85.04347810433983,179671.6924217362,0.00047332708318192197
Nepal,2012,Liver cancer due to alcohol use,75.44915286433428,179671.6924217362,0.00041992787983115054
Nepal,2012,Liver cancer due to other causes,10.235997998036154,179671.6924217362,5.697056592537462e-05
Nepal,2012,Larynx cancer,297.35730447196613,179671.6924217362,0.0016550036372674176
Nepal,2012,"Tracheal, bronchus, and lung cancer",953.0356578526988,179671.6924217362,0.005304317252245146
Nepal,2012,Breast cancer,735.2578809330133,179671.6924217362,0.004092229950209251
Nepal,2012,Cervical cancer,813.3623843325139,179671.6924217362,0.00452693673315739
Nepal,2012,Uterine cancer,63.27263673586698,179671.6924217362,0.00035215695852271287
Nepal,2012,Prostate cancer,300.91704798293887,179671.6924217362,0.0016748161267196632
Nepal,2012,Colon and rectum cancer,509.8522420083987,179671.6924217362,0.0028376882030567334
Nepal,2012,Lip and oral cavity cancer,663.1260928007385,179671.6924217362,0.0036907655505587886
Nepal,2012,Nasopharynx cancer,144.94593564591727,179671.6924217362,0.0008067266117006984
Nepal,2012,Other pharynx cancer,404.1791935217846,179671.6924217362,0.0022495429751564367
Nepal,2012,Gallbladder and biliary tract cancer,290.6689441002897,179671.6924217362,0.0016177781829873016
Nepal,2012,Pancreatic cancer,164.26530443249803,179671.6924217362,0.0009142525581988988
Nepal,2012,Malignant skin melanoma,13.601710570836456,179671.6924217362,7.570313602272808e-05
Nepal,2012,Ovarian cancer,272.264420180879,179671.6924217362,0.0015153439949895033
Nepal,2012,Chronic kidney disease due to glomerulonephritis,279.0549855194612,179671.6924217362,0.0015531382921715156
Nepal,2012,Chronic kidney disease due to other and unspecified causes,846.4430756978049,179671.6924217362,0.00471105416935119
Nepal,2012,Urinary tract infections and interstitial nephritis,392.6388232737216,179671.6924217362,0.0021853126554409927
Nepal,2014,Motor vehicle road injuries,683.7336544147374,183311.7669160524,0.003729895063025895
Nepal,2014,Other road injuries,16.1889082313113,183311.7669160524,8.83135245689111e-05
Nepal,2014,Other transport injuries,292.72943275403554,183311.7669160524,0.0015968938474532895
Nepal,2014,Maternal abortion and miscarriage,45.02505422862485,183311.7669160524,0.00024562009840450703
Nepal,2014,Liver cancer due to NASH,26.73991214309307,183311.7669160524,0.00014587122579718848
Nepal,2014,Chronic kidney disease due to diabetes mellitus type 1,144.74931610361324,183311.7669160524,0.0007896346128718576
Nepal,2014,Chronic kidney disease due to diabetes mellitus type 2,450.23525186822275,183311.7669160524,0.002456117571952748
Nepal,2014,Pulmonary Arterial Hypertension,81.23503010283719,183311.7669160524,0.00044315229441893247
Nepal,2014,Hepatoblastoma,3.4029346348917557,183311.7669160524,1.856364537935052e-05
Nepal,2014,Burkitt lymphoma,8.576660119045842,183311.7669160524,4.678728629010227e-05
Nepal,2014,Other non-Hodgkin lymphoma,381.9051720010844,183311.7669160524,0.0020833641965601573
Nepal,2014,Retinoblastoma,15.100069553528709,183311.7669160524,8.237370577767538e-05
Nepal,2014,Other eye cancers,6.074915572539297,183311.7669160524,3.313980152360488e-05
Nepal,2014,Soft tissue and other extraosseous sarcomas,113.8376078110041,183311.7669160524,0.0006210054582209991
Nepal,2014,Malignant neoplasm of bone and articular cartilage,195.09778250480113,183311.7669160524,0.0010642949210900692
Nepal,2014,Neuroblastoma and other peripheral nervous cell tumors,9.90830338956735,183311.7669160524,5.405164958180156e-05
Nepal,2015,HIV/AIDS resulting in other diseases,1153.4643204115575,192012.47809428457,0.006007236258078852
Nepal,2015,Testicular cancer,22.483948323973557,192012.47809428457,0.00011709628742426408
Nepal,2015,Kidney cancer,111.8033305729914,192012.47809428457,0.0005822711715542373
Nepal,2015,Bladder cancer,138.949464593294,192012.47809428457,0.0007236480981463359
Nepal,2015,Brain and central nervous system cancer,327.99703683569265,192012.47809428457,0.0017082068836934395
Nepal,2015,Thyroid cancer,97.22101367977372,192012.47809428457,0.0005063265400493135
Nepal,2013,Urolithiasis,54.49059199454874,180810.991704774,0.0003013676960719308
Nepal,2013,Other urinary diseases,402.7681026534451,180810.991704774,0.002227564258433359
Nepal,2013,Uterine fibroids,11.627734746814026,180810.991704774,6.4308782542378e-05
Nepal,2013,Endometriosis,0.1371250997107399,180810.991704774,7.583891798715208e-07
Nepal,2013,Genital prolapse,1.813462518194896,180810.991704774,1.0029603295113251e-05
Nepal,2013,Other gynecological diseases,21.28889671202895,180810.991704774,0.00011774116446852525
Nepal,2013,Thalassemias,68.13839374422844,180810.991704774,0.0003768487363615813
Nepal,2013,Sickle cell disorders,10.448260280281271,180810.991704774,5.7785537161043087e-05
Nepal,2013,G6PD deficiency,26.74400796328086,180810.991704774,0.00014791140577862742
Nepal,2013,Other hemoglobinopathies and hemolytic anemias,167.47071512687603,180810.991704774,0.0009262197698706292
Nepal,2013,"Other endocrine, metabolic, blood, and immune disorders",43.4495812472595,180810.991704774,0.00024030387111754497
Nepal,2013,Rheumatoid arthritis,108.2060937729492,180810.991704774,0.0005984486493477498
Nepal,2013,Other musculoskeletal disorders,169.05559932806707,180810.991704774,0.0009349851894186776
Nepal,2013,Neural tube defects,170.96987899879542,180810.991704774,0.0009455723758097238
Nepal,2014,Ulcerative colitis,76.43508825753867,183311.7669160524,0.00041696771322128
Nepal,2014,Crohn's disease,14.797623892102369,183311.7669160524,8.072380808417464e-05
Nepal,2014,Total burden related to hepatitis B,2166.195331856012,183311.7669160524,0.011817000993984314
Nepal,2014,Total burden related to hepatitis C,696.2476679221886,183311.7669160524,0.0037981613490258655
Nepal,2014,Total burden related to Non-alcoholic fatty liver disease (NAFLD),147.31274592121255,183311.7669160524,0.0008036186023381379
Nepal,2014,Total cancers,11013.782679395765,183311.7669160524,0.060082246026462255
Nepal,2014,Thyroid diseases,13.391103768376748,183311.7669160524,7.305097754313394e-05
Nepal,2014,COVID-19,0.0,183311.7669160524,0.0
Nepal,2012,Urolithiasis,52.121772527403344,179671.6924217362,0.0002900945153066182
Nepal,2012,Other urinary diseases,387.9046092098404,179671.6924217362,0.0021589634069863793
Nepal,2012,Uterine fibroids,10.89480079216192,179671.6924217362,6.0637269262143915e-05
Nepal,2012,Endometriosis,0.1225619027834005,179671.6924217362,6.821436428378257e-07
Nepal,2012,Genital prolapse,1.680648233056612,179671.6924217362,9.353995670679683e-06
Nepal,2012,Other gynecological diseases,20.23289791599727,179671.6924217362,0.00011261038198775017
Nepal,2012,Thalassemias,67.06610518352483,179671.6924217362,0.00037327029249606685
Nepal,2012,Sickle cell disorders,10.259738844306073,179671.6924217362,5.710270052014536e-05
Nepal,2012,G6PD deficiency,26.564832874198338,179671.6924217362,0.0001478520768415971
Nepal,2012,Other hemoglobinopathies and hemolytic anemias,164.90964137757504,179671.6924217362,0.0009178387488580517
Nepal,2012,"Other endocrine, metabolic, blood, and immune disorders",41.27912067395506,179671.6924217362,0.00022974749175881434
Nepal,2012,Rheumatoid arthritis,103.52002983491997,179671.6924217362,0.0005761621568740585
Nepal,2012,Other musculoskeletal disorders,161.54280613199558,179671.6924217362,0.000899099930292929
Nepal,2012,Neural tube defects,176.20649864726838,179671.6924217362,0.0009807137466800607
Nepal,2015,Mesothelioma,12.105984253076883,192012.47809428457,6.304790383014816e-05
Nepal,2015,Hodgkin lymphoma,103.13757665360424,192012.47809428457,0.0005371399696375994
Nepal,2015,Multiple myeloma,116.73611642535948,192012.47809428457,0.0006079610949452886
Nepal,2015,Other malignant neoplasms,548.6195780096882,192012.47809428457,0.0028572079453101874
Nepal,2015,Rheumatic heart disease,3808.3228702705214,192012.47809428457,0.019833725954000278
Nepal,2015,Ischemic heart disease,16491.079357310402,192012.47809428457,0.0858854566171097
Nepal,2015,Ischemic stroke,5978.925854180999,192012.47809428457,0.031138215148940194
Nepal,2015,Intracerebral hemorrhage,7110.080986419028,192012.47809428457,0.03702926526956097
Nepal,2015,Subarachnoid hemorrhage,589.5693804207885,192012.47809428457,0.003070474306004687
Nepal,2015,Hypertensive heart disease,2480.6174352970716,192012.47809428457,0.012919042865948561
Nepal,2015,Atrial fibrillation and flutter,362.13743783191813,192012.47809428457,0.0018860099167830983
Nepal,2015,Aortic aneurysm,118.90032327607602,192012.47809428457,0.0006192322731113963
Nepal,2015,Lower extremity peripheral arterial disease,38.29407087373062,192012.47809428457,0.00019943532448410433
Nepal,2015,Endocarditis,125.70714795452604,192012.47809428457,0.0006546821810861668
Nepal,2013,Conflict and terrorism,3.999771424466911,180810.991704774,2.2121284700421804e-05
Nepal,2013,Multidrug-resistant tuberculosis without extensive drug resistance,572.6007415928391,180810.991704774,0.0031668469720456745
Nepal,2013,Extensively drug-resistant tuberculosis,19.676326295820108,180810.991704774,0.0001088226225092962
Nepal,2013,HIV/AIDS - Drug-susceptible Tuberculosis,330.4452968533921,180810.991704774,0.0018275730570237632
Nepal,2013,HIV/AIDS - Multidrug-resistant Tuberculosis without extensive drug resistance,37.823348474857696,180810.991704774,0.00020918721875390852
Nepal,2013,HIV/AIDS - Extensively drug-resistant Tuberculosis,1.2979877749487942,180810.991704774,7.178699495593348e-06
Nepal,2013,Invasive Non-typhoidal Salmonella (iNTS),94.75344823690293,180810.991704774,0.0005240469472763869
Nepal,2013,"Myelodysplastic, myeloproliferative, and other hematopoietic neoplasms",14.492773618624827,180810.991704774,8.01542731555195e-05
Nepal,2013,Non-rheumatic calcific aortic valve disease,94.4588118318948,180810.991704774,0.000522417420209309
Nepal,2013,Non-rheumatic degenerative mitral valve disease,54.12411149846377,180810.991704774,0.00029934082540090793
Nepal,2013,Other non-rheumatic valve diseases,1.4599091861952225,180810.991704774,8.07422807889326e-06
Nepal,2013,Nonalcoholic fatty liver disease including cirrhosis,115.52816820660962,180810.991704774,0.0006389443867176096
Nepal,2012,Conflict and terrorism,10.999371417284012,179671.6924217362,6.121927872458409e-05
Nepal,2012,Multidrug-resistant tuberculosis without extensive drug resistance,569.0035443575541,179671.6924217362,0.00316690702184713
Nepal,2012,Extensively drug-resistant tuberculosis,18.59921494586437,179671.6924217362,0.00010351778121067161
Nepal,2012,HIV/AIDS - Drug-susceptible Tuberculosis,351.3089132366187,179671.6924217362,0.0019552824849671103
Nepal,2012,HIV/AIDS - Multidrug-resistant Tuberculosis without extensive drug resistance,39.090137791018904,179671.6924217362,0.0002175642543582446
Nepal,2012,HIV/AIDS - Extensively drug-resistant Tuberculosis,1.2758087307470256,179671.6924217362,7.100777610266901e-06
Nepal,2012,Invasive Non-typhoidal Salmonella (iNTS),90.28533787681518,179671.6924217362,0.0005025017389210762
Nepal,2012,"Myelodysplastic, myeloproliferative, and other hematopoietic neoplasms",13.55246603327221,179671.6924217362,7.542905535425719e-05
Nepal,2012,Non-rheumatic calcific aortic valve disease,91.1586045444852,179671.6924217362,0.0005073620853445975
Nepal,2012,Non-rheumatic degenerative mitral valve disease,52.66629406093,179671.6924217362,0.00029312516262889373
Nepal,2012,Other non-rheumatic valve diseases,1.3946889954484885,179671.6924217362,7.762430334183032e-06
Nepal,2012,Nonalcoholic fatty liver disease including cirrhosis,109.6113057777558,179671.6924217362,0.0006100644141564023
Nepal,2012,Diabetes mellitus type 1,231.2636189393631,179671.6924217362,0.0012871455476499171
Nepal,2012,Diabetes mellitus type 2,4810.554620836039,179671.6924217362,0.026774137628449653
Nepal,2013,Diabetes mellitus type 1,235.78887312038088,180810.991704774,0.0013040627170795795
Nepal,2013,Diabetes mellitus type 2,5085.164209499094,180810.991704774,0.028124198432593568
Nepal,2013,Cystic echinococcosis,26.90704750599595,180810.991704774,0.0001488131183414416
Nepal,2013,Dengue,387.6330994765793,180810.991704774,0.0021438580465810504
Nepal,2013,Yellow fever,0.0,180810.991704774,0.0
Nepal,2013,Rabies,399.48556238420593,180810.991704774,0.00220940971905337
Nepal,2013,Ascariasis,2.9854142598190343,180810.991704774,1.651124321409388e-05
Nepal,2013,Other neglected tropical diseases,38.55320687524699,180810.991704774,0.0002132238007863825
Nepal,2014,Diarrheal diseases,4310.914975403499,183311.7669160524,0.023516848088522772
Nepal,2014,Typhoid fever,1332.8013939534703,183311.7669160524,0.0072706810717929875
Nepal,2014,Paratyphoid fever,289.2300970138492,183311.7669160524,0.0015778043160006312
Nepal,2014,Other intestinal infectious diseases,3.190477762034469,183311.7669160524,1.7404653371191102e-05
Nepal,2014,Lower respiratory infections,9316.00246805888,183311.7669160524,0.05082053719074751
Nepal,2014,Upper respiratory infections,65.68277661463316,183311.7669160524,0.000358311840639846
Nepal,2014,Otitis media,3.684156436222187,183311.7669160524,2.00977629434413e-05
Nepal,2015,Congenital heart anomalies,1071.6670463993114,192012.47809428457,0.005581236475022664
Nepal,2015,Orofacial clefts,14.976259161621623,192012.47809428457,7.799628081601956e-05
Nepal,2015,Down syndrome,41.40838110212129,192012.47809428457,0.0002156546361626997
Nepal,2015,Other chromosomal abnormalities,36.30519480537293,192012.47809428457,0.00018907726813226097
Nepal,2015,Congenital musculoskeletal and limb anomalies,28.31514345938772,192012.47809428457,0.00014746512174841072
Nepal,2015,Urogenital congenital anomalies,37.76984963786259,192012.47809428457,0.0001967051829793912
Nepal,2015,Digestive congenital anomalies,201.8729468092799,192012.47809428457,0.0010513532704377344
Nepal,2015,Other congenital birth defects,2.6320589226661757,192012.47809428457,1.3707749354569272e-05
Nepal,2015,Cellulitis,0.4667107384312622,192012.47809428457,2.4306271293581845e-06
Nepal,2015,Pyoderma,1.1374530584613418,192012.47809428457,5.923849688054201e-06
Nepal,2015,Decubitus ulcer,1.9197022461553856,192012.47809428457,9.997799440996472e-06
Nepal,2015,Other skin and subcutaneous diseases,1.4505991736172816,192012.47809428457,7.554713047893631e-06
Nepal,2015,Sudden infant death syndrome,123.60484002245688,192012.47809428457,0.000643733372170546
Nepal,2015,Pedestrian road injuries,885.0268174789555,192012.47809428457,0.004609215121135917
Nepal,2015,Cyclist road injuries,124.12395784599902,192012.47809428457,0.00064643693513007
Nepal,2015,Motorcyclist road injuries,723.3544433370198,192012.47809428457,0.0037672262267342254
Nepal,2014,Meningitis,1080.9297081394309,183311.7669160524,0.005896673881466881
Nepal,2014,Encephalitis,499.24403606215367,183311.7669160524,0.002723469662974676
Nepal,2014,Diphtheria,6.691119639421824,183311.7669160524,3.650131004675778e-05
Nepal,2014,Pertussis,492.7325940541623,183311.7669160524,0.0026879485280386236
Nepal,2014,Tetanus,407.650754356952,183311.7669160524,0.002223811167253849
Nepal,2014,Measles,421.5672982949798,183311.7669160524,0.0022997285192719596
Nepal,2014,Varicella and herpes zoster,75.4729555812257,183311.7669160524,0.0004117190993843212
Nepal,2014,Malaria,7.876235284194715,183311.7669160524,4.296633771361571e-05
Nepal,2014,Chagas disease,0.0,183311.7669160524,0.0
Nepal,2014,Visceral leishmaniasis,45.05704306999682,183311.7669160524,0.00024579460352171874
Nepal,2014,African trypanosomiasis,0.0,183311.7669160524,0.0
Nepal,2014,Schistosomiasis,0.0,183311.7669160524,0.0
Nepal,2014,Cysticercosis,1.6003211318480546,183311.7669160524,8.73005131515055e-06
Nepal,2014,Other cardiovascular and circulatory diseases,474.79076588779736,183311.7669160524,0.002590072497120317
Nepal,2014,Chronic obstructive pulmonary disease,18367.80477081763,183311.7669160524,0.10019981302798289
Nepal,2014,Silicosis,7.96824449630927,183311.7669160524,4.346826518757154e-05
Nepal,2014,Asbestosis,2.1482830314047536,183311.7669160524,1.1719286042278779e-05
Nepal,2014,Coal workers pneumoconiosis,2.350509353435152,183311.7669160524,1.2822468480768981e-05
Nepal,2014,Other pneumoconiosis,4.950777196275588,183311.7669160524,2.70074162699157e-05
Nepal,2014,Asthma,3661.3841913285783,183311.7669160524,0.01997353608514018
Nepal,2014,Interstitial lung disease and pulmonary sarcoidosis,502.05897683066024,183311.7669160524,0.0027388256917548455
Nepal,2014,Other chronic respiratory diseases,365.47551524103375,183311.7669160524,0.0019937373437047454
Nepal,2014,Chronic hepatitis B including cirrhosis,1987.0829968597832,183311.7669160524,0.01083990968113775
Nepal,2014,Chronic hepatitis C including cirrhosis,581.4185349700721,183311.7669160524,0.003171746935570877
Nepal,2014,Cirrhosis due to alcohol,1842.143545377735,183311.7669160524,0.010049237844187844
Nepal,2014,Cirrhosis due to other causes,638.3222290909589,183311.7669160524,0.0034821672379781185
Nepal,2014,Peptic ulcer disease,2169.502834060842,183311.7669160524,0.011835044037595062
Nepal,2014,Gastritis and duodenitis,175.16675348073758,183311.7669160524,0.0009555674271633373
Nepal,2014,Appendicitis,307.4687660202851,183311.7669160524,0.0016772996692628595
Nepal,2014,Paralytic ileus and intestinal obstruction,1026.6107976230255,183311.7669160524,0.005600354057430267
Nepal,2014,"Inguinal, femoral, and abdominal hernia",234.92121738638608,183311.7669160524,0.0012815392123407343
Nepal,2015,Motor vehicle road injuries,691.3471945298082,192012.47809428457,0.003600532639291982
Nepal,2015,Other road injuries,16.522482168847713,192012.47809428457,8.604900229835387e-05
Nepal,2015,Other transport injuries,220.93569231088813,192012.47809428457,0.0011506319511297661
Nepal,2015,Maternal abortion and miscarriage,36.51104883783396,192012.47809428457,0.00019014935487633158
Nepal,2015,Liver cancer due to NASH,27.840889662337418,192012.47809428457,0.00014499521040849545
Nepal,2015,Chronic kidney disease due to diabetes mellitus type 1,147.54903313519347,192012.47809428457,0.0007684346069568559
Nepal,2015,Chronic kidney disease due to diabetes mellitus type 2,460.23895626786486,192012.47809428457,0.0023969221210814857
Nepal,2015,Pulmonary Arterial Hypertension,80.05484611804565,192012.47809428457,0.0004169252275299318
Nepal,2015,Hepatoblastoma,3.2193878014451487,192012.47809428457,1.6766555139527553e-05
Nepal,2015,Burkitt lymphoma,8.548348846991274,192012.47809428457,4.4519756902432913e-05
Nepal,2015,Other non-Hodgkin lymphoma,394.0642601706436,192012.47809428457,0.0020522846435904276
Nepal,2015,Retinoblastoma,14.190126996836618,192012.47809428457,7.390210853832526e-05
Nepal,2015,Other eye cancers,6.204530223704939,192012.47809428457,3.2313161547023555e-05
Nepal,2015,Soft tissue and other extraosseous sarcomas,116.69928292749016,192012.47809428457,0.000607769266277512
Nepal,2015,Malignant neoplasm of bone and articular cartilage,199.39433848430696,192012.47809428457,0.0010384446910080378
Nepal,2015,Neuroblastoma and other peripheral nervous cell tumors,9.91386014768872,192012.47809428457,5.163133274505567e-05
Nepal,2012,Cystic echinococcosis,26.44345015850317,179671.6924217362,0.0001471764962086154
Nepal,2012,Dengue,363.8170357031181,179671.6924217362,0.0020248990299993664
Nepal,2012,Yellow fever,0.0,179671.6924217362,0.0
Nepal,2012,Rabies,406.2001917570238,179671.6924217362,0.0022607912592238866
Nepal,2012,Ascariasis,2.855456266051513,179671.6924217362,1.589263298833416e-05
Nepal,2012,Other neglected tropical diseases,37.77612409121476,179671.6924217362,0.00021025083908345657
Nepal,2013,Maternal hemorrhage,282.096951794312,180810.991704774,0.001560175900450325
Nepal,2013,Maternal sepsis and other maternal infections,38.733874704062714,180810.991704774,0.0002142230090043802
Nepal,2013,Maternal hypertensive disorders,115.09971003899238,180810.991704774,0.0006365747400297754
Nepal,2013,Maternal obstructed labor and uterine rupture,47.20697210665614,180810.991704774,0.0002610846368440648
Nepal,2013,Ectopic pregnancy,0.3272839259415261,180810.991704774,1.8100886614012457e-06
Nepal,2013,Indirect maternal deaths,153.1140549796508,180810.991704774,0.0008468182909457937
Nepal,2013,Late maternal deaths,17.967011350973177,180810.991704774,9.936902165942155e-05
Nepal,2013,Neonatal preterm birth,3899.629903853347,180810.991704774,0.021567438279530126
Nepal,2013,Neonatal encephalopathy due to birth asphyxia and trauma,4577.33934726547,180810.991704774,0.025315603349708372
Nepal,2013,Neonatal sepsis and other neonatal infections,1938.6501246057248,180810.991704774,0.010721970530260291
Nepal,2013,Hemolytic disease and other neonatal jaundice,822.9315540578183,180810.991704774,0.004551335880074653
Nepal,2013,Other neonatal disorders,1198.275190094084,180810.991704774,0.006627225362773373
Nepal,2013,Protein-energy malnutrition,1362.236809546097,180810.991704774,0.007534037597505912
Nepal,2013,Other nutritional deficiencies,409.9678679765568,180810.991704774,0.0022673835484844163
Nepal,2013,Syphilis,350.85176721979985,180810.991704774,0.0019404338415037641
Nepal,2013,Chlamydial infection,6.311093155199667,180810.991704774,3.490436668531935e-05
Nepal,2013,Gonococcal infection,2.0833238257863345,180810.991704774,1.1522108286358832e-05
Nepal,2013,Other sexually transmitted infections,19.418277446931093,180810.991704774,0.0001073954479417768
Nepal,2013,Acute hepatitis A,803.0184105247614,180810.991704774,0.004441203507339422
Nepal,2013,Vascular intestinal disorders,143.113269519893,180810.991704774,0.0007915075746808946
Nepal,2013,Gallbladder and biliary diseases,106.32382234116564,180810.991704774,0.0005880384889142685
Nepal,2013,Pancreatitis,506.6392776275142,180810.991704774,0.002802038044538513
Nepal,2014,Falls,2416.796701993219,183311.7669160524,0.013184078374521317
Nepal,2014,Drowning,1880.3936646571944,183311.7669160524,0.010257899404342768
Nepal,2014,"Fire, heat, and hot substances",564.6891415553189,183311.7669160524,0.003080484963160702
Nepal,2014,Poisoning by carbon monoxide,283.40654837080797,183311.7669160524,0.0015460357681271707
Nepal,2014,Poisoning by other means,696.7823411024666,183311.7669160524,0.0038010780913020053
Nepal,2014,Unintentional firearm injuries,3.171073852258952,183311.7669160524,1.7298801411429006e-05
Nepal,2014,Other exposure to mechanical forces,282.76584602561263,183311.7669160524,0.0015425406169103438
Nepal,2014,Adverse effects of medical treatment,722.1275250632659,183311.7669160524,0.003939340813805827
Nepal,2014,Venomous animal contact,669.8941769505366,183311.7669160524,0.0036543981230474664
Nepal,2014,Non-venomous animal contact,20.11631997798363,183311.7669160524,0.00010973829076229403
Nepal,2014,Pulmonary aspiration and foreign body in airway,43.26202668179474,183311.7669160524,0.00023600245314097363
Nepal,2014,Foreign body in other body part,2.9928638764065782,183311.7669160524,1.63266326366117e-05
Nepal,2014,Other unintentional injuries,92.21281135036948,183311.7669160524,0.0005030381458959932
Nepal,2015,Ulcerative colitis,79.39606651883912,192012.47809428457,0.0004134943067598606
Nepal,2015,Crohn's disease,15.286640266801138,192012.47809428457,7.961274401809909e-05
Nepal,2015,Total burden related to hepatitis B,2205.0138471546297,192012.47809428457,0.011483700794028053
Nepal,2015,Total burden related to hepatitis C,711.0736909748478,192012.47809428457,0.0037032681314892813
Nepal,2015,Total burden related to Non-alcoholic fatty liver disease (NAFLD),154.09623722686558,192012.47809428457,0.0008025324122487455
Nepal,2015,Total cancers,11252.015234095268,192012.47809428457,0.05860043756411576
Nepal,2015,Thyroid diseases,13.624811279084344,192012.47809428457,7.095794718296435e-05
Nepal,2015,COVID-19,0.0,192012.47809428457,0.0
Nepal,2012,Maternal hemorrhage,413.91602433261073,179671.6924217362,0.002303735322763266
Nepal,2012,Maternal sepsis and other maternal infections,52.05259653053336,179671.6924217362,0.0002897095019751491
Nepal,2012,Maternal hypertensive disorders,163.14321197706388,179671.6924217362,0.0009080073203413943
Nepal,2012,Maternal obstructed labor and uterine rupture,62.614563857992344,179671.6924217362,0.0003484943176859473
Nepal,2012,Ectopic pregnancy,0.4094967023484786,179671.6924217362,2.2791386713677933e-06
Nepal,2012,Indirect maternal deaths,11.556033805199457,179671.6924217362,6.431749848537319e-05
Nepal,2012,Late maternal deaths,20.28466181484582,179671.6924217362,0.00011289848468300973
Nepal,2012,Neonatal preterm birth,3833.071763859142,179671.6924217362,0.021333754428393345
Nepal,2012,Neonatal encephalopathy due to birth asphyxia and trauma,4821.539135311094,179671.6924217362,0.026835274217786555
Nepal,2012,Neonatal sepsis and other neonatal infections,2004.1002514566335,179671.6924217362,0.01115423484046941
Nepal,2012,Hemolytic disease and other neonatal jaundice,873.0989066957545,179671.6924217362,0.004859412715089054
Nepal,2012,Other neonatal disorders,1298.596376411875,179671.6924217362,0.007227606969737513
Nepal,2012,Protein-energy malnutrition,1350.6724437029086,179671.6924217362,0.0075174471030891666
Nepal,2012,Other nutritional deficiencies,404.6923730558947,179671.6924217362,0.0022523991820925047
Nepal,2012,Syphilis,362.0661260782324,179671.6924217362,0.002015153980006873
Nepal,2012,Chlamydial infection,6.293695481199901,179671.6924217362,3.502886512821931e-05
Nepal,2012,Gonococcal infection,2.082821809360881,179671.6924217362,1.1592375968007005e-05
Nepal,2012,Other sexually transmitted infections,19.344133970026363,179671.6924217362,0.00010766378225358198
Nepal,2012,Acute hepatitis A,801.5329508548804,179671.6924217362,0.004461097572195591
Nepal,2012,Vascular intestinal disorders,139.0228229938393,179671.6924217362,0.0007737603020264125
Nepal,2012,Gallbladder and biliary diseases,102.09302146918236,179671.6924217362,0.0005682198463937407
Nepal,2012,Pancreatitis,493.034484520631,179671.6924217362,0.002744085492128336
Nepal,2013,Alzheimer's disease and other dementias,1619.8822654749558,180810.991704774,0.008958981144906722
Nepal,2013,Parkinson's disease,455.9239764864929,180810.991704774,0.002521550112566829
Nepal,2013,Idiopathic epilepsy,941.5513987521556,180810.991704774,0.005207379207838809
Nepal,2013,Multiple sclerosis,3.628358301118161,180810.991704774,2.006713345747531e-05
Nepal,2013,Motor neuron disease,5.057071655018342,180810.991704774,2.7968828705256304e-05
Nepal,2013,Other neurological disorders,14.800683424722516,180810.991704774,8.185721058866207e-05
Nepal,2013,Alcohol use disorders,188.3713611628331,180810.991704774,0.001041813660700471
Nepal,2013,Opioid use disorders,40.55201038739167,180810.991704774,0.00022427845788050595
Nepal,2013,Cocaine use disorders,7.1273123322363725,180810.991704774,3.9418578843225204e-05
Nepal,2013,Amphetamine use disorders,1.362807468919586,180810.991704774,7.537193707475271e-06
Nepal,2013,Other drug use disorders,9.861069971125614,180810.991704774,5.453800058365174e-05
Nepal,2013,Anorexia nervosa,0.0324433443461486,180810.991704774,1.7943236769101792e-07
Nepal,2013,Acute glomerulonephritis,5.260112406335902,180810.991704774,2.909177344110003e-05
Nepal,2013,Chronic kidney disease due to hypertension,343.03056866367143,180810.991704774,0.0018971776296861842
Nepal,2014,Self-harm by firearm,391.88284765342513,183311.7669160524,0.0021377942848201763
Nepal,2014,Total Cancers excluding Non-melanoma skin cancer,10962.041585057505,183311.7669160524,0.059799988672181476
Nepal,2014,Other direct maternal disorders,130.28142453520874,183311.7669160524,0.0007107095563312698
Nepal,2014,Other digestive diseases,464.649017219072,183311.7669160524,0.0025347473598454698
Nepal,2014,Self-harm by other specified means,3843.025249501104,183311.7669160524,0.020964422056228484
Nepal,2014,Other benign and in situ neoplasms,70.3643469983307,183311.7669160524,0.00038385068335822675
Nepal,2013,Physical violence by firearm,52.74558757816592,180810.991704774,0.0002917167097025178
Nepal,2013,Physical violence by sharp object,42.2460743082974,180810.991704774,0.00023364771084977113
Nepal,2013,Physical violence by other means,537.8346543513095,180810.991704774,0.0029745683560514916
Nepal,2013,Exposure to forces of nature,194.98885694276208,180810.991704774,0.001078412629145564
Nepal,2013,Maternal deaths aggravated by HIV/AIDS,0.4122837391393583,180810.991704774,2.28019179172763e-06
Nepal,2013,Environmental heat and cold exposure,94.85988239276288,180810.991704774,0.0005246355959799665
Nepal,2013,Ebola,0.0,180810.991704774,0.0
Nepal,2013,Acute lymphoid leukemia,205.6399279487895,180810.991704774,0.0011373198388544645
Nepal,2013,Chronic lymphoid leukemia,16.02646830023233,180810.991704774,8.863658204142895e-05
Nepal,2013,Acute myeloid leukemia,145.119161912075,180810.991704774,0.0008026014377987805
Nepal,2013,Chronic myeloid leukemia,96.157328781013,180810.991704774,0.0005318113012621352
Nepal,2013,Non-melanoma skin cancer (squamous-cell carcinoma),49.719855298395856,180810.991704774,0.00027498248214675926
Nepal,2013,Police conflict and executions,2.0743171882794265,180810.991704774,1.147229584176136e-05
Nepal,2013,Drug-susceptible tuberculosis,6170.13926086089,180810.991704774,0.03412480183138102
Nepal,2013,Zika virus,0.0,180810.991704774,0.0
Nepal,2013,Alcoholic cardiomyopathy,35.647121860825884,180810.991704774,0.00019715129884929824
Nepal,2012,Alzheimer's disease and other dementias,1517.4522521691742,179671.6924217362,0.008445694654043327
Nepal,2012,Parkinson's disease,439.6279132981961,179671.6924217362,0.0024468401637041137
Nepal,2012,Idiopathic epilepsy,907.1195172604706,179671.6924217362,0.005048761466170336
Nepal,2012,Multiple sclerosis,3.4441969002475425,179671.6924217362,1.916939086967087e-05
Nepal,2012,Motor neuron disease,4.643964557106441,179671.6924217362,2.5846946141108578e-05
Nepal,2012,Other neurological disorders,13.90602155323317,179671.6924217362,7.739684179404356e-05
Nepal,2012,Alcohol use disorders,185.3003700589512,179671.6924217362,0.0010313275706448127
Nepal,2012,Opioid use disorders,38.66244973049886,179671.6924217362,0.00021518386791697844
Nepal,2012,Cocaine use disorders,6.814302815965882,179671.6924217362,3.792641302654923e-05
Nepal,2012,Amphetamine use disorders,1.2818363778207134,179671.6924217362,7.1343257279054844e-06
Nepal,2012,Other drug use disorders,9.360436594555017,179671.6924217362,5.209744767463779e-05
Nepal,2012,Anorexia nervosa,0.0282860795624508,179671.6924217362,1.574320316194051e-07
Nepal,2012,Acute glomerulonephritis,5.376762841677701,179671.6924217362,2.9925486698578207e-05
Nepal,2012,Chronic kidney disease due to hypertension,334.6550097829434,179671.6924217362,0.0018625917375866925
Nepal,2012,Physical violence by firearm,52.26171583147092,179671.6924217362,0.0002908733987366195
Nepal,2012,Physical violence by sharp object,41.7810158194561,179671.6924217362,0.0002325408930939727
Nepal,2012,Physical violence by other means,536.4797687955617,179671.6924217362,0.0029858892158498964
Nepal,2012,Exposure to forces of nature,82.99525705768846,179671.6924217362,0.00046192728492186187
Nepal,2012,Maternal deaths aggravated by HIV/AIDS,0.4798293109436848,179671.6924217362,2.670589364836619e-06
Nepal,2012,Environmental heat and cold exposure,46.46042252964017,179671.6924217362,0.00025858509987530744
Nepal,2012,Ebola,0.0,179671.6924217362,0.0
Nepal,2012,Acute lymphoid leukemia,198.4393873430448,179671.6924217362,0.001104455491392912
Nepal,2012,Chronic lymphoid leukemia,15.486899056778643,179671.6924217362,8.619554281498537e-05
Nepal,2012,Acute myeloid leukemia,139.17460166903246,179671.6924217362,0.0007746050576645845
Nepal,2012,Chronic myeloid leukemia,94.85163862220747,179671.6924217362,0.0005279164310400438
Nepal,2012,Non-melanoma skin cancer (squamous-cell carcinoma),47.9946486979442,179671.6924217362,0.0002671241532321534
Nepal,2012,Police conflict and executions,7.06993954359994,179671.6924217362,3.934921215638662e-05
Nepal,2012,Drug-susceptible tuberculosis,6305.454437399739,179671.6924217362,0.03509431203330125
Nepal,2012,Zika virus,0.0,179671.6924217362,0.0
Nepal,2012,Alcoholic cardiomyopathy,35.30126347610698,179671.6924217362,0.0001964764899817704
Nepal,2013,Electrocution,46.741024444523454,180810.991704774,0.00025850764936260974
Nepal,2013,Myocarditis,92.8358304707042,180810.991704774,0.0005134412990902977
Nepal,2013,Other leukemia,138.21928232930978,180810.991704774,0.000764440706984189
Nepal,2013,Other cardiomyopathy,838.6061066740301,180810.991704774,0.004638026144136724
Nepal,2012,Electrocution,46.071897212139206,179671.6924217362,0.0002564226817878271
Nepal,2012,Myocarditis,90.0944814352451,179671.6924217362,0.0005014394878842123
Nepal,2012,Other leukemia,133.24190084105817,179671.6924217362,0.0007415853830123934
Nepal,2012,Other cardiomyopathy,817.7032198706075,179671.6924217362,0.004551096551989088
Nepal,2014,Acute hepatitis B,92.11639289146612,183311.7669160524,0.0005025121651555015
Nepal,2014,Acute hepatitis C,20.866547968171844,183311.7669160524,0.00011383092487307526
Nepal,2014,Acute hepatitis E,12.083106743225024,183311.7669160524,6.59156089459248e-05
Nepal,2014,Other unspecified infectious diseases,956.6304660653468,183311.7669160524,0.005218598250179082
Nepal,2014,Esophageal cancer,733.9202300702639,183311.7669160524,0.004003672226924541
Nepal,2014,Stomach cancer,1081.3922837657506,183311.7669160524,0.005899197318091282
Nepal,2014,Liver cancer due to hepatitis B,86.99594210476269,183311.7669160524,0.00047457914769106157
Nepal,2014,Liver cancer due to hepatitis C,93.96258498394536,183311.7669160524,0.0005125834885819169
Nepal,2014,Liver cancer due to alcohol use,82.81726595797973,183311.7669160524,0.00045178368716453364
Nepal,2014,Liver cancer due to other causes,11.429738047583877,183311.7669160524,6.235136041658538e-05
Nepal,2014,Larynx cancer,313.8506145167962,183311.7669160524,0.0017121138473370563
Nepal,2014,"Tracheal, bronchus, and lung cancer",1033.803414401227,183311.7669160524,0.005639591128237049
Nepal,2014,Breast cancer,804.7329849882625,183311.7669160524,0.0043899690594155355
Nepal,2014,Cervical cancer,859.0917927431648,183311.7669160524,0.004686506530355935
Nepal,2014,Uterine cancer,68.57399889159868,183311.7669160524,0.00037408399932668877
Nepal,2014,Prostate cancer,317.01350070026746,183311.7669160524,0.0017293679834827175
Nepal,2014,Colon and rectum cancer,552.0458019981149,183311.7669160524,0.003011513179352661
Nepal,2014,Lip and oral cavity cancer,707.4017826112479,183311.7669160524,0.003859009132431757
Nepal,2014,Nasopharynx cancer,154.87886523835786,183311.7669160524,0.0008448931994053857
Nepal,2014,Other pharynx cancer,431.6150781250522,183311.7669160524,0.00235454103894329
Nepal,2014,Gallbladder and biliary tract cancer,312.02002049605346,183311.7669160524,0.0017021276143115405
Nepal,2014,Pancreatic cancer,179.7573018296754,183311.7669160524,0.0009806097276450084
Nepal,2014,Malignant skin melanoma,14.818035327014472,183311.7669160524,8.083515628214084e-05
Nepal,2014,Ovarian cancer,302.17240205947206,183311.7669160524,0.001648407012507014
Nepal,2014,Chronic kidney disease due to glomerulonephritis,298.13601070593853,183311.7669160524,0.0016263877421598902
Nepal,2014,Chronic kidney disease due to other and unspecified causes,897.7522111774313,183311.7669160524,0.004897406349198286
Nepal,2014,Urinary tract infections and interstitial nephritis,426.9090535894674,183311.7669160524,0.0023288687942491456
Nepal,2014,Urolithiasis,57.17659480891922,183311.7669160524,0.0003119090267407833
Nepal,2014,Other urinary diseases,415.5122635968606,183311.7669160524,0.002266697171639529
Nepal,2014,Uterine fibroids,12.457979896851388,183311.7669160524,6.796061216602925e-05
Nepal,2014,Endometriosis,0.151853633840846,183311.7669160524,8.283899958827375e-07
Nepal,2014,Genital prolapse,1.9780499046641191,183311.7669160524,1.079063247243679e-05
Nepal,2014,Other gynecological diseases,22.470236450556524,183311.7669160524,0.00012257934571568863
Nepal,2014,Thalassemias,67.04860459856171,183311.7669160524,0.00036576268794172176
Nepal,2014,Sickle cell disorders,10.304149150965875,183311.7669160524,5.621106230286165e-05
Nepal,2014,G6PD deficiency,26.753213344165697,183311.7669160524,0.00014594378633869874
Nepal,2014,Other hemoglobinopathies and hemolytic anemias,169.30362361583917,183311.7669160524,0.0009235829563160107
Nepal,2014,"Other endocrine, metabolic, blood, and immune disorders",44.18168364739334,183311.7669160524,0.0002410193540255729
Nepal,2014,Rheumatoid arthritis,112.3928898911884,183311.7669160524,0.0006131242515525951
Nepal,2014,Other musculoskeletal disorders,176.0517027173803,183311.7669160524,0.0009603949908900455
Nepal,2014,Neural tube defects,167.77804160243622,183311.7669160524,0.0009152606208813105
Nepal,2014,Conflict and terrorism,5.2751965375580845,183311.7669160524,2.877718449996644e-05
Nepal,2014,Multidrug-resistant tuberculosis without extensive drug resistance,570.7417734522764,183311.7669160524,0.00311350320306305
Nepal,2014,Extensively drug-resistant tuberculosis,20.56509660282585,183311.7669160524,0.00011218645125080068
Nepal,2014,HIV/AIDS - Drug-susceptible Tuberculosis,307.29345359126637,183311.7669160524,0.0016763433071483695
Nepal,2014,HIV/AIDS - Multidrug-resistant Tuberculosis without extensive drug resistance,35.97602218121835,183311.7669160524,0.0001962559348287421
Nepal,2014,HIV/AIDS - Extensively drug-resistant Tuberculosis,1.2953481798775806,183311.7669160524,7.066366778684671e-06
Nepal,2014,Invasive Non-typhoidal Salmonella (iNTS),96.14373745841053,183311.7669160524,0.0005244820835884449
Nepal,2014,"Myelodysplastic, myeloproliferative, and other hematopoietic neoplasms",15.368716056448935,183311.7669160524,8.383922273515063e-05
Nepal,2014,Non-rheumatic calcific aortic valve disease,98.58830490503414,183311.7669160524,0.0005378176565729282
Nepal,2014,Non-rheumatic degenerative mitral valve disease,56.03715573741701,183311.7669160524,0.0003056931733306527
Nepal,2014,Other non-rheumatic valve diseases,1.5367835613843568,183311.7669160524,8.383441975594106e-06
Nepal,2014,Nonalcoholic fatty liver disease including cirrhosis,120.57283377811945,183311.7669160524,0.0006577473765409492
Nepal,2015,Diarrheal diseases,4059.821737497792,192012.47809428457,0.02114353076316365
Nepal,2015,Typhoid fever,1230.7938626180169,192012.47809428457,0.006409968116830698
Nepal,2015,Paratyphoid fever,270.4325277402734,192012.47809428457,0.0014084112158975518
Nepal,2015,Other intestinal infectious diseases,3.175947953997503,192012.47809428457,1.654032063706821e-05
Nepal,2015,Lower respiratory infections,9211.028438104671,192012.47809428457,0.047970988810330066
Nepal,2015,Upper respiratory infections,62.62465683243318,192012.47809428457,0.00032614889122821683
Nepal,2015,Otitis media,3.678964534109694,192012.47809428457,1.916002840348323e-05
Nepal,2014,Diabetes mellitus type 1,239.6640376565063,183311.7669160524,0.0013074121846540295
Nepal,2014,Diabetes mellitus type 2,5333.898196864823,183311.7669160524,0.02909741303899755
Nepal,2015,Meningitis,1081.2377168074772,192012.47809428457,0.005631080477366441
Nepal,2015,Encephalitis,492.1518879547051,192012.47809428457,0.00256312450544512
Nepal,2015,Diphtheria,6.187503987566375,192012.47809428457,3.2224488996637516e-05
Nepal,2015,Pertussis,503.2804269039305,192012.47809428457,0.00262108187915164
Nepal,2015,Tetanus,399.72724075807423,192012.47809428457,0.002081777417412397
Nepal,2015,Measles,519.9037661922589,192012.47809428457,0.0027076561448103843
Nepal,2015,Varicella and herpes zoster,75.0900735367263,192012.47809428457,0.0003910687174187427
Nepal,2015,Malaria,9.522102190412411,192012.47809428457,4.959105931509691e-05
Nepal,2015,Chagas disease,0.0,192012.47809428457,0.0
Nepal,2015,Visceral leishmaniasis,35.54938463780122,192012.47809428457,0.00018514101266036095
Nepal,2015,African trypanosomiasis,0.0,192012.47809428457,0.0
Nepal,2015,Schistosomiasis,0.0,192012.47809428457,0.0
Nepal,2015,Cysticercosis,1.5621187257039575,192012.47809428457,8.135506302548237e-06
Nepal,2015,Other cardiovascular and circulatory diseases,477.4002088204136,192012.47809428457,0.002486297836258298
Nepal,2015,Chronic obstructive pulmonary disease,19032.74141074592,192012.47809428457,0.09912241954088111
Nepal,2015,Silicosis,8.251704296731628,192012.47809428457,4.2974833607843776e-05
Nepal,2015,Asbestosis,2.239843680985261,192012.47809428457,1.1665094389779307e-05
Nepal,2015,Coal workers pneumoconiosis,2.451191852376423,192012.47809428457,1.2765794581187612e-05
Nepal,2015,Other pneumoconiosis,5.0858560085659725,192012.47809428457,2.648711197856968e-05
Nepal,2015,Asthma,3709.0768952384383,192012.47809428457,0.019316853425625585
Nepal,2015,Interstitial lung disease and pulmonary sarcoidosis,525.3450194482384,192012.47809428457,0.0027359941638286467
Nepal,2015,Other chronic respiratory diseases,367.7881690605793,192012.47809428457,0.0019154388960074928
Nepal,2015,Chronic hepatitis B including cirrhosis,2023.9583943499529,192012.47809428457,0.010540764925475943
Nepal,2015,Chronic hepatitis C including cirrhosis,592.3344200513636,192012.47809428457,0.0030848746182032378
Nepal,2015,Cirrhosis due to alcohol,1888.164401421737,192012.47809428457,0.009833550507559123
Nepal,2015,Cirrhosis due to other causes,637.6528996657627,192012.47809428457,0.00332089302734093
Nepal,2015,Peptic ulcer disease,2199.72406922724,192012.47809428457,0.011456151657743314
Nepal,2015,Gastritis and duodenitis,176.51941770046017,192012.47809428457,0.0009193122210202569
Nepal,2015,Appendicitis,309.75310273928704,192012.47809428457,0.0016131925685954009
Nepal,2015,Paralytic ileus and intestinal obstruction,1049.3550661825996,192012.47809428457,0.005465035796618025
Nepal,2015,"Inguinal, femoral, and abdominal hernia",239.8504284514877,192012.47809428457,0.0012491397998296396
Nepal,2015,Falls,2443.210676833045,192012.47809428457,0.012724228659938166
Nepal,2015,Drowning,1955.770446157266,192012.47809428457,0.010185642441409027
Nepal,2015,"Fire, heat, and hot substances",563.06225688273,192012.47809428457,0.0029324253427230264
Nepal,2015,Poisoning by carbon monoxide,280.31331122149675,192012.47809428457,0.0014598702855334927
Nepal,2015,Poisoning by other means,672.9047719412215,192012.47809428457,0.0035044845971458306
Nepal,2015,Unintentional firearm injuries,2.950418854043876,192012.47809428457,1.5365766242520557e-05
Nepal,2015,Other exposure to mechanical forces,278.69675127160946,192012.47809428457,0.0014514512496149338
Nepal,2015,Adverse effects of medical treatment,727.9746712634584,192012.47809428457,0.0037912883500519088
Nepal,2015,Venomous animal contact,667.4136322172482,192012.47809428457,0.0034758867696584057
Nepal,2015,Non-venomous animal contact,19.480268593430235,192012.47809428457,0.00010145313881040987
Nepal,2015,Pulmonary aspiration and foreign body in airway,42.77026585966087,192012.47809428457,0.0002227473249871773
Nepal,2015,Foreign body in other body part,2.919096035336457,192012.47809428457,1.5202637163523732e-05
Nepal,2015,Other unintentional injuries,90.5005553043797,192012.47809428457,0.00047132642733739886
Nepal,2015,Self-harm by firearm,388.94077816489875,192012.47809428457,0.0020256015756117463
Nepal,2015,Total Cancers excluding Non-melanoma skin cancer,11198.695880918598,192012.47809428457,0.05832275064654737
Nepal,2015,Other direct maternal disorders,110.66330617927991,192012.47809428457,0.0005763339303654033
Nepal,2015,Other digestive diseases,475.63284949504583,192012.47809428457,0.0024770934379665377
Nepal,2015,Self-harm by other specified means,3909.071087540892,192012.47809428457,0.020358422152238497
Nepal,2015,Other benign and in situ neoplasms,72.08117528121956,192012.47809428457,0.00037539839075367425
Nepal,2016,HIV/AIDS resulting in other diseases,1087.238504707523,186528.28826580045,0.005828812963523376
Nepal,2016,Testicular cancer,23.2429885310002,186528.28826580045,0.000124608383785087
Nepal,2016,Kidney cancer,115.19643931040328,186528.28826580045,0.0006175816032056747
Nepal,2016,Bladder cancer,144.86001925884125,186528.28826580045,0.0007766115295735602
Nepal,2016,Brain and central nervous system cancer,333.11572932519533,186528.28826580045,0.0017858724401658029
Nepal,2016,Thyroid cancer,102.27324232115836,186528.28826580045,0.0005482988305528237
Nepal,2016,Mesothelioma,12.673235901189868,186528.28826580045,6.794270198379062e-05
Nepal,2016,Hodgkin lymphoma,103.38145416163968,186528.28826580045,0.0005542400840258739
Nepal,2016,Multiple myeloma,123.5650677850962,186528.28826580045,0.0006624468006108411
Nepal,2016,Other malignant neoplasms,558.7968873763895,186528.28826580045,0.0029957755607562912
Nepal,2016,Rheumatic heart disease,3873.437129362646,186528.28826580045,0.02076595011606522
Nepal,2016,Ischemic heart disease,16905.339617681875,186528.28826580045,0.09063150568128293
Nepal,2016,Ischemic stroke,6082.579802052479,186528.28826580045,0.032609422724047515
Nepal,2016,Intracerebral hemorrhage,7302.947258113617,186528.28826580045,0.03915195558813583
Nepal,2016,Subarachnoid hemorrhage,609.8062964921475,186528.28826580045,0.0032692429773610596
Nepal,2016,Hypertensive heart disease,2580.7488812601327,186528.28826580045,0.013835697015471445
Nepal,2016,Atrial fibrillation and flutter,385.1662090029348,186528.28826580045,0.0020649211579858483
Nepal,2016,Aortic aneurysm,124.91937844808872,186528.28826580045,0.0006697074186950142
Nepal,2016,Lower extremity peripheral arterial disease,40.52273925728451,186528.28826580045,0.0002172471512714475
Nepal,2016,Endocarditis,128.72504933259054,186528.28826580045,0.0006901100660354476
Nepal,2014,Cystic echinococcosis,26.92610978902211,183311.7669160524,0.00014688696880737023
Nepal,2014,Dengue,418.8116947627837,183311.7669160524,0.0022846961862223415
Nepal,2014,Yellow fever,0.0,183311.7669160524,0.0
Nepal,2014,Rabies,378.07096074680254,183311.7669160524,0.002062447856497614
Nepal,2014,Ascariasis,2.8431061548217684,183311.7669160524,1.550967623438908e-05
Nepal,2014,Other neglected tropical diseases,38.43267952754241,183311.7669160524,0.00020965746047902451
Nepal,2016,Congenital heart anomalies,1051.0159722477858,186528.28826580045,0.005634619724543343
Nepal,2016,Orofacial clefts,14.488758544569349,186528.28826580045,7.76759315129888e-05
Nepal,2016,Down syndrome,41.83366703706515,186528.28826580045,0.0002242751886376221
Nepal,2016,Other chromosomal abnormalities,37.18486236466272,186528.28826580045,0.00019935240231055336
Nepal,2016,Congenital musculoskeletal and limb anomalies,28.326414353143154,186528.28826580045,0.0001518612249997082
Nepal,2016,Urogenital congenital anomalies,38.01088855978539,186528.28826580045,0.000203780825488627
Nepal,2016,Digestive congenital anomalies,201.62604794326737,186528.28826580045,0.0010809408579140168
Nepal,2016,Other congenital birth defects,2.621881157828827,186528.28826580045,1.4056211967659724e-05
Nepal,2016,Cellulitis,0.4905161828181237,186528.28826580045,2.6297147064317896e-06
Nepal,2016,Pyoderma,1.1602563477621626,186528.28826580045,6.220270172151111e-06
Nepal,2016,Decubitus ulcer,2.00125355435286,186528.28826580045,1.0728954696142919e-05
Nepal,2016,Other skin and subcutaneous diseases,1.4712223424552628,186528.28826580045,7.88739529072818e-06
Nepal,2016,Sudden infant death syndrome,114.74764651144788,186528.28826580045,0.0006151755724468663
Nepal,2016,Pedestrian road injuries,889.6119172061258,186528.28826580045,0.004769313681463908
Nepal,2016,Cyclist road injuries,128.78512273477114,186528.28826580045,0.0006904321265804678
Nepal,2016,Motorcyclist road injuries,763.3353665851969,186528.28826580045,0.0040923303037952805
Nepal,2014,Maternal hemorrhage,235.76605420005137,183311.7669160524,0.0012861479552920374
Nepal,2014,Maternal sepsis and other maternal infections,35.650727432389736,183311.7669160524,0.00019448139108667247
Nepal,2014,Maternal hypertensive disorders,102.3351224870994,183311.7669160524,0.0005582572477955752
Nepal,2014,Maternal obstructed labor and uterine rupture,43.827178022434,183311.7669160524,0.00023908545948664957
Nepal,2014,Ectopic pregnancy,0.3299100059743028,183311.7669160524,1.799720833662495e-06
Nepal,2014,Indirect maternal deaths,76.14696049977624,183311.7669160524,0.0004153959223722268
Nepal,2014,Late maternal deaths,14.933171645454308,183311.7669160524,8.146324644992895e-05
Nepal,2014,Neonatal preterm birth,3726.513596323088,183311.7669160524,0.020328829180014638
Nepal,2014,Neonatal encephalopathy due to birth asphyxia and trauma,4421.181247595712,183311.7669160524,0.024118371242476712
Nepal,2014,Neonatal sepsis and other neonatal infections,1840.5357376155744,183311.7669160524,0.010040466951903025
Nepal,2014,Hemolytic disease and other neonatal jaundice,745.267283591752,183311.7669160524,0.004065572527774755
Nepal,2014,Other neonatal disorders,1104.7522630197825,183311.7669160524,0.00602663037733799
Nepal,2014,Protein-energy malnutrition,1322.234334408182,183311.7669160524,0.00721303578407871
Nepal,2014,Other nutritional deficiencies,409.6706527420084,183311.7669160524,0.002234830091019836
Nepal,2014,Syphilis,344.53129697961174,183311.7669160524,0.0018794827128440139
Nepal,2014,Chlamydial infection,6.3321518820166744,183311.7669160524,3.454307374014065e-05
Nepal,2014,Gonococcal infection,2.0823636471677784,183311.7669160524,1.1359683462771905e-05
Nepal,2014,Other sexually transmitted infections,19.48528476978859,183311.7669160524,0.00010629587558725497
Nepal,2014,Acute hepatitis A,754.5471707887613,183311.7669160524,0.004116196049402034
Nepal,2014,Vascular intestinal disorders,145.9271553378079,183311.7669160524,0.0007960599463570455
Nepal,2014,Gallbladder and biliary diseases,109.8101137395577,183311.7669160524,0.0005990347242130137
Nepal,2014,Pancreatitis,519.275861482609,183311.7669160524,0.002832747020110342
Nepal,2014,Alzheimer's disease and other dementias,1715.525734374932,183311.7669160524,0.009358513985414568
Nepal,2014,Parkinson's disease,475.9481107115008,183311.7669160524,0.0025963860297602234
Nepal,2014,Idiopathic epilepsy,960.6993757466992,183311.7669160524,0.005240794914091092
Nepal,2014,Multiple sclerosis,3.84115014401363,183311.7669160524,2.0954193004820493e-05
Nepal,2014,Motor neuron disease,5.42624881403447,183311.7669160524,2.9601202941431577e-05
Nepal,2014,Other neurological disorders,15.392705362580111,183311.7669160524,8.397008889030675e-05
Nepal,2014,Alcohol use disorders,192.10211825258284,183311.7669160524,0.0010479530118792427
Nepal,2014,Opioid use disorders,42.5370400133743,183311.7669160524,0.00023204751516499281
Nepal,2014,Cocaine use disorders,7.471142120380327,183311.7669160524,4.075647868148985e-05
Nepal,2014,Amphetamine use disorders,1.4485992568579011,183311.7669160524,7.902380088460371e-06
Nepal,2014,Other drug use disorders,10.400687345009118,183311.7669160524,5.673769622095297e-05
Nepal,2014,Anorexia nervosa,0.0371064643068992,183311.7669160524,2.024227082154093e-07
Nepal,2014,Acute glomerulonephritis,5.111243074798942,183311.7669160524,2.7882787672542782e-05
Nepal,2014,Chronic kidney disease due to hypertension,354.4625762102167,183311.7669160524,0.0019336596999391903
Nepal,2016,Motor vehicle road injuries,695.9204680693593,186528.28826580045,0.0037309111370693623
Nepal,2016,Other road injuries,17.093157696330614,186528.28826580045,9.163842039858898e-05
Nepal,2016,Other transport injuries,264.5837801658932,186528.28826580045,0.0014184646341088203
Nepal,2016,Maternal abortion and miscarriage,27.54318829648483,186528.28826580045,0.00014766225837678913
Nepal,2016,Liver cancer due to NASH,29.45582845102163,186528.28826580045,0.00015791614625792013
Nepal,2016,Chronic kidney disease due to diabetes mellitus type 1,153.6472563021943,186528.28826580045,0.0008237209365436781
Nepal,2016,Chronic kidney disease due to diabetes mellitus type 2,482.09790648164136,186528.28826580045,0.0025845833410247025
Nepal,2016,Pulmonary Arterial Hypertension,80.74059890753988,186528.28826580045,0.00043285980726143555
Nepal,2016,Hepatoblastoma,3.021164547555042,186528.28826580045,1.619681698493861e-05
Nepal,2016,Burkitt lymphoma,8.486021764438402,186528.28826580045,4.549455658085452e-05
Nepal,2016,Other non-Hodgkin lymphoma,405.8289235601809,186528.28826580045,0.002175696390790226
Nepal,2016,Retinoblastoma,13.814667711019652,186528.28826580045,7.406205160331458e-05
Nepal,2016,Other eye cancers,6.463306735596943,186528.28826580045,3.465054440636271e-05
Nepal,2016,Soft tissue and other extraosseous sarcomas,119.62831759507355,186528.28826580045,0.0006413414217612115
Nepal,2016,Malignant neoplasm of bone and articular cartilage,204.25261910178256,186528.28826580045,0.0010950222135246593
Nepal,2016,Neuroblastoma and other peripheral nervous cell tumors,10.037388277499698,186528.28826580045,5.381161415686476e-05
Nepal,2014,Physical violence by firearm,52.599808774735294,183311.7669160524,0.000286941802262063
Nepal,2014,Physical violence by sharp object,42.43043945216648,183311.7669160524,0.00023146598915059006
Nepal,2014,Physical violence by other means,533.5659862537838,183311.7669160524,0.002910702325498451
Nepal,2014,Exposure to forces of nature,572.9672565548854,183311.7669160524,0.00312564362994371
Nepal,2014,Maternal deaths aggravated by HIV/AIDS,0.3322637156303752,183311.7669160524,1.8125607603931685e-06
Nepal,2014,Environmental heat and cold exposure,44.61207770980596,183311.7669160524,0.00024336723419526065
Nepal,2014,Ebola,0.0,183311.7669160524,0.0
Nepal,2014,Acute lymphoid leukemia,205.4871921016237,183311.7669160524,0.0011209710950837461
Nepal,2014,Chronic lymphoid leukemia,16.508475838291222,183311.7669160524,9.005682568021548e-05
Nepal,2014,Acute myeloid leukemia,149.15511457031556,183311.7669160524,0.0008136690681652811
Nepal,2014,Chronic myeloid leukemia,97.0385949853462,183311.7669160524,0.0005293636988932904
Nepal,2014,Non-melanoma skin cancer (squamous-cell carcinoma),51.74109433827194,183311.7669160524,0.0002822573542808453
Nepal,2014,Police conflict and executions,1.0760791777665992,183311.7669160524,5.870213330382601e-06
Nepal,2014,Drug-susceptible tuberculosis,6008.071575992934,183311.7669160524,0.03277515501088552
Nepal,2014,Zika virus,0.0,183311.7669160524,0.0
Nepal,2014,Alcoholic cardiomyopathy,37.316087406239895,183311.7669160524,0.00020356624145862273
Nepal,2016,Diarrheal diseases,3824.915933611378,186528.28826580045,0.020505822302732554
Nepal,2016,Typhoid fever,1158.666127313481,186528.28826580045,0.00621174481407558
Nepal,2016,Paratyphoid fever,255.5795349022517,186528.28826580045,0.0013701918206532517
Nepal,2016,Other intestinal infectious diseases,3.2733997526841003,186528.28826580045,1.754907946198245e-05
Nepal,2016,Lower respiratory infections,9185.749389000624,186528.28826580045,0.04924587832978474
Nepal,2016,Upper respiratory infections,62.11605191257863,186528.28826580045,0.0003330114294731748
Nepal,2016,Otitis media,3.6976666737986896,186528.28826580045,1.9823624117161045e-05
Nepal,2015,Acute hepatitis B,92.43949751001315,192012.47809428457,0.0004814244283885668
Nepal,2015,Acute hepatitis C,21.482168752464712,192012.47809428457,0.00011187902455962391
Nepal,2015,Acute hepatitis E,12.105949596704928,192012.47809428457,6.304772333994096e-05
Nepal,2015,Other unspecified infectious diseases,1000.8888172708728,192012.47809428457,0.005212623821142514
Nepal,2015,Esophageal cancer,757.9266194291935,192012.47809428457,0.003947277942306573
Nepal,2015,Stomach cancer,1094.840097958505,192012.47809428457,0.005701921608557658
Nepal,2014,Electrocution,46.273837308741726,183311.7669160524,0.0002524324438481509
Nepal,2014,Myocarditis,93.843800252365,183311.7669160524,0.0005119354956375536
Nepal,2014,Other leukemia,141.99715645770036,183311.7669160524,0.0007746210668665254
Nepal,2014,Other cardiomyopathy,861.5230469756655,183311.7669160524,0.0046997694772654705
Nepal,2015,Liver cancer due to hepatitis B,88.61595529466423,192012.47809428457,0.0004615114401635441
Nepal,2015,Liver cancer due to hepatitis C,97.25710217101974,192012.47809428457,0.0005065144887264214
Nepal,2015,Liver cancer due to alcohol use,85.63547365557707,192012.47809428457,0.0004459891070908797
Nepal,2015,Liver cancer due to other causes,11.846385867013897,192012.47809428457,6.169591676847649e-05
Nepal,2015,Larynx cancer,321.65948557071835,192012.47809428457,0.0016752009492465002
Nepal,2015,"Tracheal, bronchus, and lung cancer",1052.2090769226984,192012.47809428457,0.005479899469898141
Nepal,2015,Breast cancer,826.8187010923124,192012.47809428457,0.0043060675498720275
Nepal,2015,Cervical cancer,862.5111659388926,192012.47809428457,0.0044919537235250445
Nepal,2015,Uterine cancer,70.40821195272011,192012.47809428457,0.00036668560632891427
Nepal,2015,Prostate cancer,325.0321756547259,192012.47809428457,0.0016927659018864609
Nepal,2015,Colon and rectum cancer,567.5504173899328,192012.47809428457,0.0029557996595994483
Nepal,2015,Lip and oral cavity cancer,725.3907922858338,192012.47809428457,0.003777831521603729
Nepal,2015,Nasopharynx cancer,158.10852966310682,192012.47809428457,0.0008234284106550108
Nepal,2015,Other pharynx cancer,442.9965665302756,192012.47809428457,0.002307123843861592
Nepal,2015,Gallbladder and biliary tract cancer,320.0984474736321,192012.47809428457,0.0016670710708522444
Nepal,2015,Pancreatic cancer,186.68979751524475,192012.47809428457,0.0009722795068744115
Nepal,2015,Malignant skin melanoma,15.283441091619308,192012.47809428457,7.959608273017873e-05
Nepal,2015,Ovarian cancer,312.58206613456883,192012.47809428457,0.0016279257954323184
Nepal,2015,Chronic kidney disease due to glomerulonephritis,305.0281223478236,192012.47809428457,0.0015885848949777346
Nepal,2015,Chronic kidney disease due to other and unspecified causes,917.636222393772,192012.47809428457,0.004779044734494712
Nepal,2015,Urinary tract infections and interstitial nephritis,446.1797816527785,192012.47809428457,0.0023237020118749225
Nepal,2016,Ulcerative colitis,82.00790142054896,186528.28826580045,0.00043965396446295983
Nepal,2016,Crohn's disease,15.752505526333865,186528.28826580045,8.445102709507924e-05
Nepal,2016,Total burden related to hepatitis B,2253.2533464164712,186528.28826580045,0.012079955096170795
Nepal,2016,Total burden related to hepatitis C,727.0253714398001,186528.28826580045,0.0038976681671136024
Nepal,2016,Total burden related to Non-alcoholic fatty liver disease (NAFLD),160.8358805921557,186528.28826580045,0.0008622599933097901
Nepal,2016,Total cancers,11718.28806110001,186528.28826580045,0.06282311476745873
Nepal,2016,Thyroid diseases,14.195052607334816,186528.28826580045,7.610133958398334e-05
Nepal,2016,COVID-19,0.0,186528.28826580045,0.0
Nepal,2016,Meningitis,1074.4512466698736,186528.28826580045,0.0057602589755115004
Nepal,2016,Encephalitis,489.11551498410074,186528.28826580045,0.002622205562124268
Nepal,2016,Diphtheria,6.133397008802228,186528.28826580045,3.288185972125694e-05
Nepal,2016,Pertussis,518.5167485548462,186528.28826580045,0.002779829018834754
Nepal,2016,Tetanus,406.5774584459324,186528.28826580045,0.0021797093739828067
Nepal,2016,Measles,608.496994448453,186528.28826580045,0.003262223655756453
Nepal,2016,Varicella and herpes zoster,75.61734802783826,186528.28826580045,0.00040539345924884326
Nepal,2016,Malaria,6.322810652138024,186528.28826580045,3.389732844772638e-05
Nepal,2016,Chagas disease,0.0,186528.28826580045,0.0
Nepal,2016,Visceral leishmaniasis,30.867334867168555,186528.28826580045,0.0001654833974736475
Nepal,2016,African trypanosomiasis,0.0,186528.28826580045,0.0
Nepal,2016,Schistosomiasis,0.0,186528.28826580045,0.0
Nepal,2016,Cysticercosis,1.5434621352651212,186528.28826580045,8.274681280866671e-06
Nepal,2016,Other cardiovascular and circulatory diseases,490.1508563239926,186528.28826580045,0.0026277561483089035
Nepal,2016,Chronic obstructive pulmonary disease,19868.111310851113,186528.28826580045,0.10651527173475857
Nepal,2015,Urolithiasis,59.23394363949205,192012.47809428457,0.00030849007432947245
Nepal,2015,Other urinary diseases,433.5922758727488,192012.47809428457,0.002258146346404844
Nepal,2015,Uterine fibroids,12.924739665436482,192012.47809428457,6.73119778137023e-05
Nepal,2015,Endometriosis,0.1601780078117941,192012.47809428457,8.34206242227348e-07
Nepal,2015,Genital prolapse,2.114574993032982,192012.47809428457,1.1012695706133508e-05
Nepal,2015,Other gynecological diseases,23.151515134857913,192012.47809428457,0.00012057297194763427
Nepal,2015,Thalassemias,64.87645240181213,192012.47809428457,0.0003378762309913818
Nepal,2015,Sickle cell disorders,9.976444235268469,192012.47809428457,5.195727035182422e-05
Nepal,2015,G6PD deficiency,26.700209835663987,192012.47809428457,0.000139054555728161
Nepal,2015,Other hemoglobinopathies and hemolytic anemias,172.51849480008235,192012.47809428457,0.0008984754350983898
Nepal,2015,"Other endocrine, metabolic, blood, and immune disorders",44.02242875313393,192012.47809428457,0.0002292685829069788
Nepal,2015,Rheumatoid arthritis,118.0586562371698,192012.47809428457,0.0006148488754944303
Nepal,2015,Other musculoskeletal disorders,184.10813722743853,192012.47809428457,0.000958834233351414
Nepal,2015,Neural tube defects,161.7424679546431,192012.47809428457,0.0008423539426183653
Nepal,2016,Silicosis,8.577274477157674,186528.28826580045,4.5983773061462755e-05
Nepal,2016,Asbestosis,2.358720609884375,186528.28826580045,1.2645377448182164e-05
Nepal,2016,Coal workers pneumoconiosis,2.543801138864315,186528.28826580045,1.3637615841085886e-05
Nepal,2016,Other pneumoconiosis,5.361749450981228,186528.28826580045,2.874496678670424e-05
Nepal,2016,Asthma,3839.517149835945,186528.28826580045,0.020584101133039306
Nepal,2016,Interstitial lung disease and pulmonary sarcoidosis,553.1173646006591,186528.28826580045,0.00296532697395729
Nepal,2016,Other chronic respiratory diseases,374.94524068622337,186528.28826580045,0.002010125349737468
Nepal,2016,Chronic hepatitis B including cirrhosis,2069.815420147165,186528.28826580045,0.011096522888784054
Nepal,2016,Chronic hepatitis C including cirrhosis,602.3651326462151,186528.28826580045,0.0032293500264573938
Nepal,2016,Cirrhosis due to alcohol,1911.8539817338808,186528.28826580045,0.010249673116656241
Nepal,2016,Cirrhosis due to other causes,641.3729188873693,186528.28826580045,0.003438475337174708
Nepal,2016,Peptic ulcer disease,2224.2735715899576,186528.28826580045,0.011924591129150319
Nepal,2016,Gastritis and duodenitis,176.97481205863696,186528.28826580045,0.0009487826951290632
Nepal,2016,Appendicitis,312.14627310301455,186528.28826580045,0.0016734527293694459
Nepal,2016,Paralytic ileus and intestinal obstruction,1072.1051446181546,186528.28826580045,0.005747681247631556
Nepal,2016,"Inguinal, femoral, and abdominal hernia",244.329121282666,186528.28826580045,0.001309877035565244
Nepal,2015,Conflict and terrorism,7.999542848933821,192012.47809428457,4.166157808247117e-05
Nepal,2015,Multidrug-resistant tuberculosis without extensive drug resistance,575.8015102818572,192012.47809428457,0.002998771309014195
Nepal,2015,Extensively drug-resistant tuberculosis,21.71936006509724,192012.47809428457,0.00011311431569792202
Nepal,2015,HIV/AIDS - Drug-susceptible Tuberculosis,285.69862338614195,192012.47809428457,0.0014879169636353234
Nepal,2015,HIV/AIDS - Multidrug-resistant Tuberculosis without extensive drug resistance,34.24221826220182,192012.47809428457,0.0001783332968880686
Nepal,2015,HIV/AIDS - Extensively drug-resistant Tuberculosis,1.2913234702884455,192012.47809428457,6.725206002780519e-06
Nepal,2015,Invasive Non-typhoidal Salmonella (iNTS),95.61111964709715,192012.47809428457,0.000497942220193361
Nepal,2015,"Myelodysplastic, myeloproliferative, and other hematopoietic neoplasms",16.379759450731196,192012.47809428457,8.530570311523288e-05
Nepal,2015,Non-rheumatic calcific aortic valve disease,101.26021906345028,192012.47809428457,0.0005273627009476338
Nepal,2015,Non-rheumatic degenerative mitral valve disease,57.0051799252786,192012.47809428457,0.00029688268434974906
Nepal,2015,Other non-rheumatic valve diseases,1.586637605056473,192012.47809428457,8.26320050032051e-06
Nepal,2015,Nonalcoholic fatty liver disease including cirrhosis,126.2553475645282,192012.47809428457,0.0006575372018402501
Nepal,2015,Diabetes mellitus type 1,242.91786371077657,192012.47809428457,0.001265114986909839
Nepal,2015,Diabetes mellitus type 2,5628.772563144944,192012.47809428457,0.029314618607135665
Nepal,2017,HIV/AIDS resulting in other diseases,1008.5059205459952,188581.94138462248,0.005347839316645362
Nepal,2017,Testicular cancer,24.45298390651033,188581.94138462248,0.00012966768571247883
Nepal,2017,Kidney cancer,120.29303852071251,188581.94138462248,0.0006378820667423756
Nepal,2017,Bladder cancer,150.37941979336907,188581.94138462248,0.0007974221640165565
Nepal,2017,Brain and central nervous system cancer,336.9917843185676,188581.94138462248,0.0017869780205054507
Nepal,2017,Thyroid cancer,107.48221901422284,188581.94138462248,0.0005699496899069852
Nepal,2016,Falls,2498.0045261087157,186528.28826580045,0.013392094836302207
Nepal,2016,Drowning,1912.1292899265743,186528.28826580045,0.010251149076121978
Nepal,2016,"Fire, heat, and hot substances",575.3527639998782,186528.28826580045,0.0030845335543958235
Nepal,2016,Poisoning by carbon monoxide,276.0371011802091,186528.28826580045,0.001479867229504941
Nepal,2016,Poisoning by other means,652.1638186371291,186528.28826580045,0.003496326614587295
Nepal,2016,Unintentional firearm injuries,2.778395727772852,186528.28826580045,1.4895304908463392e-05
Nepal,2016,Other exposure to mechanical forces,276.4359900203103,186528.28826580045,0.0014820057192954698
Nepal,2016,Adverse effects of medical treatment,736.0422970273547,186528.28826580045,0.003946008961270816
Nepal,2016,Venomous animal contact,669.9614581407156,186528.28826580045,0.0035917418444650555
Nepal,2016,Non-venomous animal contact,19.35718386427077,186528.28826580045,0.000103776129852685
Nepal,2016,Pulmonary aspiration and foreign body in airway,42.18627264606164,186528.28826580045,0.00022616554860540366
Nepal,2016,Foreign body in other body part,2.8802943951904796,186528.28826580045,1.5441595599087343e-05
Nepal,2016,Other unintentional injuries,89.43826383991627,186528.28826580045,0.0004794890076537232
Nepal,2017,Mesothelioma,13.241544856477754,188581.94138462248,7.02163990849524e-05
Nepal,2017,Hodgkin lymphoma,102.62517145285106,188581.94138462248,0.0005441940553763936
Nepal,2017,Multiple myeloma,130.2185519177147,188581.94138462248,0.0006905144308177809
Nepal,2017,Other malignant neoplasms,569.8962784384147,188581.94138462248,0.003022008757859175
Nepal,2017,Rheumatic heart disease,3893.86207727651,188581.94138462248,0.02064811746388155
Nepal,2017,Ischemic heart disease,16688.535667565342,188581.94138462248,0.08849487678954489
Nepal,2017,Ischemic stroke,6034.222432077486,188581.94138462248,0.03199788053814963
Nepal,2017,Intracerebral hemorrhage,7405.796984988194,188581.94138462248,0.039270976481696585
Nepal,2017,Subarachnoid hemorrhage,634.8359633003904,188581.94138462248,0.0033663666766777533
Nepal,2017,Hypertensive heart disease,2657.684381682638,188581.94138462248,0.014092995130759395
Nepal,2017,Atrial fibrillation and flutter,402.811262729604,188581.94138462248,0.002136001251085065
Nepal,2017,Aortic aneurysm,129.7129750227672,188581.94138462248,0.00068783349068515
Nepal,2017,Lower extremity peripheral arterial disease,42.549071662028624,188581.94138462248,0.00022562643776822525
Nepal,2017,Endocarditis,131.0359505948286,188581.94138462248,0.0006948488791276896
Nepal,2015,Cystic echinococcosis,26.544089533883746,192012.47809428457,0.00013824148199811112
Nepal,2015,Dengue,420.6677829007164,192012.47809428457,0.0021908356533691235
Nepal,2015,Yellow fever,0.0,192012.47809428457,0.0
Nepal,2015,Rabies,356.87827486946657,192012.47809428457,0.0018586202230785613
Nepal,2015,Ascariasis,2.6314232516800824,192012.47809428457,1.370443878333764e-05
Nepal,2015,Other neglected tropical diseases,38.2323809739622,192012.47809428457,0.00019911404380286587
Nepal,2016,Self-harm by firearm,390.7176775481747,186528.28826580045,0.0020946832310571946
Nepal,2016,Total Cancers excluding Non-melanoma skin cancer,11662.165970592456,186528.28826580045,0.06252223766710396
Nepal,2016,Other direct maternal disorders,86.6840880670971,186528.28826580045,0.0004647235487604613
Nepal,2016,Other digestive diseases,484.17581288020295,186528.28826580045,0.0025957232405964
Nepal,2016,Self-harm by other specified means,4013.521403291747,186528.28826580045,0.021516958315580155
Nepal,2016,Other benign and in situ neoplasms,73.77743764067783,186528.28826580045,0.0003955294841688887
Nepal,2016,Acute hepatitis B,91.2201391165476,186528.28826580045,0.0004890418497089302
Nepal,2016,Acute hepatitis C,22.08029214429311,186528.28826580045,0.00011837503227836935
Nepal,2016,Acute hepatitis E,12.02263840712057,186528.28826580045,6.445477261866287e-05
Nepal,2016,Other unspecified infectious diseases,1046.8024933947474,186528.28826580045,0.005612030770920211
Nepal,2016,Esophageal cancer,798.067503640576,186528.28826580045,0.004278533358454134
Nepal,2016,Stomach cancer,1132.649125674119,186528.28826580045,0.0060722646211179955
Nepal,2017,Congenital heart anomalies,1021.9688784378794,188581.94138462248,0.0054192298103110615
Nepal,2017,Orofacial clefts,14.09384036517674,188581.94138462248,7.473589603381818e-05
Nepal,2017,Down syndrome,41.60836756501087,188581.94138462248,0.00022063813353235393
Nepal,2017,Other chromosomal abnormalities,37.639741719952674,188581.94138462248,0.00019959356364448758
Nepal,2017,Congenital musculoskeletal and limb anomalies,27.9267352355214,188581.94138462248,0.00014808806734343348
Nepal,2017,Urogenital congenital anomalies,37.875663500652294,188581.94138462248,0.00020084459425201773
Nepal,2017,Digestive congenital anomalies,198.68182842335744,188581.94138462248,0.0010535570212321429
Nepal,2017,Other congenital birth defects,2.596640272837861,188581.94138462248,1.3769294417973357e-05
Nepal,2017,Cellulitis,0.5137464631272195,188581.94138462248,2.7242611851121387e-06
Nepal,2017,Pyoderma,1.2035368421221757,188581.94138462248,6.382036547537185e-06
Nepal,2017,Decubitus ulcer,2.0983979984475543,188581.94138462248,1.112724783211222e-05
Nepal,2017,Other skin and subcutaneous diseases,1.5443282435878605,188581.94138462248,8.189162929647247e-06
Nepal,2017,Sudden infant death syndrome,106.74221051692447,188581.94138462248,0.0005660256211872287
Nepal,2017,Pedestrian road injuries,907.417908416936,188581.94138462248,0.004811796409319018
Nepal,2017,Cyclist road injuries,134.92680990499062,188581.94138462248,0.0007154810737142668
Nepal,2017,Motorcyclist road injuries,810.4095021112138,188581.94138462248,0.004297386569259791
Nepal,2017,Motor vehicle road injuries,714.9904775895167,188581.94138462248,0.0037914047991014005
Nepal,2017,Other road injuries,17.920345722821693,188581.94138462248,9.502683868479344e-05
Nepal,2017,Other transport injuries,290.18619519348124,188581.94138462248,0.0015387803999834305
Nepal,2017,Maternal abortion and miscarriage,34.28996697436176,188581.94138462248,0.00018183059694154715
Nepal,2017,Liver cancer due to NASH,31.06672788255984,188581.94138462248,0.00016473861523780617
Nepal,2017,Chronic kidney disease due to diabetes mellitus type 1,159.43237203540627,188581.94138462248,0.0008454275677978934
Nepal,2017,Chronic kidney disease due to diabetes mellitus type 2,500.7184274461694,188581.94138462248,0.0026551769685355434
Nepal,2017,Pulmonary Arterial Hypertension,81.24798760262998,188581.94138462248,0.0004308365212813276
Nepal,2017,Hepatoblastoma,3.078280073612696,188581.94138462248,1.6323302491272942e-05
Nepal,2017,Burkitt lymphoma,8.669477358102094,188581.94138462248,4.5971938216609266e-05
Nepal,2017,Other non-Hodgkin lymphoma,418.05706958646874,188581.94138462248,0.002216845719780878
Nepal,2017,Retinoblastoma,13.17836720650448,188581.94138462248,6.98813847696399e-05
Nepal,2017,Other eye cancers,6.716626499446866,188581.94138462248,3.561648824978402e-05
Nepal,2017,Soft tissue and other extraosseous sarcomas,122.7737087496752,188581.94138462248,0.000651036402787221
Nepal,2017,Malignant neoplasm of bone and articular cartilage,207.52940184653784,188581.94138462248,0.001100473355628846
Nepal,2017,Neuroblastoma and other peripheral nervous cell tumors,10.09274115184157,188581.94138462248,5.3519128489916807e-05
Nepal,2017,Ulcerative colitis,85.6531112327292,188581.94138462248,0.0004541957231102808
Nepal,2017,Crohn's disease,16.27409594953866,188581.94138462248,8.629721292531829e-05
Nepal,2017,Total burden related to hepatitis B,2326.944533624087,188581.94138462248,0.012339169469457126
Nepal,2017,Total burden related to hepatitis C,746.2134185576704,188581.94138462248,0.003956971770885156
Nepal,2017,Total burden related to Non-alcoholic fatty liver disease (NAFLD),168.2591123389541,188581.94138462248,0.0008922334296886948
Nepal,2017,Total cancers,12131.527993813692,188581.94138462248,0.06433027417546212
Nepal,2017,Thyroid diseases,14.77705257819659,188581.94138462248,7.835878912741723e-05
Nepal,2017,COVID-19,0.0,188581.94138462248,0.0
Nepal,2015,Maternal hemorrhage,185.64240669011363,192012.47809428457,0.000966824700835104
Nepal,2015,Maternal sepsis and other maternal infections,30.527651587229933,192012.47809428457,0.00015898785271777925
Nepal,2015,Maternal hypertensive disorders,85.9088759675891,192012.47809428457,0.0004474129849280158
Nepal,2015,Maternal obstructed labor and uterine rupture,37.18455653172086,192012.47809428457,0.0001936569794878747
Nepal,2015,Ectopic pregnancy,0.3041867176133898,192012.47809428457,1.584202863441114e-06
Nepal,2015,Indirect maternal deaths,130.00186721028004,192012.47809428457,0.0006770490569182945
Nepal,2015,Late maternal deaths,14.123500123662588,192012.47809428457,7.355511612493994e-05
Nepal,2015,Neonatal preterm birth,3534.7863024157314,192012.47809428457,0.01840914891312445
Nepal,2015,Neonatal encephalopathy due to birth asphyxia and trauma,4240.353357155585,192012.47809428457,0.02208373851137648
Nepal,2015,Neonatal sepsis and other neonatal infections,1730.7231999652831,192012.47809428457,0.009013597538777871
Nepal,2015,Hemolytic disease and other neonatal jaundice,671.2930183426928,192012.47809428457,0.0034960905926804684
Nepal,2015,Other neonatal disorders,1023.7802198672724,192012.47809428457,0.005331842128325441
Nepal,2015,Protein-energy malnutrition,1246.4872744831348,192012.47809428457,0.006491699325244205
Nepal,2015,Other nutritional deficiencies,404.7204155553197,192012.47809428457,0.0021077818461182943
Nepal,2015,Syphilis,334.9398089147103,192012.47809428457,0.001744364805032325
Nepal,2015,Chlamydial infection,6.341067050290602,192012.47809428457,3.302424463881418e-05
Nepal,2015,Gonococcal infection,2.075139795305335,192012.47809428457,1.0807317398853484e-05
Nepal,2015,Other sexually transmitted infections,19.56916642883967,192012.47809428457,0.00010191611828076377
Nepal,2015,Acute hepatitis A,704.8448317038853,192012.47809428457,0.0036708282643890615
Nepal,2015,Vascular intestinal disorders,150.78246795412326,192012.47809428457,0.0007852743188913171
Nepal,2015,Gallbladder and biliary diseases,114.15407286341868,192012.47809428457,0.0005945138253325661
Nepal,2015,Pancreatitis,537.8527555131216,192012.47809428457,0.0028011343890318305
Nepal,2016,Liver cancer due to hepatitis B,92.21778715275704,186528.28826580045,0.0004943903576778009
Nepal,2016,Liver cancer due to hepatitis C,102.57994664929213,186528.28826580045,0.0005499431083778402
Nepal,2016,Liver cancer due to alcohol use,89.81109819211837,186528.28826580045,0.00048148781628306524
Nepal,2016,Liver cancer due to other causes,12.458934273351918,186528.28826580045,6.679380585746916e-05
Nepal,2016,Larynx cancer,336.0086797801368,186528.28826580045,0.001801381886383521
Nepal,2016,"Tracheal, bronchus, and lung cancer",1111.410553483887,186528.28826580045,0.005958402148097457
Nepal,2016,Breast cancer,874.2042891433651,186528.28826580045,0.004686711582843859
Nepal,2016,Cervical cancer,893.306030564773,186528.28826580045,0.004789118255842369
Nepal,2016,Uterine cancer,74.66680693785794,186528.28826580045,0.00040029749713597695
Nepal,2016,Prostate cancer,338.893440102733,186528.28826580045,0.0018168474243424897
Nepal,2016,Colon and rectum cancer,595.4377953659565,186528.28826580045,0.003192211759952813
Nepal,2016,Lip and oral cavity cancer,757.7793770535652,186528.28826580045,0.00406254399318638
Nepal,2016,Nasopharynx cancer,164.0885454623848,186528.28826580045,0.0008796979106384158
Nepal,2016,Other pharynx cancer,461.841546520749,186528.28826580045,0.002475986622804529
Nepal,2016,Gallbladder and biliary tract cancer,336.71283584800443,186528.28826580045,0.0018051569495356806
Nepal,2016,Pancreatic cancer,198.1924887605741,186528.28826580045,0.0010625331449895274
Nepal,2016,Malignant skin melanoma,16.04413633352512,186528.28826580045,8.601449400887885e-05
Nepal,2016,Ovarian cancer,333.1493586347996,186528.28826580045,0.0017860527308333307
Nepal,2016,Chronic kidney disease due to glomerulonephritis,316.8381022017129,186528.28826580045,0.0016986061746850033
Nepal,2016,Chronic kidney disease due to other and unspecified causes,955.1450331035168,186528.28826580045,0.005120644391173778
Nepal,2016,Urinary tract infections and interstitial nephritis,466.1221405981971,186528.28826580045,0.002498935389006406
Nepal,2016,Urolithiasis,61.35061294635597,186528.28826580045,0.00032890782152534485
Nepal,2016,Other urinary diseases,450.71429084532,186528.28826580045,0.0024163321018796776
Nepal,2016,Uterine fibroids,13.62477537687502,186528.28826580045,7.304401655935365e-05
Nepal,2016,Endometriosis,0.1798969034941911,186528.28826580045,9.644483695569022e-07
Nepal,2016,Genital prolapse,2.3149370487287086,186528.28826580045,1.2410648648798795e-05
Nepal,2016,Other gynecological diseases,24.39771853104386,186528.28826580045,0.0001307990265598611
Nepal,2016,Thalassemias,63.87685071981086,186528.28826580045,0.0003424512781074105
Nepal,2016,Sickle cell disorders,9.789064261979632,186528.28826580045,5.2480320025401936e-05
Nepal,2016,G6PD deficiency,27.10893433822212,186528.28826580045,0.0001453341720457555
Nepal,2016,Other hemoglobinopathies and hemolytic anemias,175.61124032865575,186528.28826580045,0.000941472427380087
Nepal,2016,"Other endocrine, metabolic, blood, and immune disorders",44.39065630264187,186528.28826580045,0.00023798350757063587
Nepal,2016,Rheumatoid arthritis,123.9595818522006,186528.28826580045,0.0006645618367309507
Nepal,2016,Other musculoskeletal disorders,193.03074017266047,186528.28826580045,0.0010348604062542734
Nepal,2016,Neural tube defects,157.53468801249556,186528.28826580045,0.0008445619132472316
Nepal,2015,Alzheimer's disease and other dementias,1834.8686702463608,192012.47809428457,0.00955598661325218
Nepal,2015,Parkinson's disease,493.2587381395623,192012.47809428457,0.0025688889755245787
Nepal,2015,Idiopathic epilepsy,964.1895624950606,192012.47809428457,0.005021494290707561
Nepal,2015,Multiple sclerosis,4.000480621193134,192012.47809428457,2.0834482534144285e-05
Nepal,2015,Motor neuron disease,5.712064996517043,192012.47809428457,2.9748405172460863e-05
Nepal,2015,Other neurological disorders,15.71613097541996,192012.47809428457,8.184952942330556e-05
Nepal,2015,Alcohol use disorders,195.45438033815253,192012.47809428457,0.001017925409213134
Nepal,2015,Opioid use disorders,44.19036512230256,192012.47809428457,0.00023014319465531613
Nepal,2015,Cocaine use disorders,7.683039620839232,192012.47809428457,4.001323089568482e-05
Nepal,2015,Amphetamine use disorders,1.516613424765877,192012.47809428457,7.898514928916072e-06
Nepal,2015,Other drug use disorders,10.783081696987397,192012.47809428457,5.6158234110663066e-05
Nepal,2015,Anorexia nervosa,0.0410857565799542,192012.47809428457,2.1397440930781443e-07
Nepal,2015,Acute glomerulonephritis,4.987516458388091,192012.47809428457,2.5974960106181504e-05
Nepal,2015,Chronic kidney disease due to hypertension,364.2473548908944,192012.47809428457,0.0018969983539925813
Nepal,2015,Physical violence by firearm,52.215768315904185,192012.47809428457,0.00027193945328003364
Nepal,2015,Physical violence by sharp object,42.844825034269384,192012.47809428457,0.0002231356287857039
Nepal,2015,Physical violence by other means,527.0227747841018,192012.47809428457,0.0027447319050031525
Nepal,2015,Exposure to forces of nature,9033.48376215853,192012.47809428457,0.047046337049630634
Nepal,2015,Maternal deaths aggravated by HIV/AIDS,0.3064175246617148,192012.47809428457,1.5958208950943986e-06
Nepal,2015,Environmental heat and cold exposure,44.17669073555102,192012.47809428457,0.00023007197851932718
Nepal,2015,Ebola,0.0,192012.47809428457,0.0
Nepal,2015,Acute lymphoid leukemia,201.46788009262343,192012.47809428457,0.0010492436850572595
Nepal,2015,Chronic lymphoid leukemia,17.223852165046566,192012.47809428457,8.970173363727474e-05
Nepal,2015,Acute myeloid leukemia,152.76289550773512,192012.47809428457,0.0007955883754217443
Nepal,2015,Chronic myeloid leukemia,98.7886716935205,192012.47809428457,0.0005144908949355466
Nepal,2015,Non-melanoma skin cancer (squamous-cell carcinoma),53.319353176669345,192012.47809428457,0.0002776869175683872
Nepal,2015,Police conflict and executions,42.096156214729234,192012.47809428457,0.00021923656541768399
Nepal,2015,Drug-susceptible tuberculosis,5919.404325792423,192012.47809428457,0.030828227334714138
Nepal,2015,Zika virus,0.0,192012.47809428457,0.0
Nepal,2015,Alcoholic cardiomyopathy,38.247427304826125,192012.47809428457,0.00019919240501674768
Nepal,2016,Conflict and terrorism,8.384140870253448,186528.28826580045,4.494836117461258e-05
Nepal,2016,Multidrug-resistant tuberculosis without extensive drug resistance,583.277851829833,186528.28826580045,0.0031270208784560842
Nepal,2016,Extensively drug-resistant tuberculosis,22.995134698866902,186528.28826580045,0.00012327961036182956
Nepal,2016,HIV/AIDS - Drug-susceptible Tuberculosis,267.6464179893417,186528.28826580045,0.001434883794183266
Nepal,2016,HIV/AIDS - Multidrug-resistant Tuberculosis without extensive drug resistance,32.887296060659374,186528.28826580045,0.0001763126460142892
Nepal,2016,HIV/AIDS - Extensively drug-resistant Tuberculosis,1.2960503562754309,186528.28826580045,6.9482777562863575e-06
Nepal,2016,Invasive Non-typhoidal Salmonella (iNTS),93.20525801801637,186528.28826580045,0.0004996843046412352
Nepal,2016,"Myelodysplastic, myeloproliferative, and other hematopoietic neoplasms",17.331641049850216,186528.28826580045,9.291695758850715e-05
Nepal,2016,Non-rheumatic calcific aortic valve disease,106.2492611522086,186528.28826580045,0.0005696147331862326
Nepal,2016,Non-rheumatic degenerative mitral valve disease,59.349482601037586,186528.28826580045,0.00031817952736726626
Nepal,2016,Other non-rheumatic valve diseases,1.6717630870743938,186528.28826580045,8.962517710408367e-06
Nepal,2016,Nonalcoholic fatty liver disease including cirrhosis,131.38005214113406,186528.28826580045,0.0007043438470518699
Nepal,2015,Electrocution,45.93133809666375,192012.47809428457,0.000239210172966519
Nepal,2015,Myocarditis,91.79805389505782,192012.47809428457,0.00047808379333546175
Nepal,2015,Other leukemia,145.86299725851845,192012.47809428457,0.0007596537407683204
Nepal,2015,Other cardiomyopathy,866.1443692103991,192012.47809428457,0.004510875427507857
Nepal,2016,Diabetes mellitus type 1,246.36390696976983,186528.28826580045,0.0013207857599524227
Nepal,2016,Diabetes mellitus type 2,5895.136676556314,186528.28826580045,0.03160451817450777
Nepal,2017,Diarrheal diseases,3693.339856273248,188581.94138462248,0.019584801329097005
Nepal,2017,Typhoid fever,1073.8637572708676,188581.94138462248,0.005694414583847495
Nepal,2017,Paratyphoid fever,238.1541782713041,188581.94138462248,0.0012628684195459443
Nepal,2017,Other intestinal infectious diseases,3.3195351527916994,188581.94138462248,1.760261416559149e-05
Nepal,2017,Lower respiratory infections,9137.825198923076,188581.94138462248,0.04845546255293881
Nepal,2017,Upper respiratory infections,58.60895303082623,188581.94138462248,0.00031078772760797005
Nepal,2017,Otitis media,3.6703464835949338,188581.94138462248,1.946287357445894e-05
Nepal,2017,Meningitis,1002.0544994032308,188581.94138462248,0.005313629142036934
Nepal,2017,Encephalitis,484.75487783429753,188581.94138462248,0.0025705265004437265
Nepal,2017,Diphtheria,5.8852886685600785,188581.94138462248,3.120812430579836e-05
Nepal,2017,Pertussis,518.403986063396,188581.94138462248,0.0027489587934938302
Nepal,2017,Tetanus,354.9542486190995,188581.94138462248,0.0018822282028328058
Nepal,2017,Measles,579.977492778297,188581.94138462248,0.0030754667627236024
Nepal,2017,Varicella and herpes zoster,75.49312653965616,188581.94138462248,0.00040032001996248454
Nepal,2017,Malaria,2.268718416001024,188581.94138462248,1.2030411816441413e-05
Nepal,2017,Chagas disease,0.0,188581.94138462248,0.0
Nepal,2017,Visceral leishmaniasis,27.580979781743643,188581.94138462248,0.00014625461790899072
Nepal,2017,African trypanosomiasis,0.0,188581.94138462248,0.0
Nepal,2017,Schistosomiasis,0.0,188581.94138462248,0.0
Nepal,2017,Cysticercosis,1.50211818004615,188581.94138462248,7.965334161994353e-06
Nepal,2017,Other cardiovascular and circulatory diseases,504.1107704954767,188581.94138462248,0.0026731656636587334
Nepal,2017,Chronic obstructive pulmonary disease,20544.023455574767,188581.94138462248,0.10893950557903201
Nepal,2017,Silicosis,8.758093915027825,188581.94138462248,4.644184830595866e-05
Nepal,2017,Asbestosis,2.363002505334969,188581.94138462248,1.2530375326423778e-05
Nepal,2017,Coal workers pneumoconiosis,2.576802124062018,188581.94138462248,1.3664097978536017e-05
Nepal,2017,Other pneumoconiosis,5.421035519468741,188581.94138462248,2.8746313033294438e-05
Nepal,2017,Asthma,3818.4167865788977,188581.94138462248,0.020248051104697466
Nepal,2017,Interstitial lung disease and pulmonary sarcoidosis,576.1304944862733,188581.94138462248,0.003055067151478867
Nepal,2017,Other chronic respiratory diseases,375.43200916245377,188581.94138462248,0.00199081633376942
Nepal,2017,Chronic hepatitis B including cirrhosis,2131.5038642192194,188581.94138462248,0.011302799454545378
Nepal,2017,Chronic hepatitis C including cirrhosis,614.4428145056089,188581.94138462248,0.003258227219394361
Nepal,2017,Cirrhosis due to alcohol,1934.4348496308305,188581.94138462248,0.01025779475716316
Nepal,2017,Cirrhosis due to other causes,642.5574623978232,188581.94138462248,0.0034073117376986514
Nepal,2017,Peptic ulcer disease,2264.808453456835,188581.94138462248,0.012009678322473322
Nepal,2017,Gastritis and duodenitis,178.32696353976738,188581.94138462248,0.0009456205733721897
Nepal,2017,Appendicitis,313.97830177839023,188581.94138462248,0.001664943628605538
Nepal,2017,Paralytic ileus and intestinal obstruction,1099.1614853336127,188581.94138462248,0.00582856172369027
Nepal,2017,"Inguinal, femoral, and abdominal hernia",251.3948249813771,188581.94138462248,0.0013330800559988114
Nepal,2017,Falls,2582.812622515337,188581.94138462248,0.013695970057109333
Nepal,2017,Drowning,1915.1710656062587,188581.94138462248,0.010155644021609523
Nepal,2017,"Fire, heat, and hot substances",558.247705531157,188581.94138462248,0.0029602394663685336
Nepal,2017,Poisoning by carbon monoxide,284.53776065977013,188581.94138462248,0.0015088282503118412
Nepal,2017,Poisoning by other means,653.2006537601394,188581.94138462248,0.003463749757607508
Nepal,2017,Unintentional firearm injuries,2.6572861946592954,188581.94138462248,1.409088365062286e-05
Nepal,2017,Other exposure to mechanical forces,278.6790863699183,188581.94138462248,0.0014777612549949208
Nepal,2017,Adverse effects of medical treatment,745.2669050127728,188581.94138462248,0.003951952660688559
Nepal,2017,Venomous animal contact,676.7552600786881,188581.94138462248,0.003588653585331436
Nepal,2017,Non-venomous animal contact,20.13274981849877,188581.94138462248,0.0001067586306020522
Nepal,2017,Pulmonary aspiration and foreign body in airway,43.825373096417195,188581.94138462248,0.00023239432564241724
Nepal,2017,Foreign body in other body part,2.901211180149566,188581.94138462248,1.538435312972199e-05
Nepal,2017,Other unintentional injuries,89.68860385024189,188581.94138462248,0.0004755948697511678
Nepal,2017,Self-harm by firearm,390.6332534218808,188581.94138462248,0.002071424498834511
Nepal,2017,Total Cancers excluding Non-melanoma skin cancer,12072.58188999585,188581.94138462248,0.06401769862668454
Nepal,2017,Other direct maternal disorders,109.07342269672,188581.94138462248,0.0005783874208520274
Nepal,2017,Other digestive diseases,497.9369911871485,188581.94138462248,0.002640427750033502
Nepal,2017,Self-harm by other specified means,4093.7360829831314,188581.94138462248,0.02170799628493456
Nepal,2017,Other benign and in situ neoplasms,75.71756606668824,188581.94138462248,0.0004015101632253239
Nepal,2018,Diarrheal diseases,3510.3195493596713,191259.90651379546,0.0183536613258068
Nepal,2018,Typhoid fever,968.1054682969274,191259.90651379546,0.00506172718549927
Nepal,2018,Paratyphoid fever,216.27270261422592,191259.90651379546,0.0011307790877678084
Nepal,2018,Other intestinal infectious diseases,3.3040344001246913,191259.90651379546,1.727510203444742e-05
Nepal,2018,Lower respiratory infections,8965.577969855807,191259.90651379546,0.046876410917879044
Nepal,2018,Upper respiratory infections,56.20039344863789,191259.90651379546,0.00029384304569125255
Nepal,2018,Otitis media,3.636138392011087,191259.90651379546,1.9011503551837273e-05
Nepal,2016,Cystic echinococcosis,26.91752264515414,186528.28826580045,0.0001443079915406558
Nepal,2016,Dengue,437.2238480625872,186528.28826580045,0.002344008258090852
Nepal,2016,Yellow fever,0.0,186528.28826580045,0.0
Nepal,2016,Rabies,341.8340231462574,186528.28826580045,0.0018326122344464353
Nepal,2016,Ascariasis,2.549700104661588,186528.28826580045,1.3669240887625032e-05
Nepal,2016,Other neglected tropical diseases,38.14562153464289,186528.28826580045,0.00020450314474706305
Nepal,2018,Meningitis,923.0855331429716,191259.90651379546,0.004826341024465522
Nepal,2018,Encephalitis,471.2244324187464,191259.90651379546,0.002463790979552514
Nepal,2018,Diphtheria,5.555478243006794,191259.90651379546,2.9046747665361222e-05
Nepal,2018,Pertussis,487.12275180552143,191259.90651379546,0.002546915141205434
Nepal,2018,Tetanus,314.9198059419845,191259.90651379546,0.0016465542187184409
Nepal,2018,Measles,997.7465811137804,191259.90651379546,0.0052167053686278655
Nepal,2018,Varicella and herpes zoster,74.18801841923579,191259.90651379546,0.00038789111514014386
Nepal,2018,Malaria,0.687369301990383,191259.90651379546,3.593901693875415e-06
Nepal,2018,Chagas disease,0.0,191259.90651379546,0.0
Nepal,2018,Visceral leishmaniasis,24.703261874153405,191259.90651379546,0.0001291606919841905
Nepal,2018,African trypanosomiasis,0.0,191259.90651379546,0.0
Nepal,2018,Schistosomiasis,0.0,191259.90651379546,0.0
Nepal,2018,Cysticercosis,1.4553857586713408,191259.90651379546,7.609466015117835e-06
Nepal,2018,Other cardiovascular and circulatory diseases,519.0571829658054,191259.90651379546,0.002713883910260963
Nepal,2018,Chronic obstructive pulmonary disease,21261.46927605272,191259.90651379546,0.11116532295554137
Nepal,2016,Maternal hemorrhage,134.16529079148384,186528.28826580045,0.0007192758376697266
Nepal,2016,Maternal sepsis and other maternal infections,24.57568545657701,186528.28826580045,0.00013175312809152556
Nepal,2016,Maternal hypertensive disorders,64.81506341167552,186528.28826580045,0.00034748114623404935
Nepal,2016,Maternal obstructed labor and uterine rupture,30.04369001341943,186528.28826580045,0.0001610677409455854
Nepal,2016,Ectopic pregnancy,0.2520437248857662,186528.28826580045,1.3512359290329577e-06
Nepal,2016,Indirect maternal deaths,193.65249452057523,186528.28826580045,0.0010381937041346934
Nepal,2016,Late maternal deaths,13.16642273347355,186528.28826580045,7.058673435479964e-05
Nepal,2016,Neonatal preterm birth,3364.8755950509844,186528.28826580045,0.018039492166764964
Nepal,2016,Neonatal encephalopathy due to birth asphyxia and trauma,4142.031165515361,186528.28826580045,0.022205914202209475
Nepal,2016,Neonatal sepsis and other neonatal infections,1649.0409781365324,186528.28826580045,0.008840701823128672
Nepal,2016,Hemolytic disease and other neonatal jaundice,618.1686951080791,186528.28826580045,0.0033140747757637516
Nepal,2016,Other neonatal disorders,975.2903650336198,186528.28826580045,0.00522864587511704
Nepal,2016,Protein-energy malnutrition,1204.8479674307182,186528.28826580045,0.006459331067863686
Nepal,2016,Other nutritional deficiencies,405.7208596018598,186528.28826580045,0.0021751170472529757
Nepal,2016,Syphilis,328.63869636049105,186528.28826580045,0.0017618705420819874
Nepal,2016,Chlamydial infection,6.404963191469497,186528.28826580045,3.433775783297011e-05
Nepal,2016,Gonococcal infection,2.086584482911982,186528.28826580045,1.1186423798296082e-05
Nepal,2016,Other sexually transmitted infections,19.798635347684368,186528.28826580045,0.00010614280295904267
Nepal,2016,Acute hepatitis A,654.2582289147389,186528.28826580045,0.00350755499338754
Nepal,2016,Vascular intestinal disorders,154.8454944191649,186528.28826580045,0.0008301448314290647
Nepal,2016,Gallbladder and biliary diseases,118.18090363243984,186528.28826580045,0.0006335816659831968
Nepal,2016,Pancreatitis,555.5798775474807,186528.28826580045,0.0029785287942801814
Nepal,2018,HIV/AIDS resulting in other diseases,891.4864646710938,191259.90651379546,0.004661125694980884
Nepal,2018,Testicular cancer,25.55218223918965,191259.90651379546,0.00013359926136608557
Nepal,2018,Kidney cancer,123.873297575559,191259.90651379546,0.0006476699682305036
Nepal,2018,Bladder cancer,155.36858673981632,191259.90651379546,0.0008123426889190165
Nepal,2018,Brain and central nervous system cancer,335.3544403432105,191259.90651379546,0.0017533964459980618
Nepal,2018,Thyroid cancer,112.1304663711128,191259.90651379546,0.0005862727239335176
Nepal,2017,Acute hepatitis B,99.139324511463,188581.94138462248,0.0005257095339222502
Nepal,2017,Acute hepatitis C,24.186373971825528,188581.94138462248,0.0001282539239666442
Nepal,2017,Acute hepatitis E,12.57880518290856,188581.94138462248,6.670206643622067e-05
Nepal,2017,Other unspecified infectious diseases,1084.8035459881098,188581.94138462248,0.005752425380835367
Nepal,2017,Esophageal cancer,835.8732720534496,188581.94138462248,0.004432414185134744
Nepal,2017,Stomach cancer,1169.8654605374766,188581.94138462248,0.006203486144791968
Nepal,2018,Silicosis,9.019116696511514,191259.90651379546,4.7156337472438165e-05
Nepal,2018,Asbestosis,2.4352988892942484,191259.90651379546,1.2732929413612318e-05
Nepal,2018,Coal workers pneumoconiosis,2.663396991018566,191259.90651379546,1.3925537450926531e-05
Nepal,2018,Other pneumoconiosis,5.695169706556158,191259.90651379546,2.9777122714139617e-05
Nepal,2018,Asthma,3908.2400257699824,191259.90651379546,0.02043418349934247
Nepal,2018,Interstitial lung disease and pulmonary sarcoidosis,604.414540909364,191259.90651379546,0.003160173775708543
Nepal,2018,Other chronic respiratory diseases,375.3763407977757,191259.90651379546,0.0019626504458774272
Nepal,2018,Chronic hepatitis B including cirrhosis,2168.438627097209,191259.90651379546,0.01133765391096644
Nepal,2018,Chronic hepatitis C including cirrhosis,618.6171502862541,191259.90651379546,0.0032344319390411997
Nepal,2018,Cirrhosis due to alcohol,1924.9631189110391,191259.90651379546,0.010064645298632898
Nepal,2018,Cirrhosis due to other causes,633.9303414624382,191259.90651379546,0.0033144967652523304
Nepal,2018,Peptic ulcer disease,2292.819564544571,191259.90651379546,0.011987978067840327
Nepal,2018,Gastritis and duodenitis,177.95637326842314,191259.90651379546,0.0009304426448393525
Nepal,2018,Appendicitis,312.81376955026894,191259.90651379546,0.0016355428341052016
Nepal,2018,Paralytic ileus and intestinal obstruction,1118.302151163342,191259.90651379546,0.00584702864048864
Nepal,2018,"Inguinal, femoral, and abdominal hernia",256.56435245244353,191259.90651379546,0.0013414434688847749
Nepal,2017,Liver cancer due to hepatitis B,96.30134489340313,188581.94138462248,0.00051066048098949
Nepal,2017,Liver cancer due to hepatitis C,107.58423008023584,188581.94138462248,0.0005704906275241505
Nepal,2017,Liver cancer due to alcohol use,94.1421368123652,188581.94138462248,0.0004992107734237263
Nepal,2017,Liver cancer due to other causes,13.108248695790351,188581.94138462248,6.950956491138995e-05
Nepal,2017,Larynx cancer,350.8741439952682,188581.94138462248,0.001860592490559011
Nepal,2017,"Tracheal, bronchus, and lung cancer",1141.5327028753834,188581.94138462248,0.0060532450482475905
Nepal,2017,Breast cancer,915.4304121705673,188581.94138462248,0.004854284590821452
Nepal,2017,Cervical cancer,915.1605311218096,188581.94138462248,0.004852853483225592
Nepal,2017,Uterine cancer,78.1219756760613,188581.94138462248,0.0004142601094381967
Nepal,2017,Prostate cancer,352.32820421339943,188581.94138462248,0.0018683029860998626
Nepal,2017,Colon and rectum cancer,622.4089880585881,188581.94138462248,0.0033004697241352144
Nepal,2017,Lip and oral cavity cancer,791.4254502430168,188581.94138462248,0.004196719179111982
Nepal,2017,Nasopharynx cancer,170.58569392670043,188581.94138462248,0.00090457067455246
Nepal,2017,Other pharynx cancer,481.22748693406305,188581.94138462248,0.002551821682398396
Nepal,2017,Gallbladder and biliary tract cancer,351.6606218006802,188581.94138462248,0.0018647629736903092
Nepal,2017,Pancreatic cancer,209.7451166832512,188581.94138462248,0.0011122227035274038
Nepal,2017,Malignant skin melanoma,16.848980359362706,188581.94138462248,8.934567242044852e-05
Nepal,2017,Ovarian cancer,351.16477084148556,188581.94138462248,0.0018621336076144594
Nepal,2017,Chronic kidney disease due to glomerulonephritis,330.8914264431475,188581.94138462248,0.001754629441258522
Nepal,2017,Chronic kidney disease due to other and unspecified causes,993.7090525952948,188581.94138462248,0.005269375451855035
Nepal,2017,Urinary tract infections and interstitial nephritis,486.2400058722905,188581.94138462248,0.0025784017403902913
Nepal,2016,Alzheimer's disease and other dementias,1940.6015441396469,186528.28826580045,0.010403792165691856
Nepal,2016,Parkinson's disease,521.972655812249,186528.28826580045,0.0027983565424052168
Nepal,2016,Idiopathic epilepsy,976.5121723944668,186528.28826580045,0.005235196127479331
Nepal,2016,Multiple sclerosis,4.239385279053914,186528.28826580045,2.272784100721947e-05
Nepal,2016,Motor neuron disease,6.085625496608808,186528.28826580045,3.26257510492825e-05
Nepal,2016,Other neurological disorders,16.147610343030223,186528.28826580045,8.656923029294132e-05
Nepal,2016,Alcohol use disorders,200.9963920531177,186528.28826580045,0.0010775651989402293
Nepal,2016,Opioid use disorders,46.30514537411675,186528.28826580045,0.00024824730771202117
Nepal,2016,Cocaine use disorders,7.977456787598763,186528.28826580045,4.2768080175758584e-05
Nepal,2016,Amphetamine use disorders,1.583238820316117,186528.28826580045,8.48792874815868e-06
Nepal,2016,Other drug use disorders,11.310021119075929,186528.28826580045,6.063434787413742e-05
Nepal,2016,Anorexia nervosa,0.0447837290087722,186528.28826580045,2.4009081638574814e-07
Nepal,2016,Acute glomerulonephritis,4.938850955710918,186528.28826580045,2.6477758422749893e-05
Nepal,2016,Chronic kidney disease due to hypertension,382.6439640345501,186528.28826580045,0.00205139910729941
Nepal,2018,Falls,2640.054658678221,191259.90651379546,0.01380349236178151
Nepal,2018,Drowning,1864.4031768469,191259.90651379546,0.009748008408194122
Nepal,2018,"Fire, heat, and hot substances",544.1751760553371,191259.90651379546,0.0028452130191545717
Nepal,2018,Poisoning by carbon monoxide,294.2578063413206,191259.90651379546,0.001538523215371832
Nepal,2018,Poisoning by other means,655.3293057539572,191259.90651379546,0.0034263809791556534
Nepal,2018,Unintentional firearm injuries,2.5284362784389196,191259.90651379546,1.321989707370554e-05
Nepal,2018,Other exposure to mechanical forces,276.69706048103023,191259.90651379546,0.0014467070779472133
Nepal,2018,Adverse effects of medical treatment,744.6483779888272,191259.90651379546,0.0038933846176230154
Nepal,2018,Venomous animal contact,667.6538292832606,191259.90651379546,0.0034908195944093655
Nepal,2018,Non-venomous animal contact,19.712836527172037,191259.90651379546,0.00010306831623255113
Nepal,2018,Pulmonary aspiration and foreign body in airway,44.34402494612821,191259.90651379546,0.00023185217306863893
Nepal,2018,Foreign body in other body part,2.8778095522656235,191259.90651379546,1.50465908131041e-05
Nepal,2018,Other unintentional injuries,88.72723358621907,191259.90651379546,0.00046390921758512535
Nepal,2018,Mesothelioma,13.68821680541494,191259.90651379546,7.156866828452423e-05
Nepal,2018,Hodgkin lymphoma,101.00392680962428,191259.90651379546,0.0005280977526899446
Nepal,2018,Multiple myeloma,136.24230148320592,191259.90651379546,0.0007123411485792965
Nepal,2018,Other malignant neoplasms,573.9496350072958,191259.90651379546,0.003000888400862505
Nepal,2018,Rheumatic heart disease,3920.8793314637223,191259.90651379546,0.02050026794915803
Nepal,2018,Ischemic heart disease,17212.391253527545,191259.90651379546,0.08999476977306807
Nepal,2018,Ischemic stroke,6254.126653047283,191259.90651379546,0.03269962203289154
Nepal,2018,Intracerebral hemorrhage,7620.908663796089,191259.90651379546,0.03984582447365359
Nepal,2018,Subarachnoid hemorrhage,657.1448375033582,191259.90651379546,0.003435873463924122
Nepal,2018,Hypertensive heart disease,2742.84583045603,191259.90651379546,0.014340934702162422
Nepal,2018,Atrial fibrillation and flutter,421.39758363637486,191259.90651379546,0.0022032719314645263
Nepal,2018,Aortic aneurysm,134.7678228199204,191259.90651379546,0.0007046318555541054
Nepal,2018,Lower extremity peripheral arterial disease,44.762055928282614,191259.90651379546,0.00023403784276687363
Nepal,2018,Endocarditis,133.2985734197427,191259.90651379546,0.0006969499036648748
Nepal,2018,Self-harm by firearm,386.33120290008634,191259.90651379546,0.002019927803698997
Nepal,2018,Total Cancers excluding Non-melanoma skin cancer,12435.996395769942,191259.90651379546,0.06502144972486924
Nepal,2018,Other direct maternal disorders,101.51551149160898,191259.90651379546,0.0005307725667234221
Nepal,2018,Other digestive diseases,506.42538124428904,191259.90651379546,0.0026478386948691774
Nepal,2018,Self-harm by other specified means,4142.2336103426,191259.90651379546,0.021657615994096612
Nepal,2018,Other benign and in situ neoplasms,76.73081292153056,191259.90651379546,0.00040118608400551537
Nepal,2017,Urolithiasis,62.477593943081054,188581.94138462248,0.0003313021039255016
Nepal,2017,Other urinary diseases,473.7902723104033,188581.94138462248,0.0025123841065146525
Nepal,2017,Uterine fibroids,14.273768174042306,188581.94138462248,7.569000546521169e-05
Nepal,2017,Endometriosis,0.1976351561511118,188581.94138462248,1.0480067958788525e-06
Nepal,2017,Genital prolapse,2.4737498809704133,188581.94138462248,1.3117639275571325e-05
Nepal,2017,Other gynecological diseases,25.40241206155747,188581.94138462248,0.00013470225131338509
Nepal,2017,Thalassemias,61.61484032855781,188581.94138462248,0.00032672715041622783
Nepal,2017,Sickle cell disorders,9.387743292112868,188581.94138462248,4.978071189205803e-05
Nepal,2017,G6PD deficiency,27.598246041347064,188581.94138462248,0.00014634617630252854
Nepal,2017,Other hemoglobinopathies and hemolytic anemias,180.03062808580793,188581.94138462248,0.0009546546544381273
Nepal,2017,"Other endocrine, metabolic, blood, and immune disorders",45.95064521560292,188581.94138462248,0.00024366407980647647
Nepal,2017,Rheumatoid arthritis,130.5073633197538,188581.94138462248,0.0006920459210544311
Nepal,2017,Other musculoskeletal disorders,202.1420570609734,188581.94138462248,0.001071905695618513
Nepal,2017,Neural tube defects,151.22429066023287,188581.94138462248,0.0008019022900597
Nepal,2018,Congenital heart anomalies,980.853500497343,191259.90651379546,0.005128380110478589
Nepal,2018,Orofacial clefts,13.823366250208617,191259.90651379546,7.227529544573706e-05
Nepal,2018,Down syndrome,40.27131091797549,191259.90651379546,0.00021055803932995622
Nepal,2018,Other chromosomal abnormalities,37.90932433928117,191259.90651379546,0.00019820842240423657
Nepal,2018,Congenital musculoskeletal and limb anomalies,27.22610612593502,191259.90651379546,0.00014235135121730918
Nepal,2018,Urogenital congenital anomalies,37.47101102082231,191259.90651379546,0.00019591670676739325
Nepal,2018,Digestive congenital anomalies,193.76867495966872,191259.90651379546,0.001013117064060116
Nepal,2018,Other congenital birth defects,2.58676859429432,191259.90651379546,1.3524886848712007e-05
Nepal,2018,Cellulitis,0.525698115538769,191259.90651379546,2.748605942149463e-06
Nepal,2018,Pyoderma,1.2174658001729133,191259.90651379546,6.365504523997549e-06
Nepal,2018,Decubitus ulcer,2.1765180360439516,191259.90651379546,1.1379896998365209e-05
Nepal,2018,Other skin and subcutaneous diseases,1.597727717796494,191259.90651379546,8.353699146460948e-06
Nepal,2018,Sudden infant death syndrome,98.92922172920026,191259.90651379546,0.0005172501834411623
Nepal,2018,Pedestrian road injuries,912.880569975858,191259.90651379546,0.00477298450373347
Nepal,2018,Cyclist road injuries,140.64203488038925,191259.90651379546,0.0007353450989491351
Nepal,2018,Motorcyclist road injuries,851.4968090289835,191259.90651379546,0.004452040286695244
Nepal,2017,Conflict and terrorism,14.041732555019118,188581.94138462248,7.445958214196284e-05
Nepal,2017,Multidrug-resistant tuberculosis without extensive drug resistance,593.5804200867085,188581.94138462248,0.0031475994770680136
Nepal,2017,Extensively drug-resistant tuberculosis,24.410914819712293,188581.94138462248,0.00012944460450709322
Nepal,2017,HIV/AIDS - Drug-susceptible Tuberculosis,246.21489556162717,188581.94138462248,0.001305612264641286
Nepal,2017,HIV/AIDS - Multidrug-resistant Tuberculosis without extensive drug resistance,31.219768746773617,188581.94138462248,0.00016555015033544124
Nepal,2017,HIV/AIDS - Extensively drug-resistant Tuberculosis,1.2829914192029903,188581.94138462248,6.803363088654729e-06
Nepal,2017,Invasive Non-typhoidal Salmonella (iNTS),89.51956248470103,188581.94138462248,0.00047469848824029933
Nepal,2017,"Myelodysplastic, myeloproliferative, and other hematopoietic neoplasms",18.48935327737693,188581.94138462248,9.80441347756992e-05
Nepal,2017,Non-rheumatic calcific aortic valve disease,110.90718621721643,188581.94138462248,0.0005881113822612293
Nepal,2017,Non-rheumatic degenerative mitral valve disease,61.13467350495486,188581.94138462248,0.00032418095315005577
Nepal,2017,Other non-rheumatic valve diseases,1.7464728354342696,188581.94138462248,9.261082066560389e-06
Nepal,2017,Nonalcoholic fatty liver disease including cirrhosis,137.1923844563943,188581.94138462248,0.0007274948144508888
Nepal,2017,Diabetes mellitus type 1,247.3884226434193,188581.94138462248,0.0013118351673920782
Nepal,2017,Diabetes mellitus type 2,6214.987230132047,188581.94138462248,0.03295642830113974
Nepal,2016,Physical violence by firearm,52.279045574873344,186528.28826580045,0.0002802740863647254
Nepal,2016,Physical violence by sharp object,43.35332677864798,186528.28826580045,0.00023242226249816885
Nepal,2016,Physical violence by other means,528.2170096797796,186528.28826580045,0.0028318332548416306
Nepal,2016,Exposure to forces of nature,162.99068554702677,186528.28826580045,0.000873812155048392
Nepal,2016,Maternal deaths aggravated by HIV/AIDS,0.2768653015032539,186528.28826580045,1.4843073084374438e-06
Nepal,2016,Environmental heat and cold exposure,43.7525730654431,186528.28826580045,0.00023456266860228856
Nepal,2016,Ebola,0.0,186528.28826580045,0.0
Nepal,2016,Acute lymphoid leukemia,200.0164999357657,186528.28826580045,0.001072311882531966
Nepal,2016,Chronic lymphoid leukemia,17.87594820551521,186528.28826580045,9.583505200048913e-05
Nepal,2016,Acute myeloid leukemia,156.58140735337483,186528.28826580045,0.000839451263983339
Nepal,2016,Chronic myeloid leukemia,100.6792293094576,186528.28826580045,0.0005397531401027546
Nepal,2016,Non-melanoma skin cancer (squamous-cell carcinoma),56.122090507545344,186528.28826580045,0.0003008771003547305
Nepal,2016,Police conflict and executions,1.0788278276614225,186528.28826580045,5.783722338802072e-06
Nepal,2016,Drug-susceptible tuberculosis,5852.231849293791,186528.28826580045,0.0313745003704448
Nepal,2016,Zika virus,0.0,186528.28826580045,0.0
Nepal,2016,Alcoholic cardiomyopathy,39.50666607668031,186528.28826580045,0.00021179986394548268
Nepal,2016,Electrocution,45.63998831327813,186528.28826580045,0.0002446813228041943
Nepal,2016,Myocarditis,91.48041698926554,186528.28826580045,0.0004904372298688932
Nepal,2016,Other leukemia,149.3993044987397,186528.28826580045,0.0008009471693958162
Nepal,2016,Other cardiomyopathy,888.9364850637539,186528.28826580045,0.004765692610640541
Nepal,2018,Motor vehicle road injuries,726.7665901576125,191259.90651379546,0.0037998899163175703
Nepal,2018,Other road injuries,18.622039596320175,191259.90651379546,9.736509828826555e-05
Nepal,2018,Other transport injuries,282.2976167057127,191259.90651379546,0.0014759895152691124
Nepal,2018,Maternal abortion and miscarriage,29.249394891368617,191259.90651379546,0.00015293009091405614
Nepal,2018,Liver cancer due to NASH,32.61997063291993,191259.90651379546,0.00017055310350978903
Nepal,2018,Chronic kidney disease due to diabetes mellitus type 1,164.92057405834183,191259.90651379546,0.0008622851336929113
Nepal,2018,Chronic kidney disease due to diabetes mellitus type 2,518.6994801337069,191259.90651379546,0.0027120136655315857
Nepal,2018,Pulmonary Arterial Hypertension,81.31325901307578,191259.90651379546,0.0004251453453848191
Nepal,2018,Hepatoblastoma,2.9458866938733617,191259.90651379546,1.5402531286194457e-05
Nepal,2018,Burkitt lymphoma,8.599883265727543,191259.90651379546,4.496438078676588e-05
Nepal,2018,Other non-Hodgkin lymphoma,424.92359321170176,191259.90651379546,0.0022217076278924787
Nepal,2018,Retinoblastoma,11.91063161177804,191259.90651379546,6.227458660249284e-05
Nepal,2018,Other eye cancers,6.918424856368264,191259.90651379546,3.617289677943685e-05
Nepal,2018,Soft tissue and other extraosseous sarcomas,124.07501252171129,191259.90651379546,0.0006487246322729005
Nepal,2018,Malignant neoplasm of bone and articular cartilage,208.13293938331407,191259.90651379546,0.0010882204387583007
Nepal,2018,Neuroblastoma and other peripheral nervous cell tumors,9.88666359424464,191259.90651379546,5.16922954447409e-05
Nepal,2018,Ulcerative colitis,88.72023577306919,191259.90651379546,0.00046387262960765827
Nepal,2018,Crohn's disease,16.715791395431985,191259.90651379546,8.739830370159825e-05
Nepal,2018,Total burden related to hepatitis B,2372.062700385506,191259.90651379546,0.012402299800425818
Nepal,2018,Total burden related to hepatitis C,756.6580073996872,191259.90651379546,0.003956176812964771
Nepal,2018,Total burden related to Non-alcoholic fatty liver disease (NAFLD),173.8740148840768,191259.90651379546,0.0009090980857064016
Nepal,2018,Total cancers,12497.544631248746,191259.90651379546,0.06534325389491553
Nepal,2018,Thyroid diseases,15.291254009789172,191259.90651379546,7.995012801434274e-05
Nepal,2018,COVID-19,0.0,191259.90651379546,0.0
Nepal,2017,Cystic echinococcosis,26.819246346991022,188581.94138462248,0.00014221534761004397
Nepal,2017,Dengue,451.5826010473054,188581.94138462248,0.002394622718016672
Nepal,2017,Yellow fever,0.0,188581.94138462248,0.0
Nepal,2017,Rabies,327.20712503656836,188581.94138462248,0.0017350925684300425
Nepal,2017,Ascariasis,2.323147455572511,188581.94138462248,1.2319034572002487e-05
Nepal,2017,Other neglected tropical diseases,38.05060482723851,188581.94138462248,0.00020177226169091323
Nepal,2017,Maternal hemorrhage,159.93900791500025,188581.94138462248,0.0008481141234451315
Nepal,2017,Maternal sepsis and other maternal infections,33.26623577985121,188581.94138462248,0.00017640202203668604
Nepal,2017,Maternal hypertensive disorders,84.00719476945663,188581.94138462248,0.0004454678648053563
Nepal,2017,Maternal obstructed labor and uterine rupture,40.09302728022085,188581.94138462248,0.00021260268605703385
Nepal,2017,Ectopic pregnancy,0.3545022657895615,188581.94138462248,1.879831457809293e-06
Nepal,2017,Indirect maternal deaths,38.72834423799183,188581.94138462248,0.00020536613396615424
Nepal,2017,Late maternal deaths,11.955843401849084,188581.94138462248,6.339866539747054e-05
Nepal,2017,Neonatal preterm birth,3306.7758183083806,188581.94138462248,0.017534954800173804
Nepal,2017,Neonatal encephalopathy due to birth asphyxia and trauma,3943.184081826147,188581.94138462248,0.02090965896773659
Nepal,2017,Neonatal sepsis and other neonatal infections,1553.53606001271,188581.94138462248,0.00823798953710098
Nepal,2017,Hemolytic disease and other neonatal jaundice,569.3081632908936,188581.94138462248,0.003018890139272459
Nepal,2017,Other neonatal disorders,920.4219564021818,188581.94138462248,0.004880753425509255
Nepal,2017,Protein-energy malnutrition,1154.5771823309658,188581.94138462248,0.006122416461797616
Nepal,2017,Other nutritional deficiencies,404.0447332574653,188581.94138462248,0.0021425420180259756
Nepal,2017,Syphilis,321.47002558503203,188581.94138462248,0.001704670252224085
Nepal,2017,Chlamydial infection,6.416883909818919,188581.94138462248,3.4027032825647695e-05
Nepal,2017,Gonococcal infection,2.0842978128219367,188581.94138462248,1.1052478288845829e-05
Nepal,2017,Other sexually transmitted infections,19.933226324232496,188581.94138462248,0.00010570061045016853
Nepal,2017,Acute hepatitis A,638.7344728944381,188581.94138462248,0.0033870394386899785
Nepal,2017,Vascular intestinal disorders,163.005922941201,188581.94138462248,0.0008643771601053895
Nepal,2017,Gallbladder and biliary diseases,123.25463379076044,188581.94138462248,0.0006535866206795291
Nepal,2017,Pancreatitis,574.8989115749198,188581.94138462248,0.003048536394067469
Nepal,2017,Alzheimer's disease and other dementias,2082.6395165101826,188581.94138462248,0.011043684783489069
Nepal,2017,Parkinson's disease,548.4434912271827,188581.94138462248,0.002908250319199993
Nepal,2017,Idiopathic epilepsy,1014.9804969143984,188581.94138462248,0.005382172277271734
Nepal,2017,Multiple sclerosis,4.511202672629384,188581.94138462248,2.3921710846260493e-05
Nepal,2017,Motor neuron disease,6.576834519983251,188581.94138462248,3.487520847274269e-05
Nepal,2017,Other neurological disorders,17.263594140121366,188581.94138462248,9.154425929315993e-05
Nepal,2017,Alcohol use disorders,208.1331946613231,188581.94138462248,0.0011036751087254153
Nepal,2017,Opioid use disorders,49.167073848511706,188581.94138462248,0.0002607199474536798
Nepal,2017,Cocaine use disorders,8.360689290998945,188581.94138462248,4.4334517025396894e-05
Nepal,2017,Amphetamine use disorders,1.635698146539198,188581.94138462248,8.67367328244388e-06
Nepal,2017,Other drug use disorders,11.986259561560695,188581.94138462248,6.355995422230864e-05
Nepal,2017,Anorexia nervosa,0.046571081819675,188581.94138462248,2.469540905016505e-07
Nepal,2017,Acute glomerulonephritis,5.016939123111958,188581.94138462248,2.6603497059560198e-05
Nepal,2017,Chronic kidney disease due to hypertension,398.6771060057896,188581.94138462248,0.0021140789148663356
Nepal,2018,Acute hepatitis B,103.51309531088872,191259.90651379546,0.000541216908434609
Nepal,2018,Acute hepatitis C,25.67785143139608,191259.90651379546,0.00013425632114665888
Nepal,2018,Acute hepatitis E,12.633488358388249,191259.90651379546,6.605403395131851e-05
Nepal,2018,Other unspecified infectious diseases,1098.4503301279135,191259.90651379546,0.00574323364551411
Nepal,2018,Esophageal cancer,869.5783175674302,191259.90651379546,0.004546579225190137
Nepal,2018,Stomach cancer,1202.3985822828886,191259.90651379546,0.006286725765999265
Nepal,2017,Physical violence by firearm,51.34207128010907,188581.94138462248,0.00027225338175617937
Nepal,2017,Physical violence by sharp object,42.62380845037638,188581.94138462248,0.00022602274712743014
Nepal,2017,Physical violence by other means,515.1483428789551,188581.94138462248,0.002731694981484382
Nepal,2017,Exposure to forces of nature,153.99119984197614,188581.94138462248,0.0008165744753253083
Nepal,2017,Maternal deaths aggravated by HIV/AIDS,0.2457950902551969,188581.94138462248,1.30338614848537e-06
Nepal,2017,Environmental heat and cold exposure,43.55052070557499,188581.94138462248,0.0002309368563384947
Nepal,2017,Ebola,0.0,188581.94138462248,0.0
Nepal,2017,Acute lymphoid leukemia,195.6597417872015,188581.94138462248,0.001037531697630281
Nepal,2017,Chronic lymphoid leukemia,18.687531605292257,188581.94138462248,9.909502186732761e-05
Nepal,2017,Acute myeloid leukemia,160.02647122223567,188581.94138462248,0.000848577918157357
Nepal,2017,Chronic myeloid leukemia,102.7936432352763,188581.94138462248,0.0005450874165391236
Nepal,2017,Non-melanoma skin cancer (squamous-cell carcinoma),58.946103817846016,188581.94138462248,0.000312575548777613
Nepal,2017,Police conflict and executions,3.0822418994768936,188581.94138462248,1.6344311002666496e-05
Nepal,2017,Drug-susceptible tuberculosis,5778.452982277685,188581.94138462248,0.030641603007428138
Nepal,2017,Zika virus,0.0,188581.94138462248,0.0
Nepal,2017,Alcoholic cardiomyopathy,40.09062512664438,188581.94138462248,0.00021258994807396488
Nepal,2017,Electrocution,45.45167673749631,188581.94138462248,0.00024101818235498646
Nepal,2017,Myocarditis,90.43889200363238,188581.94138462248,0.00047957344875974975
Nepal,2017,Other leukemia,153.28133759989703,188581.94138462248,0.0008128102641984787
Nepal,2017,Other cardiomyopathy,913.5574913069646,188581.94138462248,0.00484435298841111
Nepal,2018,Liver cancer due to hepatitis B,100.1109779774052,191259.90651379546,0.0005234289810247515
Nepal,2018,Liver cancer due to hepatitis C,112.36300568203715,191259.90651379546,0.0005874885527769119
Nepal,2018,Liver cancer due to alcohol use,98.1815801961387,191259.90651379546,0.0005133411491501326
Nepal,2018,Liver cancer due to other causes,13.72209956329154,191259.90651379546,7.174582385515165e-05
Nepal,2018,Larynx cancer,363.7670009133711,191259.90651379546,0.0019019511592573784
Nepal,2018,"Tracheal, bronchus, and lung cancer",1190.61310944688,191259.90651379546,0.006225105570471466
Nepal,2018,Breast cancer,957.7876832299456,191259.90651379546,0.0050077807768919985
Nepal,2018,Cervical cancer,934.1780181054792,191259.90651379546,0.004884337941669429
Nepal,2018,Uterine cancer,81.53792568151468,191259.90651379546,0.00042632001221663986
Nepal,2018,Prostate cancer,363.092001554292,191259.90651379546,0.0018984219336534204
Nepal,2018,Colon and rectum cancer,646.9331848208157,191259.90651379546,0.0033824819671453344
Nepal,2018,Lip and oral cavity cancer,821.402575996139,191259.90651379546,0.0042946929702535
Nepal,2018,Nasopharynx cancer,176.01152958267062,191259.90651379546,0.000920274054248662
Nepal,2018,Other pharynx cancer,498.2393126152532,191259.90651379546,0.0026050379386717702
Nepal,2018,Gallbladder and biliary tract cancer,365.53905478644384,191259.90651379546,0.0019112163204998624
Nepal,2018,Pancreatic cancer,220.24736343847383,191259.90651379546,0.001151560551571155
Nepal,2018,Malignant skin melanoma,17.582890373160826,191259.90651379546,9.193191972982892e-05
Nepal,2018,Ovarian cancer,368.26229075980416,191259.90651379546,0.001925454725312446
Nepal,2018,Chronic kidney disease due to glomerulonephritis,343.3819800636451,191259.90651379546,0.0017953683358037046
Nepal,2018,Chronic kidney disease due to other and unspecified causes,1028.6246312170604,191259.90651379546,0.005378150862699843
Nepal,2018,Urinary tract infections and interstitial nephritis,502.09268880068936,191259.90651379546,0.0026251852672764626
Nepal,2018,Urolithiasis,63.19076989533139,191259.90651379546,0.00033039214044985155
Nepal,2018,Other urinary diseases,492.80758616184914,191259.90651379546,0.0025766382256717417
Nepal,2018,Uterine fibroids,14.85857323027805,191259.90651379546,7.768786203608393e-05
Nepal,2018,Endometriosis,0.213518445416993,191259.90651379546,1.1163784888789122e-06
Nepal,2018,Genital prolapse,2.6272637999677486,191259.90651379546,1.373661551893651e-05
Nepal,2018,Other gynecological diseases,26.23303232059064,191259.90651379546,0.0001371590773976378
Nepal,2018,Thalassemias,58.11636514072263,191259.90651379546,0.0003038606794285489
Nepal,2018,Sickle cell disorders,8.831711032504847,191259.90651379546,4.617648933059486e-05
Nepal,2018,G6PD deficiency,27.631099761834307,191259.90651379546,0.00014446885531569205
Nepal,2018,Other hemoglobinopathies and hemolytic anemias,182.49396744201792,191259.90651379546,0.000954167398533444
Nepal,2018,"Other endocrine, metabolic, blood, and immune disorders",46.61114487051527,191259.90651379546,0.00024370578089325393
Nepal,2018,Rheumatoid arthritis,135.94796959717638,191259.90651379546,0.0007108022380392125
Nepal,2018,Other musculoskeletal disorders,209.30959772520944,191259.90651379546,0.001094372582003286
Nepal,2018,Neural tube defects,144.39772093784885,191259.90651379546,0.0007549816559563858
Nepal,2018,Conflict and terrorism,20.989012537775633,191259.90651379546,0.00010974078634855814
Nepal,2018,Multidrug-resistant tuberculosis without extensive drug resistance,600.7242111477642,191259.90651379546,0.0031408789332668338
Nepal,2018,Extensively drug-resistant tuberculosis,25.754351849458818,191259.90651379546,0.00013465630261406183
Nepal,2018,HIV/AIDS - Drug-susceptible Tuberculosis,221.12842303153965,191259.90651379546,0.0011561671604999441
Nepal,2018,HIV/AIDS - Multidrug-resistant Tuberculosis without extensive drug resistance,28.986030003122423,191259.90651379546,0.00015155309092986343
Nepal,2018,HIV/AIDS - Extensively drug-resistant Tuberculosis,1.2416236174269897,191259.90651379546,6.491813365690588e-06
Nepal,2018,Invasive Non-typhoidal Salmonella (iNTS),84.59546628718348,191259.90651379546,0.0004423063245672018
Nepal,2018,"Myelodysplastic, myeloproliferative, and other hematopoietic neoplasms",19.457256254583832,191259.90651379546,0.00010173201801277882
Nepal,2018,Non-rheumatic calcific aortic valve disease,115.89600887308008,191259.90651379546,0.0006059608152361016
Nepal,2018,Non-rheumatic degenerative mitral valve disease,63.08650864486612,191259.90651379546,0.00032984701182166336
Nepal,2018,Other non-rheumatic valve diseases,1.8271419060804357,191259.90651379546,9.553188325691486e-06
Nepal,2018,Nonalcoholic fatty liver disease including cirrhosis,141.25404425115687,191259.90651379546,0.0007385449821966126
Nepal,2019,HIV/AIDS resulting in other diseases,779.8981158594248,194310.93791402903,0.004013660395198561
Nepal,2019,Testicular cancer,26.84599793496941,194310.93791402903,0.00013815999358125254
Nepal,2019,Kidney cancer,129.52422698776485,194310.93791402903,0.0006665822746688175
Nepal,2019,Bladder cancer,162.82986286379722,194310.93791402903,0.0008379860887493616
Nepal,2019,Brain and central nervous system cancer,340.3595766981066,194310.93791402903,0.001751623353538108
Nepal,2019,Thyroid cancer,117.72791128857396,194310.93791402903,0.0006058738254902641
Nepal,2018,Diabetes mellitus type 1,246.20031054796192,191259.90651379546,0.0012872552069882123
Nepal,2018,Diabetes mellitus type 2,6469.1377632162,191259.90651379546,0.03382380490052987
Nepal,2019,Mesothelioma,14.321719464777262,194310.93791402903,7.370516358226713e-05
Nepal,2019,Hodgkin lymphoma,100.26564734026128,194310.93791402903,0.0005160061930462341
Nepal,2019,Multiple myeloma,144.35236112203083,194310.93791402903,0.00074289364598661
Nepal,2019,Other malignant neoplasms,587.8338261089411,194310.93791402903,0.003025222524369794
Nepal,2019,Rheumatic heart disease,3949.27561893028,194310.93791402903,0.02032451523998921
Nepal,2019,Ischemic heart disease,17202.115635972532,194310.93791402903,0.08852880759385476
Nepal,2019,Ischemic stroke,6309.701451401346,194310.93791402903,0.032472188746230084
Nepal,2019,Intracerebral hemorrhage,7800.886373081668,194310.93791402903,0.040146408930068024
Nepal,2019,Subarachnoid hemorrhage,688.490368903325,194310.93791402903,0.0035432404181381743
Nepal,2019,Hypertensive heart disease,2855.500345191657,194310.93791402903,0.014695520364659272
Nepal,2019,Atrial fibrillation and flutter,443.33417646153725,194310.93791402903,0.002281570874088859
Nepal,2019,Aortic aneurysm,141.0972768069045,194310.93791402903,0.0007261417104030016
Nepal,2019,Lower extremity peripheral arterial disease,47.13752903017884,194310.93791402903,0.00024258814010271712
Nepal,2019,Endocarditis,136.32966763795503,194310.93791402903,0.0007016057310076531
Nepal,2019,Congenital heart anomalies,960.1009565700152,194310.93791402903,0.004941054615231194
Nepal,2019,Orofacial clefts,14.032269008206942,194310.93791402903,7.221553845010713e-05
Nepal,2019,Down syndrome,39.915260139472785,194310.93791402903,0.0002054195227915214
Nepal,2019,Other chromosomal abnormalities,39.04123826450993,194310.93791402903,0.0002009214647596593
Nepal,2019,Congenital musculoskeletal and limb anomalies,26.744340689856266,194310.93791402903,0.00013763682568239692
Nepal,2019,Urogenital congenital anomalies,37.46705186148449,194310.93791402903,0.00019282008652575915
Nepal,2019,Digestive congenital anomalies,191.42013088153504,194310.93791402903,0.0009851227776288486
Nepal,2019,Other congenital birth defects,2.57096913192006,194310.93791402903,1.3231211580366928e-05
Nepal,2019,Cellulitis,0.5441998075518335,194310.93791402903,2.8006648179147247e-06
Nepal,2019,Pyoderma,1.2500467624939,194310.93791402903,6.433229008687977e-06
Nepal,2019,Decubitus ulcer,2.2812393935089963,194310.93791402903,1.1740149154744487e-05
Nepal,2019,Other skin and subcutaneous diseases,1.6849760046332845,194310.93791402903,8.671544807111094e-06
Nepal,2019,Sudden infant death syndrome,93.86758907761468,194310.93791402903,0.0004830792856300528
Nepal,2019,Pedestrian road injuries,925.9738318315364,194310.93791402903,0.0047654230985248215
Nepal,2019,Cyclist road injuries,147.1719856455,194310.93791402903,0.0007574045353567014
Nepal,2019,Motorcyclist road injuries,895.7185229779209,194310.93791402903,0.004609717459004921
Nepal,2019,Motor vehicle road injuries,742.9617459062619,194310.93791402903,0.003823571405100098
Nepal,2019,Other road injuries,19.434122430244987,194310.93791402903,0.0001000155865587115
Nepal,2019,Other transport injuries,231.47712797449273,194310.93791402903,0.0011912717341568673
Nepal,2019,Maternal abortion and miscarriage,27.5709130598141,194310.93791402903,0.00014189069002390684
Nepal,2019,Liver cancer due to NASH,34.62957819224536,194310.93791402903,0.00017821733847822236
Nepal,2019,Chronic kidney disease due to diabetes mellitus type 1,171.5165879061399,194310.93791402903,0.0008826913695513411
Nepal,2019,Chronic kidney disease due to diabetes mellitus type 2,541.8498147745784,194310.93791402903,0.0027885708369866165
Nepal,2019,Pulmonary Arterial Hypertension,81.83473633630284,194310.93791402903,0.000421153524422335
Nepal,2019,Hepatoblastoma,3.0101805783475,194310.93791402903,1.549156527503009e-05
Nepal,2019,Burkitt lymphoma,8.768088124763404,194310.93791402903,4.5124007011086316e-05
Nepal,2019,Other non-Hodgkin lymphoma,438.85373969338127,194310.93791402903,0.0022585127960606513
Nepal,2019,Retinoblastoma,11.458101183026946,194310.93791402903,5.896786514455749e-05
Nepal,2019,Other eye cancers,7.1807251309672,194310.93791402903,3.695481689324274e-05
Nepal,2019,Soft tissue and other extraosseous sarcomas,127.58275381754464,194310.93791402903,0.0006565906952391552
Nepal,2019,Malignant neoplasm of bone and articular cartilage,210.9975128556352,194310.93791402903,0.001085875633768949
Nepal,2019,Neuroblastoma and other peripheral nervous cell tumors,10.033754184013768,194310.93791402903,5.1637619023037724e-05
Nepal,2019,Ulcerative colitis,93.1324007015659,194310.93791402903,0.0004792957190231433
Nepal,2019,Crohn's disease,17.36679317140598,194310.93791402903,8.937630252749719e-05
Nepal,2019,Total burden related to hepatitis B,2439.8774545993665,194310.93791402903,0.012556562593912579
Nepal,2019,Total burden related to hepatitis C,775.2512810013449,194310.93791402903,0.003989745967591115
Nepal,2019,Total burden related to Non-alcoholic fatty liver disease (NAFLD),181.34065835619393,194310.93791402903,0.000933249874160076
Nepal,2019,Total cancers,13007.064491847725,194310.93791402903,0.0669394354815094
Nepal,2019,Thyroid diseases,15.964592131919831,194310.93791402903,8.216002816569806e-05
Nepal,2019,COVID-19,0.0,194310.93791402903,0.0
Nepal,2018,Cystic echinococcosis,25.91653488572952,191259.90651379546,0.00013550427456608726
Nepal,2018,Dengue,458.6373218451402,191259.90651379546,0.0023979794312618207
Nepal,2018,Yellow fever,0.0,191259.90651379546,0.0
Nepal,2018,Rabies,308.7524633468006,191259.90651379546,0.0016143083460334667
Nepal,2018,Ascariasis,2.039203926289882,191259.90651379546,1.0661951913809992e-05
Nepal,2018,Other neglected tropical diseases,37.370779496994224,191259.90651379546,0.00019539264751391422
Nepal,2018,Maternal hemorrhage,132.9181174353118,191259.90651379546,0.0006949606943665661
Nepal,2018,Maternal sepsis and other maternal infections,27.000362380814316,191259.90651379546,0.00014117105290369257
Nepal,2018,Maternal hypertensive disorders,71.56629734429504,191259.90651379546,0.00037418347968884425
Nepal,2018,Maternal obstructed labor and uterine rupture,32.807511760646726,191259.90651379546,0.00017153365992197815
Nepal,2018,Ectopic pregnancy,0.304256163103039,191259.90651379546,1.5907994971287575e-06
Nepal,2018,Indirect maternal deaths,82.86587806347045,191259.90651379546,0.0004332631944348116
Nepal,2018,Late maternal deaths,11.662141010717752,191259.90651379546,6.09753566405543e-05
Nepal,2018,Neonatal preterm birth,3226.201082262349,191259.90651379546,0.016868151517315758
Nepal,2018,Neonatal encephalopathy due to birth asphyxia and trauma,3751.813491494211,191259.90651379546,0.019616309345124535
Nepal,2018,Neonatal sepsis and other neonatal infections,1459.657659148394,191259.90651379546,0.007631801592683043
Nepal,2018,Hemolytic disease and other neonatal jaundice,522.9073732369975,191259.90651379546,0.002734014581353361
Nepal,2018,Other neonatal disorders,869.2300490648041,191259.90651379546,0.004544758307732976
Nepal,2018,Protein-energy malnutrition,1081.5179264486108,191259.90651379546,0.005654702787228444
Nepal,2018,Other nutritional deficiencies,397.736758073076,191259.90651379546,0.0020795616045351747
Nepal,2018,Syphilis,313.9480749541194,191259.90651379546,0.0016414735355497758
Nepal,2018,Chlamydial infection,6.367663029879797,191259.90651379546,3.329324554187472e-05
Nepal,2018,Gonococcal infection,2.064755910331776,191259.90651379546,1.0795550138904029e-05
Nepal,2018,Other sexually transmitted infections,19.86870145458258,191259.90651379546,0.00010388325403238375
Nepal,2018,Acute hepatitis A,601.6547497928889,191259.90651379546,0.003145744242792945
Nepal,2018,Vascular intestinal disorders,169.9551261720594,191259.90651379546,0.000888608225685819
Nepal,2018,Gallbladder and biliary diseases,127.2394391197388,191259.90651379546,0.0006652697966814132
Nepal,2018,Pancreatitis,590.8152859591996,191259.90651379546,0.0030890702433580062
Nepal,2018,Alzheimer's disease and other dementias,2200.4584080486675,191259.90651379546,0.011505068930324661
Nepal,2018,Parkinson's disease,573.4894489192325,191259.90651379546,0.002998482323726677
Nepal,2018,Idiopathic epilepsy,1040.0190189750128,191259.90651379546,0.00543772627484787
Nepal,2018,Multiple sclerosis,4.744127537935433,191259.90651379546,2.4804610774988753e-05
Nepal,2018,Motor neuron disease,6.9851207278456915,191259.90651379546,3.652161529913672e-05
Nepal,2018,Other neurological disorders,18.194317802590575,191259.90651379546,9.512876030438836e-05
Nepal,2018,Alcohol use disorders,213.84223129000628,191259.90651379546,0.0011180713992170752
Nepal,2018,Opioid use disorders,51.68725364482051,191259.90651379546,0.00027024615135996804
Nepal,2018,Cocaine use disorders,8.683678418805785,191259.90651379546,4.54025026838515e-05
Nepal,2018,Amphetamine use disorders,1.673760068123214,191259.90651379546,8.751233327631511e-06
Nepal,2018,Other drug use disorders,12.533791320468762,191259.90651379546,6.553276925064641e-05
Nepal,2018,Anorexia nervosa,0.0472423505090226,191259.90651379546,2.4700603158359817e-07
Nepal,2018,Acute glomerulonephritis,5.060533698872712,191259.90651379546,2.645893638198395e-05
Nepal,2018,Chronic kidney disease due to hypertension,413.7495861131825,191259.90651379546,0.002163284473232444
Nepal,2018,Physical violence by firearm,49.66561925556149,191259.90651379546,0.0002596760615481067
Nepal,2018,Physical violence by sharp object,40.89139594719994,191259.90651379546,0.0002138001460554435
Nepal,2018,Physical violence by other means,499.8332215243241,191259.90651379546,0.0026133716712251525
Nepal,2018,Exposure to forces of nature,14.999142841750944,191259.90651379546,7.842282847016378e-05
Nepal,2018,Maternal deaths aggravated by HIV/AIDS,0.2379499457517517,191259.90651379546,1.2441182790946754e-06
Nepal,2018,Environmental heat and cold exposure,92.61857739988056,191259.90651379546,0.00048425505945335197
Nepal,2018,Ebola,0.0,191259.90651379546,0.0
Nepal,2018,Acute lymphoid leukemia,187.46277957057907,191259.90651379546,0.0009801467698461804
Nepal,2018,Chronic lymphoid leukemia,19.256035594638004,191259.90651379546,0.00010067993833955512
Nepal,2018,Acute myeloid leukemia,161.2228990301457,191259.90651379546,0.0008429518866177883
Nepal,2018,Chronic myeloid leukemia,104.11658289858978,191259.90651379546,0.0005443722356472025
Nepal,2018,Non-melanoma skin cancer (squamous-cell carcinoma),61.54823547881513,191259.90651379546,0.0003218041700463536
Nepal,2018,Police conflict and executions,2.1049960970675605,191259.90651379546,1.1005945445841408e-05
Nepal,2018,Drug-susceptible tuberculosis,5664.46332566762,191259.90651379546,0.02961657479038371
Nepal,2018,Zika virus,0.0,191259.90651379546,0.0
Nepal,2018,Alcoholic cardiomyopathy,40.610539924531814,191259.90651379546,0.0002123316938963504
Nepal,2018,Electrocution,44.646801255327205,191259.90651379546,0.00023343523516836424
Nepal,2018,Myocarditis,88.97550326734427,191259.90651379546,0.00046520729246997996
Nepal,2018,Other leukemia,155.21353495648637,191259.90651379546,0.0008115320026327155
Nepal,2018,Other cardiomyopathy,939.760662081238,191259.90651379546,0.004913526725024587
Nepal,2019,Diarrheal diseases,3393.546050142559,194310.93791402903,0.01746451376630172
Nepal,2019,Typhoid fever,904.7386935238252,194310.93791402903,0.004656138780638885
Nepal,2019,Paratyphoid fever,202.89966052827265,194310.93791402903,0.0010442009220193442
Nepal,2019,Other intestinal infectious diseases,3.37576154821954,194310.93791402903,1.737298777134776e-05
Nepal,2019,Lower respiratory infections,8931.383388628476,194310.93791402903,0.04596438823521133
Nepal,2019,Upper respiratory infections,53.372808780587185,194310.93791402903,0.00027467732570052983
Nepal,2019,Otitis media,3.580106668766487,194310.93791402903,1.8424627595336243e-05
Nepal,2019,Meningitis,871.6963814048202,194310.93791402903,0.0044860901334874605
Nepal,2019,Encephalitis,469.86388127269686,194310.93791402903,0.0024181030996854305
Nepal,2019,Diphtheria,5.139719451653817,194310.93791402903,2.6451004286376485e-05
Nepal,2019,Pertussis,471.8278751376697,194310.93791402903,0.0024282105794086865
Nepal,2019,Tetanus,280.1599707528561,194310.93791402903,0.00144181266253169
Nepal,2019,Measles,902.6321909396374,194310.93791402903,0.004645297895371172
Nepal,2019,Varicella and herpes zoster,73.94382031016059,194310.93791402903,0.0003805437877247873
Nepal,2019,Malaria,0.5334036166129327,194310.93791402903,2.7451034014818658e-06
Nepal,2019,Chagas disease,0.0,194310.93791402903,0.0
Nepal,2019,Visceral leishmaniasis,23.785934013129115,194310.93791402903,0.00012241170913215892
Nepal,2019,African trypanosomiasis,0.0,194310.93791402903,0.0
Nepal,2019,Schistosomiasis,0.0,194310.93791402903,0.0
Nepal,2019,Cysticercosis,1.4199994929546635,194310.93791402903,7.307872156856803e-06
Nepal,2019,Other cardiovascular and circulatory diseases,538.2715167592977,194310.93791402903,0.002770155517428724
Nepal,2019,Chronic obstructive pulmonary disease,21984.60337313209,194310.93791402903,0.11314135791397889
Nepal,2019,Silicosis,9.30946831659554,194310.93791402903,4.7910160984938596e-05
Nepal,2019,Asbestosis,2.4583037856162946,194310.93791402903,1.2651391692133909e-05
Nepal,2019,Coal workers pneumoconiosis,2.6555700678421306,194310.93791402903,1.3666601048557861e-05
Nepal,2019,Other pneumoconiosis,5.846014818501155,194310.93791402903,3.0085876180000055e-05
Nepal,2019,Asthma,3918.622304135309,194310.93791402903,0.020166761306401933
Nepal,2019,Interstitial lung disease and pulmonary sarcoidosis,632.5441216662299,194310.93791402903,0.003255319172748231
Nepal,2019,Other chronic respiratory diseases,379.2072145079883,194310.93791402903,0.0019515484747223279
Nepal,2019,Chronic hepatitis B including cirrhosis,2225.420297551513,194310.93791402903,0.011452882279514952
Nepal,2019,Chronic hepatitis C including cirrhosis,629.1863546567914,194310.93791402903,0.003238038791903566
Nepal,2019,Cirrhosis due to alcohol,1941.4667561555848,194310.93791402903,0.009991546420379936
Nepal,2019,Cirrhosis due to other causes,631.395725176792,194310.93791402903,0.003249409075757469
Nepal,2019,Peptic ulcer disease,2341.258844416702,194310.93791402903,0.012049032697544638
Nepal,2019,Gastritis and duodenitis,178.85247605005412,194310.93791402903,0.0009204447159283728
Nepal,2019,Appendicitis,315.9930450291847,194310.93791402903,0.0016262236620410567
Nepal,2019,Paralytic ileus and intestinal obstruction,1151.2174372402508,194310.93791402903,0.005924614690242479
Nepal,2019,"Inguinal, femoral, and abdominal hernia",265.59138474563116,194310.93791402903,0.0013668370272760428
Nepal,2019,Falls,2731.978392681512,194310.93791402903,0.014059828139423882
Nepal,2019,Drowning,1874.7124037060237,194310.93791402903,0.009648002443050694
Nepal,2019,"Fire, heat, and hot substances",539.8715196556602,194310.93791402903,0.002778389757423337
Nepal,2019,Poisoning by carbon monoxide,302.48554578719654,194310.93791402903,0.0015567087938252262
Nepal,2019,Poisoning by other means,663.3252957156102,194310.93791402903,0.003413731120010815
Nepal,2019,Unintentional firearm injuries,2.443189915610953,194310.93791402903,1.257360981239213e-05
Nepal,2019,Other exposure to mechanical forces,277.2186855391331,194310.93791402903,0.001426675659719093
Nepal,2019,Adverse effects of medical treatment,752.1217068381093,194310.93791402903,0.003870712142673503
Nepal,2019,Venomous animal contact,675.5256688150296,194310.93791402903,0.0034765190064282915
Nepal,2019,Non-venomous animal contact,19.991189364920224,194310.93791402903,0.00010288247063973893
Nepal,2019,Pulmonary aspiration and foreign body in airway,45.93149270704105,194310.93791402903,0.00023638140600897614
Nepal,2019,Foreign body in other body part,2.917640486555317,194310.93791402903,1.5015317809058173e-05
Nepal,2019,Other unintentional injuries,88.15076765775497,194310.93791402903,0.00045365828915280317
Nepal,2019,Self-harm by firearm,383.41544783768376,194310.93791402903,0.0019732056875116427
Nepal,2019,Total Cancers excluding Non-melanoma skin cancer,12942.158290370264,194310.93791402903,0.06660540281111912
Nepal,2019,Other direct maternal disorders,100.81741428989535,194310.93791402903,0.000518845801333639
Nepal,2019,Other digestive diseases,523.7074721170821,194310.93791402903,0.0026952032538116377
Nepal,2019,Self-harm by other specified means,4218.494903579975,194310.93791402903,0.02171002285752131
Nepal,2019,Other benign and in situ neoplasms,79.22286765909725,194310.93791402903,0.0004077118278032739
Nepal,2020,HIV/AIDS resulting in other diseases,670.545650289196,213579.77815327182,0.003139555889078556
Nepal,2020,Testicular cancer,27.934854483082585,213579.77815327182,0.00013079353637606843
Nepal,2020,Kidney cancer,135.79909783958144,213579.77815327182,0.0006358237610965564
Nepal,2020,Bladder cancer,171.29965259238048,213579.77815327182,0.0008020405961347626
Nepal,2020,Brain and central nervous system cancer,361.0819556010618,213579.77815327182,0.0016906186471545898
Nepal,2020,Thyroid cancer,122.02421469797488,213579.77815327182,0.0005713285019446285
Nepal,2019,Acute hepatitis B,109.3189235671558,194310.93791402903,0.0005625978894483176
Nepal,2019,Acute hepatitis C,27.328952647474157,194310.93791402903,0.0001406454672127906
Nepal,2019,Acute hepatitis E,12.973209204936788,194310.93791402903,6.67652029484653e-05
Nepal,2019,Other unspecified infectious diseases,1129.056542203765,194310.93791402903,0.005810566066555168
Nepal,2019,Esophageal cancer,914.3160698481412,194310.93791402903,0.004705427700897987
Nepal,2019,Stomach cancer,1246.131538905788,194310.93791402903,0.006413079738502043
Nepal,2020,Mesothelioma,15.101756811487762,213579.77815327182,7.070780268649895e-05
Nepal,2020,Hodgkin lymphoma,103.55825526480945,213579.77815327182,0.0004848691957648381
Nepal,2020,Multiple myeloma,154.30854969696938,213579.77815327182,0.0007224867027731086
Nepal,2020,Other malignant neoplasms,614.4814006815619,213579.77815327182,0.002877057959300763
Nepal,2020,Rheumatic heart disease,3944.2314603701975,213579.77815327182,0.018467251415251906
Nepal,2020,Ischemic heart disease,16547.76493841389,213579.77815327182,0.07747814461413417
Nepal,2020,Ischemic stroke,6096.100107313818,213579.77815327182,0.028542496672784523
Nepal,2020,Intracerebral hemorrhage,7860.161025995805,213579.77815327182,0.036801990778148934
Nepal,2020,Subarachnoid hemorrhage,717.9243136703492,213579.77815327182,0.003361387112009936
Nepal,2020,Hypertensive heart disease,2956.494295225988,213579.77815327182,0.013842575925443237
Nepal,2020,Atrial fibrillation and flutter,465.99161038851025,213579.77815327182,0.0021818152187333927
Nepal,2020,Aortic aneurysm,149.22248078063305,213579.77815327182,0.0006986732642523213
Nepal,2020,Lower extremity peripheral arterial disease,49.18446957375948,213579.77815327182,0.00023028617221646845
Nepal,2020,Endocarditis,139.76682561068856,213579.77815327182,0.0006544010243815653
Nepal,2019,Liver cancer due to hepatitis B,105.13823348069585,194310.93791402903,0.0005410824249493007
Nepal,2019,Liver cancer due to hepatitis C,118.73597369708035,194310.93791402903,0.0006110617084747639
Nepal,2019,Liver cancer due to alcohol use,103.52787240715,194310.93791402903,0.0005327948777281642
Nepal,2019,Liver cancer due to other causes,14.499477780578127,194310.93791402903,7.46199773220861e-05
Nepal,2019,Larynx cancer,381.5220701236205,194310.93791402903,0.0019634616260893207
Nepal,2019,"Tracheal, bronchus, and lung cancer",1235.8531424828727,194310.93791402903,0.006360183094940666
Nepal,2019,Breast cancer,1011.3135266575874,194310.93791402903,0.005204614508654336
Nepal,2019,Cervical cancer,962.2507994262068,194310.93791402903,0.004952118546470838
Nepal,2019,Uterine cancer,85.87344510413553,194310.93791402903,0.00044193829758636333
Nepal,2019,Prostate cancer,379.37524935455826,194310.93791402903,0.0019524132476907148
Nepal,2019,Colon and rectum cancer,679.5328937518386,194310.93791402903,0.003497141751497753
Nepal,2019,Lip and oral cavity cancer,860.0030839217269,194310.93791402903,0.004425911856296154
Nepal,2019,Nasopharynx cancer,182.8548623567891,194310.93791402903,0.000941042559517115
Nepal,2019,Other pharynx cancer,522.1485679000821,194310.93791402903,0.0026871805236774763
Nepal,2019,Gallbladder and biliary tract cancer,384.36775194370256,194310.93791402903,0.0019781066164878598
Nepal,2019,Pancreatic cancer,233.7148241564871,194310.93791402903,0.0012027877929336739
Nepal,2019,Malignant skin melanoma,18.514434873969503,194310.93791402903,9.52825150901234e-05
Nepal,2019,Ovarian cancer,389.43079335670495,194310.93791402903,0.002004163005630722
Nepal,2019,Chronic kidney disease due to glomerulonephritis,357.7272645795813,194310.93791402903,0.0018410042605931645
Nepal,2019,Chronic kidney disease due to other and unspecified causes,1072.4743318029243,194310.93791402903,0.005519371906266183
Nepal,2019,Urinary tract infections and interstitial nephritis,521.826931362418,194310.93791402903,0.0026855252563975337
Nepal,2020,Congenital heart anomalies,1002.7656299871326,213579.77815327182,0.00469504013281405
Nepal,2020,Orofacial clefts,15.23389847789634,213579.77815327182,7.132650202007418e-05
Nepal,2020,Down syndrome,42.494798777764544,213579.77815327182,0.0001989645234450468
Nepal,2020,Other chromosomal abnormalities,42.58881665677474,213579.77815327182,0.0001994047237290958
Nepal,2020,Congenital musculoskeletal and limb anomalies,27.33759221046918,213579.77815327182,0.00012799709994478425
Nepal,2020,Urogenital congenital anomalies,38.60260202898347,213579.77815327182,0.00018074090329507216
Nepal,2020,Digestive congenital anomalies,199.12690024137257,213579.77815327182,0.00093233030749977
Nepal,2020,Other congenital birth defects,2.6077052895585404,213579.77815327182,1.2209513991006986e-05
Nepal,2020,Cellulitis,0.5690022011561167,213579.77815327182,2.664120199374784e-06
Nepal,2020,Pyoderma,1.331661054781497,213579.77815327182,6.234958507288333e-06
Nepal,2020,Decubitus ulcer,2.4008912677021743,213579.77815327182,1.1241191879032745e-05
Nepal,2020,Other skin and subcutaneous diseases,1.797444236639953,213579.77815327182,8.415797844635124e-06
Nepal,2020,Sudden infant death syndrome,98.95183524651183,213579.77815327182,0.00046330151712912056
Nepal,2020,Pedestrian road injuries,941.3109513250118,213579.77815327182,0.004407303722590705
Nepal,2020,Cyclist road injuries,152.81799433715102,213579.77815327182,0.0007155077866383204
Nepal,2020,Motorcyclist road injuries,921.5679220692851,213579.77815327182,0.004314865059031656
Nepal,2019,Urolithiasis,64.19284216239167,194310.93791402903,0.00033036144465934883
Nepal,2019,Other urinary diseases,516.7055238825817,194310.93791402903,0.00265916849267226
Nepal,2019,Uterine fibroids,15.504147401616946,194310.93791402903,7.979039969678189e-05
Nepal,2019,Endometriosis,0.2254271871029151,194310.93791402903,1.1601363748378032e-06
Nepal,2019,Genital prolapse,2.8002896816730054,194310.93791402903,1.4411384720462654e-05
Nepal,2019,Other gynecological diseases,27.259748449351296,194310.93791402903,0.00014028931537251961
Nepal,2019,Thalassemias,56.31360798149211,194310.93791402903,0.0002898118273012892
Nepal,2019,Sickle cell disorders,8.544764862290265,194310.93791402903,4.3974698254355665e-05
Nepal,2019,G6PD deficiency,27.733186667634985,194310.93791402903,0.00014272581340688738
Nepal,2019,Other hemoglobinopathies and hemolytic anemias,186.42478398076645,194310.93791402903,0.000959414770892868
Nepal,2019,"Other endocrine, metabolic, blood, and immune disorders",48.28076076134699,194310.93791402903,0.0002484716572296529
Nepal,2019,Rheumatoid arthritis,143.6552251128844,194310.93791402903,0.0007393059117260978
Nepal,2019,Other musculoskeletal disorders,219.63205382400233,194310.93791402903,0.0011303123549389505
Nepal,2019,Neural tube defects,139.3655152482342,194310.93791402903,0.0007172293888566125
Nepal,2019,Conflict and terrorism,13.98941154501567,194310.93791402903,7.199497720094969e-05
Nepal,2019,Multidrug-resistant tuberculosis without extensive drug resistance,612.1149265100208,194310.93791402903,0.0031501825531861983
Nepal,2019,Extensively drug-resistant tuberculosis,27.30021698968731,194310.93791402903,0.0001404975822913583
Nepal,2019,HIV/AIDS - Drug-susceptible Tuberculosis,201.8915665817872,194310.93791402903,0.001039012876728083
Nepal,2019,HIV/AIDS - Multidrug-resistant Tuberculosis without extensive drug resistance,27.36559747827994,194310.93791402903,0.00014083405582853797
Nepal,2019,HIV/AIDS - Extensively drug-resistant Tuberculosis,1.2186219654201005,194310.93791402903,6.271504725890767e-06
Nepal,2019,Invasive Non-typhoidal Salmonella (iNTS),82.14245070597792,194310.93791402903,0.0004227371427866868
Nepal,2019,"Myelodysplastic, myeloproliferative, and other hematopoietic neoplasms",20.69813350152599,194310.93791402903,0.00010652068135600106
Nepal,2019,Non-rheumatic calcific aortic valve disease,121.99691914530464,194310.93791402903,0.0006278438077391247
Nepal,2019,Non-rheumatic degenerative mitral valve disease,65.44754249824828,194310.93791402903,0.0003368186227746217
Nepal,2019,Other non-rheumatic valve diseases,1.9223251633092393,194310.93791402903,9.893036305345576e-06
Nepal,2019,Nonalcoholic fatty liver disease including cirrhosis,146.71108016394854,194310.93791402903,0.0007550325356818535
Nepal,2019,Diabetes mellitus type 1,247.58183714981183,194310.93791402903,0.0012741528593688946
Nepal,2019,Diabetes mellitus type 2,6819.012274691804,194310.93791402903,0.03509330122068995
Nepal,2020,Motor vehicle road injuries,747.4394487292986,213579.77815327182,0.00349957966616536
Nepal,2020,Other road injuries,20.2859684300446,213579.77815327182,9.49807542897939e-05
Nepal,2020,Other transport injuries,216.82050947911,213579.77815327182,0.001015173399625467
Nepal,2020,Maternal abortion and miscarriage,26.208836211687505,213579.77815327182,0.00012271216141482828
Nepal,2020,Liver cancer due to NASH,36.89920854454331,213579.77815327182,0.00017276545964975783
Nepal,2020,Chronic kidney disease due to diabetes mellitus type 1,178.43011808095395,213579.77815327182,0.0008354260858577476
Nepal,2020,Chronic kidney disease due to diabetes mellitus type 2,567.0647331500339,213579.77815327182,0.0026550487974713118
Nepal,2020,Pulmonary Arterial Hypertension,82.84030030815931,213579.77815327182,0.0003878658411598799
Nepal,2020,Hepatoblastoma,3.427829579070071,213579.77815327182,1.604941071064391e-05
Nepal,2020,Burkitt lymphoma,9.00896761896672,213579.77815327182,4.218080801873289e-05
Nepal,2020,Other non-Hodgkin lymphoma,461.7789013563486,213579.77815327182,0.002162090930841594
Nepal,2020,Retinoblastoma,12.195461063130123,213579.77815327182,5.7100260935650297e-05
Nepal,2020,Other eye cancers,6.859326679292917,213579.77815327182,3.211599308980666e-05
Nepal,2020,Soft tissue and other extraosseous sarcomas,134.64223490938656,213579.77815327182,0.000630407223350344
Nepal,2020,Malignant neoplasm of bone and articular cartilage,222.9315999337572,213579.77815327182,0.0010437860824716008
Nepal,2020,Neuroblastoma and other peripheral nervous cell tumors,11.017038876906298,213579.77815327182,5.1582780786484907e-05
Nepal,2020,Ulcerative colitis,91.29892805657576,213579.77815327182,0.0004274699077131575
Nepal,2020,Crohn's disease,17.06171804041049,213579.77815327182,7.988451991071197e-05
Nepal,2020,Total burden related to hepatitis B,2458.0678180431523,213579.77815327182,0.011508897702286977
Nepal,2020,Total burden related to hepatitis C,781.2433446290574,213579.77815327182,0.0036578525897166714
Nepal,2020,Total burden related to Non-alcoholic fatty liver disease (NAFLD),187.4185652420038,213579.77815327182,0.0008775108152210277
Nepal,2020,Total cancers,13628.32919514044,213579.77815327182,0.0638090802087092
Nepal,2020,Thyroid diseases,16.505861955963127,213579.77815327182,7.728195102870638e-05
Nepal,2020,COVID-19,21168.825984759816,213579.77815327182,0.09911437387845012
Nepal,2021,HIV/AIDS resulting in other diseases,521.074168109347,249609.49997326656,0.0020875574373778027
Nepal,2021,Testicular cancer,31.197687253548068,249609.49997326656,0.0001249859771238249
Nepal,2021,Kidney cancer,130.49834872549218,249609.49997326656,0.0005228100242156997
Nepal,2021,Bladder cancer,188.26741289625912,249609.49997326656,0.0007542477867085297
Nepal,2021,Brain and central nervous system cancer,359.405386194398,249609.49997326656,0.0014398706228444457
Nepal,2021,Thyroid cancer,135.48940614102872,249609.49997326656,0.0005428054867925291
Nepal,2021,Mesothelioma,16.944953424851814,249609.49997326656,6.78858514065636e-05
Nepal,2021,Hodgkin lymphoma,100.92627862577564,249609.49997326656,0.00040433668845370446
Nepal,2021,Multiple myeloma,174.59370967539996,249609.49997326656,0.0006994674068659211
Nepal,2021,Other malignant neoplasms,592.3005670196859,249609.49997326656,0.0023729087518028036
Nepal,2021,Rheumatic heart disease,4298.935313715985,249609.49997326656,0.017222643025110847
Nepal,2021,Ischemic heart disease,19517.5243688442,249609.49997326656,0.07819223375286015
Nepal,2021,Ischemic stroke,6876.331136159393,249609.49997326656,0.027548355078215594
Nepal,2021,Intracerebral hemorrhage,8651.757684658343,249609.49997326656,0.03466117149221066
Nepal,2021,Subarachnoid hemorrhage,798.32342403229,249609.49997326656,0.0031982894245523156
Nepal,2021,Hypertensive heart disease,3227.3757358403304,249609.49997326656,0.012929699134792489
Nepal,2021,Atrial fibrillation and flutter,504.4988762106569,249609.49997326656,0.0020211525453345696
Nepal,2021,Aortic aneurysm,167.41558718732023,249609.49997326656,0.0006707099978376248
Nepal,2021,Lower extremity peripheral arterial disease,53.56579470357496,249609.49997326656,0.00021459838150916495
Nepal,2021,Endocarditis,154.97297026272176,249609.49997326656,0.0006208616670411965
Nepal,2019,Cystic echinococcosis,25.52362681644011,194310.93791402903,0.0001313545551806908
Nepal,2019,Dengue,472.8787276854123,194310.93791402903,0.0024336186771669686
Nepal,2019,Yellow fever,0.0,194310.93791402903,0.0
Nepal,2019,Rabies,292.33193524221235,194310.93791402903,0.0015044543471430917
Nepal,2019,Ascariasis,1.9169877010729803,194310.93791402903,9.86556763943537e-06
Nepal,2019,Other neglected tropical diseases,37.51682601223593,194310.93791402903,0.00019307624375131618
Nepal,2019,Maternal hemorrhage,121.98692423310648,194310.93791402903,0.0006277923700161356
Nepal,2019,Maternal sepsis and other maternal infections,24.74856992247681,194310.93791402903,0.0001273658096047407
Nepal,2019,Maternal hypertensive disorders,67.69752761007891,194310.93791402903,0.0003483979251854109
Nepal,2019,Maternal obstructed labor and uterine rupture,30.101829140421028,194310.93791402903,0.00015491577295427027
Nepal,2019,Ectopic pregnancy,0.2914270779434126,194310.93791402903,1.499797597973366e-06
Nepal,2019,Indirect maternal deaths,85.72559298384398,194310.93791402903,0.00044117739281240273
Nepal,2019,Late maternal deaths,11.43669131249823,194310.93791402903,5.8857681586397784e-05
Nepal,2019,Neonatal preterm birth,3135.8624787220606,194310.93791402903,0.016138373435825276
Nepal,2019,Neonatal encephalopathy due to birth asphyxia and trauma,3559.063274218455,194310.93791402903,0.018316330065748166
Nepal,2019,Neonatal sepsis and other neonatal infections,1379.3002220051903,194310.93791402903,0.007098417808139284
Nepal,2019,Hemolytic disease and other neonatal jaundice,484.2708577856956,194310.93791402903,0.002492247029346112
Nepal,2019,Other neonatal disorders,828.6597321078384,194310.93791402903,0.004264606722625521
Nepal,2019,Protein-energy malnutrition,1044.4312575788906,194310.93791402903,0.005375051290427042
Nepal,2019,Other nutritional deficiencies,398.8011075128422,194310.93791402903,0.0020523863030772246
Nepal,2019,Syphilis,310.17856068127224,194310.93791402903,0.0015963000539810461
Nepal,2019,Chlamydial infection,6.382362889096588,194310.93791402903,3.284613289201662e-05
Nepal,2019,Gonococcal infection,2.066285513480926,194310.93791402903,1.063391250983068e-05
Nepal,2019,Other sexually transmitted infections,20.025381476633807,194310.93791402903,0.00010305843660480833
Nepal,2019,Acute hepatitis A,580.2472864208993,194310.93791402903,0.0029861792272220106
Nepal,2019,Vascular intestinal disorders,179.95110174597227,194310.93791402903,0.0009260986729712039
Nepal,2019,Gallbladder and biliary diseases,133.24386233724616,194310.93791402903,0.0006857249713662471
Nepal,2019,Pancreatitis,613.2661494980989,194310.93791402903,0.003156107196443221
Nepal,2020,Diarrheal diseases,3326.340308243477,213579.77815327182,0.015574228688712218
Nepal,2020,Typhoid fever,896.881218974725,213579.77815327182,0.004199279663691259
Nepal,2020,Paratyphoid fever,200.1744052605439,213579.77815327182,0.0009372348215330208
Nepal,2020,Other intestinal infectious diseases,3.7536057923230377,213579.77815327182,1.75747246522062e-05
Nepal,2020,Lower respiratory infections,7791.813337074717,213579.77815327182,0.036481980665243774
Nepal,2020,Upper respiratory infections,51.05484569685851,213579.77815327182,0.00023904344380496493
Nepal,2020,Otitis media,3.3847462920090816,213579.77815327182,1.5847690831386094e-05
Nepal,2019,Alzheimer's disease and other dementias,2345.5561751293835,194310.93791402903,0.01207114844027541
Nepal,2019,Parkinson's disease,606.6838798633532,194310.93791402903,0.003122232265338427
Nepal,2019,Idiopathic epilepsy,1076.4782134888883,194310.93791402903,0.005539977445660653
Nepal,2019,Multiple sclerosis,5.0209342403651815,194310.93791402903,2.5839689182019414e-05
Nepal,2019,Motor neuron disease,7.522297222518492,194310.93791402903,3.871268032192124e-05
Nepal,2019,Other neurological disorders,19.467110820246777,194310.93791402903,0.00010018535770158143
Nepal,2019,Alcohol use disorders,220.88517166382593,194310.93791402903,0.001136761388911387
Nepal,2019,Opioid use disorders,54.73977277900528,194310.93791402903,0.0002817122564825679
Nepal,2019,Cocaine use disorders,9.09178112440101,194310.93791402903,4.678985764776443e-05
Nepal,2019,Amphetamine use disorders,1.7258008321254144,194310.93791402903,8.881645318849616e-06
Nepal,2019,Other drug use disorders,13.156366743306403,194310.93791402903,6.770780319699403e-05
Nepal,2019,Anorexia nervosa,0.0484429573306217,194310.93791402903,2.4930638414217735e-07
Nepal,2019,Acute glomerulonephritis,5.148646193967792,194310.93791402903,2.6496944789828354e-05
Nepal,2019,Chronic kidney disease due to hypertension,432.67034340671313,194310.93791402903,0.002226690623037103
Nepal,2021,Congenital heart anomalies,1026.2831249377805,249609.49997326656,0.004111554748708268
Nepal,2021,Orofacial clefts,15.80206385141631,249609.49997326656,6.330714116693767e-05
Nepal,2021,Down syndrome,43.58974377165115,249609.49997326656,0.00017463174989862027
Nepal,2021,Other chromosomal abnormalities,45.27853781589502,249609.49997326656,0.00018139749416886937
Nepal,2021,Congenital musculoskeletal and limb anomalies,27.033819573347294,249609.49997326656,0.0001083044498556451
Nepal,2021,Urogenital congenital anomalies,39.44865520836948,249609.49997326656,0.00015804148164470693
Nepal,2021,Digestive congenital anomalies,202.6934805841434,249609.49997326656,0.0008120423325468465
Nepal,2021,Other congenital birth defects,2.654102634913474,249609.49997326656,1.0633019316964023e-05
Nepal,2021,Cellulitis,0.5990581169333768,249609.49997326656,2.3999812386849725e-06
Nepal,2021,Pyoderma,1.367610563427774,249609.49997326656,5.479000453004579e-06
Nepal,2021,Decubitus ulcer,2.702275013696807,249609.49997326656,1.0826010284008516e-05
Nepal,2021,Other skin and subcutaneous diseases,1.9941526888553025,249609.49997326656,7.98908971440942e-06
Nepal,2021,Sudden infant death syndrome,98.49544110005746,249609.49997326656,0.00039459812671635666
Nepal,2021,Pedestrian road injuries,1015.3998121115388,249609.49997326656,0.004067953392079585
Nepal,2021,Cyclist road injuries,168.04725604594174,249609.49997326656,0.0006732406261137488
Nepal,2021,Motorcyclist road injuries,1016.9934996617088,249609.49997326656,0.004074338115218491
Nepal,2019,Physical violence by firearm,49.3254122097763,194310.93791402903,0.0002538478417082205
Nepal,2019,Physical violence by sharp object,40.17983488165453,194310.93791402903,0.00020678112777898125
Nepal,2019,Physical violence by other means,508.1714889155562,194310.93791402903,0.0026152490146508977
Nepal,2019,Exposure to forces of nature,146.99159984915912,194310.93791402903,0.0007564761995755181
Nepal,2019,Maternal deaths aggravated by HIV/AIDS,0.2272745286960784,194310.93791402903,1.169643516396559e-06
Nepal,2019,Environmental heat and cold exposure,42.26046483687611,194310.93791402903,0.00021748886239010302
Nepal,2019,Ebola,0.0,194310.93791402903,0.0
Nepal,2019,Acute lymphoid leukemia,184.48764166599145,194310.93791402903,0.0009494454797373074
Nepal,2019,Chronic lymphoid leukemia,20.137646988690765,194310.93791402903,0.00010363619878979983
Nepal,2019,Acute myeloid leukemia,165.45597338697692,194310.93791402903,0.000851501079471817
Nepal,2019,Chronic myeloid leukemia,107.36013336050088,194310.93791402903,0.0005525171897837337
Nepal,2019,Non-melanoma skin cancer (squamous-cell carcinoma),64.90620147746625,194310.93791402903,0.00033403267039029666
Nepal,2019,Police conflict and executions,9.086936176928583,194310.93791402903,4.676492365524482e-05
Nepal,2019,Drug-susceptible tuberculosis,5586.044524086786,194310.93791402903,0.028747967479619066
Nepal,2019,Zika virus,0.0,194310.93791402903,0.0
Nepal,2019,Alcoholic cardiomyopathy,41.40402025093598,194310.93791402903,0.00021308126395465593
Nepal,2020,Meningitis,838.8445532337078,213579.77815327182,0.00392754670169067
Nepal,2020,Encephalitis,494.09258043785456,213579.77815327182,0.002313386523340602
Nepal,2020,Diphtheria,5.057408697990124,213579.77815327182,2.3679248764650194e-05
Nepal,2020,Pertussis,210.4274061576029,213579.77815327182,0.0009852403068168435
Nepal,2020,Tetanus,259.414242610952,213579.77815327182,0.001214601142739215
Nepal,2020,Measles,462.43249994809435,213579.77815327182,0.0021651511390569835
Nepal,2020,Varicella and herpes zoster,75.71710849575207,213579.77815327182,0.00035451440745207165
Nepal,2020,Malaria,0.3245005574789545,213579.77815327182,1.5193412048873013e-06
Nepal,2020,Chagas disease,0.0,213579.77815327182,0.0
Nepal,2020,Visceral leishmaniasis,24.04638980459004,213579.77815327182,0.0001125873901195532
Nepal,2020,African trypanosomiasis,0.0,213579.77815327182,0.0
Nepal,2020,Schistosomiasis,0.0,213579.77815327182,0.0
Nepal,2020,Cysticercosis,1.5053419913854025,213579.77815327182,7.048148492340506e-06
Nepal,2020,Other cardiovascular and circulatory diseases,557.3715374946418,213579.77815327182,0.0026096643713837634
Nepal,2020,Chronic obstructive pulmonary disease,20567.78690028423,213579.77815327182,0.09630025406957823
Nepal,2019,Electrocution,44.37349383450728,194310.93791402903,0.00022836333513113862
Nepal,2019,Myocarditis,87.91303425581204,194310.93791402903,0.0004524348201886005
Nepal,2019,Other leukemia,159.03671986923936,194310.93791402903,0.0008184650929923647
Nepal,2019,Other cardiomyopathy,972.5732423250398,194310.93791402903,0.005005241870405388
Nepal,2020,Silicosis,8.73437126522026,213579.77815327182,4.089512284703372e-05
Nepal,2020,Asbestosis,2.255768539474582,213579.77815327182,1.0561714030135236e-05
Nepal,2020,Coal workers pneumoconiosis,2.2277081281805295,213579.77815327182,1.04303326253193e-05
Nepal,2020,Other pneumoconiosis,5.474433965888209,213579.77815327182,2.5631799102064693e-05
Nepal,2020,Asthma,3676.413840960078,213579.77815327182,0.01721330489594274
Nepal,2020,Interstitial lung disease and pulmonary sarcoidosis,635.3867266095137,213579.77815327182,0.002974938601881773
Nepal,2020,Other chronic respiratory diseases,372.4504151731173,213579.77815327182,0.001743846811685677
Nepal,2020,Chronic hepatitis B including cirrhosis,2231.812928141257,213579.77815327182,0.010449551673097232
Nepal,2020,Chronic hepatitis C including cirrhosis,627.5504878281401,213579.77815327182,0.0029382486172346775
Nepal,2020,Cirrhosis due to alcohol,1925.3777162658423,213579.77815327182,0.009014794063903037
Nepal,2020,Cirrhosis due to other causes,640.3921240813887,213579.77815327182,0.0029983743293422772
Nepal,2020,Peptic ulcer disease,2258.1801206042896,213579.77815327182,0.010573005272923104
Nepal,2020,Gastritis and duodenitis,173.33156421923425,213579.77815327182,0.0008115541916840361
Nepal,2020,Appendicitis,305.0163589861508,213579.77815327182,0.0014281144105658782
Nepal,2020,Paralytic ileus and intestinal obstruction,1123.70693065539,213579.77815327182,0.0052612983325087135
Nepal,2020,"Inguinal, femoral, and abdominal hernia",256.06356689275873,213579.77815327182,0.0011989129734417045
Nepal,2021,Motor vehicle road injuries,856.1241759685205,249609.49997326656,0.003429854136401909
Nepal,2021,Other road injuries,21.289931711286933,249609.49997326656,8.529295444911795e-05
Nepal,2021,Other transport injuries,244.1400510074095,249609.49997326656,0.00097808797755517
Nepal,2021,Maternal abortion and miscarriage,22.22175945633829,249609.49997326656,8.902609659775876e-05
Nepal,2021,Liver cancer due to NASH,41.830620738782855,249609.49997326656,0.00016758424957088154
Nepal,2021,Chronic kidney disease due to diabetes mellitus type 1,202.38976075753752,249609.49997326656,0.0008108255526300628
Nepal,2021,Chronic kidney disease due to diabetes mellitus type 2,622.9368348891409,249609.49997326656,0.0024956455381540286
Nepal,2021,Pulmonary Arterial Hypertension,89.01864622091108,249609.49997326656,0.00035663164354900385
Nepal,2021,Hepatoblastoma,3.5431155498972258,249609.49997326656,1.419463421975805e-05
Nepal,2021,Burkitt lymphoma,9.44065952555485,249609.49997326656,3.782171562607174e-05
Nepal,2021,Other non-Hodgkin lymphoma,448.81155086058385,249609.49997326656,0.001798054765177816
Nepal,2021,Retinoblastoma,12.098064473030478,249609.49997326656,4.846796485841361e-05
Nepal,2021,Other eye cancers,6.632689852236621,249609.49997326656,2.6572265290171205e-05
Nepal,2021,Soft tissue and other extraosseous sarcomas,132.06494398945793,249609.49997326656,0.0005290862086723551
Nepal,2021,Malignant neoplasm of bone and articular cartilage,222.13849404977455,249609.49997326656,0.0008899440689299318
Nepal,2021,Neuroblastoma and other peripheral nervous cell tumors,11.34875867573793,249609.49997326656,4.546605268210302e-05
Nepal,2021,Ulcerative colitis,81.87202751838824,249609.49997326656,0.0003280004468065391
Nepal,2021,Crohn's disease,14.986458677695374,249609.49997326656,6.003961659832835e-05
Nepal,2021,Total burden related to hepatitis B,2292.354360698728,249609.49997326656,0.009183762480771933
Nepal,2021,Total burden related to hepatitis C,748.2472636739742,249609.49997326656,0.0029976714177710074
Nepal,2021,Total burden related to Non-alcoholic fatty liver disease (NAFLD),181.9232755949671,249609.49997326656,0.0007288315373190975
Nepal,2021,Total cancers,14996.02300818113,249609.49997326656,0.06007793377170027
Nepal,2021,Thyroid diseases,18.19900159249848,249609.49997326656,7.290989162851419e-05
Nepal,2021,COVID-19,53200.07025682596,249609.49997326656,0.21313319510084247
Nepal,2020,Falls,2832.9244292663907,213579.77815327182,0.013264010543326774
Nepal,2020,Drowning,1921.573703977824,213579.77815327182,0.008996983331440863
Nepal,2020,"Fire, heat, and hot substances",565.8808448489963,213579.77815327182,0.002649505724474073
Nepal,2020,Poisoning by carbon monoxide,314.4461246887127,213579.77815327182,0.0014722654335892038
Nepal,2020,Poisoning by other means,672.845061041264,213579.77815327182,0.003150321939928266
Nepal,2020,Unintentional firearm injuries,2.3888694314675143,213579.77815327182,1.1184904545378746e-05
Nepal,2020,Other exposure to mechanical forces,277.3064328495713,213579.77815327182,0.0012983740092218242
Nepal,2020,Adverse effects of medical treatment,739.4723276425902,213579.77815327182,0.0034622768786280915
Nepal,2020,Venomous animal contact,670.3425534759806,213579.77815327182,0.0031386049712764513
Nepal,2020,Non-venomous animal contact,20.31513694246134,213579.77815327182,9.511732392512616e-05
Nepal,2020,Pulmonary aspiration and foreign body in airway,49.55641683526413,213579.77815327182,0.00023202766321679026
Nepal,2020,Foreign body in other body part,2.991682417112243,213579.77815327182,1.4007329921306098e-05
Nepal,2020,Other unintentional injuries,86.70077586181527,213579.77815327182,0.0004059409397812744
Nepal,2020,Self-harm by firearm,367.3490655901056,213579.77815327182,0.001719961827689904
Nepal,2020,Total Cancers excluding Non-melanoma skin cancer,13559.789624514146,213579.77815327182,0.06348817168816047
Nepal,2020,Other direct maternal disorders,101.65877749371296,213579.77815327182,0.00047597566760631854
Nepal,2020,Other digestive diseases,515.8458016606822,213579.77815327182,0.002415237089021108
Nepal,2020,Self-harm by other specified means,4238.246475512007,213579.77815327182,0.019843856530605174
Nepal,2020,Other benign and in situ neoplasms,84.20572899689776,213579.77815327182,0.00039425890280899616
Nepal,2020,Acute hepatitis B,114.85861948858675,213579.77815327182,0.0005377785316649241
Nepal,2020,Acute hepatitis C,27.235730458308353,213579.77815327182,0.000127520173931275
Nepal,2020,Acute hepatitis E,14.136904942191,213579.77815327182,6.619027823900958e-05
Nepal,2020,Other unspecified infectious diseases,1216.2709658893532,213579.77815327182,0.005694691587405421
Nepal,2020,Esophageal cancer,965.344764856735,213579.77815327182,0.0045198322294537265
Nepal,2020,Stomach cancer,1294.9112878632222,213579.77815327182,0.006062892746961988
Nepal,2020,Liver cancer due to hepatitis B,111.3962704133096,213579.77815327182,0.0005215674975248265
Nepal,2020,Liver cancer due to hepatitis C,126.45712634260867,213579.77815327182,0.0005920837985507173
Nepal,2020,Liver cancer due to alcohol use,110.42503283551694,213579.77815327182,0.0005170200746077764
Nepal,2020,Liver cancer due to other causes,15.298452960882631,213579.77815327182,7.162875199684851e-05
Nepal,2020,Larynx cancer,403.6664797249576,213579.77815327182,0.001890003272853263
Nepal,2020,"Tracheal, bronchus, and lung cancer",1275.2600828926268,213579.77815327182,0.005970884013080388
Nepal,2020,Breast cancer,1060.9269477381483,213579.77815327182,0.004967356726893838
Nepal,2020,Cervical cancer,985.440668919027,213579.77815327182,0.004613923085039645
Nepal,2020,Uterine cancer,90.43970522768204,213579.77815327182,0.0004234469480663078
Nepal,2020,Prostate cancer,398.7318214034954,213579.77815327182,0.001866898752546472
Nepal,2020,Colon and rectum cancer,716.3972723060884,213579.77815327182,0.003354237365074789
Nepal,2020,Lip and oral cavity cancer,903.6148127668058,213579.77815327182,0.004230806963936175
Nepal,2020,Nasopharynx cancer,189.94570964786908,213579.77815327182,0.0008893431358073508
Nepal,2020,Other pharynx cancer,553.488605919887,213579.77815327182,0.0025914841316235734
Nepal,2020,Gallbladder and biliary tract cancer,406.004083400131,213579.77815327182,0.0019009481464521852
Nepal,2020,Pancreatic cancer,249.86501887963675,213579.77815327182,0.0011698908063305761
Nepal,2020,Malignant skin melanoma,19.46308235109729,213579.77815327182,9.112792662014074e-05
Nepal,2020,Ovarian cancer,410.14408343626417,213579.77815327182,0.0019203320041934464
Nepal,2020,Chronic kidney disease due to glomerulonephritis,367.2075198182183,213579.77815327182,0.0017192990974768136
Nepal,2020,Chronic kidney disease due to other and unspecified causes,1111.4312839302304,213579.77815327182,0.0052038226349904295
Nepal,2020,Urinary tract infections and interstitial nephritis,533.6184974961865,213579.77815327182,0.002498450471810325
Nepal,2020,Urolithiasis,65.15739855110306,213579.77815327182,0.0003050728824352649
Nepal,2020,Other urinary diseases,507.5166133258954,213579.77815327182,0.002376239069607446
Nepal,2020,Uterine fibroids,15.719654968061135,213579.77815327182,7.360085820849667e-05
Nepal,2020,Endometriosis,0.2210771332383663,213579.77815327182,1.0351033002745894e-06
Nepal,2020,Genital prolapse,2.9769964093894594,213579.77815327182,1.393856869376964e-05
Nepal,2020,Other gynecological diseases,27.970752611463993,213579.77815327182,0.0001309616146870949
Nepal,2020,Thalassemias,57.02918546781232,213579.77815327182,0.00026701584747824915
Nepal,2020,Sickle cell disorders,8.768619352616298,213579.77815327182,4.1055475515681314e-05
Nepal,2020,G6PD deficiency,27.32725140790212,213579.77815327182,0.0001279486833640739
Nepal,2020,Other hemoglobinopathies and hemolytic anemias,185.9387941730468,213579.77815327182,0.0008705823921195903
Nepal,2020,"Other endocrine, metabolic, blood, and immune disorders",51.16042949197155,213579.77815327182,0.00023953779676303042
Nepal,2020,Rheumatoid arthritis,153.39753707193523,213579.77815327182,0.000718221258577449
Nepal,2020,Other musculoskeletal disorders,234.32948738685377,213579.77815327182,0.0010971520310255744
Nepal,2020,Neural tube defects,140.8990563614542,213579.77815327182,0.0006597022320172111
Nepal,2020,Conflict and terrorism,10.041601151124,213579.77815327182,4.701569239348971e-05
Nepal,2020,Multidrug-resistant tuberculosis without extensive drug resistance,590.3074361965243,213579.77815327182,0.002763873252892418
Nepal,2020,Extensively drug-resistant tuberculosis,27.327026804276965,213579.77815327182,0.00012794763174941683
Nepal,2020,HIV/AIDS - Drug-susceptible Tuberculosis,173.83791795438913,213579.77815327182,0.0008139249860519911
Nepal,2020,HIV/AIDS - Multidrug-resistant Tuberculosis without extensive drug resistance,24.393275317744003,213579.77815327182,0.00011421153972844092
Nepal,2020,HIV/AIDS - Extensively drug-resistant Tuberculosis,1.125994559121788,213579.77815327182,5.27200921762236e-06
Nepal,2020,Invasive Non-typhoidal Salmonella (iNTS),82.74924327468531,213579.77815327182,0.00038743950382466336
Nepal,2020,"Myelodysplastic, myeloproliferative, and other hematopoietic neoplasms",22.029930348170353,213579.77815327182,0.00010314614304150535
Nepal,2020,Non-rheumatic calcific aortic valve disease,127.9306695247948,213579.77815327182,0.000598983062118304
Nepal,2020,Non-rheumatic degenerative mitral valve disease,67.59457290381269,213579.77815327182,0.0003164839550273557
Nepal,2020,Other non-rheumatic valve diseases,2.00323532130202,213579.77815327182,9.379330471372777e-06
Nepal,2020,Nonalcoholic fatty liver disease including cirrhosis,150.51935669746055,213579.77815327182,0.0007047453555712701
Nepal,2020,Diabetes mellitus type 1,258.28228906592113,213579.77815327182,0.001209301233006101
Nepal,2020,Diabetes mellitus type 2,7077.346423124231,213579.77815327182,0.0331367814140405
Nepal,2021,Diarrheal diseases,3015.0482419899367,249609.49997326656,0.01207906046169257
Nepal,2021,Typhoid fever,842.7588866091165,249609.49997326656,0.0033763093419896953
Nepal,2021,Paratyphoid fever,187.25256224889145,249609.49997326656,0.0007501820334119751
Nepal,2021,Other intestinal infectious diseases,4.035425287171295,249609.49997326656,1.616695393245647e-05
Nepal,2021,Lower respiratory infections,6976.922335407393,249609.49997326656,0.027951349352306816
Nepal,2021,Upper respiratory infections,50.397880218770794,249609.49997326656,0.0002019068994736517
Nepal,2021,Otitis media,3.0533932031327393,249609.49997326656,1.2232680260405798e-05
Nepal,2021,Meningitis,753.1094255374329,249609.49997326656,0.0030171504915401525
Nepal,2021,Encephalitis,477.1145211656328,249609.49997326656,0.0019114437600200806
Nepal,2021,Diphtheria,4.517910910310243,249609.49997326656,1.8099915711517854e-05
Nepal,2021,Pertussis,124.81689590145716,249609.49997326656,0.0005000486596656985
Nepal,2021,Tetanus,226.5268175306337,249609.49997326656,0.0009075248239946596
Nepal,2021,Measles,208.6632781665751,249609.49997326656,0.000835958880527076
Nepal,2021,Varicella and herpes zoster,69.56338264528371,249609.49997326656,0.00027868884258305083
Nepal,2021,Malaria,0.230118992534111,249609.49997326656,9.219160030317636e-07
Nepal,2021,Chagas disease,0.0,249609.49997326656,0.0
Nepal,2021,Visceral leishmaniasis,22.417955051696,249609.49997326656,8.981210672709568e-05
Nepal,2021,African trypanosomiasis,0.0,249609.49997326656,0.0
Nepal,2021,Schistosomiasis,0.0,249609.49997326656,0.0
Nepal,2021,Cysticercosis,1.5884303175148362,249609.49997326656,6.363661309705595e-06
Nepal,2021,Other cardiovascular and circulatory diseases,615.4899867357302,249609.49997326656,0.0024658115448396387
Nepal,2021,Chronic obstructive pulmonary disease,19557.512812841676,249609.49997326656,0.07835243776753813
Nepal,2021,Silicosis,8.078140782559421,249609.49997326656,3.236311431826352e-05
Nepal,2021,Asbestosis,2.1567110562470018,249609.49997326656,8.6403404376756e-06
Nepal,2021,Coal workers pneumoconiosis,2.1873118760306287,249609.49997326656,8.762935209857366e-06
Nepal,2021,Other pneumoconiosis,5.271038705994213,249609.49997326656,2.11171397986004e-05
Nepal,2021,Asthma,3558.902973425201,249609.49997326656,0.014257882708015372
Nepal,2021,Interstitial lung disease and pulmonary sarcoidosis,619.8329958503036,249609.49997326656,0.002483210758872112
Nepal,2021,Other chronic respiratory diseases,353.7134299043109,249609.49997326656,0.0014170671787019082
Nepal,2021,Chronic hepatitis B including cirrhosis,2039.6641842036056,249609.49997326656,0.008171420496503762
Nepal,2021,Chronic hepatitis C including cirrhosis,574.6843122677449,249609.49997326656,0.002302333494235172
Nepal,2021,Cirrhosis due to alcohol,1768.3129932123154,249609.49997326656,0.007084317677819568
Nepal,2021,Cirrhosis due to other causes,598.0968216053019,249609.49997326656,0.0023961300418027308
Nepal,2021,Peptic ulcer disease,1970.0134978747328,249609.49997326656,0.00789238189285954
Nepal,2021,Gastritis and duodenitis,152.56314136475484,249609.49997326656,0.0006112072712821207
Nepal,2021,Appendicitis,267.9314921355997,249609.49997326656,0.001073402623555175
Nepal,2021,Paralytic ileus and intestinal obstruction,995.000022738748,249609.49997326656,0.003986226577294989
Nepal,2021,"Inguinal, femoral, and abdominal hernia",227.112280207566,249609.49997326656,0.0009098703383961346
Nepal,2021,Falls,3063.5421029477625,249609.49997326656,0.012273339369198171
Nepal,2021,Drowning,2005.5939371625504,249609.49997326656,0.008034926304396875
Nepal,2021,"Fire, heat, and hot substances",562.853040405465,249609.49997326656,0.00225493436934791
Nepal,2021,Poisoning by carbon monoxide,343.9553626588172,249609.49997326656,0.0013779738459299632
Nepal,2021,Poisoning by other means,716.990023163371,249609.49997326656,0.0028724468549480744
Nepal,2021,Unintentional firearm injuries,2.3048227670071455,249609.49997326656,9.2337141304878e-06
Nepal,2021,Other exposure to mechanical forces,293.660836960013,249609.49997326656,0.0011764810113055167
Nepal,2021,Adverse effects of medical treatment,667.4880460029431,249609.49997326656,0.0026741291740676205
Nepal,2021,Venomous animal contact,728.5277816209534,249609.49997326656,0.002918670089475679
Nepal,2021,Non-venomous animal contact,27.099708449564258,249609.49997326656,0.00010856841767828013
Nepal,2021,Pulmonary aspiration and foreign body in airway,51.41399854906499,249609.49997326656,0.00020597773143478707
Nepal,2021,Foreign body in other body part,3.1562880191723814,249609.49997326656,1.2644903417179327e-05
Nepal,2021,Other unintentional injuries,92.34205448999036,249609.49997326656,0.00036994607376674484
Nepal,2021,Self-harm by firearm,347.2972822937639,249609.49997326656,0.0013913624374511378
Nepal,2021,Total Cancers excluding Non-melanoma skin cancer,14920.439039790574,249609.49997326656,0.05977512491066473
Nepal,2021,Other direct maternal disorders,91.39167929167144,249609.49997326656,0.00036613862573924304
Nepal,2021,Other digestive diseases,471.06694731853946,249609.49997326656,0.0018872156202748341
Nepal,2021,Self-harm by other specified means,3906.584831248681,249609.49997326656,0.01565078585417254
Nepal,2021,Other benign and in situ neoplasms,82.3629247036757,249609.49997326656,0.0003299671074718585
Nepal,2020,Cystic echinococcosis,27.34278783897535,213579.77815327182,0.00012802142635129658
Nepal,2020,Dengue,488.8676622317832,213579.77815327182,0.0022889229797820832
Nepal,2020,Yellow fever,0.0,213579.77815327182,0.0
Nepal,2020,Rabies,285.86237247766326,213579.77815327182,0.0013384336988706818
Nepal,2020,Ascariasis,2.0142616067512553,213579.77815327182,9.430956545454203e-06
Nepal,2020,Other neglected tropical diseases,39.224171182435136,213579.77815327182,0.0001836511467592526
Nepal,2020,Maternal hemorrhage,113.2783965403509,213579.77815327182,0.0005303797837033926
Nepal,2020,Maternal sepsis and other maternal infections,23.25660644298719,213579.77815327182,0.00010888955239150727
Nepal,2020,Maternal hypertensive disorders,64.63329842255624,213579.77815327182,0.00030261899783496016
Nepal,2020,Maternal obstructed labor and uterine rupture,28.29155364559869,213579.77815327182,0.0001324636343862842
Nepal,2020,Ectopic pregnancy,0.2865203761938469,213579.77815327182,1.3415145322804416e-06
Nepal,2020,Indirect maternal deaths,84.77409808365375,213579.77815327182,0.00039692005870900894
Nepal,2020,Late maternal deaths,11.330994392116608,213579.77815327182,5.305274914175216e-05
Nepal,2020,Neonatal preterm birth,3082.9591288975457,213579.77815327182,0.01443469581041101
Nepal,2020,Neonatal encephalopathy due to birth asphyxia and trauma,3460.2193594299624,213579.77815327182,0.01620106261626883
Nepal,2020,Neonatal sepsis and other neonatal infections,1356.9998037444338,213579.77815327182,0.006353596840851696
Nepal,2020,Hemolytic disease and other neonatal jaundice,472.76867420085097,213579.77815327182,0.0022135460495776747
Nepal,2020,Other neonatal disorders,826.8293158975315,213579.77815327182,0.003871290264681199
Nepal,2020,Protein-energy malnutrition,1059.534377164745,213579.77815327182,0.0049608365844653534
Nepal,2020,Other nutritional deficiencies,406.91245809323215,213579.77815327182,0.0019052012396099526
Nepal,2020,Syphilis,321.4785417562253,213579.77815327182,0.0015051918516626691
Nepal,2020,Chlamydial infection,6.690629585954872,213579.77815327182,3.132613791345666e-05
Nepal,2020,Gonococcal infection,2.148219146145329,213579.77815327182,1.0058157961956945e-05
Nepal,2020,Other sexually transmitted infections,21.04565795220517,213579.77815327182,9.853768991698323e-05
Nepal,2020,Acute hepatitis A,587.5651054092672,213579.77815327182,0.0027510334100432077
Nepal,2020,Vascular intestinal disorders,179.33965151125483,213579.77815327182,0.0008396846043287621
Nepal,2020,Gallbladder and biliary diseases,134.3110784691795,213579.77815327182,0.0006288567186955007
Nepal,2020,Pancreatitis,589.4395559349352,213579.77815327182,0.002759809758356122
Nepal,2020,Alzheimer's disease and other dementias,2440.7627386461654,213579.77815327182,0.011427873742309979
Nepal,2020,Parkinson's disease,640.9044446974601,213579.77815327182,0.0030007730611908688
Nepal,2020,Idiopathic epilepsy,1107.9361092193185,213579.77815327182,0.00518745790823056
Nepal,2020,Multiple sclerosis,5.2839990805759625,213579.77815327182,2.4740165601183425e-05
Nepal,2020,Motor neuron disease,8.196275206539177,213579.77815327182,3.8375708025397715e-05
Nepal,2020,Other neurological disorders,20.771123842454298,213579.77815327182,9.725229617734812e-05
Nepal,2020,Alcohol use disorders,229.47312378062844,213579.77815327182,0.0010744140937160775
Nepal,2020,Opioid use disorders,56.97374738445599,213579.77815327182,0.00026675628131596693
Nepal,2020,Cocaine use disorders,9.248421496352938,213579.77815327182,4.330195291108491e-05
Nepal,2020,Amphetamine use disorders,1.8608565824987264,213579.77815327182,8.712700231214376e-06
Nepal,2020,Other drug use disorders,13.356843944685734,213579.77815327182,6.253796150635772e-05
Nepal,2020,Anorexia nervosa,0.0497955694778093,213579.77815327182,2.3314739770014356e-07
Nepal,2020,Acute glomerulonephritis,5.221355555556266,213579.77815327182,2.444686290388995e-05
Nepal,2020,Chronic kidney disease due to hypertension,451.5936587608792,213579.77815327182,0.0021144026961054376
Nepal,2020,Physical violence by firearm,51.57579048148605,213579.77815327182,0.00024148255479726916
Nepal,2020,Physical violence by sharp object,40.916184489663365,213579.77815327182,0.0001915733073769773
Nepal,2020,Physical violence by other means,513.1440353276108,213579.77815327182,0.0024025871726459135
Nepal,2020,Exposure to forces of nature,447.9743995402943,213579.77815327182,0.0020974569943546495
Nepal,2020,Maternal deaths aggravated by HIV/AIDS,0.2149269142487286,213579.77815327182,1.006307414059069e-06
Nepal,2020,Environmental heat and cold exposure,42.16726751496075,213579.77815327182,0.00019743099220142528
Nepal,2020,Ebola,0.0,213579.77815327182,0.0
Nepal,2020,Acute lymphoid leukemia,194.27394139517935,213579.77815327182,0.000909608311587261
Nepal,2020,Chronic lymphoid leukemia,20.878298444083928,213579.77815327182,9.77540974366074e-05
Nepal,2020,Acute myeloid leukemia,175.68240957747474,213579.77815327182,0.0008225610640507329
Nepal,2020,Chronic myeloid leukemia,112.42493686213676,213579.77815327182,0.0005263838076536298
Nepal,2020,Non-melanoma skin cancer (squamous-cell carcinoma),68.53957062629458,213579.77815327182,0.0003209085205487401
Nepal,2020,Police conflict and executions,7.432723429915394,213579.77815327182,3.480068897057019e-05
Nepal,2020,Drug-susceptible tuberculosis,5206.4757388850485,213579.77815327182,0.024377194245181356
Nepal,2020,Zika virus,0.0,213579.77815327182,0.0
Nepal,2020,Alcoholic cardiomyopathy,41.724815503477714,213579.77815327182,0.00019535939153160194
Nepal,2020,Electrocution,43.44554834677901,213579.77815327182,0.00020341601963647077
Nepal,2020,Myocarditis,88.2785232446202,213579.77815327182,0.00041332809691968427
Nepal,2020,Other leukemia,164.95842211896905,213579.77815327182,0.0007723503767317779
Nepal,2020,Other cardiomyopathy,1005.0288965627246,213579.77815327182,0.004705636953333115
Nepal,2021,Acute hepatitis B,125.69764111738483,249609.49997326656,0.0005035771520348672
Nepal,2021,Acute hepatitis C,31.136348782798738,249609.49997326656,0.0001247402393984743
Nepal,2021,Acute hepatitis E,14.670880498164273,249609.49997326656,5.877532906293847e-05
Nepal,2021,Other unspecified infectious diseases,1179.2037144377214,249609.49997326656,0.004724194049361164
Nepal,2021,Esophageal cancer,1087.1279329413733,249609.49997326656,0.00435531473384549
Nepal,2021,Stomach cancer,1434.4423198364475,249609.49997326656,0.005746745696738617
Nepal,2021,Liver cancer due to hepatitis B,126.99253537773647,249609.49997326656,0.0005087648322332984
Nepal,2021,Liver cancer due to hepatitis C,142.4266026234303,249609.49997326656,0.00057059768413736
Nepal,2021,Liver cancer due to alcohol use,125.1179102172395,249609.49997326656,0.0005012546006087098
Nepal,2021,Liver cancer due to other causes,17.312831818534242,249609.49997326656,6.935966708153522e-05
Nepal,2021,Larynx cancer,454.9816052605358,249609.49997326656,0.0018227735935902472
Nepal,2021,"Tracheal, bronchus, and lung cancer",1499.103532435396,249609.49997326656,0.006005795182458806
Nepal,2021,Breast cancer,1217.3434067304831,249609.49997326656,0.004876991488147935
Nepal,2021,Cervical cancer,1118.2282857443115,249609.49997326656,0.004479910764069776
Nepal,2021,Uterine cancer,102.0842079366867,249609.49997326656,0.00040897565175852693
Nepal,2021,Prostate cancer,430.6861395802894,249609.49997326656,0.0017254396953097393
Nepal,2021,Colon and rectum cancer,807.1617809043524,249609.49997326656,0.0032336981604898863
Nepal,2021,Lip and oral cavity cancer,1014.6315665199372,249609.49997326656,0.004064875602205065
Nepal,2021,Nasopharynx cancer,211.10048505414417,249609.49997326656,0.0008457229595698611
Nepal,2021,Other pharynx cancer,629.0817465606362,249609.49997326656,0.0025202636383150944
Nepal,2021,Gallbladder and biliary tract cancer,455.6376468619716,249609.49997326656,0.0018254018653567708
Nepal,2021,Pancreatic cancer,283.25526011759166,249609.49997326656,0.001134793588176446
Nepal,2021,Malignant skin melanoma,22.152644090208504,249609.49997326656,8.874920262482428e-05
Nepal,2021,Ovarian cancer,470.30824729357533,249609.49997326656,0.0018841760724008735
Nepal,2021,Chronic kidney disease due to glomerulonephritis,403.6149634384466,249609.49997326656,0.0016169855854111087
Nepal,2021,Chronic kidney disease due to other and unspecified causes,1219.0947130940854,249609.49997326656,0.004884007672883651
Nepal,2021,Urinary tract infections and interstitial nephritis,495.5444174762404,249609.49997326656,0.001985278675408243
Nepal,2021,Urolithiasis,59.90776331605798,249609.49997326656,0.00024000594257219443
Nepal,2021,Other urinary diseases,459.0217536501582,249609.49997326656,0.0018389594694886208
Nepal,2021,Uterine fibroids,17.767618820037104,249609.49997326656,7.118166104230822e-05
Nepal,2021,Endometriosis,0.3143046107990843,249609.49997326656,1.2591852907551461e-06
Nepal,2021,Genital prolapse,3.272521001913081,249609.49997326656,1.3110562708004189e-05
Nepal,2021,Other gynecological diseases,31.16213155474712,249609.49997326656,0.00012484353182905546
Nepal,2021,Thalassemias,54.57060591177429,249609.49997326656,0.00021862391422449408
Nepal,2021,Sickle cell disorders,8.003934999188656,249609.49997326656,3.2065826821679006e-05
Nepal,2021,G6PD deficiency,24.30494294727643,249609.49997326656,9.737186665523354e-05
Nepal,2021,Other hemoglobinopathies and hemolytic anemias,169.46202308979016,249609.49997326656,0.0006789085475830837
Nepal,2021,"Other endocrine, metabolic, blood, and immune disorders",55.33531758942026,249609.49997326656,0.00022168754632875243
Nepal,2021,Rheumatoid arthritis,146.78003560909252,249609.49997326656,0.0005880386588844287
Nepal,2021,Other musculoskeletal disorders,230.48852539408657,249609.49997326656,0.0009233964469251856
Nepal,2021,Neural tube defects,141.0395668868153,249609.49997326656,0.0005650408614332418
Nepal,2021,Conflict and terrorism,0.9999428561167246,249609.49997326656,4.0060288419463986e-06
Nepal,2021,Multidrug-resistant tuberculosis without extensive drug resistance,523.8788190054391,249609.49997326656,0.0020987935918366373
Nepal,2021,Extensively drug-resistant tuberculosis,25.12068993269756,249609.49997326656,0.00010063995935806935
Nepal,2021,HIV/AIDS - Drug-susceptible Tuberculosis,129.73516005080396,249609.49997326656,0.0005197524936538823
Nepal,2021,HIV/AIDS - Multidrug-resistant Tuberculosis without extensive drug resistance,18.85172965900572,249609.49997326656,7.552488851996723e-05
Nepal,2021,HIV/AIDS - Extensively drug-resistant Tuberculosis,0.9031933051316136,249609.49997326656,3.618425201077469e-06
Nepal,2021,Invasive Non-typhoidal Salmonella (iNTS),77.74248344989792,249609.49997326656,0.00031145642877464285
Nepal,2021,"Myelodysplastic, myeloproliferative, and other hematopoietic neoplasms",21.208861456768098,249609.49997326656,8.496816611162472e-05
Nepal,2021,Non-rheumatic calcific aortic valve disease,141.11772492493458,249609.49997326656,0.0005653539826811416
Nepal,2021,Non-rheumatic degenerative mitral valve disease,74.33380257765806,249609.49997326656,0.0002978003745274891
Nepal,2021,Other non-rheumatic valve diseases,2.2324115694754796,249609.49997326656,8.943616207374212e-06
Nepal,2021,Nonalcoholic fatty liver disease including cirrhosis,140.09265485618425,249609.49997326656,0.0005612472877482161
Nepal,2021,Diabetes mellitus type 1,255.2312208242102,249609.49997326656,0.0010225220628683833
Nepal,2021,Diabetes mellitus type 2,6664.213023344416,249609.49997326656,0.026698555239516766
Nepal,2021,Cystic echinococcosis,28.98588114957635,249609.49997326656,0.00011612491172283414
Nepal,2021,Dengue,456.3504629717519,249609.49997326656,0.0018282575904387754
Nepal,2021,Yellow fever,0.0,249609.49997326656,0.0
Nepal,2021,Rabies,282.3459631792398,249609.49997326656,0.0011311507102473237
Nepal,2021,Ascariasis,1.9583591885415228,249609.49997326656,7.84569172548026e-06
Nepal,2021,Other neglected tropical diseases,38.10495086833785,249609.49997326656,0.0001526582556850558
Nepal,2021,Maternal hemorrhage,94.09151898293622,249609.49997326656,0.00037695487949382345
Nepal,2021,Maternal sepsis and other maternal infections,19.77869596006797,249609.49997326656,7.923855447082859e-05
Nepal,2021,Maternal hypertensive disorders,55.72907303276402,249609.49997326656,0.00022326503213512572
Nepal,2021,Maternal obstructed labor and uterine rupture,24.109983247867532,249609.49997326656,9.659080784365073e-05
Nepal,2021,Ectopic pregnancy,0.2542380376399797,249609.49997326656,1.0185431150144882e-06
Nepal,2021,Indirect maternal deaths,76.63444750226869,249609.49997326656,0.0003070173511443928
Nepal,2021,Late maternal deaths,10.301460037824135,249609.49997326656,4.127030437113745e-05
Nepal,2021,Neonatal preterm birth,3059.7371314885427,249609.49997326656,0.012258095672705742
Nepal,2021,Neonatal encephalopathy due to birth asphyxia and trauma,3316.1899887266673,249609.49997326656,0.013285511925955682
Nepal,2021,Neonatal sepsis and other neonatal infections,1311.6681713846633,249609.49997326656,0.005254880809925681
Nepal,2021,Hemolytic disease and other neonatal jaundice,442.6890028422517,249609.49997326656,0.0017735262595761144
Nepal,2021,Other neonatal disorders,793.2069286146224,249609.49997326656,0.003177791425004159
Nepal,2021,Protein-energy malnutrition,1039.1701071134169,249609.49997326656,0.0041631833212466395
Nepal,2021,Other nutritional deficiencies,399.1465339015464,249609.49997326656,0.0015990839048365363
Nepal,2021,Syphilis,324.8411698105569,249609.49997326656,0.0013013974622173743
Nepal,2021,Chlamydial infection,6.42629390034781,249609.49997326656,2.5745389903173047e-05
Nepal,2021,Gonococcal infection,2.06788512242425,249609.49997326656,8.284480849670075e-06
Nepal,2021,Other sexually transmitted infections,20.14233447508064,249609.49997326656,8.069538409891413e-05
Nepal,2021,Acute hepatitis A,582.0825772919095,249609.49997326656,0.0023319728510102825
Nepal,2021,Vascular intestinal disorders,165.64769062616278,249609.49997326656,0.0006636273484939629
Nepal,2021,Gallbladder and biliary diseases,122.91897047221651,249609.49997326656,0.0004924450811582943
Nepal,2021,Pancreatitis,505.74643088974705,249609.49997326656,0.0020261505709675033
Nepal,2023,Diarrheal diseases,3067.376707634077,217331.73284558472,0.01411380044447289
Nepal,2023,Typhoid fever,762.176281407202,217331.73284558472,0.003506971906163064
Nepal,2023,Paratyphoid fever,168.95995302486472,217331.73284558472,0.0007774288218872833
Nepal,2023,Other intestinal infectious diseases,3.700510953899939,217331.73284558472,1.7027016282657492e-05
Nepal,2023,Lower respiratory infections,8720.222662476037,217331.73284558472,0.040124019388700125
Nepal,2023,Upper respiratory infections,48.011347003385,217331.73284558472,0.00022091273269098398
Nepal,2023,Otitis media,3.0469181399102094,217331.73284558472,1.4019665237174822e-05
Nepal,2021,Alzheimer's disease and other dementias,2342.5423036900306,249609.49997326656,0.009384828317595762
Nepal,2021,Parkinson's disease,691.8071345753335,249609.49997326656,0.0027715577117434506
Nepal,2021,Idiopathic epilepsy,1200.9427221283863,249609.49997326656,0.004811286117944263
Nepal,2021,Multiple sclerosis,6.08470299013171,249609.49997326656,2.437688866322551e-05
Nepal,2021,Motor neuron disease,9.352176347187864,249609.49997326656,3.746722920477583e-05
Nepal,2021,Other neurological disorders,23.191608380264483,249609.49997326656,9.291156138988432e-05
Nepal,2021,Alcohol use disorders,258.245918994005,249609.49997326656,0.0010345997208506224
Nepal,2021,Opioid use disorders,64.13798046806598,249609.49997326656,0.0002569532829276739
Nepal,2021,Cocaine use disorders,10.359115095819256,249609.49997326656,4.150128539550269e-05
Nepal,2021,Amphetamine use disorders,1.9158685324204168,249609.49997326656,7.675463204027123e-06
Nepal,2021,Other drug use disorders,14.86556073931646,249609.49997326656,5.9555268292707523e-05
Nepal,2021,Anorexia nervosa,0.0457817677888592,249609.49997326656,1.8341356316070693e-07
Nepal,2021,Acute glomerulonephritis,5.538372319537186,249609.49997326656,2.2188147166395317e-05
Nepal,2021,Chronic kidney disease due to hypertension,489.3071810790276,249609.49997326656,0.0019602906985969402
Nepal,2023,Meningitis,759.4002748211217,217331.73284558472,0.0034941987756600614
Nepal,2023,Encephalitis,480.6477149064217,217331.73284558472,0.002211585526941546
Nepal,2023,Diphtheria,3.790696910862589,217331.73284558472,1.7441985398220233e-05
Nepal,2023,Pertussis,375.10274433326873,217331.73284558472,0.0017259455829203786
Nepal,2023,Tetanus,177.33170307725084,217331.73284558472,0.0008159494278879463
Nepal,2023,Measles,583.0293224054482,217331.73284558472,0.0026826700122052284
Nepal,2023,Varicella and herpes zoster,69.35818752193927,217331.73284558472,0.0003191351148486844
Nepal,2023,Malaria,0.2216657182716222,217331.73284558472,1.0199417975888354e-06
Nepal,2023,Chagas disease,0.0,217331.73284558472,0.0
Nepal,2023,Visceral leishmaniasis,22.67690405905697,217331.73284558472,0.00010434235149254077
Nepal,2023,African trypanosomiasis,0.0,217331.73284558472,0.0
Nepal,2023,Schistosomiasis,0.0,217331.73284558472,0.0
Nepal,2023,Cysticercosis,1.2969418199736875,217331.73284558472,5.967567657941471e-06
Nepal,2023,Other cardiovascular and circulatory diseases,689.3648277996525,217331.73284558472,0.0031719474131715946
Nepal,2023,Chronic obstructive pulmonary disease,23685.413745773614,217331.73284558472,0.10898276765962299
Nepal,2021,Physical violence by firearm,52.61769081450199,249609.49997326656,0.00021080003293198936
Nepal,2021,Physical violence by sharp object,40.73921976003303,249609.49997326656,0.0001632118159140427
Nepal,2021,Physical violence by other means,493.9294927127685,249609.49997326656,0.001978808870518425
Nepal,2021,Exposure to forces of nature,250.9856568852989,249609.49997326656,0.0010055132393285502
Nepal,2021,Maternal deaths aggravated by HIV/AIDS,0.1782913714572181,249609.49997326656,7.142811931289206e-07
Nepal,2021,Environmental heat and cold exposure,38.88748406177193,249609.49997326656,0.00015579328537550382
Nepal,2021,Ebola,0.0,249609.49997326656,0.0
Nepal,2021,Acute lymphoid leukemia,193.97317985981144,249609.49997326656,0.0007771065599690163
Nepal,2021,Chronic lymphoid leukemia,19.702301282197517,249609.49997326656,7.893249769863588e-05
Nepal,2021,Acute myeloid leukemia,173.4531802809457,249609.49997326656,0.0006948981521116893
Nepal,2021,Chronic myeloid leukemia,108.7916204212986,249609.49997326656,0.0004358472751756255
Nepal,2021,Non-melanoma skin cancer (squamous-cell carcinoma),75.58396839056482,249609.49997326656,0.0003028088610355773
Nepal,2021,Police conflict and executions,6.098410188587007,249609.49997326656,2.4431803233611514e-05
Nepal,2021,Drug-susceptible tuberculosis,4454.929883858883,249609.49997326656,0.01784759748461501
Nepal,2021,Zika virus,0.0,249609.49997326656,0.0
Nepal,2021,Alcoholic cardiomyopathy,46.33918493985199,249609.49997326656,0.00018564671995583088
Nepal,2021,Electrocution,41.84759123668574,249609.49997326656,0.00016765223776005184
Nepal,2021,Myocarditis,94.53323482966934,249609.49997326656,0.000378724507039171
Nepal,2021,Other leukemia,157.80942236994895,249609.49997326656,0.0006322252253493978
Nepal,2021,Other cardiomyopathy,1113.105882467079,249609.49997326656,0.004459389096113304
Nepal,2023,Silicosis,10.01227423921119,217331.73284558472,4.606908576174175e-05
Nepal,2023,Asbestosis,2.5730229409886927,217331.73284558472,1.1839149797866095e-05
Nepal,2023,Coal workers pneumoconiosis,2.399546954110802,217331.73284558472,1.1040941526084881e-05
Nepal,2023,Other pneumoconiosis,6.154734025270806,217331.73284558472,2.8319536888079643e-05
Nepal,2023,Asthma,3918.254968764694,217331.73284558472,0.01802891329978321
Nepal,2023,Interstitial lung disease and pulmonary sarcoidosis,721.0264465242502,217331.73284558472,0.0033176307807592145
Nepal,2023,Other chronic respiratory diseases,400.8656556368978,217331.73284558472,0.001844487458818151
Nepal,2023,Chronic hepatitis B including cirrhosis,2321.226657029923,217331.73284558472,0.010680569407133775
Nepal,2023,Chronic hepatitis C including cirrhosis,606.7068017481165,217331.73284558472,0.0027916162716062486
Nepal,2023,Cirrhosis due to alcohol,1884.9044190445504,217331.73284558472,0.008672936963070112
Nepal,2023,Cirrhosis due to other causes,599.4082095645922,217331.73284558472,0.002758033544924039
Nepal,2023,Peptic ulcer disease,2203.931479023468,217331.73284558472,0.010140863693335443
Nepal,2023,Gastritis and duodenitis,171.4395565939428,217331.73284558472,0.0007888381247838826
Nepal,2023,Appendicitis,310.4461221461608,217331.73284558472,0.0014284435967145872
Nepal,2023,Paralytic ileus and intestinal obstruction,1146.2129042506588,217331.73284558472,0.005274024594765683
Nepal,2023,"Inguinal, femoral, and abdominal hernia",259.68601327357356,217331.73284558472,0.0011948830935705178
Nepal,2022,Diarrheal diseases,3124.997971097402,211159.64027717974,0.014799219997701066
Nepal,2022,Typhoid fever,808.6419727264699,211159.64027717974,0.003829529031518533
Nepal,2022,Paratyphoid fever,181.75579894226223,211159.64027717974,0.0008607506562507853
Nepal,2022,Other intestinal infectious diseases,3.656480984383226,211159.64027717974,1.7316192524213096e-05
Nepal,2022,Lower respiratory infections,8028.003520908612,211159.64027717974,0.0380186455629997
Nepal,2022,Upper respiratory infections,51.37017926204146,211159.64027717974,0.00024327650489748014
Nepal,2022,Otitis media,3.1728437386324457,211159.64027717974,1.5025805757518798e-05
Nepal,2023,Falls,3331.2978095240915,217331.73284558472,0.015328170285611238
Nepal,2023,Drowning,1913.7513422450445,217331.73284558472,0.008805669182257772
Nepal,2023,"Fire, heat, and hot substances",558.0912692640849,217331.73284558472,0.0025679235238998048
Nepal,2023,Poisoning by carbon monoxide,345.9099563617802,217331.73284558472,0.0015916219496926892
Nepal,2023,Poisoning by other means,706.0471443016511,217331.73284558472,0.003248707103455072
Nepal,2023,Unintentional firearm injuries,2.1589482259887074,217331.73284558472,9.933884010958725e-06
Nepal,2023,Other exposure to mechanical forces,290.4770612072129,217331.73284558472,0.001336560737835732
Nepal,2023,Adverse effects of medical treatment,732.7693949847366,217331.73284558472,0.0033716631501087457
Nepal,2023,Venomous animal contact,724.9842718257013,217331.73284558472,0.0033358417674827366
Nepal,2023,Non-venomous animal contact,24.429010345914183,217331.73284558472,0.00011240424960523881
Nepal,2023,Pulmonary aspiration and foreign body in airway,51.792336588056074,217331.73284558472,0.0002383100521489643
Nepal,2023,Foreign body in other body part,3.173439536839836,217331.73284558472,1.4601823191160863e-05
Nepal,2023,Other unintentional injuries,86.72941174923538,217331.73284558472,0.00039906464929747313
Nepal,2023,Self-harm by firearm,379.2958148963448,217331.73284558472,0.0017452389944630697
Nepal,2023,Total Cancers excluding Non-melanoma skin cancer,16830.681835117037,217331.73284558472,0.07744235788648186
Nepal,2023,Other direct maternal disorders,104.12622618307068,217331.73284558472,0.0004791119309624835
Nepal,2023,Other digestive diseases,572.3673298025823,217331.73284558472,0.0026336114027547563
Nepal,2023,Self-harm by other specified means,4384.612985387081,217331.73284558472,0.020174748197044793
Nepal,2023,Other benign and in situ neoplasms,87.86627833780722,217331.73284558472,0.00040429566905554766
Nepal,2022,HIV/AIDS resulting in other diseases,523.4812467678516,211159.64027717974,0.0024790781329268293
Nepal,2022,Testicular cancer,30.28747643950167,211159.64027717974,0.00014343402176545037
Nepal,2022,Kidney cancer,135.00890283978558,211159.64027717974,0.0006393688806372537
Nepal,2022,Bladder cancer,199.9530716410983,211159.64027717974,0.0009469284536506546
Nepal,2022,Brain and central nervous system cancer,348.6181059813583,211159.64027717974,0.001650969406481954
Nepal,2022,Thyroid cancer,141.64224854593192,211159.64027717974,0.0006707827706090261
Nepal,2022,Meningitis,771.8560968474742,211159.64027717974,0.003655320192032405
Nepal,2022,Encephalitis,475.54130583522385,211159.64027717974,0.002252046391114335
Nepal,2022,Diphtheria,4.136186756981968,211159.64027717974,1.9587960803269896e-05
Nepal,2022,Pertussis,390.7878947138613,211159.64027717974,0.0018506751299675055
Nepal,2022,Tetanus,196.12295108877527,211159.64027717974,0.000928789946939356
Nepal,2022,Measles,558.536306877518,211159.64027717974,0.002645090255620594
Nepal,2022,Varicella and herpes zoster,70.46487319142135,211159.64027717974,0.00033370426800749086
Nepal,2022,Malaria,0.2070805152958294,211159.64027717974,9.806822696989072e-07
Nepal,2022,Chagas disease,0.0,211159.64027717974,0.0
Nepal,2022,Visceral leishmaniasis,22.93445428563172,211159.64027717974,0.00010861192155625334
Nepal,2022,African trypanosomiasis,0.0,211159.64027717974,0.0
Nepal,2022,Schistosomiasis,0.0,211159.64027717974,0.0
Nepal,2022,Cysticercosis,1.3358253515119656,211159.64027717974,6.326139549008929e-06
Nepal,2022,Other cardiovascular and circulatory diseases,636.5449022485942,211159.64027717974,0.003014519732146874
Nepal,2022,Chronic obstructive pulmonary disease,22625.781837512914,211159.64027717974,0.10715012493776306
Nepal,2022,Silicosis,9.683347371510148,211159.64027717974,4.585794595406231e-05
Nepal,2022,Asbestosis,2.5585626529349756,211159.64027717974,1.2116721971947223e-05
Nepal,2022,Coal workers pneumoconiosis,2.5743606911282737,211159.64027717974,1.2191537586202678e-05
Nepal,2022,Other pneumoconiosis,6.1512358942752385,211159.64027717974,2.9130736755379904e-05
Nepal,2022,Asthma,4011.511513660764,211159.64027717974,0.018997529586596347
Nepal,2022,Interstitial lung disease and pulmonary sarcoidosis,705.7347119552866,211159.64027717974,0.003342185613827057
Nepal,2022,Other chronic respiratory diseases,391.09344098905615,211159.64027717974,0.0018521221218017107
Nepal,2022,Chronic hepatitis B including cirrhosis,2181.35121182075,211159.64027717974,0.01033034157927807
Nepal,2022,Chronic hepatitis C including cirrhosis,615.9596293099761,211159.64027717974,0.0029170329543156716
Nepal,2022,Cirrhosis due to alcohol,1910.2252519518688,211159.64027717974,0.009046355872951868
Nepal,2022,Cirrhosis due to other causes,615.0732035112314,211159.64027717974,0.0029128350602598703
Nepal,2022,Peptic ulcer disease,2233.437773241755,211159.64027717974,0.010577010693473535
Nepal,2022,Gastritis and duodenitis,171.45092511111258,211159.64027717974,0.0008119493142063355
Nepal,2022,Appendicitis,310.8934976600296,211159.64027717974,0.0014723149615709409
Nepal,2022,Paralytic ileus and intestinal obstruction,1146.4609285912104,211159.64027717974,0.0054293563253200415
Nepal,2022,"Inguinal, femoral, and abdominal hernia",260.82412797117075,211159.64027717974,0.0012351987701286035
Nepal,2023,HIV/AIDS resulting in other diseases,452.7831825933159,217331.73284558472,0.002083373544511425
Nepal,2023,Testicular cancer,31.210349108816544,217331.73284558472,0.00014360695835886816
Nepal,2023,Kidney cancer,140.0159964407704,217331.73284558472,0.0006442501267877548
Nepal,2023,Bladder cancer,221.25793854489055,217331.73284558472,0.0010180654966851777
Nepal,2023,Brain and central nervous system cancer,356.51047436657285,217331.73284558472,0.0016403976984800252
Nepal,2023,Thyroid cancer,154.3232322175528,217331.73284558472,0.0007100814510470049
Nepal,2022,Mesothelioma,17.636074805913843,211159.64027717974,8.352010252889123e-05
Nepal,2022,Hodgkin lymphoma,95.15354288436944,211159.64027717974,0.00045062372127299363
Nepal,2022,Multiple myeloma,184.47645918119764,211159.64027717974,0.0008736350324287525
Nepal,2022,Other malignant neoplasms,597.4440841337499,211159.64027717974,0.0028293478969253403
Nepal,2022,Rheumatic heart disease,4287.268359937967,211159.64027717974,0.02030344602931821
Nepal,2022,Ischemic heart disease,20200.536299705112,211159.64027717974,0.09566475995691591
Nepal,2022,Ischemic stroke,7189.570026688704,211159.64027717974,0.03404803123007446
Nepal,2022,Intracerebral hemorrhage,8770.549370667266,211159.64027717974,0.041535159650558984
Nepal,2022,Subarachnoid hemorrhage,814.6080111943212,211159.64027717974,0.0038577827189183594
Nepal,2022,Hypertensive heart disease,3394.3848980359485,211159.64027717974,0.01607497007278613
Nepal,2022,Atrial fibrillation and flutter,548.2918009615021,211159.64027717974,0.0025965748011399534
Nepal,2022,Aortic aneurysm,177.98517739854466,211159.64027717974,0.0008428939221761864
Nepal,2022,Lower extremity peripheral arterial disease,58.530801799289755,211159.64027717974,0.00027718744795387514
Nepal,2022,Endocarditis,157.3063024055601,211159.64027717974,0.0007449638680908493
Nepal,2022,Falls,3118.580083382857,211159.64027717974,0.01476882646366151
Nepal,2022,Drowning,1901.9910570698353,211159.64027717974,0.009007360755934123
Nepal,2022,"Fire, heat, and hot substances",533.0129577581421,211159.64027717974,0.0025242179663617537
Nepal,2022,Poisoning by carbon monoxide,336.6955478890266,211159.64027717974,0.001594507110577862
Nepal,2022,Poisoning by other means,695.7503807027251,211159.64027717974,0.003294902282412704
Nepal,2022,Unintentional firearm injuries,2.1791542899298677,211159.64027717974,1.0319937498801333e-05
Nepal,2022,Other exposure to mechanical forces,283.89753648002954,211159.64027717974,0.001344468744630224
Nepal,2022,Adverse effects of medical treatment,727.830075139058,211159.64027717974,0.003446823806782718
Nepal,2022,Venomous animal contact,708.8862281212988,211159.64027717974,0.003357110417458449
Nepal,2022,Non-venomous animal contact,23.12486671936601,211159.64027717974,0.00010951366790079316
Nepal,2022,Pulmonary aspiration and foreign body in airway,50.47215204730168,211159.64027717974,0.00023902366939557748
Nepal,2022,Foreign body in other body part,3.061414505670902,211159.64027717974,1.4498104380421946e-05
Nepal,2022,Other unintentional injuries,86.68819314390272,211159.64027717974,0.00041053391183140415
Nepal,2023,Mesothelioma,19.506196975036225,217331.73284558472,8.975310102963876e-05
Nepal,2023,Hodgkin lymphoma,94.9219307248289,217331.73284558472,0.000436760566356278
Nepal,2023,Multiple myeloma,205.9037952081796,217331.73284558472,0.0009474170776270176
Nepal,2023,Other malignant neoplasms,610.9868498948092,217331.73284558472,0.002811309889701742
Nepal,2023,Rheumatic heart disease,4487.03226048411,217331.73284558472,0.020646006000753555
Nepal,2023,Ischemic heart disease,20405.01708076707,217331.73284558472,0.09388880681895145
Nepal,2023,Ischemic stroke,7190.899705436342,217331.73284558472,0.03308720549587442
Nepal,2023,Intracerebral hemorrhage,9151.927219618654,217331.73284558472,0.0421104046785526
Nepal,2023,Subarachnoid hemorrhage,888.4537371225983,217331.73284558472,0.004088007422983413
Nepal,2023,Hypertensive heart disease,3694.032104120848,217331.73284558472,0.016997205404631253
Nepal,2023,Atrial fibrillation and flutter,602.1562212167375,217331.73284558472,0.00277067786343273
Nepal,2023,Aortic aneurysm,196.55454247713945,217331.73284558472,0.0009043987267924304
Nepal,2023,Lower extremity peripheral arterial disease,64.44074174038025,217331.73284558472,0.0002965086639518294
Nepal,2023,Endocarditis,167.31692513564624,217331.73284558472,0.0007698688219383304
Nepal,2022,Acute hepatitis B,127.5183323405616,211159.64027717974,0.0006038953853737107
Nepal,2022,Acute hepatitis C,33.147893178596995,211159.64027717974,0.00015698025027455648
Nepal,2022,Acute hepatitis E,14.209396976219596,211159.64027717974,6.729220109282039e-05
Nepal,2022,Other unspecified infectious diseases,1197.0534794596276,211159.64027717974,0.005668950173850976
Nepal,2022,Esophageal cancer,1140.2830201914674,211159.64027717974,0.005400099274154233
Nepal,2022,Stomach cancer,1476.8352724207894,211159.64027717974,0.006993927771813848
Nepal,2022,Self-harm by firearm,376.14620016421225,211159.64027717974,0.0017813356741395376
Nepal,2022,Total Cancers excluding Non-melanoma skin cancer,15445.556847891768,211159.64027717974,0.07314634949944546
Nepal,2022,Other direct maternal disorders,102.57782131939874,211159.64027717974,0.00048578327366323156
Nepal,2022,Other digestive diseases,558.043384175286,211159.64027717974,0.0026427558952211113
Nepal,2022,Self-harm by other specified means,4307.837651416844,211159.64027717974,0.020400857122895927
Nepal,2022,Other benign and in situ neoplasms,84.39506823996142,211159.64027717974,0.0003996742376013703
Nepal,2022,Congenital heart anomalies,970.0147252764568,211159.64027717974,0.004593750605007482
Nepal,2022,Orofacial clefts,15.267689892805642,211159.64027717974,7.2304015448996e-05
Nepal,2022,Down syndrome,41.2606403274505,211159.64027717974,0.00019540022076799108
Nepal,2022,Other chromosomal abnormalities,44.79753493488869,211159.64027717974,0.00021215008169214999
Nepal,2022,Congenital musculoskeletal and limb anomalies,26.20372118511053,211159.64027717974,0.00012409436363271925
Nepal,2022,Urogenital congenital anomalies,38.61033311244124,211159.64027717974,0.00018284901916748483
Nepal,2022,Digestive congenital anomalies,194.67242067241705,211159.64027717974,0.0009219205924810222
Nepal,2022,Other congenital birth defects,2.626463677433226,211159.64027717974,1.2438284484599357e-05
Nepal,2022,Cellulitis,0.5869767777224238,211159.64027717974,2.7797773142250377e-06
Nepal,2022,Pyoderma,1.3110467044078544,211159.64027717974,6.208793984905934e-06
Nepal,2022,Decubitus ulcer,2.873235435325295,211159.64027717974,1.3606934694308668e-05
Nepal,2022,Other skin and subcutaneous diseases,2.1129717047309726,211159.64027717974,1.000651309103089e-05
Nepal,2022,Sudden infant death syndrome,91.84148399748533,211159.64027717974,0.00043493862689351594
Nepal,2022,Pedestrian road injuries,980.4760304376512,211159.64027717974,0.0046432927672666255
Nepal,2022,Cyclist road injuries,164.4589929698394,211159.64027717974,0.000778837247278701
Nepal,2022,Motorcyclist road injuries,988.2699586189298,211159.64027717974,0.0046802028897268075
Nepal,2023,Acute hepatitis B,140.2147791810591,217331.73284558472,0.000645164778033967
Nepal,2023,Acute hepatitis C,37.65961232981899,217331.73284558472,0.00017328170091284522
Nepal,2023,Acute hepatitis E,14.734159624692346,217331.73284558472,6.779571225873876e-05
Nepal,2023,Other unspecified infectious diseases,1230.2026480784937,217331.73284558472,0.005660483317236323
Nepal,2023,Esophageal cancer,1270.045541107649,217331.73284558472,0.005843810862217818
Nepal,2023,Stomach cancer,1597.2205117594715,217331.73284558472,0.007349228255103936
Nepal,2022,Liver cancer due to hepatitis B,128.58903670803542,211159.64027717974,0.0006089659773015449
Nepal,2022,Liver cancer due to hepatitis C,150.720628404354,211159.64027717974,0.0007137757395613565
Nepal,2022,Liver cancer due to alcohol use,129.1448330548275,211159.64027717974,0.0006115980917816724
Nepal,2022,Liver cancer due to other causes,17.912030922962206,211159.64027717974,8.482696266885987e-05
Nepal,2022,Larynx cancer,470.72346098311834,211159.64027717974,0.0022292302656190402
Nepal,2022,"Tracheal, bronchus, and lung cancer",1576.7454089140035,211159.64027717974,0.007467077547794081
Nepal,2022,Breast cancer,1287.3117190459327,211159.64027717974,0.006096390945524138
Nepal,2022,Cervical cancer,1160.8870668777113,211159.64027717974,0.005497674959825974
Nepal,2022,Uterine cancer,108.68141562067326,211159.64027717974,0.0005146883915790539
Nepal,2022,Prostate cancer,460.9225896619239,211159.64027717974,0.0021828157552119883
Nepal,2022,Colon and rectum cancer,845.7354400139704,211159.64027717974,0.004005194548086044
Nepal,2022,Lip and oral cavity cancer,1038.3405677486364,211159.64027717974,0.004917324950855445
Nepal,2022,Nasopharynx cancer,212.0718615314084,211159.64027717974,0.0010043200549737213
Nepal,2022,Other pharynx cancer,648.6367723544454,211159.64027717974,0.0030717838480071717
Nepal,2022,Gallbladder and biliary tract cancer,484.8258682244268,211159.64027717974,0.0022960157897030783
Nepal,2022,Pancreatic cancer,300.2776790272749,211159.64027717974,0.0014220410616020843
Nepal,2022,Malignant skin melanoma,22.84711125871075,211159.64027717974,0.00010819828651308734
Nepal,2022,Ovarian cancer,500.2151216311578,211159.64027717974,0.0023688954999854517
Nepal,2022,Chronic kidney disease due to glomerulonephritis,405.55869097147735,211159.64027717974,0.0019206259796574702
Nepal,2022,Chronic kidney disease due to other and unspecified causes,1241.5760535848117,211159.64027717974,0.005879798108933368
Nepal,2022,Urinary tract infections and interstitial nephritis,534.6434107749288,211159.64027717974,0.0025319393899001083
Nepal,2023,Liver cancer due to hepatitis B,142.91602928444155,217331.73284558472,0.0006575939344577172
Nepal,2023,Liver cancer due to hepatitis C,169.30674095393644,217331.73284558472,0.0007790244836184587
Nepal,2023,Liver cancer due to alcohol use,144.90608441492697,217331.73284558472,0.0006667506972756871
Nepal,2023,Liver cancer due to other causes,19.956352902099933,217331.73284558472,9.182438588606397e-05
Nepal,2023,Larynx cancer,520.8278098383759,217331.73284558472,0.002396464625846547
Nepal,2023,"Tracheal, bronchus, and lung cancer",1698.861973726219,217331.73284558472,0.007816907137685545
Nepal,2023,Breast cancer,1450.6753263568055,217331.73284558472,0.006674935626577448
Nepal,2023,Cervical cancer,1290.698375678194,217331.73284558472,0.005938839941957494
Nepal,2023,Uterine cancer,119.83809879198112,217331.73284558472,0.0005514063557259109
Nepal,2023,Prostate cancer,511.0265520354081,217331.73284558472,0.0023513664817576135
Nepal,2023,Colon and rectum cancer,938.8193995351182,217331.73284558472,0.00431975297506211
Nepal,2023,Lip and oral cavity cancer,1137.89250017603,217331.73284558472,0.005235740245003744
Nepal,2023,Nasopharynx cancer,230.5513194300051,217331.73284558472,0.0010608267665808977
Nepal,2023,Other pharynx cancer,722.0585389362898,217331.73284558472,0.0033223797071977334
Nepal,2023,Gallbladder and biliary tract cancer,538.9655946657164,217331.73284558472,0.002479921305595323
Nepal,2023,Pancreatic cancer,336.41858337244463,217331.73284558472,0.0015479496664735643
Nepal,2023,Malignant skin melanoma,25.26009625936405,217331.73284558472,0.00011622829270547195
Nepal,2023,Ovarian cancer,560.8493732585749,217331.73284558472,0.0025806142799084993
Nepal,2023,Chronic kidney disease due to glomerulonephritis,431.6019505947967,217331.73284558472,0.001985913170358109
Nepal,2023,Chronic kidney disease due to other and unspecified causes,1336.6995875658456,217331.73284558472,0.006150503518579946
Nepal,2023,Urinary tract infections and interstitial nephritis,544.7514897319015,217331.73284558472,0.002506543718210493
Nepal,2023,Congenital heart anomalies,950.6408580180856,217331.73284558472,0.004374146589506654
Nepal,2023,Orofacial clefts,14.440028352946223,217331.73284558472,6.644233754490853e-05
Nepal,2023,Down syndrome,41.19756064063196,217331.73284558472,0.00018956072406556035
Nepal,2023,Other chromosomal abnormalities,44.65917706514072,217331.73284558472,0.0002054885242960414
Nepal,2023,Congenital musculoskeletal and limb anomalies,25.790251740692028,217331.73284558472,0.00011866767638123113
Nepal,2023,Urogenital congenital anomalies,38.6543198838732,217331.73284558472,0.00017785860986686784
Nepal,2023,Digestive congenital anomalies,191.5633472091996,217331.73284558472,0.0008814329352690816
Nepal,2023,Other congenital birth defects,2.626235930053355,217331.73284558472,1.208399664267762e-05
Nepal,2023,Cellulitis,0.5943539047908225,217331.73284558472,2.7347773701004534e-06
Nepal,2023,Pyoderma,1.298175035593602,217331.73284558472,5.973242004728144e-06
Nepal,2023,Decubitus ulcer,3.2095296075662407,217331.73284558472,1.4767883021696734e-05
Nepal,2023,Other skin and subcutaneous diseases,2.331325760028326,217331.73284558472,1.0727038014668317e-05
Nepal,2023,Sudden infant death syndrome,88.2895159958364,217331.73284558472,0.00040624309593374725
Nepal,2023,Pedestrian road injuries,1001.2915114549884,217331.73284558472,0.004607203459636568
Nepal,2023,Cyclist road injuries,170.9086998252723,217331.73284558472,0.0007863955143021096
Nepal,2023,Motorcyclist road injuries,1015.0238971875566,217331.73284558472,0.004670389748876369
Nepal,2022,Urolithiasis,64.553518566518,211159.64027717974,0.0003057095498068736
Nepal,2022,Other urinary diseases,523.4814855144849,211159.64027717974,0.002479079263572027
Nepal,2022,Uterine fibroids,18.429369634832486,211159.64027717974,8.72769512708067e-05
Nepal,2022,Endometriosis,0.2989068034875687,211159.64027717974,1.415548933002572e-06
Nepal,2022,Genital prolapse,3.5769937722867846,211159.64027717974,1.693976068339303e-05
Nepal,2022,Other gynecological diseases,32.98993893206335,211159.64027717974,0.00015623221790281015
Nepal,2022,Thalassemias,54.257101793641645,211159.64027717974,0.00025694825830552086
Nepal,2022,Sickle cell disorders,8.023058878618935,211159.64027717974,3.799522895609894e-05
Nepal,2022,G6PD deficiency,26.49586376736484,211159.64027717974,0.00012547787888151786
Nepal,2022,Other hemoglobinopathies and hemolytic anemias,183.86838968188744,211159.64027717974,0.0008707553651849931
Nepal,2022,"Other endocrine, metabolic, blood, and immune disorders",55.364222939843806,211159.64027717974,0.00026219131111972763
Nepal,2022,Rheumatoid arthritis,159.26977146130216,211159.64027717974,0.0007542623734925666
Nepal,2022,Other musculoskeletal disorders,245.75838201605103,211159.64027717974,0.0011638511113840461
Nepal,2022,Neural tube defects,135.0968663718762,211159.64027717974,0.0006397854542399325
Nepal,2022,Motor vehicle road injuries,817.7585252108728,211159.64027717974,0.0038727027766169617
Nepal,2022,Other road injuries,21.055945416175422,211159.64027717974,9.97157666518859e-05
Nepal,2022,Other transport injuries,255.59026556121916,211159.64027717974,0.001210412488038516
Nepal,2022,Maternal abortion and miscarriage,23.73873459430789,211159.64027717974,0.00011242079482209347
Nepal,2022,Liver cancer due to NASH,44.169325390586664,211159.64027717974,0.00020917503616035518
Nepal,2022,Chronic kidney disease due to diabetes mellitus type 1,201.56808074948353,211159.64027717974,0.0009545767386461456
Nepal,2022,Chronic kidney disease due to diabetes mellitus type 2,653.1201320860106,211159.64027717974,0.003093015934430885
Nepal,2022,Pulmonary Arterial Hypertension,90.32372623585444,211159.64027717974,0.0004277509003012628
Nepal,2022,Hepatoblastoma,3.2699675373092942,211159.64027717974,1.5485760124505587e-05
Nepal,2022,Burkitt lymphoma,9.29694631347052,211159.64027717974,4.4028045801114447e-05
Nepal,2022,Other non-Hodgkin lymphoma,457.6166670436335,211159.64027717974,0.0021671597206878207
Nepal,2022,Retinoblastoma,11.22366721792111,211159.64027717974,5.315252101769215e-05
Nepal,2022,Other eye cancers,5.693197143339028,211159.64027717974,2.6961578149431516e-05
Nepal,2022,Soft tissue and other extraosseous sarcomas,131.51921408930417,211159.64027717974,0.0006228425750141685
Nepal,2022,Malignant neoplasm of bone and articular cartilage,217.189803613556,211159.64027717974,0.0010285573669687102
Nepal,2022,Neuroblastoma and other peripheral nervous cell tumors,10.855050454082056,211159.64027717974,5.140684289778634e-05
Nepal,2023,Urolithiasis,65.02351489555146,217331.73284558472,0.0002991901552717614
Nepal,2023,Other urinary diseases,535.2909795512659,217331.73284558472,0.0024630134428256403
Nepal,2023,Uterine fibroids,20.842874097310272,217331.73284558472,9.590350117955042e-05
Nepal,2023,Endometriosis,0.3682746165053575,217331.73284558472,1.694527585472382e-06
Nepal,2023,Genital prolapse,3.936429547725101,217331.73284558472,1.8112539278937023e-05
Nepal,2023,Other gynecological diseases,36.5670191274323,217331.73284558472,0.00016825439455458332
Nepal,2023,Thalassemias,52.98730862134148,217331.73284558472,0.00024380843021662752
Nepal,2023,Sickle cell disorders,7.8035098064564,217331.73284558472,3.590598438747476e-05
Nepal,2023,G6PD deficiency,26.49716965221073,217331.73284558472,0.0001219203901118163
Nepal,2023,Other hemoglobinopathies and hemolytic anemias,186.5870546579193,217331.73284558472,0.0008585357150328818
Nepal,2023,"Other endocrine, metabolic, blood, and immune disorders",58.71244109781989,217331.73284558472,0.0002701512583049038
Nepal,2023,Rheumatoid arthritis,165.96701512793663,217331.73284558472,0.0007636575338303543
Nepal,2023,Other musculoskeletal disorders,257.71533403105394,217331.73284558472,0.0011858154842678311
Nepal,2023,Neural tube defects,131.68807540868713,217331.73284558472,0.0006059311895435544
Nepal,2023,Motor vehicle road injuries,836.0142402194692,217331.73284558472,0.0038467196173945823
Nepal,2023,Other road injuries,21.938246431422257,217331.73284558472,0.00010094359504789617
Nepal,2023,Other transport injuries,309.88706779488825,217331.73284558472,0.001425871241799119
Nepal,2023,Maternal abortion and miscarriage,22.89326390350951,217331.73284558472,0.00010533787958049959
Nepal,2023,Liver cancer due to NASH,49.57144700755397,217331.73284558472,0.00022809115980672152
Nepal,2023,Chronic kidney disease due to diabetes mellitus type 1,219.33648130743532,217331.73284558472,0.0010092243706687554
Nepal,2023,Chronic kidney disease due to diabetes mellitus type 2,714.0650270219262,217331.73284558472,0.003285599473544312
Nepal,2023,Pulmonary Arterial Hypertension,95.69860589300286,217331.73284558472,0.0004403342514229029
Nepal,2023,Hepatoblastoma,3.3005863383450698,217331.73284558472,1.5186858794753884e-05
Nepal,2023,Burkitt lymphoma,9.601729826512988,217331.73284558472,4.418006381670488e-05
Nepal,2023,Other non-Hodgkin lymphoma,474.02394688268777,217331.73284558472,0.002181107842265649
Nepal,2023,Retinoblastoma,10.887798011275237,217331.73284558472,5.009759904234082e-05
Nepal,2023,Other eye cancers,5.933669919264807,217331.73284558472,2.7302363265472645e-05
Nepal,2023,Soft tissue and other extraosseous sarcomas,134.6513930726138,217331.73284558472,0.000619566187181162
Nepal,2023,Malignant neoplasm of bone and articular cartilage,219.89616852230176,217331.73284558472,0.0010117996375547196
Nepal,2023,Neuroblastoma and other peripheral nervous cell tumors,11.027565513125214,217331.73284558472,5.0740705780689445e-05
Nepal,2022,Conflict and terrorism,0.9999999999999996,211159.64027717974,4.735753473946748e-06
Nepal,2022,Multidrug-resistant tuberculosis without extensive drug resistance,587.0435288992132,211159.64027717974,0.0027800934313424084
Nepal,2022,Extensively drug-resistant tuberculosis,29.158571805247124,211159.64027717974,0.00013808780772202483
Nepal,2022,HIV/AIDS - Drug-susceptible Tuberculosis,127.83948753725248,211159.64027717974,0.0006054162972121157
Nepal,2022,HIV/AIDS - Multidrug-resistant Tuberculosis without extensive drug resistance,18.921361944711105,211159.64027717974,8.960690556146945e-05
Nepal,2022,HIV/AIDS - Extensively drug-resistant Tuberculosis,0.9391053325577536,211159.64027717974,4.447371341062299e-06
Nepal,2022,Invasive Non-typhoidal Salmonella (iNTS),80.32455777614203,211159.64027717974,0.00038039730353160104
Nepal,2022,"Myelodysplastic, myeloproliferative, and other hematopoietic neoplasms",23.200723458907024,211159.64027717974,0.00010987290671859679
Nepal,2022,Non-rheumatic calcific aortic valve disease,149.94204992759393,211159.64027717974,0.0007100885838353
Nepal,2022,Non-rheumatic degenerative mitral valve disease,77.47089045866781,211159.64027717974,0.0003668830386193842
Nepal,2022,Other non-rheumatic valve diseases,2.3554582744802,211159.64027717974,1.1154869706106224e-05
Nepal,2022,Nonalcoholic fatty liver disease including cirrhosis,151.27898002647763,211159.64027717974,0.0007164199551955124
Nepal,2023,Ulcerative colitis,98.3033046678739,217331.73284558472,0.00045231914999600587
Nepal,2023,Crohn's disease,18.22328102219769,217331.73284558472,8.385007004543337e-05
Nepal,2023,Total burden related to hepatitis B,2604.3574654954245,217331.73284558472,0.011983328119625465
Nepal,2023,Total burden related to hepatitis C,813.6731550318716,217331.73284558472,0.003743922456137551
Nepal,2023,Total burden related to Non-alcoholic fatty liver disease (NAFLD),201.28537378515176,217331.73284558472,0.0009261665158127922
Nepal,2023,Total cancers,16921.080729874546,217331.73284558472,0.07785830678438964
Nepal,2023,Thyroid diseases,20.853043960256656,217331.73284558472,9.595029537206538e-05
Nepal,2023,COVID-19,897.0434149555706,217331.73284558472,0.004127530771555226
Nepal,2022,Diabetes mellitus type 1,241.32728394159108,211159.64027717974,0.0011428665232845235
Nepal,2022,Diabetes mellitus type 2,7337.005771506397,211159.64027717974,0.03474625057077877
Nepal,2022,Ulcerative colitis,96.66356389401672,211159.64027717974,0.0004577748085151633
Nepal,2022,Crohn's disease,17.907639155382803,211159.64027717974,8.480616434028895e-05
Nepal,2022,Total burden related to hepatitis B,2437.4585808693446,211159.64027717974,0.011543202941953313
Nepal,2022,Total burden related to hepatitis C,799.8281508929274,211159.64027717974,0.003787788944151586
Nepal,2022,Total burden related to Non-alcoholic fatty liver disease (NAFLD),195.44830541706423,211159.64027717974,0.0009255949913558673
Nepal,2022,Total cancers,15526.5925040258,211159.64027717974,0.07353011438949575
Nepal,2022,Thyroid diseases,19.09327721916247,211159.64027717974,9.042105391967701e-05
Nepal,2022,COVID-19,3422.690406193881,211159.64027717974,0.01620901798137688
Nepal,2023,Conflict and terrorism,9.999428561167274,217331.73284558472,4.600997944590042e-05
Nepal,2023,Multidrug-resistant tuberculosis without extensive drug resistance,590.8352388446117,217331.73284558472,0.002718587070137627
Nepal,2023,Extensively drug-resistant tuberculosis,30.3307778559231,217331.73284558472,0.00013955982156307228
Nepal,2023,HIV/AIDS - Drug-susceptible Tuberculosis,120.62711189182778,217331.73284558472,0.000555036810834863
Nepal,2023,HIV/AIDS - Multidrug-resistant Tuberculosis without extensive drug resistance,18.27570981601223,217331.73284558472,8.40913086033194e-05
Nepal,2023,HIV/AIDS - Extensively drug-resistant Tuberculosis,0.9384739827804208,217331.73284558472,4.31816362246194e-06
Nepal,2023,Invasive Non-typhoidal Salmonella (iNTS),80.61799897226781,217331.73284558472,0.0003709444447744191
Nepal,2023,"Myelodysplastic, myeloproliferative, and other hematopoietic neoplasms",24.426216516417902,217331.73284558472,0.00011239139446687636
Nepal,2023,Non-rheumatic calcific aortic valve disease,163.50764813369648,217331.73284558472,0.0007523413446938717
Nepal,2023,Non-rheumatic degenerative mitral valve disease,84.03233523169654,217331.73284558472,0.0003866546966309882
Nepal,2023,Other non-rheumatic valve diseases,2.573722686962861,217331.73284558472,1.1842369511641928e-05
Nepal,2023,Nonalcoholic fatty liver disease including cirrhosis,151.71392677759783,217331.73284558472,0.0006980753560060709
Nepal,2023,Diabetes mellitus type 1,245.1297157621349,217331.73284558472,0.0011279057712952614
Nepal,2023,Diabetes mellitus type 2,7731.385866056717,217331.73284558472,0.0355741233221101
Nepal,2022,Cystic echinococcosis,24.529915935617975,211159.64027717974,0.00011616763460772457
Nepal,2022,Dengue,499.83897762251496,211159.64027717974,0.002367114174689817
Nepal,2022,Yellow fever,0.0,211159.64027717974,0.0
Nepal,2022,Rabies,259.66766372810696,211159.64027717974,0.001229722040572019
Nepal,2022,Ascariasis,1.833356872605998,211159.64027717974,8.682326178428003e-06
Nepal,2022,Other neglected tropical diseases,37.2287502340996,211159.64027717974,0.00017630618325183305
Nepal,2022,Maternal hemorrhage,100.6963672800948,211159.64027717974,0.0004768731711605268
Nepal,2022,Maternal sepsis and other maternal infections,21.172474839763336,211159.64027717974,0.00010026762127445938
Nepal,2022,Maternal hypertensive disorders,60.170231566729434,211159.64027717974,0.0002849513831703193
Nepal,2022,Maternal obstructed labor and uterine rupture,26.4423928778265,211159.64027717974,0.00012522465393063163
Nepal,2022,Ectopic pregnancy,0.2728793386596913,211159.64027717974,1.2922892760259247e-06
Nepal,2022,Indirect maternal deaths,85.70410756316045,211159.64027717974,0.000405873525123743
Nepal,2022,Late maternal deaths,11.707777492556016,211159.64027717974,5.544514793256772e-05
Nepal,2022,Neonatal preterm birth,2958.6834520459693,211159.64027717974,0.01401159543633546
Nepal,2022,Neonatal encephalopathy due to birth asphyxia and trauma,3312.431725086833,211159.64027717974,0.015686860049291394
Nepal,2022,Neonatal sepsis and other neonatal infections,1309.3304821550284,211159.64027717974,0.006200666379410049
Nepal,2022,Hemolytic disease and other neonatal jaundice,413.8663541384928,211159.64027717974,0.001959969024361043
Nepal,2022,Other neonatal disorders,789.9331797114127,211159.64027717974,0.0037409288000041247
Nepal,2022,Protein-energy malnutrition,996.3004463584316,211159.64027717974,0.00471823329993664
Nepal,2022,Other nutritional deficiencies,393.7824089330027,211159.64027717974,0.0018648564110835873
Nepal,2022,Syphilis,323.8690235304188,211159.64027717974,0.0015337638532879226
Nepal,2022,Chlamydial infection,6.269671887775738,211159.64027717974,2.9691620423040228e-05
Nepal,2022,Gonococcal infection,2.0399167756784475,211159.64027717974,9.660542956981461e-06
Nepal,2022,Other sexually transmitted infections,19.761854823127287,211159.64027717974,9.358727263025638e-05
Nepal,2022,Acute hepatitis A,540.570763442633,211159.64027717974,0.002560009870887496
Nepal,2022,Vascular intestinal disorders,192.23988677209377,211159.64027717974,0.0009104007116120729
Nepal,2022,Gallbladder and biliary diseases,141.9320379410699,211159.64027717974,0.0006721551417437637
Nepal,2022,Pancreatitis,629.6252894513451,211159.64027717974,0.0029817501518039353
Nepal,2022,Alzheimer's disease and other dementias,2605.2216322755708,211159.64027717974,0.012337687395450256
Nepal,2022,Parkinson's disease,755.6573433599564,211159.64027717974,0.0035786068889302855
Nepal,2022,Idiopathic epilepsy,1206.3026474122407,211159.64027717974,0.00571275195311368
Nepal,2022,Multiple sclerosis,6.258416744129342,211159.64027717974,2.9638318837417036e-05
Nepal,2022,Motor neuron disease,9.746289028061549,211159.64027717974,4.615602212273157e-05
Nepal,2022,Other neurological disorders,24.1899764893632,211159.64027717974,0.00011455776519419198
Nepal,2022,Alcohol use disorders,249.25718837040552,211159.64027717974,0.0011804205957313472
Nepal,2022,Opioid use disorders,65.27389333353895,211159.64027717974,0.00030912106711233667
Nepal,2022,Cocaine use disorders,10.64853383804302,211159.64027717974,5.042883111595175e-05
Nepal,2022,Amphetamine use disorders,1.887834051260551,211159.64027717974,8.94031666649212e-06
Nepal,2022,Other drug use disorders,15.56289904778815,211159.64027717974,7.370205323024529e-05
Nepal,2022,Anorexia nervosa,0.0515076659411957,211159.64027717974,2.439276079159062e-07
Nepal,2022,Acute glomerulonephritis,5.572294810219283,211159.64027717974,2.6389014505351416e-05
Nepal,2022,Chronic kidney disease due to hypertension,512.6000098821302,211159.64027717974,0.002427547277544436
Nepal,2022,Physical violence by firearm,48.69012725946264,211159.64027717974,0.00023058443931590954
Nepal,2022,Physical violence by sharp object,36.922805599726715,211159.64027717974,0.0001748573048867663
Nepal,2022,Physical violence by other means,448.1240678215793,211159.64027717974,0.002122205110945193
Nepal,2022,Exposure to forces of nature,195.9887997988789,211159.64027717974,0.0009281546395021947
Nepal,2022,Maternal deaths aggravated by HIV/AIDS,0.1936752748487885,211159.64027717974,9.171983556827416e-07
Nepal,2022,Environmental heat and cold exposure,39.79261870530529,211159.64027717974,0.00018844803227108792
Nepal,2022,Ebola,0.0,211159.64027717974,0.0
Nepal,2022,Acute lymphoid leukemia,180.79814745991263,211159.64027717974,0.0008562154549164179
Nepal,2022,Chronic lymphoid leukemia,21.00131747092281,211159.64027717974,9.945706217038126e-05
Nepal,2022,Acute myeloid leukemia,171.79456696966952,211159.64027717974,0.00081357671733179
Nepal,2022,Chronic myeloid leukemia,109.27457630199736,211159.64027717974,0.0005174974543362431
Nepal,2022,Non-melanoma skin cancer (squamous-cell carcinoma),81.03565613403852,211159.64027717974,0.00038376489005032715
Nepal,2022,Police conflict and executions,0.0961943011987369,211159.64027717974,4.5555249607579825e-07
Nepal,2022,Drug-susceptible tuberculosis,4881.16041584003,211159.64027717974,0.023115972396205782
Nepal,2022,Zika virus,0.0,211159.64027717974,0.0
Nepal,2022,Alcoholic cardiomyopathy,45.19453514088816,211159.64027717974,0.00021403017679686958
Nepal,2022,Electrocution,43.934861052730376,211159.64027717974,0.00020806467085783564
Nepal,2022,Myocarditis,91.03995214514532,211159.64027717974,0.0004311427696393178
Nepal,2022,Other leukemia,159.92752983731592,211159.64027717974,0.0007573773550067914
Nepal,2022,Other cardiomyopathy,1136.5057826563916,211159.64027717974,0.005382211208375576
Nepal,2023,Cystic echinococcosis,24.08857269300447,217331.73284558472,0.00011083780715133542
Nepal,2023,Dengue,514.7802821740387,217331.73284558472,0.002368638373392958
Nepal,2023,Yellow fever,0.0,217331.73284558472,0.0
Nepal,2023,Rabies,254.3934181733705,217331.73284558472,0.0011705304827901882
Nepal,2023,Ascariasis,1.7762458293410424,217331.73284558472,8.172970445153879e-06
Nepal,2023,Other neglected tropical diseases,37.55014062311569,217331.73284558472,0.0001727779930314882
Nepal,2023,Maternal hemorrhage,98.72554838362038,217331.73284558472,0.0004542620034864645
Nepal,2023,Maternal sepsis and other maternal infections,20.30310725599735,217331.73284558472,9.341989312910329e-05
Nepal,2023,Maternal hypertensive disorders,58.96844553103477,217331.73284558472,0.0002713292014881791
Nepal,2023,Maternal obstructed labor and uterine rupture,26.51405941215916,217331.73284558472,0.00012199810430351435
Nepal,2023,Ectopic pregnancy,0.2681739486358425,217331.73284558472,1.2339382984922015e-06
Nepal,2023,Indirect maternal deaths,86.8524872442164,217331.73284558472,0.0003996309517576319
Nepal,2023,Late maternal deaths,12.01298161768474,217331.73284558472,5.527486235164758e-05
Nepal,2023,Neonatal preterm birth,2882.2454276573367,217331.73284558472,0.013261963128528434
Nepal,2023,Neonatal encephalopathy due to birth asphyxia and trauma,3306.8824725915165,217331.73284558472,0.015215828950947871
Nepal,2023,Neonatal sepsis and other neonatal infections,1317.557247625538,217331.73284558472,0.006062424618689572
Nepal,2023,Hemolytic disease and other neonatal jaundice,391.950471176271,217331.73284558472,0.0018034663693348165
Nepal,2023,Other neonatal disorders,787.3686547976796,217331.73284558472,0.0036228885882813484
Nepal,2023,Protein-energy malnutrition,1003.6314661918332,217331.73284558472,0.0046179702018246845
Nepal,2023,Other nutritional deficiencies,396.1579530206218,217331.73284558472,0.0018228260909422464
Nepal,2023,Syphilis,326.26603352601836,217331.73284558472,0.0015012351360481353
Nepal,2023,Chlamydial infection,6.3527423149382996,217331.73284558472,2.9230624684946284e-05
Nepal,2023,Gonococcal infection,2.080583462923927,217331.73284558472,9.573307292415471e-06
Nepal,2023,Other sexually transmitted infections,20.11586564210744,217331.73284558472,9.255834561628358e-05
Nepal,2023,Acute hepatitis A,548.8176457131789,217331.73284558472,0.0025252531626530424
Nepal,2023,Vascular intestinal disorders,197.8844923838179,217331.73284558472,0.0009105181732684008
Nepal,2023,Gallbladder and biliary diseases,145.59708540203172,217331.73284558472,0.0006699301730846603
Nepal,2023,Pancreatitis,637.5289988860991,217331.73284558472,0.002933437241486804
Nepal,2023,Alzheimer's disease and other dementias,2735.1495478061456,217331.73284558472,0.012585136611179938
Nepal,2023,Parkinson's disease,835.6681699377663,217331.73284558472,0.0038451272577461693
Nepal,2023,Idiopathic epilepsy,1276.6326119310515,217331.73284558472,0.00587411969350148
Nepal,2023,Multiple sclerosis,6.963010126002705,217331.73284558472,3.203862608940756e-05
Nepal,2023,Motor neuron disease,10.81553944464395,217331.73284558472,4.9765118526563464e-05
Nepal,2023,Other neurological disorders,26.66937688320911,217331.73284558472,0.00012271276050680475
Nepal,2023,Alcohol use disorders,263.4053398082082,217331.73284558472,0.0012119966852487162
Nepal,2023,Opioid use disorders,69.82567245503735,217331.73284558472,0.0003212861349826389
Nepal,2023,Cocaine use disorders,11.548770900791558,217331.73284558472,5.313890774062441e-05
Nepal,2023,Amphetamine use disorders,1.9644262380848645,217331.73284558472,9.03883759800783e-06
Nepal,2023,Other drug use disorders,16.864886475804575,217331.73284558472,7.759974236154074e-05
Nepal,2023,Anorexia nervosa,0.0544674186393792,217331.73284558472,2.5061880253850723e-07
Nepal,2023,Acute glomerulonephritis,5.833141365234464,217331.73284558472,2.6839805162640196e-05
Nepal,2023,Chronic kidney disease due to hypertension,557.2961814129034,217331.73284558472,0.002564265117275189
Nepal,2023,Physical violence by firearm,48.82861989744818,217331.73284558472,0.0002246732184854991
Nepal,2023,Physical violence by sharp object,36.36485113985057,217331.73284558472,0.00016732416690243748
Nepal,2023,Physical violence by other means,441.5593332406981,217331.73284558472,0.0020317296855789954
Nepal,2023,Exposure to forces of nature,190.98908551829524,217331.73284558472,0.0008787906074166995
Nepal,2023,Maternal deaths aggravated by HIV/AIDS,0.1962583823016979,217331.73284558472,9.030360165634001e-07
Nepal,2023,Environmental heat and cold exposure,40.00386490741067,217331.73284558472,0.00018406821858745138
Nepal,2023,Ebola,0.0,217331.73284558472,0.0
Nepal,2023,Acute lymphoid leukemia,178.4859564007307,217331.73284558472,0.0008212604485491581
Nepal,2023,Chronic lymphoid leukemia,21.79241685800172,217331.73284558472,0.00010027259513678723
Nepal,2023,Acute myeloid leukemia,175.22517096081904,217331.73284558472,0.0008062567240712952
Nepal,2023,Chronic myeloid leukemia,110.34525695848592,217331.73284558472,0.0005077273139716176
Nepal,2023,Non-melanoma skin cancer (squamous-cell carcinoma),90.39889475751092,217331.73284558472,0.00041594889790778867
Nepal,2023,Police conflict and executions,0.0994703621936393,217331.73284558472,4.5768908613227455e-07
Nepal,2023,Drug-susceptible tuberculosis,4786.843691841258,217331.73284558472,0.022025516610785664
Nepal,2023,Zika virus,0.0,217331.73284558472,0.0
Nepal,2023,Alcoholic cardiomyopathy,47.51092817069732,217331.73284558472,0.00021861017509327123
Nepal,2023,Electrocution,43.55081506197382,217331.73284558472,0.0002003886615716486
Nepal,2023,Myocarditis,91.7033112251155,217331.73284558472,0.00042195085836945476
Nepal,2023,Other leukemia,164.20716288081394,217331.73284558472,0.0007555599945337203
Nepal,2023,Other cardiomyopathy,1212.6697449250746,217331.73284558472,0.005579809855869886
